This is pdfTeX, Version 3.141592653-2.6-1.40.22 (TeX Live 2022/dev/Debian) (preloaded format=latex 2026.1.8)  8 JAN 2026 16:43
entering extended mode
 restricted \write18 enabled.
 %&-line parsing enabled.
**report.tex
(./report.tex
LaTeX2e <2021-11-15> patch level 1
L3 programming layer <2022-01-21>

! LaTeX Error: Missing \begin{document}.

See the LaTeX manual or LaTeX Companion for explanation.
Type  H <return>  for immediate help.
 ...                                              
                                                  
l.1 f
     rom pathlib import Path
? 
! Interruption.
\GenericError  ...                                
                                                  \endgroup 
l.1 f
     rom pathlib import Path
? 
Missing character: There is no f in font nullfont!
Missing character: There is no r in font nullfont!
Missing character: There is no o in font nullfont!
Missing character: There is no m in font nullfont!
Missing character: There is no p in font nullfont!
Missing character: There is no a in font nullfont!
Missing character: There is no t in font nullfont!
Missing character: There is no h in font nullfont!
Missing character: There is no l in font nullfont!
Missing character: There is no i in font nullfont!
Missing character: There is no b in font nullfont!
Missing character: There is no i in font nullfont!
Missing character: There is no m in font nullfont!
Missing character: There is no p in font nullfont!
Missing character: There is no o in font nullfont!
Missing character: There is no r in font nullfont!
Missing character: There is no t in font nullfont!
Missing character: There is no P in font nullfont!
Missing character: There is no a in font nullfont!
Missing character: There is no t in font nullfont!
Missing character: There is no h in font nullfont!
Missing character: There is no i in font nullfont!
Missing character: There is no m in font nullfont!
Missing character: There is no p in font nullfont!
Missing character: There is no o in font nullfont!
Missing character: There is no r in font nullfont!
Missing character: There is no t in font nullfont!
Missing character: There is no s in font nullfont!
Missing character: There is no h in font nullfont!
Missing character: There is no u in font nullfont!
Missing character: There is no t in font nullfont!
Missing character: There is no i in font nullfont!
Missing character: There is no l in font nullfont!
Missing character: There is no , in font nullfont!
Missing character: There is no z in font nullfont!
Missing character: There is no i in font nullfont!
Missing character: There is no p in font nullfont!
Missing character: There is no f in font nullfont!
Missing character: There is no i in font nullfont!
Missing character: There is no l in font nullfont!
Missing character: There is no e in font nullfont!

Overfull \hbox (20.0pt too wide) in paragraph at lines 1--3
[]
 []


! LaTeX Error: Missing \begin{document}.

See the LaTeX manual or LaTeX Companion for explanation.
Type  H <return>  for immediate help.
 ...                                              
                                                  
l.4 b
     ase = Path("/mnt/data/robotmanip_report")
? 
Missing character: There is no b in font nullfont!
Missing character: There is no a in font nullfont!
Missing character: There is no s in font nullfont!
Missing character: There is no e in font nullfont!
Missing character: There is no = in font nullfont!
Missing character: There is no P in font nullfont!
Missing character: There is no a in font nullfont!
Missing character: There is no t in font nullfont!
Missing character: There is no h in font nullfont!
Missing character: There is no ( in font nullfont!
Missing character: There is no " in font nullfont!
Missing character: There is no / in font nullfont!
Missing character: There is no m in font nullfont!
Missing character: There is no n in font nullfont!
Missing character: There is no t in font nullfont!
Missing character: There is no / in font nullfont!
Missing character: There is no d in font nullfont!
Missing character: There is no a in font nullfont!
Missing character: There is no t in font nullfont!
Missing character: There is no a in font nullfont!
Missing character: There is no / in font nullfont!
Missing character: There is no r in font nullfont!
Missing character: There is no o in font nullfont!
Missing character: There is no b in font nullfont!
Missing character: There is no o in font nullfont!
Missing character: There is no t in font nullfont!
Missing character: There is no m in font nullfont!
Missing character: There is no a in font nullfont!
Missing character: There is no n in font nullfont!
Missing character: There is no i in font nullfont!
Missing character: There is no p in font nullfont!
! Missing $ inserted.
<inserted text> 
                $
l.4 base = Path("/mnt/data/robotmanip_
                                      report")
? 
LaTeX Font Info:    External font `cmex10' loaded for size
(Font)              <7> on input line 4.
LaTeX Font Info:    External font `cmex10' loaded for size
(Font)              <5> on input line 4.
! Missing $ inserted.
<inserted text> 
                $
l.8 
    
? 

Overfull \hbox (20.0pt too wide) in paragraph at lines 4--8
[]
 []


Overfull \hbox (73.89235pt too wide) in paragraph at lines 4--8
[]\OML/cmm/m/it/10 eport\OT1/cmr/m/n/10 ")\OML/cmm/m/it/10 fig[]ir \OT1/cmr/m/n
/10 =
 []


Overfull \hbox (164.29211pt too wide) in paragraph at lines 4--8
\OML/cmm/m/it/10 base=\OT1/cmr/m/n/10 "\OML/cmm/m/it/10 figures\OT1/cmr/m/n/10 
"\OML/cmm/m/it/10 base:mkdir\OT1/cmr/m/n/10 (\OML/cmm/m/it/10 exist[]k \OT1/cmr
/m/n/10 =
 []


Overfull \hbox (129.86653pt too wide) in paragraph at lines 4--8
\OML/cmm/m/it/10 True\OT1/cmr/m/n/10 )\OML/cmm/m/it/10 fig[]ir:mkdir\OT1/cmr/m/
n/10 (\OML/cmm/m/it/10 exist[]k \OT1/cmr/m/n/10 =
 []


Overfull \hbox (26.29176pt too wide) in paragraph at lines 4--8
\OML/cmm/m/it/10 True\OT1/cmr/m/n/10 )$ 
 []

! You can't use `macro parameter character #' in vertical mode.
l.9 #
      copy extracted figs we want
? 

! LaTeX Error: Missing \begin{document}.

See the LaTeX manual or LaTeX Companion for explanation.
Type  H <return>  for immediate help.
 ...                                              
                                                  
l.9 # c
       opy extracted figs we want
? 
Missing character: There is no c in font nullfont!
Missing character: There is no o in font nullfont!
Missing character: There is no p in font nullfont!
Missing character: There is no y in font nullfont!
Missing character: There is no e in font nullfont!
Missing character: There is no x in font nullfont!
Missing character: There is no t in font nullfont!
Missing character: There is no r in font nullfont!
Missing character: There is no a in font nullfont!
Missing character: There is no c in font nullfont!
Missing character: There is no t in font nullfont!
Missing character: There is no e in font nullfont!
Missing character: There is no d in font nullfont!
Missing character: There is no f in font nullfont!
Missing character: There is no i in font nullfont!
Missing character: There is no g in font nullfont!
Missing character: There is no s in font nullfont!
Missing character: There is no w in font nullfont!
Missing character: There is no e in font nullfont!
Missing character: There is no w in font nullfont!
Missing character: There is no a in font nullfont!
Missing character: There is no n in font nullfont!
Missing character: There is no t in font nullfont!
Missing character: There is no s in font nullfont!
Missing character: There is no r in font nullfont!
Missing character: There is no c in font nullfont!
! Missing $ inserted.
<inserted text> 
                $
l.10 src_
         figs = Path("/mnt/data/robotmanip_figs")
? 
! Missing $ inserted.
<inserted text> 
                $
l.14 
     
? 

Overfull \hbox (20.0pt too wide) in paragraph at lines 9--14
[]
 []


Overfull \hbox (29.00069pt too wide) in paragraph at lines 9--14
[]\OML/cmm/m/it/10 igs \OT1/cmr/m/n/10 =
 []


Overfull \hbox (192.82352pt too wide) in paragraph at lines 9--14
\OML/cmm/m/it/10 Path\OT1/cmr/m/n/10 ("\OML/cmm/m/it/10 =mnt=data=robotmanip[]i
gs\OT1/cmr/m/n/10 ")\OML/cmm/m/it/10 keep \OT1/cmr/m/n/10 =
 []


Overfull \hbox (438.79906pt too wide) in paragraph at lines 9--14
\OT1/cmr/m/n/10 ["\OML/cmm/m/it/10 s\OT1/cmr/m/n/10 02[]\OML/cmm/m/it/10 mg\OT1
/cmr/m/n/10 01\OML/cmm/m/it/10 :png\OT1/cmr/m/n/10 "\OML/cmm/m/it/10 ; \OT1/cmr
/m/n/10 "\OML/cmm/m/it/10 s\OT1/cmr/m/n/10 02[]\OML/cmm/m/it/10 mg\OT1/cmr/m/n/
10 02\OML/cmm/m/it/10 :jpg\OT1/cmr/m/n/10 "\OML/cmm/m/it/10 ; \OT1/cmr/m/n/10 "
\OML/cmm/m/it/10 s\OT1/cmr/m/n/10 05[]\OML/cmm/m/it/10 mg\OT1/cmr/m/n/10 01\OML
/cmm/m/it/10 :png\OT1/cmr/m/n/10 "\OML/cmm/m/it/10 ; \OT1/cmr/m/n/10 "\OML/cmm/
m/it/10 s\OT1/cmr/m/n/10 05[]\OML/cmm/m/it/10 mg\OT1/cmr/m/n/10 02\OML/cmm/m/it
/10 :png\OT1/cmr/m/n/10 "\OML/cmm/m/it/10 ; \OT1/cmr/m/n/10 "\OML/cmm/m/it/10 s
\OT1/cmr/m/n/10 05[]\OML/cmm/m/it/10 mg\OT1/cmr/m/n/10 03\OML/cmm/m/it/10 :png\
OT1/cmr/m/n/10 "]\OML/cmm/m/it/10 forfninkeep \OT1/cmr/m/n/10 :
 []


Overfull \hbox (159.16142pt too wide) in paragraph at lines 9--14
\OML/cmm/m/it/10 shutil:copy\OT1/cmr/m/n/10 2(\OML/cmm/m/it/10 src[]igs=fn; fig
[]ir=fn\OT1/cmr/m/n/10 )$ 
 []


! LaTeX Error: Missing \begin{document}.

See the LaTeX manual or LaTeX Companion for explanation.
Type  H <return>  for immediate help.
 ...                                              
                                                  
l.15 t
      ex = r"""
? 
Missing character: There is no t in font nullfont!
Missing character: There is no e in font nullfont!
Missing character: There is no x in font nullfont!
Missing character: There is no = in font nullfont!
Missing character: There is no r in font nullfont!
Missing character: There is no " in font nullfont!
Missing character: There is no " in font nullfont!
Missing character: There is no " in font nullfont!
(/usr/share/texlive/texmf-dist/tex/luatex/luatexja/ltjsarticle.cls
Document Class: ltjsarticle 2020/12/23 ltjsclasses 
(/usr/share/texlive/texmf-dist/tex/luatex/luatexja/luatexja.sty
Overfull \hbox (20.0pt too wide) in paragraph at lines 15--28
[]
 []

Package: luatexja 2022-01-03 Japanese Typesetting with Lua(La)TeX
! Undefined control sequence.
l.53 \directlua
               {require('ltj-unicode-ccfix.lua')}% catcode of ideographs
? 

! LaTeX Error: Missing \begin{document}.

See the LaTeX manual or LaTeX Companion for explanation.
Type  H <return>  for immediate help.
 ...                                              
                                                  
l.53 \directlua{r
                 equire('ltj-unicode-ccfix.lua')}% catcode of ideographs
? 
Missing character: There is no r in font nullfont!
Missing character: There is no e in font nullfont!
Missing character: There is no q in font nullfont!
Missing character: There is no u in font nullfont!
Missing character: There is no i in font nullfont!
Missing character: There is no r in font nullfont!
Missing character: There is no e in font nullfont!
Missing character: There is no ( in font nullfont!
Missing character: There is no ' in font nullfont!
Missing character: There is no l in font nullfont!
Missing character: There is no t in font nullfont!
Missing character: There is no j in font nullfont!
Missing character: There is no - in font nullfont!
Missing character: There is no u in font nullfont!
Missing character: There is no n in font nullfont!
Missing character: There is no i in font nullfont!
Missing character: There is no c in font nullfont!
Missing character: There is no o in font nullfont!
Missing character: There is no d in font nullfont!
Missing character: There is no e in font nullfont!
Missing character: There is no - in font nullfont!
Missing character: There is no c in font nullfont!
Missing character: There is no c in font nullfont!
Missing character: There is no f in font nullfont!
Missing character: There is no i in font nullfont!
Missing character: There is no x in font nullfont!
Missing character: There is no . in font nullfont!
Missing character: There is no l in font nullfont!
Missing character: There is no u in font nullfont!
Missing character: There is no a in font nullfont!
Missing character: There is no ' in font nullfont!
Missing character: There is no ) in font nullfont!

Overfull \hbox (20.0pt too wide) in paragraph at lines 53--54
[] 
 []

(/usr/share/texlive/texmf-dist/tex/luatex/luatexja/luatexja-core.sty
Package: luatexja-core 2021-05-21 Core of LuaTeX-ja


! LaTeX Error: File `luatexbase.sty' not found.

Type X to quit or <RETURN> to proceed,
or enter new name. (Default extension: sty)

Enter file name: 

! LaTeX Error: File `luaotfload.sty' not found.

Type X to quit or <RETURN> to proceed,
or enter new name. (Default extension: sty)

Enter file name: 
(/usr/share/texlive/texmf-dist/tex/generic/ltxcmds/ltxcmds.sty
Package: ltxcmds 2020-05-10 v1.25 LaTeX kernel commands for general use (HO)
)
(/usr/share/texlive/texmf-dist/tex/generic/pdftexcmds/pdftexcmds.sty
Package: pdftexcmds 2020-06-27 v0.33 Utility functions of pdfTeX for LuaTeX (HO
)

(/usr/share/texlive/texmf-dist/tex/generic/infwarerr/infwarerr.sty
Package: infwarerr 2019/12/03 v1.5 Providing info/warning/error messages (HO)
)
(/usr/share/texlive/texmf-dist/tex/generic/iftex/iftex.sty
Package: iftex 2020/03/06 v1.0d TeX engine tests
)
Package pdftexcmds Info: \pdf@primitive is available.
Package pdftexcmds Info: \pdf@ifprimitive is available.
Package pdftexcmds Info: \pdfdraftmode is ignored in DVI mode.
)
(/usr/share/texlive/texmf-dist/tex/latex/xkeyval/xkeyval.sty
Package: xkeyval 2020/11/20 v2.8 package option processing (HA)

(/usr/share/texlive/texmf-dist/tex/generic/xkeyval/xkeyval.tex
(/usr/share/texlive/texmf-dist/tex/generic/xkeyval/xkvutils.tex
\XKV@toks=\toks16
\XKV@tempa@toks=\toks17

(/usr/share/texlive/texmf-dist/tex/generic/xkeyval/keyval.tex))
\XKV@depth=\count185
File: xkeyval.tex 2014/12/03 v2.7a key=value parser (HA)
))
(/usr/share/texlive/texmf-dist/tex/latex/etoolbox/etoolbox.sty
Package: etoolbox 2020/10/05 v2.5k e-TeX tools for LaTeX (JAW)
\etb@tempcnta=\count186
)
(/usr/share/texlive/texmf-dist/tex/latex/everyhook/everyhook.sty
(/usr/share/texlive/texmf-dist/tex/latex/svn-prov/svn-prov.sty
Package: svn-prov 2010/04/24 v3.1862 Package Date/Version from SVN Keywords
)
Package: everyhook 2014/11/26 v1.2 (SVN Rev: 12)\ Hooks for low level TeX every
X primitives.
\everypar=\toks18
\frozen@everymath=\toks19
\frozen@everydisplay=\toks20
\everyhbox=\toks21
\everyvbox=\toks22
\everycr=\toks23
))
(/usr/share/texlive/texmf-dist/tex/luatex/luatexja/luatexja-compat.sty
Package: luatexja-compat 2020-08-08 Compatibility with pTeX
)
! Undefined control sequence.
l.64 \directlua
               {luatexja.base.start_time_measure('RUN')}
? 

! LaTeX Error: Missing \begin{document}.

See the LaTeX manual or LaTeX Companion for explanation.
Type  H <return>  for immediate help.
 ...                                              
                                                  
l.64 \directlua{l
                 uatexja.base.start_time_measure('RUN')}
? 
Missing character: There is no l in font nullfont!
Missing character: There is no u in font nullfont!
Missing character: There is no a in font nullfont!
Missing character: There is no t in font nullfont!
Missing character: There is no e in font nullfont!
Missing character: There is no x in font nullfont!
Missing character: There is no j in font nullfont!
Missing character: There is no a in font nullfont!
Missing character: There is no . in font nullfont!
Missing character: There is no b in font nullfont!
Missing character: There is no a in font nullfont!
Missing character: There is no s in font nullfont!
Missing character: There is no e in font nullfont!
Missing character: There is no . in font nullfont!
Missing character: There is no s in font nullfont!
Missing character: There is no t in font nullfont!
Missing character: There is no a in font nullfont!
Missing character: There is no r in font nullfont!
Missing character: There is no t in font nullfont!
! Missing $ inserted.
<inserted text> 
                $
l.64 \directlua{luatexja.base.start_
                                    time_measure('RUN')}
? 
! Extra }, or forgotten $.
l.64 ...a{luatexja.base.start_time_measure('RUN')}
                                                  
? 
)
! Undefined control sequence.
l.131 \hour
           \time \divide\hour by 60\relax
? 
! Missing number, treated as zero.
<to be read again> 
                   \divide 
l.131 \hour\time \divide
                        \hour by 60\relax
? 
! Undefined control sequence.
l.131 \hour\time \divide\hour
                              by 60\relax
? 
! You can't use `the letter b' after \divide.
l.131 \hour\time \divide\hour b
                               y 60\relax
? 
! Undefined control sequence.
l.132 \@tempcnta\hour
                      \multiply\@tempcnta 60\relax
? 
! Missing number, treated as zero.
<to be read again> 
                   \multiply 
l.132 \@tempcnta\hour \multiply
                               \@tempcnta 60\relax
? 
! Undefined control sequence.
l.133 \minute
             \time \advance\minute-\@tempcnta
? 
! Missing number, treated as zero.
<to be read again> 
                   \advance 
l.133 \minute\time \advance
                           \minute-\@tempcnta
? 
! Undefined control sequence.
l.133 \minute\time \advance\minute
                                  -\@tempcnta
? 
! You can't use `the character -' after \advance.
l.133 \minute\time \advance\minute-
                                   \@tempcnta
? 
! Missing number, treated as zero.
<to be read again> 
                   \let 
l.134 \DeclareOption
                    {tombow}{%
? 
\jsc@mpt=\dimen138
\jsc@mmm=\dimen139
! Undefined control sequence.
l.248   \newluafunction
                       \ltjs@@magnify@font@calc
? 
! Undefined control sequence.
l.248   \newluafunction\ltjs@@magnify@font@calc
                                               
? 
! Undefined control sequence.
l.250   \directlua
                  {
? 
! Undefined control sequence.
l.253     t[\the\ltjs@@magnify@font@calc
                                        ] = function()
? 
! You can't use `the character ]' after \the.
l.253     t[\the\ltjs@@magnify@font@calc]
                                          = function()
? 
! Missing } inserted.
<inserted text> 
                }
l.258       tex.sprint(-2, (s:match('%.0$
                                         ')) and s:sub(1,-3) or s )
? 
! Missing \endgroup inserted.
<inserted text> 
                \endgroup 
l.258       tex.sprint(-2, (s:match('%.0$
                                         ')) and s:sub(1,-3) or s )
? 
Missing character: There is no ' in font nullfont!
Missing character: There is no ) in font nullfont!
Missing character: There is no ) in font nullfont!
Missing character: There is no a in font nullfont!
Missing character: There is no n in font nullfont!
Missing character: There is no d in font nullfont!
Missing character: There is no s in font nullfont!
Missing character: There is no : in font nullfont!
Missing character: There is no s in font nullfont!
Missing character: There is no u in font nullfont!
Missing character: There is no b in font nullfont!
Missing character: There is no ( in font nullfont!
Missing character: There is no 1 in font nullfont!
Missing character: There is no , in font nullfont!
Missing character: There is no - in font nullfont!
Missing character: There is no 3 in font nullfont!
Missing character: There is no ) in font nullfont!
Missing character: There is no o in font nullfont!
Missing character: There is no r in font nullfont!
Missing character: There is no s in font nullfont!
Missing character: There is no ) in font nullfont!
Missing character: There is no e in font nullfont!
Missing character: There is no n in font nullfont!
Missing character: There is no d in font nullfont!
! Extra \endgroup.
l.261   \endgroup
                 
? 
\jsc@smallskipamount=\skip47
! Undefined control sequence.
l.287 \iftombow
               
? 
\stockwidth=\skip48
\stockheight=\skip49
! Extra \else.
l.301 \else
           
? 
! Undefined control sequence.
l.311 \ifmingoth
                
? 

! LaTeX Error: Font family `JY3+mc' unknown.

See the LaTeX manual or LaTeX Companion for explanation.
Type  H <return>  for immediate help.
 ...                                              
                                                  
l.312 ...s * [\Cjascale] \ltj@stdmcfont:jfm=min}{}
                                                  
? 

! LaTeX Error: Font family `JY3+gt' unknown.

See the LaTeX manual or LaTeX Companion for explanation.
Type  H <return>  for immediate help.
 ...                                              
                                                  
l.313 ...s * [\Cjascale] \ltj@stdgtfont:jfm=min}{}
                                                  
? 
! Extra \else.
l.314 \else
           
? 
! Undefined control sequence.
l.315   \ifptexjis
                  
? 

! LaTeX Error: Font family `JY3+mc' unknown.

See the LaTeX manual or LaTeX Companion for explanation.
Type  H <return>  for immediate help.
 ...                                              
                                                  
l.316 ...s * [\Cjascale] \ltj@stdmcfont:jfm=jis}{}
                                                  
? 

! LaTeX Error: Font family `JY3+gt' unknown.

See the LaTeX manual or LaTeX Companion for explanation.
Type  H <return>  for immediate help.
 ...                                              
                                                  
l.317 ...s * [\Cjascale] \ltj@stdgtfont:jfm=jis}{}
                                                  
? 
! Extra \fi.
l.318   \fi
           
? 
! Extra \fi.
l.319 \fi
         
? 

! LaTeX Error: Font family `JY3+mc' unknown.

See the LaTeX manual or LaTeX Companion for explanation.
Type  H <return>  for immediate help.
 ...                                              
                                                  
l.320 ...ntShape{JY3}{mc}{bx}{n}{<->ssub*gt/m/n}{}
                                                  
? 

! LaTeX Error: Font family `JY3+gt' unknown.

See the LaTeX manual or LaTeX Companion for explanation.
Type  H <return>  for immediate help.
 ...                                              
                                                  
l.321 ...ntShape{JY3}{gt}{bx}{n}{<->ssub*gt/m/n}{}
                                                  
? 

! LaTeX Error: Font family `JY3+mc' unknown.

See the LaTeX manual or LaTeX Companion for explanation.
Type  H <return>  for immediate help.
 ...                                              
                                                  
l.322 ...ontShape{JY3}{mc}{b}{n}{<->ssub*gt/m/n}{}
                                                  
? 

! LaTeX Error: Font family `JY3+mc' unknown.

See the LaTeX manual or LaTeX Companion for explanation.
Type  H <return>  for immediate help.
 ...                                              
                                                  
l.323 ...ontShape{JY3}{mc}{b}{n}{<->ssub*gt/m/n}{}
                                                  
? 

! LaTeX Error: Font family `JY3+mc' unknown.

See the LaTeX manual or LaTeX Companion for explanation.
Type  H <return>  for immediate help.
 ...                                              
                                                  
l.324 ...ntShape{JY3}{mc}{m}{it}{<->ssub*mc/m/n}{}
                                                  
? 

! LaTeX Error: Font family `JY3+mc' unknown.

See the LaTeX manual or LaTeX Companion for explanation.
Type  H <return>  for immediate help.
 ...                                              
                                                  
l.325 ...ntShape{JY3}{mc}{m}{sl}{<->ssub*mc/m/n}{}
                                                  
? 

! LaTeX Error: Font family `JY3+mc' unknown.

See the LaTeX manual or LaTeX Companion for explanation.
Type  H <return>  for immediate help.
 ...                                              
                                                  
l.326 ...ntShape{JY3}{mc}{m}{sc}{<->ssub*mc/m/n}{}
                                                  
? 

! LaTeX Error: Font family `JY3+gt' unknown.

See the LaTeX manual or LaTeX Companion for explanation.
Type  H <return>  for immediate help.
 ...                                              
                                                  
l.327 ...ntShape{JY3}{gt}{m}{it}{<->ssub*gt/m/n}{}
                                                  
? 

! LaTeX Error: Font family `JY3+gt' unknown.

See the LaTeX manual or LaTeX Companion for explanation.
Type  H <return>  for immediate help.
 ...                                              
                                                  
l.328 ...ntShape{JY3}{gt}{m}{sl}{<->ssub*gt/m/n}{}
                                                  
? 

! LaTeX Error: Font family `JY3+mc' unknown.

See the LaTeX manual or LaTeX Companion for explanation.
Type  H <return>  for immediate help.
 ...                                              
                                                  
l.329 ...tShape{JY3}{mc}{bx}{it}{<->ssub*gt/m/n}{}
                                                  
? 

! LaTeX Error: Font family `JY3+mc' unknown.

See the LaTeX manual or LaTeX Companion for explanation.
Type  H <return>  for immediate help.
 ...                                              
                                                  
l.330 ...tShape{JY3}{mc}{bx}{sl}{<->ssub*gt/m/n}{}
                                                  
? 

! LaTeX Error: Font family `JY3+mc' unknown.

See the LaTeX manual or LaTeX Companion for explanation.
Type  H <return>  for immediate help.
 ...                                              
                                                  
l.331 ...ntShape{JY3}{mc}{b}{it}{<->ssub*gt/m/n}{}
                                                  
? 

! LaTeX Error: Font family `JY3+mc' unknown.

See the LaTeX manual or LaTeX Companion for explanation.
Type  H <return>  for immediate help.
 ...                                              
                                                  
l.332 ...ntShape{JY3}{mc}{b}{sl}{<->ssub*gt/m/n}{}
                                                  
? 

! LaTeX Error: Font family `JT3+mc' unknown.

See the LaTeX manual or LaTeX Companion for explanation.
Type  H <return>  for immediate help.
 ...                                              
                                                  
l.333 ...ntShape{JT3}{mc}{bx}{n}{<->ssub*gt/m/n}{}
                                                  
? 

! LaTeX Error: Font family `JT3+gt' unknown.

See the LaTeX manual or LaTeX Companion for explanation.
Type  H <return>  for immediate help.
 ...                                              
                                                  
l.334 ...ntShape{JT3}{gt}{bx}{n}{<->ssub*gt/m/n}{}
                                                  
? 

! LaTeX Error: Font family `JT3+mc' unknown.

See the LaTeX manual or LaTeX Companion for explanation.
Type  H <return>  for immediate help.
 ...                                              
                                                  
l.335 ...ontShape{JT3}{mc}{b}{n}{<->ssub*gt/m/n}{}
                                                  
? 

! LaTeX Error: Font family `JT3+mc' unknown.

See the LaTeX manual or LaTeX Companion for explanation.
Type  H <return>  for immediate help.
 ...                                              
                                                  
l.336 ...ontShape{JT3}{mc}{b}{n}{<->ssub*gt/m/n}{}
                                                  
? 

! LaTeX Error: Font family `JT3+mc' unknown.

See the LaTeX manual or LaTeX Companion for explanation.
Type  H <return>  for immediate help.
 ...                                              
                                                  
l.337 ...ntShape{JT3}{mc}{m}{it}{<->ssub*mc/m/n}{}
                                                  
? 

! LaTeX Error: Font family `JT3+mc' unknown.

See the LaTeX manual or LaTeX Companion for explanation.
Type  H <return>  for immediate help.
 ...                                              
                                                  
l.338 ...ntShape{JT3}{mc}{m}{sl}{<->ssub*mc/m/n}{}
                                                  
? 

! LaTeX Error: Font family `JT3+mc' unknown.

See the LaTeX manual or LaTeX Companion for explanation.
Type  H <return>  for immediate help.
 ...                                              
                                                  
l.339 ...ntShape{JT3}{mc}{m}{sc}{<->ssub*mc/m/n}{}
                                                  
? 

! LaTeX Error: Font family `JT3+gt' unknown.

See the LaTeX manual or LaTeX Companion for explanation.
Type  H <return>  for immediate help.
 ...                                              
                                                  
l.340 ...ntShape{JT3}{gt}{m}{it}{<->ssub*gt/m/n}{}
                                                  
? 

! LaTeX Error: Font family `JT3+gt' unknown.

See the LaTeX manual or LaTeX Companion for explanation.
Type  H <return>  for immediate help.
 ...                                              
                                                  
l.341 ...ntShape{JT3}{gt}{m}{sl}{<->ssub*gt/m/n}{}
                                                  
? 

! LaTeX Error: Font family `JT3+mc' unknown.

See the LaTeX manual or LaTeX Companion for explanation.
Type  H <return>  for immediate help.
 ...                                              
                                                  
l.342 ...tShape{JT3}{mc}{bx}{it}{<->ssub*gt/m/n}{}
                                                  
? 

! LaTeX Error: Font family `JT3+mc' unknown.

See the LaTeX manual or LaTeX Companion for explanation.
Type  H <return>  for immediate help.
 ...                                              
                                                  
l.343 ...tShape{JT3}{mc}{bx}{sl}{<->ssub*gt/m/n}{}
                                                  
? 

! LaTeX Error: Font family `JT3+mc' unknown.

See the LaTeX manual or LaTeX Companion for explanation.
Type  H <return>  for immediate help.
 ...                                              
                                                  
l.344 ...ntShape{JT3}{mc}{b}{it}{<->ssub*gt/m/n}{}
                                                  
? 

! LaTeX Error: Font family `JT3+mc' unknown.

See the LaTeX manual or LaTeX Companion for explanation.
Type  H <return>  for immediate help.
 ...                                              
                                                  
l.345 ...ntShape{JT3}{mc}{b}{sl}{<->ssub*gt/m/n}{}
                                                  
? 

! LaTeX Error: Command \jttdefault undefined.

See the LaTeX manual or LaTeX Companion for explanation.
Type  H <return>  for immediate help.
 ...                                              
                                                  
l.346 \renewcommand\jttdefault
                              {\gtdefault}\@ltj@match@familytrue
? 
! Undefined control sequence.
l.346 ...default{\gtdefault}\@ltj@match@familytrue
                                                  
? 
! Undefined control sequence.
l.354 \ltjsetparameter
                      {jaxspmode={`！,2}}
? 
Missing character: There is no j in font nullfont!
Missing character: There is no a in font nullfont!
Missing character: There is no x in font nullfont!
Missing character: There is no s in font nullfont!
Missing character: There is no p in font nullfont!
Missing character: There is no m in font nullfont!
Missing character: There is no o in font nullfont!
Missing character: There is no d in font nullfont!
Missing character: There is no e in font nullfont!
Missing character: There is no = in font nullfont!
Missing character: There is no ` in font nullfont!

! LaTeX Error: Unicode character ！ (U+FF01)
               not set up for use with LaTeX.

See the LaTeX manual or LaTeX Companion for explanation.
Type  H <return>  for immediate help.
 ...                                              
                                                  
l.354 \ltjsetparameter{jaxspmode={`！
                                      ,2}}
? 
Missing character: There is no , in font nullfont!
Missing character: There is no 2 in font nullfont!
! Undefined control sequence.
l.355 \ltjsetparameter
                      {jaxspmode={`〒,1}}
? 
Missing character: There is no j in font nullfont!
Missing character: There is no a in font nullfont!
Missing character: There is no x in font nullfont!
Missing character: There is no s in font nullfont!
Missing character: There is no p in font nullfont!
Missing character: There is no m in font nullfont!
Missing character: There is no o in font nullfont!
Missing character: There is no d in font nullfont!
Missing character: There is no e in font nullfont!
Missing character: There is no = in font nullfont!
Missing character: There is no ` in font nullfont!

! LaTeX Error: Unicode character 〒 (U+3012)
               not set up for use with LaTeX.

See the LaTeX manual or LaTeX Companion for explanation.
Type  H <return>  for immediate help.
 ...                                              
                                                  
l.355 \ltjsetparameter{jaxspmode={`〒
                                      ,1}}
? 
Missing character: There is no , in font nullfont!
Missing character: There is no 1 in font nullfont!
! Undefined control sequence.
l.356 \ltjsetparameter
                      {alxspmode={`+,3}}
? 
Missing character: There is no a in font nullfont!
Missing character: There is no l in font nullfont!
Missing character: There is no x in font nullfont!
Missing character: There is no s in font nullfont!
Missing character: There is no p in font nullfont!
Missing character: There is no m in font nullfont!
Missing character: There is no o in font nullfont!
Missing character: There is no d in font nullfont!
Missing character: There is no e in font nullfont!
Missing character: There is no = in font nullfont!
Missing character: There is no ` in font nullfont!
Missing character: There is no + in font nullfont!
Missing character: There is no , in font nullfont!
Missing character: There is no 3 in font nullfont!
! Undefined control sequence.
l.357 \ltjsetparameter
                      {alxspmode={`\%,3}}
? 
Missing character: There is no a in font nullfont!
Missing character: There is no l in font nullfont!
Missing character: There is no x in font nullfont!
Missing character: There is no s in font nullfont!
Missing character: There is no p in font nullfont!
Missing character: There is no m in font nullfont!
Missing character: There is no o in font nullfont!
Missing character: There is no d in font nullfont!
Missing character: There is no e in font nullfont!
Missing character: There is no = in font nullfont!
Missing character: There is no ` in font nullfont!
Missing character: There is no % in font nullfont!
Missing character: There is no , in font nullfont!
Missing character: There is no 3 in font nullfont!
! Undefined control sequence.
l.383 \emergencystretch 3\zw
                            
? 
! Missing number, treated as zero.
<to be read again> 
                   \let 
l.384 \newif\ifnarrowbaselines
                              
? 
! Undefined control sequence.
l.385 \if@english
                 
? 
! Undefined control sequence.
l.386   \narrowbaselinestrue
                            
? 
! Extra \fi.
l.387 \fi
         
? 

! LaTeX Error: Command \normalsize undefined.

See the LaTeX manual or LaTeX Companion for explanation.
Type  H <return>  for immediate help.
 ...                                              
                                                  
l.405 \renewcommand{\normalsize}
                                {%
? 
! Undefined control sequence.
l.414 \mcfamily
               \selectfont\normalsize
? 
! Undefined control sequence.
<argument> \n@baseline 
                       \jsc@mpt 
l.414 \mcfamily\selectfont\normalsize
                                     
? 
LaTeX Font Info:    Trying to load font information for ^^@OT1+cmr on input lin
e 414.
(/usr/share/texlive/texmf-dist/tex/latex/tools/.tex Fileignored)

LaTeX Font Warning: Font shape `^^@^^@OT1/cmr/m/n' @undefined
(Font)              using `^^@OT1/cmr/m/n' instead on input line 414.

LaTeX Font Info:    Trying to load font information for ^^@^^@OT1+cmr on input 
line 414.
(/usr/share/texlive/texmf-dist/tex/latex/tools/.tex Fileignored)

LaTeX Font Warning: Font shape `^^@^^@^^@OT1/cmr/m/n' @undefined
(Font)              using `^^@^^@OT1/cmr/m/n' instead on input line 414.

LaTeX Font Info:    Trying to load font information for ^^@^^@^^@OT1+cmr on inp
ut line 414.
(/usr/share/texlive/texmf-dist/tex/latex/tools/.tex Fileignored)

LaTeX Font Warning: Font shape `^^@^^@^^@^^@OT1/cmr/m/n' @undefined
(Font)              using `^^@^^@^^@OT1/cmr/m/n' instead on input line 414.

LaTeX Font Info:    Trying to load font information for ^^@^^@^^@^^@OT1+cmr on 
input line 414.
(/usr/share/texlive/texmf-dist/tex/latex/tools/.tex Fileignored)

LaTeX Font Warning: Font shape `^^@^^@^^@^^@^^@OT1/cmr/m/n' @undefined
(Font)              using `^^@^^@^^@^^@OT1/cmr/m/n' instead on input line 414.

LaTeX Font Info:    Trying to load font information for ^^@^^@^^@^^@^^@OT1+cmr 
on input line 414.
(/usr/share/texlive/texmf-dist/tex/latex/tools/.tex Fileignored)

LaTeX Font Warning: Font shape `^^@^^@^^@^^@^^@^^@OT1/cmr/m/n' @undefined
(Font)              using `^^@^^@^^@^^@^^@OT1/cmr/m/n' instead on input line 41
4.

LaTeX Font Info:    Trying to load font information for ^^@^^@^^@^^@^^@^^@OT1+c
mr on input line 414.
(/usr/share/texlive/texmf-dist/tex/latex/tools/.tex Fileignored)

LaTeX Font Warning: Font shape `^^@^^@^^@^^@^^@^^@^^@OT1/cmr/m/n' @undefined
(Font)              using `^^@^^@^^@^^@^^@^^@OT1/cmr/m/n' instead on input line
 414.

LaTeX Font Info:    Trying to load font information for ^^@^^@^^@^^@^^@^^@^^@OT
1+cmr on input line 414.
(/usr/share/texlive/texmf-dist/tex/latex/tools/.tex Fileignored)

LaTeX Font Warning: Font shape `^^@^^@^^@^^@^^@^^@^^@^^@OT1/cmr/m/n' @undefined

(Font)              using `^^@^^@^^@^^@^^@^^@^^@OT1/cmr/m/n' instead on input l
ine 414.

LaTeX Font Info:    Trying to load font information for ^^@^^@^^@^^@^^@^^@^^@^^
@OT1+cmr on input line 414.
(/usr/share/texlive/texmf-dist/tex/latex/tools/.tex Fileignored)

LaTeX Font Warning: Font shape `^^@^^@^^@^^@^^@^^@^^@^^@^^@OT1/cmr/m/n' @undefi
ned
(Font)              using `^^@^^@^^@^^@^^@^^@^^@^^@OT1/cmr/m/n' instead on inpu
t line 414.

LaTeX Font Info:    Trying to load font information for ^^@^^@^^@^^@^^@^^@^^@^^
@^^@OT1+cmr on input line 414.
(/usr/share/texlive/texmf-dist/tex/latex/tools/.tex Fileignored)

LaTeX Font Warning: Font shape `^^@^^@^^@^^@^^@^^@^^@^^@^^@^^@OT1/cmr/m/n' @und
efined
(Font)              using `^^@^^@^^@^^@^^@^^@^^@^^@^^@OT1/cmr/m/n' instead on i
nput line 414.

LaTeX Font Info:    Trying to load font information for ^^@^^@^^@^^@^^@^^@^^@^^
@^^@^^@OT1+cmr on input line 414.
(/usr/share/texlive/texmf-dist/tex/latex/tools/.tex Fileignored)

LaTeX Font Warning: Font shape `^^@^^@^^@^^@^^@^^@^^@^^@^^@^^@^^@OT1/cmr/m/n' @
undefined
(Font)              using `^^@^^@^^@^^@^^@^^@^^@^^@^^@^^@OT1/cmr/m/n' instead o
n input line 414.

LaTeX Font Info:    Trying to load font information for ^^@^^@^^@^^@^^@^^@^^@^^
@^^@^^@^^@OT1+cmr on input line 414.
(/usr/share/texlive/texmf-dist/tex/latex/tools/.tex Fileignored)

LaTeX Font Warning: Font shape `^^@^^@^^@^^@^^@^^@^^@^^@^^@^^@^^@^^@OT1/cmr/m/n
' @undefined
(Font)              using `^^@^^@^^@^^@^^@^^@^^@^^@^^@^^@^^@OT1/cmr/m/n' instea
d on input line 414.

LaTeX Font Info:    Trying to load font information for ^^@^^@^^@^^@^^@^^@^^@^^
@^^@^^@^^@^^@OT1+cmr on input line 414.
(/usr/share/texlive/texmf-dist/tex/latex/tools/.tex Fileignored)

LaTeX Font Warning: Font shape `^^@^^@^^@^^@^^@^^@^^@^^@^^@^^@^^@^^@^^@OT1/cmr/
m/n' @undefined
(Font)              using `^^@^^@^^@^^@^^@^^@^^@^^@^^@^^@^^@^^@OT1/cmr/m/n' ins
tead on input line 414.

LaTeX Font Info:    Trying to load font information for ^^@^^@^^@^^@^^@^^@^^@^^
@^^@^^@^^@^^@^^@OT1+cmr on input line 414.
(/usr/share/texlive/texmf-dist/tex/latex/tools/.tex Fileignored)

LaTeX Font Warning: Font shape `^^@^^@^^@^^@^^@^^@^^@^^@^^@^^@^^@^^@^^@^^@OT1/c
mr/m/n' @undefined
(Font)              using `^^@^^@^^@^^@^^@^^@^^@^^@^^@^^@^^@^^@^^@OT1/cmr/m/n' 
instead on input line 414.

LaTeX Font Info:    Trying to load font information for ^^@^^@^^@^^@^^@^^@^^@^^
@^^@^^@^^@^^@^^@^^@OT1+cmr on input line 414.
(/usr/share/texlive/texmf-dist/tex/latex/tools/.tex Fileignored)

LaTeX Font Warning: Font shape `^^@^^@^^@^^@^^@^^@^^@^^@^^@^^@^^@^^@^^@^^@^^@OT
1/cmr/m/n' @undefined
(Font)              using `^^@^^@^^@^^@^^@^^@^^@^^@^^@^^@^^@^^@^^@^^@OT1/cmr/m/
n' instead on input line 414.

LaTeX Font Info:    Trying to load font information for ^^@^^@^^@^^@^^@^^@^^@^^
@^^@^^@^^@^^@^^@^^@^^@OT1+cmr on input line 414.
(/usr/share/texlive/texmf-dist/tex/latex/tools/.tex Fileignored)

LaTeX Font Warning: Font shape `^^@^^@^^@^^@^^@^^@^^@^^@^^@^^@^^@^^@^^@^^@^^@^^
@OT1/cmr/m/n' @undefined
(Font)              using `^^@^^@^^@^^@^^@^^@^^@^^@^^@^^@^^@^^@^^@^^@^^@OT1/cmr
/m/n' instead on input line 414.

LaTeX Font Info:    Trying to load font information for ^^@^^@^^@^^@^^@^^@^^@^^
@^^@^^@^^@^^@^^@^^@^^@^^@OT1+cmr on input line 414.
(/usr/share/texlive/texmf-dist/tex/latex/tools/.tex Fileignored)

LaTeX Font Warning: Font shape `^^@^^@^^@^^@^^@^^@^^@^^@^^@^^@^^@^^@^^@^^@^^@^^
@^^@OT1/cmr/m/n' @undefined
(Font)              using `^^@^^@^^@^^@^^@^^@^^@^^@^^@^^@^^@^^@^^@^^@^^@^^@OT1/
cmr/m/n' instead on input line 414.

LaTeX Font Info:    Trying to load font information for ^^@^^@^^@^^@^^@^^@^^@^^
@^^@^^@^^@^^@^^@^^@^^@^^@^^@OT1+cmr on input line 414.
(/usr/share/texlive/texmf-dist/tex/latex/tools/.tex Fileignored)

LaTeX Font Warning: Font shape `^^@^^@^^@^^@^^@^^@^^@^^@^^@^^@^^@^^@^^@^^@^^@^^
@^^@^^@OT1/cmr/m/n' @undefined
(Font)              using `^^@^^@^^@^^@^^@^^@^^@^^@^^@^^@^^@^^@^^@^^@^^@^^@^^@O
T1/cmr/m/n' instead on input line 414.

LaTeX Font Info:    Trying to load font information for ^^@^^@^^@^^@^^@^^@^^@^^
@^^@^^@^^@^^@^^@^^@^^@^^@^^@^^@OT1+cmr on input line 414.
(/usr/share/texlive/texmf-dist/tex/latex/tools/.tex Fileignored)

LaTeX Font Warning: Font shape `^^@^^@^^@^^@^^@^^@^^@^^@^^@^^@^^@^^@^^@^^@^^@^^
@^^@^^@^^@OT1/cmr/m/n' @undefined
(Font)              using `^^@^^@^^@^^@^^@^^@^^@^^@^^@^^@^^@^^@^^@^^@^^@^^@^^@^
^@OT1/cmr/m/n' instead on input line 414.

LaTeX Font Info:    Trying to load font information for ^^@^^@^^@^^@^^@^^@^^@^^
@^^@^^@^^@^^@^^@^^@^^@^^@^^@^^@^^@OT1+cmr on input line 414.
(/usr/share/texlive/texmf-dist/tex/latex/tools/.tex Fileignored)

LaTeX Font Warning: Font shape `^^@^^@^^@^^@^^@^^@^^@^^@^^@^^@^^@^^@^^@^^@^^@^^
@^^@^^@^^@^^@OT1/cmr/m/n' @undefined
(Font)              using `^^@^^@^^@^^@^^@^^@^^@^^@^^@^^@^^@^^@^^@^^@^^@^^@^^@^
^@^^@OT1/cmr/m/n' instead on input line 414.

LaTeX Font Info:    Trying to load font information for ^^@^^@^^@^^@^^@^^@^^@^^
@^^@^^@^^@^^@^^@^^@^^@^^@^^@^^@^^@^^@OT1+cmr on input line 414.
(/usr/share/texlive/texmf-dist/tex/latex/tools/.tex Fileignored)

LaTeX Font Warning: Font shape `^^@^^@^^@^^@^^@^^@^^@^^@^^@^^@^^@^^@^^@^^@^^@^^
@^^@^^@^^@^^@^^@OT1/cmr/m/n' @undefined
(Font)              using `^^@^^@^^@^^@^^@^^@^^@^^@^^@^^@^^@^^@^^@^^@^^@^^@^^@^
^@^^@^^@OT1/cmr/m/n' instead on input line 414.

LaTeX Font Info:    Trying to load font information for ^^@^^@^^@^^@^^@^^@^^@^^
@^^@^^@^^@^^@^^@^^@^^@^^@^^@^^@^^@^^@^^@OT1+cmr on input line 414.
(/usr/share/texlive/texmf-dist/tex/latex/tools/.tex Fileignored)

LaTeX Font Warning: Font shape `^^@^^@^^@^^@^^@^^@^^@^^@^^@^^@^^@^^@^^@^^@^^@^^
@^^@^^@^^@^^@^^@^^@OT1/cmr/m/n' @undefined
(Font)              using `^^@^^@^^@^^@^^@^^@^^@^^@^^@^^@^^@^^@^^@^^@^^@^^@^^@^
^@^^@^^@^^@OT1/cmr/m/n' instead on input line 414.

LaTeX Font Info:    Trying to load font information for ^^@^^@^^@^^@^^@^^@^^@^^
@^^@^^@^^@^^@^^@^^@^^@^^@^^@^^@^^@^^@^^@^^@OT1+cmr on input line 414.
(/usr/share/texlive/texmf-dist/tex/latex/tools/.tex Fileignored)

LaTeX Font Warning: Font shape `^^@^^@^^@^^@^^@^^@^^@^^@^^@^^@^^@^^@^^@^^@^^@^^
@^^@^^@^^@^^@^^@^^@^^@OT1/cmr/m/n' @undefined
(Font)              using `^^@^^@^^@^^@^^@^^@^^@^^@^^@^^@^^@^^@^^@^^@^^@^^@^^@^
^@^^@^^@^^@^^@OT1/cmr/m/n' instead on input line 414.

LaTeX Font Info:    Trying to load font information for ^^@^^@^^@^^@^^@^^@^^@^^
@^^@^^@^^@^^@^^@^^@^^@^^@^^@^^@^^@^^@^^@^^@^^@OT1+cmr on input line 414.
(/usr/share/texlive/texmf-dist/tex/latex/tools/.tex Fileignored)

LaTeX Font Warning: Font shape `^^@^^@^^@^^@^^@^^@^^@^^@^^@^^@^^@^^@^^@^^@^^@^^
@^^@^^@^^@^^@^^@^^@^^@^^@OT1/cmr/m/n' @undefined
(Font)              using `^^@^^@^^@^^@^^@^^@^^@^^@^^@^^@^^@^^@^^@^^@^^@^^@^^@^
^@^^@^^@^^@^^@^^@OT1/cmr/m/n' instead on input line 414.

LaTeX Font Info:    Trying to load font information for ^^@^^@^^@^^@^^@^^@^^@^^
@^^@^^@^^@^^@^^@^^@^^@^^@^^@^^@^^@^^@^^@^^@^^@^^@OT1+cmr on input line 414.
(/usr/share/texlive/texmf-dist/tex/latex/tools/.tex Fileignored)

LaTeX Font Warning: Font shape `^^@^^@^^@^^@^^@^^@^^@^^@^^@^^@^^@^^@^^@^^@^^@^^
@^^@^^@^^@^^@^^@^^@^^@^^@^^@OT1/cmr/m/n' @undefined
(Font)              using `^^@^^@^^@^^@^^@^^@^^@^^@^^@^^@^^@^^@^^@^^@^^@^^@^^@^
^@^^@^^@^^@^^@^^@^^@OT1/cmr/m/n' instead on input line 414.

LaTeX Font Info:    Trying to load font information for ^^@^^@^^@^^@^^@^^@^^@^^
@^^@^^@^^@^^@^^@^^@^^@^^@^^@^^@^^@^^@^^@^^@^^@^^@^^@OT1+cmr on input line 414.
(/usr/share/texlive/texmf-dist/tex/latex/tools/.tex Fileignored)

LaTeX Font Warning: Font shape `^^@^^@^^@^^@^^@^^@^^@^^@^^@^^@^^@^^@^^@^^@^^@^^
@^^@^^@^^@^^@^^@^^@^^@^^@^^@^^@OT1/cmr/m/n' @undefined
(Font)              using `^^@^^@^^@^^@^^@^^@^^@^^@^^@^^@^^@^^@^^@^^@^^@^^@^^@^
^@^^@^^@^^@^^@^^@^^@^^@OT1/cmr/m/n' instead on input line 414.

LaTeX Font Info:    Trying to load font information for ^^@^^@^^@^^@^^@^^@^^@^^
@^^@^^@^^@^^@^^@^^@^^@^^@^^@^^@^^@^^@^^@^^@^^@^^@^^@^^@OT1+cmr on input line 41
4.
(/usr/share/texlive/texmf-dist/tex/latex/tools/.tex Fileignored)

LaTeX Font Warning: Font shape `^^@^^@^^@^^@^^@^^@^^@^^@^^@^^@^^@^^@^^@^^@^^@^^
@^^@^^@^^@^^@^^@^^@^^@^^@^^@^^@^^@OT1/cmr/m/n' @undefined
(Font)              using `^^@^^@^^@^^@^^@^^@^^@^^@^^@^^@^^@^^@^^@^^@^^@^^@^^@^
^@^^@^^@^^@^^@^^@^^@^^@^^@OT1/cmr/m/n' instead on input line 414.

LaTeX Font Info:    Trying to load font information for ^^@^^@^^@^^@^^@^^@^^@^^
@^^@^^@^^@^^@^^@^^@^^@^^@^^@^^@^^@^^@^^@^^@^^@^^@^^@^^@^^@OT1+cmr on input line
 414.
(/usr/share/texlive/texmf-dist/tex/latex/tools/.tex Fileignored)

LaTeX Font Warning: Font shape `^^@^^@^^@^^@^^@^^@^^@^^@^^@^^@^^@^^@^^@^^@^^@^^
@^^@^^@^^@^^@^^@^^@^^@^^@^^@^^@^^@^^@OT1/cmr/m/n' @undefined
(Font)              using `^^@^^@^^@^^@^^@^^@^^@^^@^^@^^@^^@^^@^^@^^@^^@^^@^^@^
^@^^@^^@^^@^^@^^@^^@^^@^^@^^@OT1/cmr/m/n' instead on input line 414.

LaTeX Font Info:    Trying to load font information for ^^@^^@^^@^^@^^@^^@^^@^^
@^^@^^@^^@^^@^^@^^@^^@^^@^^@^^@^^@^^@^^@^^@^^@^^@^^@^^@^^@^^@OT1+cmr on input l
ine 414.
(/usr/share/texlive/texmf-dist/tex/latex/tools/.tex Fileignored)

LaTeX Font Warning: Font shape `^^@^^@^^@^^@^^@^^@^^@^^@^^@^^@^^@^^@^^@^^@^^@^^
@^^@^^@^^@^^@^^@^^@^^@^^@^^@^^@^^@^^@^^@OT1/cmr/m/n' @undefined
(Font)              using `^^@^^@^^@^^@^^@^^@^^@^^@^^@^^@^^@^^@^^@^^@^^@^^@^^@^
^@^^@^^@^^@^^@^^@^^@^^@^^@^^@^^@OT1/cmr/m/n' instead on input line 414.

LaTeX Font Info:    Trying to load font information for ^^@^^@^^@^^@^^@^^@^^@^^
@^^@^^@^^@^^@^^@^^@^^@^^@^^@^^@^^@^^@^^@^^@^^@^^@^^@^^@^^@^^@^^@OT1+cmr on inpu
t line 414.
(/usr/share/texlive/texmf-dist/tex/latex/tools/.tex Fileignored)

LaTeX Font Warning: Font shape `^^@^^@^^@^^@^^@^^@^^@^^@^^@^^@^^@^^@^^@^^@^^@^^
@^^@^^@^^@^^@^^@^^@^^@^^@^^@^^@^^@^^@^^@^^@OT1/cmr/m/n' @undefined
(Font)              using `^^@^^@^^@^^@^^@^^@^^@^^@^^@^^@^^@^^@^^@^^@^^@^^@^^@^
^@^^@^^@^^@^^@^^@^^@^^@^^@^^@^^@^^@OT1/cmr/m/n' instead on input line 414.

LaTeX Font Info:    Trying to load font information for ^^@^^@^^@^^@^^@^^@^^@^^
@^^@^^@^^@^^@^^@^^@^^@^^@^^@^^@^^@^^@^^@^^@^^@^^@^^@^^@^^@^^@^^@^^@OT1+cmr on i
nput line 414.
(/usr/share/texlive/texmf-dist/tex/latex/tools/.tex Fileignored)

LaTeX Font Warning: Font shape `^^@^^@^^@^^@^^@^^@^^@^^@^^@^^@^^@^^@^^@^^@^^@^^
@^^@^^@^^@^^@^^@^^@^^@^^@^^@^^@^^@^^@^^@^^@^^@OT1/cmr/m/n' @undefined
(Font)              using `^^@^^@^^@^^@^^@^^@^^@^^@^^@^^@^^@^^@^^@^^@^^@^^@^^@^
^@^^@^^@^^@^^@^^@^^@^^@^^@^^@^^@^^@^^@OT1/cmr/m/n' instead on input line 414.

LaTeX Font Info:    Trying to load font information for ^^@^^@^^@^^@^^@^^@^^@^^
@^^@^^@^^@^^@^^@^^@^^@^^@^^@^^@^^@^^@^^@^^@^^@^^@^^@^^@^^@^^@^^@^^@^^@OT1+cmr o
n input line 414.
(/usr/share/texlive/texmf-dist/tex/latex/tools/.tex Fileignored)

LaTeX Font Warning: Font shape `^^@^^@^^@^^@^^@^^@^^@^^@^^@^^@^^@^^@^^@^^@^^@^^
@^^@^^@^^@^^@^^@^^@^^@^^@^^@^^@^^@^^@^^@^^@^^@^^@OT1/cmr/m/n' @undefined
(Font)              using `^^@^^@^^@^^@^^@^^@^^@^^@^^@^^@^^@^^@^^@^^@^^@^^@^^@^
^@^^@^^@^^@^^@^^@^^@^^@^^@^^@^^@^^@^^@^^@OT1/cmr/m/n' instead on input line 414
.

LaTeX Font Info:    Trying to load font information for ^^@^^@^^@^^@^^@^^@^^@^^
@^^@^^@^^@^^@^^@^^@^^@^^@^^@^^@^^@^^@^^@^^@^^@^^@^^@^^@^^@^^@^^@^^@^^@^^@OT1+cm
r on input line 414.
(/usr/share/texlive/texmf-dist/tex/latex/tools/.tex Fileignored)

LaTeX Font Warning: Font shape `^^@^^@^^@^^@^^@^^@^^@^^@^^@^^@^^@^^@^^@^^@^^@^^
@^^@^^@^^@^^@^^@^^@^^@^^@^^@^^@^^@^^@^^@^^@^^@^^@^^@OT1/cmr/m/n' @undefined
(Font)              using `^^@^^@^^@^^@^^@^^@^^@^^@^^@^^@^^@^^@^^@^^@^^@^^@^^@^
^@^^@^^@^^@^^@^^@^^@^^@^^@^^@^^@^^@^^@^^@^^@OT1/cmr/m/n' instead on input line 
414.

LaTeX Font Info:    Trying to load font information for ^^@^^@^^@^^@^^@^^@^^@^^
@^^@^^@^^@^^@^^@^^@^^@^^@^^@^^@^^@^^@^^@^^@^^@^^@^^@^^@^^@^^@^^@^^@^^@^^@^^@OT1
+cmr on input line 414.
(/usr/share/texlive/texmf-dist/tex/latex/tools/.tex Fileignored)

LaTeX Font Warning: Font shape `^^@^^@^^@^^@^^@^^@^^@^^@^^@^^@^^@^^@^^@^^@^^@^^
@^^@^^@^^@^^@^^@^^@^^@^^@^^@^^@^^@^^@^^@^^@^^@^^@^^@^^@OT1/cmr/m/n' @undefined
(Font)              using `^^@^^@^^@^^@^^@^^@^^@^^@^^@^^@^^@^^@^^@^^@^^@^^@^^@^
^@^^@^^@^^@^^@^^@^^@^^@^^@^^@^^@^^@^^@^^@^^@^^@OT1/cmr/m/n' instead on input li
ne 414.

LaTeX Font Info:    Trying to load font information for ^^@^^@^^@^^@^^@^^@^^@^^
@^^@^^@^^@^^@^^@^^@^^@^^@^^@^^@^^@^^@^^@^^@^^@^^@^^@^^@^^@^^@^^@^^@^^@^^@^^@^^@
OT1+cmr on input line 414.
(/usr/share/texlive/texmf-dist/tex/latex/tools/.tex Fileignored)

LaTeX Font Warning: Font shape `^^@^^@^^@^^@^^@^^@^^@^^@^^@^^@^^@^^@^^@^^@^^@^^
@^^@^^@^^@^^@^^@^^@^^@^^@^^@^^@^^@^^@^^@^^@^^@^^@^^@^^@^^@OT1/cmr/m/n' @undefin
ed
(Font)              using `^^@^^@^^@^^@^^@^^@^^@^^@^^@^^@^^@^^@^^@^^@^^@^^@^^@^
^@^^@^^@^^@^^@^^@^^@^^@^^@^^@^^@^^@^^@^^@^^@^^@^^@OT1/cmr/m/n' instead on input
 line 414.

LaTeX Font Info:    Trying to load font information for ^^@^^@^^@^^@^^@^^@^^@^^
@^^@^^@^^@^^@^^@^^@^^@^^@^^@^^@^^@^^@^^@^^@^^@^^@^^@^^@^^@^^@^^@^^@^^@^^@^^@^^@
^^@OT1+cmr on input line 414.
(/usr/share/texlive/texmf-dist/tex/latex/tools/.tex Fileignored)

LaTeX Font Warning: Font shape `^^@^^@^^@^^@^^@^^@^^@^^@^^@^^@^^@^^@^^@^^@^^@^^
@^^@^^@^^@^^@^^@^^@^^@^^@^^@^^@^^@^^@^^@^^@^^@^^@^^@^^@^^@^^@OT1/cmr/m/n' @unde
fined
(Font)              using `^^@^^@^^@^^@^^@^^@^^@^^@^^@^^@^^@^^@^^@^^@^^@^^@^^@^
^@^^@^^@^^@^^@^^@^^@^^@^^@^^@^^@^^@^^@^^@^^@^^@^^@^^@OT1/cmr/m/n' instead on in
put line 414.

LaTeX Font Info:    Trying to load font information for ^^@^^@^^@^^@^^@^^@^^@^^
@^^@^^@^^@^^@^^@^^@^^@^^@^^@^^@^^@^^@^^@^^@^^@^^@^^@^^@^^@^^@^^@^^@^^@^^@^^@^^@
^^@^^@OT1+cmr on input line 414.
(/usr/share/texlive/texmf-dist/tex/latex/tools/.tex Fileignored)

LaTeX Font Warning: Font shape `^^@^^@^^@^^@^^@^^@^^@^^@^^@^^@^^@^^@^^@^^@^^@^^
@^^@^^@^^@^^@^^@^^@^^@^^@^^@^^@^^@^^@^^@^^@^^@^^@^^@^^@^^@^^@^^@OT1/cmr/m/n' @u
ndefined
(Font)              using `^^@^^@^^@^^@^^@^^@^^@^^@^^@^^@^^@^^@^^@^^@^^@^^@^^@^
^@^^@^^@^^@^^@^^@^^@^^@^^@^^@^^@^^@^^@^^@^^@^^@^^@^^@^^@OT1/cmr/m/n' instead on
 input line 414.

LaTeX Font Info:    Trying to load font information for ^^@^^@^^@^^@^^@^^@^^@^^
@^^@^^@^^@^^@^^@^^@^^@^^@^^@^^@^^@^^@^^@^^@^^@^^@^^@^^@^^@^^@^^@^^@^^@^^@^^@^^@
^^@^^@^^@OT1+cmr on input line 414.
(/usr/share/texlive/texmf-dist/tex/latex/tools/.tex Fileignored)

LaTeX Font Warning: Font shape `^^@^^@^^@^^@^^@^^@^^@^^@^^@^^@^^@^^@^^@^^@^^@^^
@^^@^^@^^@^^@^^@^^@^^@^^@^^@^^@^^@^^@^^@^^@^^@^^@^^@^^@^^@^^@^^@^^@OT1/cmr/m/n'
 @undefined
(Font)              using `^^@^^@^^@^^@^^@^^@^^@^^@^^@^^@^^@^^@^^@^^@^^@^^@^^@^
^@^^@^^@^^@^^@^^@^^@^^@^^@^^@^^@^^@^^@^^@^^@^^@^^@^^@^^@^^@OT1/cmr/m/n' instead
 on input line 414.

LaTeX Font Info:    Trying to load font information for ^^@^^@^^@^^@^^@^^@^^@^^
@^^@^^@^^@^^@^^@^^@^^@^^@^^@^^@^^@^^@^^@^^@^^@^^@^^@^^@^^@^^@^^@^^@^^@^^@^^@^^@
^^@^^@^^@^^@OT1+cmr on input line 414.
(/usr/share/texlive/texmf-dist/tex/latex/tools/.tex Fileignored)

LaTeX Font Warning: Font shape `^^@^^@^^@^^@^^@^^@^^@^^@^^@^^@^^@^^@^^@^^@^^@^^
@^^@^^@^^@^^@^^@^^@^^@^^@^^@^^@^^@^^@^^@^^@^^@^^@^^@^^@^^@^^@^^@^^@^^@OT1/cmr/m
/n' @undefined
(Font)              using `^^@^^@^^@^^@^^@^^@^^@^^@^^@^^@^^@^^@^^@^^@^^@^^@^^@^
^@^^@^^@^^@^^@^^@^^@^^@^^@^^@^^@^^@^^@^^@^^@^^@^^@^^@^^@^^@^^@OT1/cmr/m/n' inst
ead on input line 414.

LaTeX Font Info:    Trying to load font information for ^^@^^@^^@^^@^^@^^@^^@^^
@^^@^^@^^@^^@^^@^^@^^@^^@^^@^^@^^@^^@^^@^^@^^@^^@^^@^^@^^@^^@^^@^^@^^@^^@^^@^^@
^^@^^@^^@^^@^^@OT1+cmr on input line 414.
(/usr/share/texlive/texmf-dist/tex/latex/tools/.tex Fileignored)

LaTeX Font Warning: Font shape `^^@^^@^^@^^@^^@^^@^^@^^@^^@^^@^^@^^@^^@^^@^^@^^
@^^@^^@^^@^^@^^@^^@^^@^^@^^@^^@^^@^^@^^@^^@^^@^^@^^@^^@^^@^^@^^@^^@^^@^^@OT1/cm
r/m/n' @undefined
(Font)              using `^^@^^@^^@^^@^^@^^@^^@^^@^^@^^@^^@^^@^^@^^@^^@^^@^^@^
^@^^@^^@^^@^^@^^@^^@^^@^^@^^@^^@^^@^^@^^@^^@^^@^^@^^@^^@^^@^^@^^@OT1/cmr/m/n' i
nstead on input line 414.

LaTeX Font Info:    Trying to load font information for ^^@^^@^^@^^@^^@^^@^^@^^
@^^@^^@^^@^^@^^@^^@^^@^^@^^@^^@^^@^^@^^@^^@^^@^^@^^@^^@^^@^^@^^@^^@^^@^^@^^@^^@
^^@^^@^^@^^@^^@^^@OT1+cmr on input line 414.
(/usr/share/texlive/texmf-dist/tex/latex/tools/.tex Fileignored)

LaTeX Font Warning: Font shape `^^@^^@^^@^^@^^@^^@^^@^^@^^@^^@^^@^^@^^@^^@^^@^^
@^^@^^@^^@^^@^^@^^@^^@^^@^^@^^@^^@^^@^^@^^@^^@^^@^^@^^@^^@^^@^^@^^@^^@^^@^^@OT1
/cmr/m/n' @undefined
(Font)              using `^^@^^@^^@^^@^^@^^@^^@^^@^^@^^@^^@^^@^^@^^@^^@^^@^^@^
^@^^@^^@^^@^^@^^@^^@^^@^^@^^@^^@^^@^^@^^@^^@^^@^^@^^@^^@^^@^^@^^@^^@OT1/cmr/m/n
' instead on input line 414.

LaTeX Font Info:    Trying to load font information for ^^@^^@^^@^^@^^@^^@^^@^^
@^^@^^@^^@^^@^^@^^@^^@^^@^^@^^@^^@^^@^^@^^@^^@^^@^^@^^@^^@^^@^^@^^@^^@^^@^^@^^@
^^@^^@^^@^^@^^@^^@^^@OT1+cmr on input line 414.
(/usr/share/texlive/texmf-dist/tex/latex/tools/.tex Fileignored)

LaTeX Font Warning: Font shape `^^@^^@^^@^^@^^@^^@^^@^^@^^@^^@^^@^^@^^@^^@^^@^^
@^^@^^@^^@^^@^^@^^@^^@^^@^^@^^@^^@^^@^^@^^@^^@^^@^^@^^@^^@^^@^^@^^@^^@^^@^^@^^@
OT1/cmr/m/n' @undefined
(Font)              using `^^@^^@^^@^^@^^@^^@^^@^^@^^@^^@^^@^^@^^@^^@^^@^^@^^@^
^@^^@^^@^^@^^@^^@^^@^^@^^@^^@^^@^^@^^@^^@^^@^^@^^@^^@^^@^^@^^@^^@^^@^^@OT1/cmr/
m/n' instead on input line 414.

LaTeX Font Info:    Trying to load font information for ^^@^^@^^@^^@^^@^^@^^@^^
@^^@^^@^^@^^@^^@^^@^^@^^@^^@^^@^^@^^@^^@^^@^^@^^@^^@^^@^^@^^@^^@^^@^^@^^@^^@^^@
^^@^^@^^@^^@^^@^^@^^@^^@OT1+cmr on input line 414.
(/usr/share/texlive/texmf-dist/tex/latex/tools/.tex Fileignored)

LaTeX Font Warning: Font shape `^^@^^@^^@^^@^^@^^@^^@^^@^^@^^@^^@^^@^^@^^@^^@^^
@^^@^^@^^@^^@^^@^^@^^@^^@^^@^^@^^@^^@^^@^^@^^@^^@^^@^^@^^@^^@^^@^^@^^@^^@^^@^^@
^^@OT1/cmr/m/n' @undefined
(Font)              using `^^@^^@^^@^^@^^@^^@^^@^^@^^@^^@^^@^^@^^@^^@^^@^^@^^@^
^@^^@^^@^^@^^@^^@^^@^^@^^@^^@^^@^^@^^@^^@^^@^^@^^@^^@^^@^^@^^@^^@^^@^^@^^@OT1/c
mr/m/n' instead on input line 414.

LaTeX Font Info:    Trying to load font information for ^^@^^@^^@^^@^^@^^@^^@^^
@^^@^^@^^@^^@^^@^^@^^@^^@^^@^^@^^@^^@^^@^^@^^@^^@^^@^^@^^@^^@^^@^^@^^@^^@^^@^^@
^^@^^@^^@^^@^^@^^@^^@^^@^^@OT1+cmr on input line 414.
(/usr/share/texlive/texmf-dist/tex/latex/tools/.tex Fileignored)

LaTeX Font Warning: Font shape `^^@^^@^^@^^@^^@^^@^^@^^@^^@^^@^^@^^@^^@^^@^^@^^
@^^@^^@^^@^^@^^@^^@^^@^^@^^@^^@^^@^^@^^@^^@^^@^^@^^@^^@^^@^^@^^@^^@^^@^^@^^@^^@
^^@^^@OT1/cmr/m/n' @undefined
(Font)              using `^^@^^@^^@^^@^^@^^@^^@^^@^^@^^@^^@^^@^^@^^@^^@^^@^^@^
^@^^@^^@^^@^^@^^@^^@^^@^^@^^@^^@^^@^^@^^@^^@^^@^^@^^@^^@^^@^^@^^@^^@^^@^^@^^@OT
1/cmr/m/n' instead on input line 414.

LaTeX Font Info:    Trying to load font information for ^^@^^@^^@^^@^^@^^@^^@^^
@^^@^^@^^@^^@^^@^^@^^@^^@^^@^^@^^@^^@^^@^^@^^@^^@^^@^^@^^@^^@^^@^^@^^@^^@^^@^^@
^^@^^@^^@^^@^^@^^@^^@^^@^^@^^@OT1+cmr on input line 414.
(/usr/share/texlive/texmf-dist/tex/latex/tools/.tex Fileignored)

LaTeX Font Warning: Font shape `^^@^^@^^@^^@^^@^^@^^@^^@^^@^^@^^@^^@^^@^^@^^@^^
@^^@^^@^^@^^@^^@^^@^^@^^@^^@^^@^^@^^@^^@^^@^^@^^@^^@^^@^^@^^@^^@^^@^^@^^@^^@^^@
^^@^^@^^@OT1/cmr/m/n' @undefined
(Font)              using `^^@^^@^^@^^@^^@^^@^^@^^@^^@^^@^^@^^@^^@^^@^^@^^@^^@^
^@^^@^^@^^@^^@^^@^^@^^@^^@^^@^^@^^@^^@^^@^^@^^@^^@^^@^^@^^@^^@^^@^^@^^@^^@^^@^^
@OT1/cmr/m/n' instead on input line 414.

LaTeX Font Info:    Trying to load font information for ^^@^^@^^@^^@^^@^^@^^@^^
@^^@^^@^^@^^@^^@^^@^^@^^@^^@^^@^^@^^@^^@^^@^^@^^@^^@^^@^^@^^@^^@^^@^^@^^@^^@^^@
^^@^^@^^@^^@^^@^^@^^@^^@^^@^^@^^@OT1+cmr on input line 414.
(/usr/share/texlive/texmf-dist/tex/latex/tools/.tex Fileignored)

LaTeX Font Warning: Font shape `^^@^^@^^@^^@^^@^^@^^@^^@^^@^^@^^@^^@^^@^^@^^@^^
@^^@^^@^^@^^@^^@^^@^^@^^@^^@^^@^^@^^@^^@^^@^^@^^@^^@^^@^^@^^@^^@^^@^^@^^@^^@^^@
^^@^^@^^@^^@OT1/cmr/m/n' @undefined
(Font)              using `^^@^^@^^@^^@^^@^^@^^@^^@^^@^^@^^@^^@^^@^^@^^@^^@^^@^
^@^^@^^@^^@^^@^^@^^@^^@^^@^^@^^@^^@^^@^^@^^@^^@^^@^^@^^@^^@^^@^^@^^@^^@^^@^^@^^
@^^@OT1/cmr/m/n' instead on input line 414.

LaTeX Font Info:    Trying to load font information for ^^@^^@^^@^^@^^@^^@^^@^^
@^^@^^@^^@^^@^^@^^@^^@^^@^^@^^@^^@^^@^^@^^@^^@^^@^^@^^@^^@^^@^^@^^@^^@^^@^^@^^@
^^@^^@^^@^^@^^@^^@^^@^^@^^@^^@^^@^^@OT1+cmr on input line 414.
(/usr/share/texlive/texmf-dist/tex/latex/tools/.tex Fileignored)

LaTeX Font Warning: Font shape `^^@^^@^^@^^@^^@^^@^^@^^@^^@^^@^^@^^@^^@^^@^^@^^
@^^@^^@^^@^^@^^@^^@^^@^^@^^@^^@^^@^^@^^@^^@^^@^^@^^@^^@^^@^^@^^@^^@^^@^^@^^@^^@
^^@^^@^^@^^@^^@OT1/cmr/m/n' @undefined
(Font)              using `^^@^^@^^@^^@^^@^^@^^@^^@^^@^^@^^@^^@^^@^^@^^@^^@^^@^
^@^^@^^@^^@^^@^^@^^@^^@^^@^^@^^@^^@^^@^^@^^@^^@^^@^^@^^@^^@^^@^^@^^@^^@^^@^^@^^
@^^@^^@OT1/cmr/m/n' instead on input line 414.

LaTeX Font Info:    Trying to load font information for ^^@^^@^^@^^@^^@^^@^^@^^
@^^@^^@^^@^^@^^@^^@^^@^^@^^@^^@^^@^^@^^@^^@^^@^^@^^@^^@^^@^^@^^@^^@^^@^^@^^@^^@
^^@^^@^^@^^@^^@^^@^^@^^@^^@^^@^^@^^@^^@OT1+cmr on input line 414.
(/usr/share/texlive/texmf-dist/tex/latex/tools/.tex Fileignored)

LaTeX Font Warning: Font shape `^^@^^@^^@^^@^^@^^@^^@^^@^^@^^@^^@^^@^^@^^@^^@^^
@^^@^^@^^@^^@^^@^^@^^@^^@^^@^^@^^@^^@^^@^^@^^@^^@^^@^^@^^@^^@^^@^^@^^@^^@^^@^^@
^^@^^@^^@^^@^^@^^@OT1/cmr/m/n' @undefined
(Font)              using `^^@^^@^^@^^@^^@^^@^^@^^@^^@^^@^^@^^@^^@^^@^^@^^@^^@^
^@^^@^^@^^@^^@^^@^^@^^@^^@^^@^^@^^@^^@^^@^^@^^@^^@^^@^^@^^@^^@^^@^^@^^@^^@^^@^^
@^^@^^@^^@OT1/cmr/m/n' instead on input line 414.

LaTeX Font Info:    Trying to load font information for ^^@^^@^^@^^@^^@^^@^^@^^
@^^@^^@^^@^^@^^@^^@^^@^^@^^@^^@^^@^^@^^@^^@^^@^^@^^@^^@^^@^^@^^@^^@^^@^^@^^@^^@
^^@^^@^^@^^@^^@^^@^^@^^@^^@^^@^^@^^@^^@^^@OT1+cmr on input line 414.
(/usr/share/texlive/texmf-dist/tex/latex/tools/.tex Fileignored)

LaTeX Font Warning: Font shape `^^@^^@^^@^^@^^@^^@^^@^^@^^@^^@^^@^^@^^@^^@^^@^^
@^^@^^@^^@^^@^^@^^@^^@^^@^^@^^@^^@^^@^^@^^@^^@^^@^^@^^@^^@^^@^^@^^@^^@^^@^^@^^@
^^@^^@^^@^^@^^@^^@^^@OT1/cmr/m/n' @undefined
(Font)              using `^^@^^@^^@^^@^^@^^@^^@^^@^^@^^@^^@^^@^^@^^@^^@^^@^^@^
^@^^@^^@^^@^^@^^@^^@^^@^^@^^@^^@^^@^^@^^@^^@^^@^^@^^@^^@^^@^^@^^@^^@^^@^^@^^@^^
@^^@^^@^^@^^@OT1/cmr/m/n' instead on input line 414.

LaTeX Font Info:    Trying to load font information for ^^@^^@^^@^^@^^@^^@^^@^^
@^^@^^@^^@^^@^^@^^@^^@^^@^^@^^@^^@^^@^^@^^@^^@^^@^^@^^@^^@^^@^^@^^@^^@^^@^^@^^@
^^@^^@^^@^^@^^@^^@^^@^^@^^@^^@^^@^^@^^@^^@^^@OT1+cmr on input line 414.
(/usr/share/texlive/texmf-dist/tex/latex/tools/.tex Fileignored)

LaTeX Font Warning: Font shape `^^@^^@^^@^^@^^@^^@^^@^^@^^@^^@^^@^^@^^@^^@^^@^^
@^^@^^@^^@^^@^^@^^@^^@^^@^^@^^@^^@^^@^^@^^@^^@^^@^^@^^@^^@^^@^^@^^@^^@^^@^^@^^@
^^@^^@^^@^^@^^@^^@^^@^^@OT1/cmr/m/n' @undefined
(Font)              using `^^@^^@^^@^^@^^@^^@^^@^^@^^@^^@^^@^^@^^@^^@^^@^^@^^@^
^@^^@^^@^^@^^@^^@^^@^^@^^@^^@^^@^^@^^@^^@^^@^^@^^@^^@^^@^^@^^@^^@^^@^^@^^@^^@^^
@^^@^^@^^@^^@^^@OT1/cmr/m/n' instead on input line 414.

LaTeX Font Info:    Trying to load font information for ^^@^^@^^@^^@^^@^^@^^@^^
@^^@^^@^^@^^@^^@^^@^^@^^@^^@^^@^^@^^@^^@^^@^^@^^@^^@^^@^^@^^@^^@^^@^^@^^@^^@^^@
^^@^^@^^@^^@^^@^^@^^@^^@^^@^^@^^@^^@^^@^^@^^@^^@OT1+cmr on input line 414.
(/usr/share/texlive/texmf-dist/tex/latex/tools/.tex Fileignored)

LaTeX Font Warning: Font shape `^^@^^@^^@^^@^^@^^@^^@^^@^^@^^@^^@^^@^^@^^@^^@^^
@^^@^^@^^@^^@^^@^^@^^@^^@^^@^^@^^@^^@^^@^^@^^@^^@^^@^^@^^@^^@^^@^^@^^@^^@^^@^^@
^^@^^@^^@^^@^^@^^@^^@^^@^^@OT1/cmr/m/n' @undefined
(Font)              using `^^@^^@^^@^^@^^@^^@^^@^^@^^@^^@^^@^^@^^@^^@^^@^^@^^@^
^@^^@^^@^^@^^@^^@^^@^^@^^@^^@^^@^^@^^@^^@^^@^^@^^@^^@^^@^^@^^@^^@^^@^^@^^@^^@^^
@^^@^^@^^@^^@^^@^^@OT1/cmr/m/n' instead on input line 414.

LaTeX Font Info:    Trying to load font information for ^^@^^@^^@^^@^^@^^@^^@^^
@^^@^^@^^@^^@^^@^^@^^@^^@^^@^^@^^@^^@^^@^^@^^@^^@^^@^^@^^@^^@^^@^^@^^@^^@^^@^^@
^^@^^@^^@^^@^^@^^@^^@^^@^^@^^@^^@^^@^^@^^@^^@^^@^^@OT1+cmr on input line 414.
(/usr/share/texlive/texmf-dist/tex/latex/tools/.tex Fileignored)

LaTeX Font Warning: Font shape `^^@^^@^^@^^@^^@^^@^^@^^@^^@^^@^^@^^@^^@^^@^^@^^
@^^@^^@^^@^^@^^@^^@^^@^^@^^@^^@^^@^^@^^@^^@^^@^^@^^@^^@^^@^^@^^@^^@^^@^^@^^@^^@
^^@^^@^^@^^@^^@^^@^^@^^@^^@^^@OT1/cmr/m/n' @undefined
(Font)              using `^^@^^@^^@^^@^^@^^@^^@^^@^^@^^@^^@^^@^^@^^@^^@^^@^^@^
^@^^@^^@^^@^^@^^@^^@^^@^^@^^@^^@^^@^^@^^@^^@^^@^^@^^@^^@^^@^^@^^@^^@^^@^^@^^@^^
@^^@^^@^^@^^@^^@^^@^^@OT1/cmr/m/n' instead on input line 414.

LaTeX Font Info:    Trying to load font information for ^^@^^@^^@^^@^^@^^@^^@^^
@^^@^^@^^@^^@^^@^^@^^@^^@^^@^^@^^@^^@^^@^^@^^@^^@^^@^^@^^@^^@^^@^^@^^@^^@^^@^^@
^^@^^@^^@^^@^^@^^@^^@^^@^^@^^@^^@^^@^^@^^@^^@^^@^^@^^@OT1+cmr on input line 414
.
(/usr/share/texlive/texmf-dist/tex/latex/tools/.tex Fileignored)

LaTeX Font Warning: Font shape `^^@^^@^^@^^@^^@^^@^^@^^@^^@^^@^^@^^@^^@^^@^^@^^
@^^@^^@^^@^^@^^@^^@^^@^^@^^@^^@^^@^^@^^@^^@^^@^^@^^@^^@^^@^^@^^@^^@^^@^^@^^@^^@
^^@^^@^^@^^@^^@^^@^^@^^@^^@^^@^^@OT1/cmr/m/n' @undefined
(Font)              using `^^@^^@^^@^^@^^@^^@^^@^^@^^@^^@^^@^^@^^@^^@^^@^^@^^@^
^@^^@^^@^^@^^@^^@^^@^^@^^@^^@^^@^^@^^@^^@^^@^^@^^@^^@^^@^^@^^@^^@^^@^^@^^@^^@^^
@^^@^^@^^@^^@^^@^^@^^@^^@OT1/cmr/m/n' instead on input line 414.

LaTeX Font Info:    Trying to load font information for ^^@^^@^^@^^@^^@^^@^^@^^
@^^@^^@^^@^^@^^@^^@^^@^^@^^@^^@^^@^^@^^@^^@^^@^^@^^@^^@^^@^^@^^@^^@^^@^^@^^@^^@
^^@^^@^^@^^@^^@^^@^^@^^@^^@^^@^^@^^@^^@^^@^^@^^@^^@^^@^^@OT1+cmr on input line 
414.
(/usr/share/texlive/texmf-dist/tex/latex/tools/.tex Fileignored)

LaTeX Font Warning: Font shape `^^@^^@^^@^^@^^@^^@^^@^^@^^@^^@^^@^^@^^@^^@^^@^^
@^^@^^@^^@^^@^^@^^@^^@^^@^^@^^@^^@^^@^^@^^@^^@^^@^^@^^@^^@^^@^^@^^@^^@^^@^^@^^@
^^@^^@^^@^^@^^@^^@^^@^^@^^@^^@^^@^^@OT1/cmr/m/n' @undefined
(Font)              using `^^@^^@^^@^^@^^@^^@^^@^^@^^@^^@^^@^^@^^@^^@^^@^^@^^@^
^@^^@^^@^^@^^@^^@^^@^^@^^@^^@^^@^^@^^@^^@^^@^^@^^@^^@^^@^^@^^@^^@^^@^^@^^@^^@^^
@^^@^^@^^@^^@^^@^^@^^@^^@^^@OT1/cmr/m/n' instead on input line 414.

LaTeX Font Info:    Trying to load font information for ^^@^^@^^@^^@^^@^^@^^@^^
@^^@^^@^^@^^@^^@^^@^^@^^@^^@^^@^^@^^@^^@^^@^^@^^@^^@^^@^^@^^@^^@^^@^^@^^@^^@^^@
^^@^^@^^@^^@^^@^^@^^@^^@^^@^^@^^@^^@^^@^^@^^@^^@^^@^^@^^@^^@OT1+cmr on input li
ne 414.
(/usr/share/texlive/texmf-dist/tex/latex/tools/.tex Fileignored)

LaTeX Font Warning: Font shape `^^@^^@^^@^^@^^@^^@^^@^^@^^@^^@^^@^^@^^@^^@^^@^^
@^^@^^@^^@^^@^^@^^@^^@^^@^^@^^@^^@^^@^^@^^@^^@^^@^^@^^@^^@^^@^^@^^@^^@^^@^^@^^@
^^@^^@^^@^^@^^@^^@^^@^^@^^@^^@^^@^^@^^@OT1/cmr/m/n' @undefined
(Font)              using `^^@^^@^^@^^@^^@^^@^^@^^@^^@^^@^^@^^@^^@^^@^^@^^@^^@^
^@^^@^^@^^@^^@^^@^^@^^@^^@^^@^^@^^@^^@^^@^^@^^@^^@^^@^^@^^@^^@^^@^^@^^@^^@^^@^^
@^^@^^@^^@^^@^^@^^@^^@^^@^^@^^@OT1/cmr/m/n' instead on input line 414.

LaTeX Font Info:    Trying to load font information for ^^@^^@^^@^^@^^@^^@^^@^^
@^^@^^@^^@^^@^^@^^@^^@^^@^^@^^@^^@^^@^^@^^@^^@^^@^^@^^@^^@^^@^^@^^@^^@^^@^^@^^@
^^@^^@^^@^^@^^@^^@^^@^^@^^@^^@^^@^^@^^@^^@^^@^^@^^@^^@^^@^^@^^@OT1+cmr on input
 line 414.
(/usr/share/texlive/texmf-dist/tex/latex/tools/.tex Fileignored)

LaTeX Font Warning: Font shape `^^@^^@^^@^^@^^@^^@^^@^^@^^@^^@^^@^^@^^@^^@^^@^^
@^^@^^@^^@^^@^^@^^@^^@^^@^^@^^@^^@^^@^^@^^@^^@^^@^^@^^@^^@^^@^^@^^@^^@^^@^^@^^@
^^@^^@^^@^^@^^@^^@^^@^^@^^@^^@^^@^^@^^@^^@OT1/cmr/m/n' @undefined
(Font)              using `^^@^^@^^@^^@^^@^^@^^@^^@^^@^^@^^@^^@^^@^^@^^@^^@^^@^
^@^^@^^@^^@^^@^^@^^@^^@^^@^^@^^@^^@^^@^^@^^@^^@^^@^^@^^@^^@^^@^^@^^@^^@^^@^^@^^
@^^@^^@^^@^^@^^@^^@^^@^^@^^@^^@^^@OT1/cmr/m/n' instead on input line 414.

LaTeX Font Info:    Trying to load font information for ^^@^^@^^@^^@^^@^^@^^@^^
@^^@^^@^^@^^@^^@^^@^^@^^@^^@^^@^^@^^@^^@^^@^^@^^@^^@^^@^^@^^@^^@^^@^^@^^@^^@^^@
^^@^^@^^@^^@^^@^^@^^@^^@^^@^^@^^@^^@^^@^^@^^@^^@^^@^^@^^@^^@^^@^^@OT1+cmr on in
put line 414.
(/usr/share/texlive/texmf-dist/tex/latex/tools/.tex Fileignored)

LaTeX Font Warning: Font shape `^^@^^@^^@^^@^^@^^@^^@^^@^^@^^@^^@^^@^^@^^@^^@^^
@^^@^^@^^@^^@^^@^^@^^@^^@^^@^^@^^@^^@^^@^^@^^@^^@^^@^^@^^@^^@^^@^^@^^@^^@^^@^^@
^^@^^@^^@^^@^^@^^@^^@^^@^^@^^@^^@^^@^^@^^@^^@OT1/cmr/m/n' @undefined
(Font)              using `^^@^^@^^@^^@^^@^^@^^@^^@^^@^^@^^@^^@^^@^^@^^@^^@^^@^
^@^^@^^@^^@^^@^^@^^@^^@^^@^^@^^@^^@^^@^^@^^@^^@^^@^^@^^@^^@^^@^^@^^@^^@^^@^^@^^
@^^@^^@^^@^^@^^@^^@^^@^^@^^@^^@^^@^^@OT1/cmr/m/n' instead on input line 414.

LaTeX Font Info:    Trying to load font information for ^^@^^@^^@^^@^^@^^@^^@^^
@^^@^^@^^@^^@^^@^^@^^@^^@^^@^^@^^@^^@^^@^^@^^@^^@^^@^^@^^@^^@^^@^^@^^@^^@^^@^^@
^^@^^@^^@^^@^^@^^@^^@^^@^^@^^@^^@^^@^^@^^@^^@^^@^^@^^@^^@^^@^^@^^@^^@OT1+cmr on
 input line 414.
(/usr/share/texlive/texmf-dist/tex/latex/tools/.tex Fileignored)

LaTeX Font Warning: Font shape `^^@^^@^^@^^@^^@^^@^^@^^@^^@^^@^^@^^@^^@^^@^^@^^
@^^@^^@^^@^^@^^@^^@^^@^^@^^@^^@^^@^^@^^@^^@^^@^^@^^@^^@^^@^^@^^@^^@^^@^^@^^@^^@
^^@^^@^^@^^@^^@^^@^^@^^@^^@^^@^^@^^@^^@^^@^^@^^@OT1/cmr/m/n' @undefined
(Font)              using `^^@^^@^^@^^@^^@^^@^^@^^@^^@^^@^^@^^@^^@^^@^^@^^@^^@^
^@^^@^^@^^@^^@^^@^^@^^@^^@^^@^^@^^@^^@^^@^^@^^@^^@^^@^^@^^@^^@^^@^^@^^@^^@^^@^^
@^^@^^@^^@^^@^^@^^@^^@^^@^^@^^@^^@^^@^^@OT1/cmr/m/n' instead on input line 414.


LaTeX Font Info:    Trying to load font information for ^^@^^@^^@^^@^^@^^@^^@^^
@^^@^^@^^@^^@^^@^^@^^@^^@^^@^^@^^@^^@^^@^^@^^@^^@^^@^^@^^@^^@^^@^^@^^@^^@^^@^^@
^^@^^@^^@^^@^^@^^@^^@^^@^^@^^@^^@^^@^^@^^@^^@^^@^^@^^@^^@^^@^^@^^@^^@^^@OT1+cmr
 on input line 414.
(/usr/share/texlive/texmf-dist/tex/latex/tools/.tex Fileignored)

LaTeX Font Warning: Font shape `^^@^^@^^@^^@^^@^^@^^@^^@^^@^^@^^@^^@^^@^^@^^@^^
@^^@^^@^^@^^@^^@^^@^^@^^@^^@^^@^^@^^@^^@^^@^^@^^@^^@^^@^^@^^@^^@^^@^^@^^@^^@^^@
^^@^^@^^@^^@^^@^^@^^@^^@^^@^^@^^@^^@^^@^^@^^@^^@^^@OT1/cmr/m/n' @undefined
(Font)              using `^^@^^@^^@^^@^^@^^@^^@^^@^^@^^@^^@^^@^^@^^@^^@^^@^^@^
^@^^@^^@^^@^^@^^@^^@^^@^^@^^@^^@^^@^^@^^@^^@^^@^^@^^@^^@^^@^^@^^@^^@^^@^^@^^@^^
@^^@^^@^^@^^@^^@^^@^^@^^@^^@^^@^^@^^@^^@^^@OT1/cmr/m/n' instead on input line 4
14.

LaTeX Font Info:    Trying to load font information for ^^@^^@^^@^^@^^@^^@^^@^^
@^^@^^@^^@^^@^^@^^@^^@^^@^^@^^@^^@^^@^^@^^@^^@^^@^^@^^@^^@^^@^^@^^@^^@^^@^^@^^@
^^@^^@^^@^^@^^@^^@^^@^^@^^@^^@^^@^^@^^@^^@^^@^^@^^@^^@^^@^^@^^@^^@^^@^^@^^@OT1+
cmr on input line 414.
(/usr/share/texlive/texmf-dist/tex/latex/tools/.tex Fileignored)

LaTeX Font Warning: Font shape `^^@^^@^^@^^@^^@^^@^^@^^@^^@^^@^^@^^@^^@^^@^^@^^
@^^@^^@^^@^^@^^@^^@^^@^^@^^@^^@^^@^^@^^@^^@^^@^^@^^@^^@^^@^^@^^@^^@^^@^^@^^@^^@
^^@^^@^^@^^@^^@^^@^^@^^@^^@^^@^^@^^@^^@^^@^^@^^@^^@^^@OT1/cmr/m/n' @undefined
(Font)              using `^^@^^@^^@^^@^^@^^@^^@^^@^^@^^@^^@^^@^^@^^@^^@^^@^^@^
^@^^@^^@^^@^^@^^@^^@^^@^^@^^@^^@^^@^^@^^@^^@^^@^^@^^@^^@^^@^^@^^@^^@^^@^^@^^@^^
@^^@^^@^^@^^@^^@^^@^^@^^@^^@^^@^^@^^@^^@^^@^^@OT1/cmr/m/n' instead on input lin
e 414.

LaTeX Font Info:    Trying to load font information for ^^@^^@^^@^^@^^@^^@^^@^^
@^^@^^@^^@^^@^^@^^@^^@^^@^^@^^@^^@^^@^^@^^@^^@^^@^^@^^@^^@^^@^^@^^@^^@^^@^^@^^@
^^@^^@^^@^^@^^@^^@^^@^^@^^@^^@^^@^^@^^@^^@^^@^^@^^@^^@^^@^^@^^@^^@^^@^^@^^@^^@O
T1+cmr on input line 414.
(/usr/share/texlive/texmf-dist/tex/latex/tools/.tex Fileignored)

LaTeX Font Warning: Font shape `^^@^^@^^@^^@^^@^^@^^@^^@^^@^^@^^@^^@^^@^^@^^@^^
@^^@^^@^^@^^@^^@^^@^^@^^@^^@^^@^^@^^@^^@^^@^^@^^@^^@^^@^^@^^@^^@^^@^^@^^@^^@^^@
^^@^^@^^@^^@^^@^^@^^@^^@^^@^^@^^@^^@^^@^^@^^@^^@^^@^^@^^@OT1/cmr/m/n' @undefine
d
(Font)              using `^^@^^@^^@^^@^^@^^@^^@^^@^^@^^@^^@^^@^^@^^@^^@^^@^^@^
^@^^@^^@^^@^^@^^@^^@^^@^^@^^@^^@^^@^^@^^@^^@^^@^^@^^@^^@^^@^^@^^@^^@^^@^^@^^@^^
@^^@^^@^^@^^@^^@^^@^^@^^@^^@^^@^^@^^@^^@^^@^^@^^@OT1/cmr/m/n' instead on input 
line 414.

LaTeX Font Info:    Trying to load font information for ^^@^^@^^@^^@^^@^^@^^@^^
@^^@^^@^^@^^@^^@^^@^^@^^@^^@^^@^^@^^@^^@^^@^^@^^@^^@^^@^^@^^@^^@^^@^^@^^@^^@^^@
^^@^^@^^@^^@^^@^^@^^@^^@^^@^^@^^@^^@^^@^^@^^@^^@^^@^^@^^@^^@^^@^^@^^@^^@^^@^^@^
^@OT1+cmr on input line 414.
(/usr/share/texlive/texmf-dist/tex/latex/tools/.tex Fileignored)

LaTeX Font Warning: Font shape `^^@^^@^^@^^@^^@^^@^^@^^@^^@^^@^^@^^@^^@^^@^^@^^
@^^@^^@^^@^^@^^@^^@^^@^^@^^@^^@^^@^^@^^@^^@^^@^^@^^@^^@^^@^^@^^@^^@^^@^^@^^@^^@
^^@^^@^^@^^@^^@^^@^^@^^@^^@^^@^^@^^@^^@^^@^^@^^@^^@^^@^^@^^@OT1/cmr/m/n' @undef
ined
(Font)              using `^^@^^@^^@^^@^^@^^@^^@^^@^^@^^@^^@^^@^^@^^@^^@^^@^^@^
^@^^@^^@^^@^^@^^@^^@^^@^^@^^@^^@^^@^^@^^@^^@^^@^^@^^@^^@^^@^^@^^@^^@^^@^^@^^@^^
@^^@^^@^^@^^@^^@^^@^^@^^@^^@^^@^^@^^@^^@^^@^^@^^@^^@OT1/cmr/m/n' instead on inp
ut line 414.

LaTeX Font Info:    Trying to load font information for ^^@^^@^^@^^@^^@^^@^^@^^
@^^@^^@^^@^^@^^@^^@^^@^^@^^@^^@^^@^^@^^@^^@^^@^^@^^@^^@^^@^^@^^@^^@^^@^^@^^@^^@
^^@^^@^^@^^@^^@^^@^^@^^@^^@^^@^^@^^@^^@^^@^^@^^@^^@^^@^^@^^@^^@^^@^^@^^@^^@^^@^
^@^^@OT1+cmr on input line 414.
(/usr/share/texlive/texmf-dist/tex/latex/tools/.tex Fileignored)

LaTeX Font Warning: Font shape `^^@^^@^^@^^@^^@^^@^^@^^@^^@^^@^^@^^@^^@^^@^^@^^
@^^@^^@^^@^^@^^@^^@^^@^^@^^@^^@^^@^^@^^@^^@^^@^^@^^@^^@^^@^^@^^@^^@^^@^^@^^@^^@
^^@^^@^^@^^@^^@^^@^^@^^@^^@^^@^^@^^@^^@^^@^^@^^@^^@^^@^^@^^@^^@OT1/cmr/m/n' @un
defined
(Font)              using `^^@^^@^^@^^@^^@^^@^^@^^@^^@^^@^^@^^@^^@^^@^^@^^@^^@^
^@^^@^^@^^@^^@^^@^^@^^@^^@^^@^^@^^@^^@^^@^^@^^@^^@^^@^^@^^@^^@^^@^^@^^@^^@^^@^^
@^^@^^@^^@^^@^^@^^@^^@^^@^^@^^@^^@^^@^^@^^@^^@^^@^^@^^@OT1/cmr/m/n' instead on 
input line 414.

LaTeX Font Info:    Trying to load font information for ^^@^^@^^@^^@^^@^^@^^@^^
@^^@^^@^^@^^@^^@^^@^^@^^@^^@^^@^^@^^@^^@^^@^^@^^@^^@^^@^^@^^@^^@^^@^^@^^@^^@^^@
^^@^^@^^@^^@^^@^^@^^@^^@^^@^^@^^@^^@^^@^^@^^@^^@^^@^^@^^@^^@^^@^^@^^@^^@^^@^^@^
^@^^@^^@OT1+cmr on input line 414.
(/usr/share/texlive/texmf-dist/tex/latex/tools/.tex Fileignored)

LaTeX Font Warning: Font shape `^^@^^@^^@^^@^^@^^@^^@^^@^^@^^@^^@^^@^^@^^@^^@^^
@^^@^^@^^@^^@^^@^^@^^@^^@^^@^^@^^@^^@^^@^^@^^@^^@^^@^^@^^@^^@^^@^^@^^@^^@^^@^^@
^^@^^@^^@^^@^^@^^@^^@^^@^^@^^@^^@^^@^^@^^@^^@^^@^^@^^@^^@^^@^^@^^@OT1/cmr/m/n' 
@undefined
(Font)              using `^^@^^@^^@^^@^^@^^@^^@^^@^^@^^@^^@^^@^^@^^@^^@^^@^^@^
^@^^@^^@^^@^^@^^@^^@^^@^^@^^@^^@^^@^^@^^@^^@^^@^^@^^@^^@^^@^^@^^@^^@^^@^^@^^@^^
@^^@^^@^^@^^@^^@^^@^^@^^@^^@^^@^^@^^@^^@^^@^^@^^@^^@^^@^^@OT1/cmr/m/n' instead 
on input line 414.

LaTeX Font Info:    Trying to load font information for ^^@^^@^^@^^@^^@^^@^^@^^
@^^@^^@^^@^^@^^@^^@^^@^^@^^@^^@^^@^^@^^@^^@^^@^^@^^@^^@^^@^^@^^@^^@^^@^^@^^@^^@
^^@^^@^^@^^@^^@^^@^^@^^@^^@^^@^^@^^@^^@^^@^^@^^@^^@^^@^^@^^@^^@^^@^^@^^@^^@^^@^
^@^^@^^@^^@OT1+cmr on input line 414.
(/usr/share/texlive/texmf-dist/tex/latex/tools/.tex Fileignored)

LaTeX Font Warning: Font shape `^^@^^@^^@^^@^^@^^@^^@^^@^^@^^@^^@^^@^^@^^@^^@^^
@^^@^^@^^@^^@^^@^^@^^@^^@^^@^^@^^@^^@^^@^^@^^@^^@^^@^^@^^@^^@^^@^^@^^@^^@^^@^^@
^^@^^@^^@^^@^^@^^@^^@^^@^^@^^@^^@^^@^^@^^@^^@^^@^^@^^@^^@^^@^^@^^@^^@OT1/cmr/m/
n' @undefined
(Font)              using `^^@^^@^^@^^@^^@^^@^^@^^@^^@^^@^^@^^@^^@^^@^^@^^@^^@^
^@^^@^^@^^@^^@^^@^^@^^@^^@^^@^^@^^@^^@^^@^^@^^@^^@^^@^^@^^@^^@^^@^^@^^@^^@^^@^^
@^^@^^@^^@^^@^^@^^@^^@^^@^^@^^@^^@^^@^^@^^@^^@^^@^^@^^@^^@^^@OT1/cmr/m/n' inste
ad on input line 414.

LaTeX Font Info:    Trying to load font information for ^^@^^@^^@^^@^^@^^@^^@^^
@^^@^^@^^@^^@^^@^^@^^@^^@^^@^^@^^@^^@^^@^^@^^@^^@^^@^^@^^@^^@^^@^^@^^@^^@^^@^^@
^^@^^@^^@^^@^^@^^@^^@^^@^^@^^@^^@^^@^^@^^@^^@^^@^^@^^@^^@^^@^^@^^@^^@^^@^^@^^@^
^@^^@^^@^^@^^@OT1+cmr on input line 414.
(/usr/share/texlive/texmf-dist/tex/latex/tools/.tex Fileignored)

LaTeX Font Warning: Font shape `^^@^^@^^@^^@^^@^^@^^@^^@^^@^^@^^@^^@^^@^^@^^@^^
@^^@^^@^^@^^@^^@^^@^^@^^@^^@^^@^^@^^@^^@^^@^^@^^@^^@^^@^^@^^@^^@^^@^^@^^@^^@^^@
^^@^^@^^@^^@^^@^^@^^@^^@^^@^^@^^@^^@^^@^^@^^@^^@^^@^^@^^@^^@^^@^^@^^@^^@OT1/cmr
/m/n' @undefined
(Font)              using `^^@^^@^^@^^@^^@^^@^^@^^@^^@^^@^^@^^@^^@^^@^^@^^@^^@^
^@^^@^^@^^@^^@^^@^^@^^@^^@^^@^^@^^@^^@^^@^^@^^@^^@^^@^^@^^@^^@^^@^^@^^@^^@^^@^^
@^^@^^@^^@^^@^^@^^@^^@^^@^^@^^@^^@^^@^^@^^@^^@^^@^^@^^@^^@^^@^^@OT1/cmr/m/n' in
stead on input line 414.

LaTeX Font Info:    Trying to load font information for ^^@^^@^^@^^@^^@^^@^^@^^
@^^@^^@^^@^^@^^@^^@^^@^^@^^@^^@^^@^^@^^@^^@^^@^^@^^@^^@^^@^^@^^@^^@^^@^^@^^@^^@
^^@^^@^^@^^@^^@^^@^^@^^@^^@^^@^^@^^@^^@^^@^^@^^@^^@^^@^^@^^@^^@^^@^^@^^@^^@^^@^
^@^^@^^@^^@^^@^^@OT1+cmr on input line 414.
(/usr/share/texlive/texmf-dist/tex/latex/tools/.tex Fileignored)

LaTeX Font Warning: Font shape `^^@^^@^^@^^@^^@^^@^^@^^@^^@^^@^^@^^@^^@^^@^^@^^
@^^@^^@^^@^^@^^@^^@^^@^^@^^@^^@^^@^^@^^@^^@^^@^^@^^@^^@^^@^^@^^@^^@^^@^^@^^@^^@
^^@^^@^^@^^@^^@^^@^^@^^@^^@^^@^^@^^@^^@^^@^^@^^@^^@^^@^^@^^@^^@^^@^^@^^@^^@OT1/
cmr/m/n' @undefined
(Font)              using `^^@^^@^^@^^@^^@^^@^^@^^@^^@^^@^^@^^@^^@^^@^^@^^@^^@^
^@^^@^^@^^@^^@^^@^^@^^@^^@^^@^^@^^@^^@^^@^^@^^@^^@^^@^^@^^@^^@^^@^^@^^@^^@^^@^^
@^^@^^@^^@^^@^^@^^@^^@^^@^^@^^@^^@^^@^^@^^@^^@^^@^^@^^@^^@^^@^^@^^@OT1/cmr/m/n'
 instead on input line 414.

LaTeX Font Info:    Trying to load font information for ^^@^^@^^@^^@^^@^^@^^@^^
@^^@^^@^^@^^@^^@^^@^^@^^@^^@^^@^^@^^@^^@^^@^^@^^@^^@^^@^^@^^@^^@^^@^^@^^@^^@^^@
^^@^^@^^@^^@^^@^^@^^@^^@^^@^^@^^@^^@^^@^^@^^@^^@^^@^^@^^@^^@^^@^^@^^@^^@^^@^^@^
^@^^@^^@^^@^^@^^@^^@OT1+cmr on input line 414.
(/usr/share/texlive/texmf-dist/tex/latex/tools/.tex Fileignored)

LaTeX Font Warning: Font shape `^^@^^@^^@^^@^^@^^@^^@^^@^^@^^@^^@^^@^^@^^@^^@^^
@^^@^^@^^@^^@^^@^^@^^@^^@^^@^^@^^@^^@^^@^^@^^@^^@^^@^^@^^@^^@^^@^^@^^@^^@^^@^^@
^^@^^@^^@^^@^^@^^@^^@^^@^^@^^@^^@^^@^^@^^@^^@^^@^^@^^@^^@^^@^^@^^@^^@^^@^^@^^@O
T1/cmr/m/n' @undefined
(Font)              using `^^@^^@^^@^^@^^@^^@^^@^^@^^@^^@^^@^^@^^@^^@^^@^^@^^@^
^@^^@^^@^^@^^@^^@^^@^^@^^@^^@^^@^^@^^@^^@^^@^^@^^@^^@^^@^^@^^@^^@^^@^^@^^@^^@^^
@^^@^^@^^@^^@^^@^^@^^@^^@^^@^^@^^@^^@^^@^^@^^@^^@^^@^^@^^@^^@^^@^^@^^@OT1/cmr/m
/n' instead on input line 414.

LaTeX Font Info:    Trying to load font information for ^^@^^@^^@^^@^^@^^@^^@^^
@^^@^^@^^@^^@^^@^^@^^@^^@^^@^^@^^@^^@^^@^^@^^@^^@^^@^^@^^@^^@^^@^^@^^@^^@^^@^^@
^^@^^@^^@^^@^^@^^@^^@^^@^^@^^@^^@^^@^^@^^@^^@^^@^^@^^@^^@^^@^^@^^@^^@^^@^^@^^@^
^@^^@^^@^^@^^@^^@^^@^^@OT1+cmr on input line 414.
(/usr/share/texlive/texmf-dist/tex/latex/tools/.tex Fileignored)

LaTeX Font Warning: Font shape `^^@^^@^^@^^@^^@^^@^^@^^@^^@^^@^^@^^@^^@^^@^^@^^
@^^@^^@^^@^^@^^@^^@^^@^^@^^@^^@^^@^^@^^@^^@^^@^^@^^@^^@^^@^^@^^@^^@^^@^^@^^@^^@
^^@^^@^^@^^@^^@^^@^^@^^@^^@^^@^^@^^@^^@^^@^^@^^@^^@^^@^^@^^@^^@^^@^^@^^@^^@^^@^
^@OT1/cmr/m/n' @undefined
(Font)              using `^^@^^@^^@^^@^^@^^@^^@^^@^^@^^@^^@^^@^^@^^@^^@^^@^^@^
^@^^@^^@^^@^^@^^@^^@^^@^^@^^@^^@^^@^^@^^@^^@^^@^^@^^@^^@^^@^^@^^@^^@^^@^^@^^@^^
@^^@^^@^^@^^@^^@^^@^^@^^@^^@^^@^^@^^@^^@^^@^^@^^@^^@^^@^^@^^@^^@^^@^^@^^@OT1/cm
r/m/n' instead on input line 414.

LaTeX Font Info:    Trying to load font information for ^^@^^@^^@^^@^^@^^@^^@^^
@^^@^^@^^@^^@^^@^^@^^@^^@^^@^^@^^@^^@^^@^^@^^@^^@^^@^^@^^@^^@^^@^^@^^@^^@^^@^^@
^^@^^@^^@^^@^^@^^@^^@^^@^^@^^@^^@^^@^^@^^@^^@^^@^^@^^@^^@^^@^^@^^@^^@^^@^^@^^@^
^@^^@^^@^^@^^@^^@^^@^^@^^@OT1+cmr on input line 414.
(/usr/share/texlive/texmf-dist/tex/latex/tools/.tex Fileignored)

LaTeX Font Warning: Font shape `^^@^^@^^@^^@^^@^^@^^@^^@^^@^^@^^@^^@^^@^^@^^@^^
@^^@^^@^^@^^@^^@^^@^^@^^@^^@^^@^^@^^@^^@^^@^^@^^@^^@^^@^^@^^@^^@^^@^^@^^@^^@^^@
^^@^^@^^@^^@^^@^^@^^@^^@^^@^^@^^@^^@^^@^^@^^@^^@^^@^^@^^@^^@^^@^^@^^@^^@^^@^^@^
^@^^@OT1/cmr/m/n' @undefined
(Font)              using `^^@^^@^^@^^@^^@^^@^^@^^@^^@^^@^^@^^@^^@^^@^^@^^@^^@^
^@^^@^^@^^@^^@^^@^^@^^@^^@^^@^^@^^@^^@^^@^^@^^@^^@^^@^^@^^@^^@^^@^^@^^@^^@^^@^^
@^^@^^@^^@^^@^^@^^@^^@^^@^^@^^@^^@^^@^^@^^@^^@^^@^^@^^@^^@^^@^^@^^@^^@^^@^^@OT1
/cmr/m/n' instead on input line 414.

LaTeX Font Info:    Trying to load font information for ^^@^^@^^@^^@^^@^^@^^@^^
@^^@^^@^^@^^@^^@^^@^^@^^@^^@^^@^^@^^@^^@^^@^^@^^@^^@^^@^^@^^@^^@^^@^^@^^@^^@^^@
^^@^^@^^@^^@^^@^^@^^@^^@^^@^^@^^@^^@^^@^^@^^@^^@^^@^^@^^@^^@^^@^^@^^@^^@^^@^^@^
^@^^@^^@^^@^^@^^@^^@^^@^^@^^@OT1+cmr on input line 414.
(/usr/share/texlive/texmf-dist/tex/latex/tools/.tex Fileignored)

LaTeX Font Warning: Font shape `^^@^^@^^@^^@^^@^^@^^@^^@^^@^^@^^@^^@^^@^^@^^@^^
@^^@^^@^^@^^@^^@^^@^^@^^@^^@^^@^^@^^@^^@^^@^^@^^@^^@^^@^^@^^@^^@^^@^^@^^@^^@^^@
^^@^^@^^@^^@^^@^^@^^@^^@^^@^^@^^@^^@^^@^^@^^@^^@^^@^^@^^@^^@^^@^^@^^@^^@^^@^^@^
^@^^@^^@OT1/cmr/m/n' @undefined
(Font)              using `^^@^^@^^@^^@^^@^^@^^@^^@^^@^^@^^@^^@^^@^^@^^@^^@^^@^
^@^^@^^@^^@^^@^^@^^@^^@^^@^^@^^@^^@^^@^^@^^@^^@^^@^^@^^@^^@^^@^^@^^@^^@^^@^^@^^
@^^@^^@^^@^^@^^@^^@^^@^^@^^@^^@^^@^^@^^@^^@^^@^^@^^@^^@^^@^^@^^@^^@^^@^^@^^@^^@
OT1/cmr/m/n' instead on input line 414.

LaTeX Font Info:    Trying to load font information for ^^@^^@^^@^^@^^@^^@^^@^^
@^^@^^@^^@^^@^^@^^@^^@^^@^^@^^@^^@^^@^^@^^@^^@^^@^^@^^@^^@^^@^^@^^@^^@^^@^^@^^@
^^@^^@^^@^^@^^@^^@^^@^^@^^@^^@^^@^^@^^@^^@^^@^^@^^@^^@^^@^^@^^@^^@^^@^^@^^@^^@^
^@^^@^^@^^@^^@^^@^^@^^@^^@^^@^^@OT1+cmr on input line 414.
(/usr/share/texlive/texmf-dist/tex/latex/tools/.tex Fileignored)

LaTeX Font Warning: Font shape `^^@^^@^^@^^@^^@^^@^^@^^@^^@^^@^^@^^@^^@^^@^^@^^
@^^@^^@^^@^^@^^@^^@^^@^^@^^@^^@^^@^^@^^@^^@^^@^^@^^@^^@^^@^^@^^@^^@^^@^^@^^@^^@
^^@^^@^^@^^@^^@^^@^^@^^@^^@^^@^^@^^@^^@^^@^^@^^@^^@^^@^^@^^@^^@^^@^^@^^@^^@^^@^
^@^^@^^@^^@OT1/cmr/m/n' @undefined
(Font)              using `^^@^^@^^@^^@^^@^^@^^@^^@^^@^^@^^@^^@^^@^^@^^@^^@^^@^
^@^^@^^@^^@^^@^^@^^@^^@^^@^^@^^@^^@^^@^^@^^@^^@^^@^^@^^@^^@^^@^^@^^@^^@^^@^^@^^
@^^@^^@^^@^^@^^@^^@^^@^^@^^@^^@^^@^^@^^@^^@^^@^^@^^@^^@^^@^^@^^@^^@^^@^^@^^@^^@
^^@OT1/cmr/m/n' instead on input line 414.

LaTeX Font Info:    Trying to load font information for ^^@^^@^^@^^@^^@^^@^^@^^
@^^@^^@^^@^^@^^@^^@^^@^^@^^@^^@^^@^^@^^@^^@^^@^^@^^@^^@^^@^^@^^@^^@^^@^^@^^@^^@
^^@^^@^^@^^@^^@^^@^^@^^@^^@^^@^^@^^@^^@^^@^^@^^@^^@^^@^^@^^@^^@^^@^^@^^@^^@^^@^
^@^^@^^@^^@^^@^^@^^@^^@^^@^^@^^@^^@OT1+cmr on input line 414.
(/usr/share/texlive/texmf-dist/tex/latex/tools/.tex Fileignored)

LaTeX Font Warning: Font shape `^^@^^@^^@^^@^^@^^@^^@^^@^^@^^@^^@^^@^^@^^@^^@^^
@^^@^^@^^@^^@^^@^^@^^@^^@^^@^^@^^@^^@^^@^^@^^@^^@^^@^^@^^@^^@^^@^^@^^@^^@^^@^^@
^^@^^@^^@^^@^^@^^@^^@^^@^^@^^@^^@^^@^^@^^@^^@^^@^^@^^@^^@^^@^^@^^@^^@^^@^^@^^@^
^@^^@^^@^^@^^@OT1/cmr/m/n' @undefined
(Font)              using `^^@^^@^^@^^@^^@^^@^^@^^@^^@^^@^^@^^@^^@^^@^^@^^@^^@^
^@^^@^^@^^@^^@^^@^^@^^@^^@^^@^^@^^@^^@^^@^^@^^@^^@^^@^^@^^@^^@^^@^^@^^@^^@^^@^^
@^^@^^@^^@^^@^^@^^@^^@^^@^^@^^@^^@^^@^^@^^@^^@^^@^^@^^@^^@^^@^^@^^@^^@^^@^^@^^@
^^@^^@OT1/cmr/m/n' instead on input line 414.

LaTeX Font Info:    Trying to load font information for ^^@^^@^^@^^@^^@^^@^^@^^
@^^@^^@^^@^^@^^@^^@^^@^^@^^@^^@^^@^^@^^@^^@^^@^^@^^@^^@^^@^^@^^@^^@^^@^^@^^@^^@
^^@^^@^^@^^@^^@^^@^^@^^@^^@^^@^^@^^@^^@^^@^^@^^@^^@^^@^^@^^@^^@^^@^^@^^@^^@^^@^
^@^^@^^@^^@^^@^^@^^@^^@^^@^^@^^@^^@^^@OT1+cmr on input line 414.
(/usr/share/texlive/texmf-dist/tex/latex/tools/.tex Fileignored)

LaTeX Font Warning: Font shape `^^@^^@^^@^^@^^@^^@^^@^^@^^@^^@^^@^^@^^@^^@^^@^^
@^^@^^@^^@^^@^^@^^@^^@^^@^^@^^@^^@^^@^^@^^@^^@^^@^^@^^@^^@^^@^^@^^@^^@^^@^^@^^@
^^@^^@^^@^^@^^@^^@^^@^^@^^@^^@^^@^^@^^@^^@^^@^^@^^@^^@^^@^^@^^@^^@^^@^^@^^@^^@^
^@^^@^^@^^@^^@^^@OT1/cmr/m/n' @undefined
(Font)              using `^^@^^@^^@^^@^^@^^@^^@^^@^^@^^@^^@^^@^^@^^@^^@^^@^^@^
^@^^@^^@^^@^^@^^@^^@^^@^^@^^@^^@^^@^^@^^@^^@^^@^^@^^@^^@^^@^^@^^@^^@^^@^^@^^@^^
@^^@^^@^^@^^@^^@^^@^^@^^@^^@^^@^^@^^@^^@^^@^^@^^@^^@^^@^^@^^@^^@^^@^^@^^@^^@^^@
^^@^^@^^@OT1/cmr/m/n' instead on input line 414.

LaTeX Font Info:    Trying to load font information for ^^@^^@^^@^^@^^@^^@^^@^^
@^^@^^@^^@^^@^^@^^@^^@^^@^^@^^@^^@^^@^^@^^@^^@^^@^^@^^@^^@^^@^^@^^@^^@^^@^^@^^@
^^@^^@^^@^^@^^@^^@^^@^^@^^@^^@^^@^^@^^@^^@^^@^^@^^@^^@^^@^^@^^@^^@^^@^^@^^@^^@^
^@^^@^^@^^@^^@^^@^^@^^@^^@^^@^^@^^@^^@^^@OT1+cmr on input line 414.
(/usr/share/texlive/texmf-dist/tex/latex/tools/.tex Fileignored)

LaTeX Font Warning: Font shape `^^@^^@^^@^^@^^@^^@^^@^^@^^@^^@^^@^^@^^@^^@^^@^^
@^^@^^@^^@^^@^^@^^@^^@^^@^^@^^@^^@^^@^^@^^@^^@^^@^^@^^@^^@^^@^^@^^@^^@^^@^^@^^@
^^@^^@^^@^^@^^@^^@^^@^^@^^@^^@^^@^^@^^@^^@^^@^^@^^@^^@^^@^^@^^@^^@^^@^^@^^@^^@^
^@^^@^^@^^@^^@^^@^^@OT1/cmr/m/n' @undefined
(Font)              using `^^@^^@^^@^^@^^@^^@^^@^^@^^@^^@^^@^^@^^@^^@^^@^^@^^@^
^@^^@^^@^^@^^@^^@^^@^^@^^@^^@^^@^^@^^@^^@^^@^^@^^@^^@^^@^^@^^@^^@^^@^^@^^@^^@^^
@^^@^^@^^@^^@^^@^^@^^@^^@^^@^^@^^@^^@^^@^^@^^@^^@^^@^^@^^@^^@^^@^^@^^@^^@^^@^^@
^^@^^@^^@^^@OT1/cmr/m/n' instead on input line 414.

LaTeX Font Info:    Trying to load font information for ^^@^^@^^@^^@^^@^^@^^@^^
@^^@^^@^^@^^@^^@^^@^^@^^@^^@^^@^^@^^@^^@^^@^^@^^@^^@^^@^^@^^@^^@^^@^^@^^@^^@^^@
^^@^^@^^@^^@^^@^^@^^@^^@^^@^^@^^@^^@^^@^^@^^@^^@^^@^^@^^@^^@^^@^^@^^@^^@^^@^^@^
^@^^@^^@^^@^^@^^@^^@^^@^^@^^@^^@^^@^^@^^@^^@OT1+cmr on input line 414.
(/usr/share/texlive/texmf-dist/tex/latex/tools/.tex Fileignored)

LaTeX Font Warning: Font shape `^^@^^@^^@^^@^^@^^@^^@^^@^^@^^@^^@^^@^^@^^@^^@^^
@^^@^^@^^@^^@^^@^^@^^@^^@^^@^^@^^@^^@^^@^^@^^@^^@^^@^^@^^@^^@^^@^^@^^@^^@^^@^^@
^^@^^@^^@^^@^^@^^@^^@^^@^^@^^@^^@^^@^^@^^@^^@^^@^^@^^@^^@^^@^^@^^@^^@^^@^^@^^@^
^@^^@^^@^^@^^@^^@^^@^^@OT1/cmr/m/n' @undefined
(Font)              using `^^@^^@^^@^^@^^@^^@^^@^^@^^@^^@^^@^^@^^@^^@^^@^^@^^@^
^@^^@^^@^^@^^@^^@^^@^^@^^@^^@^^@^^@^^@^^@^^@^^@^^@^^@^^@^^@^^@^^@^^@^^@^^@^^@^^
@^^@^^@^^@^^@^^@^^@^^@^^@^^@^^@^^@^^@^^@^^@^^@^^@^^@^^@^^@^^@^^@^^@^^@^^@^^@^^@
^^@^^@^^@^^@^^@OT1/cmr/m/n' instead on input line 414.

LaTeX Font Info:    Trying to load font information for ^^@^^@^^@^^@^^@^^@^^@^^
@^^@^^@^^@^^@^^@^^@^^@^^@^^@^^@^^@^^@^^@^^@^^@^^@^^@^^@^^@^^@^^@^^@^^@^^@^^@^^@
^^@^^@^^@^^@^^@^^@^^@^^@^^@^^@^^@^^@^^@^^@^^@^^@^^@^^@^^@^^@^^@^^@^^@^^@^^@^^@^
^@^^@^^@^^@^^@^^@^^@^^@^^@^^@^^@^^@^^@^^@^^@^^@OT1+cmr on input line 414.
(/usr/share/texlive/texmf-dist/tex/latex/tools/.tex Fileignored)

LaTeX Font Warning: Font shape `^^@^^@^^@^^@^^@^^@^^@^^@^^@^^@^^@^^@^^@^^@^^@^^
@^^@^^@^^@^^@^^@^^@^^@^^@^^@^^@^^@^^@^^@^^@^^@^^@^^@^^@^^@^^@^^@^^@^^@^^@^^@^^@
^^@^^@^^@^^@^^@^^@^^@^^@^^@^^@^^@^^@^^@^^@^^@^^@^^@^^@^^@^^@^^@^^@^^@^^@^^@^^@^
^@^^@^^@^^@^^@^^@^^@^^@^^@OT1/cmr/m/n' @undefined
(Font)              using `^^@^^@^^@^^@^^@^^@^^@^^@^^@^^@^^@^^@^^@^^@^^@^^@^^@^
^@^^@^^@^^@^^@^^@^^@^^@^^@^^@^^@^^@^^@^^@^^@^^@^^@^^@^^@^^@^^@^^@^^@^^@^^@^^@^^
@^^@^^@^^@^^@^^@^^@^^@^^@^^@^^@^^@^^@^^@^^@^^@^^@^^@^^@^^@^^@^^@^^@^^@^^@^^@^^@
^^@^^@^^@^^@^^@^^@OT1/cmr/m/n' instead on input line 414.

LaTeX Font Info:    Trying to load font information for ^^@^^@^^@^^@^^@^^@^^@^^
@^^@^^@^^@^^@^^@^^@^^@^^@^^@^^@^^@^^@^^@^^@^^@^^@^^@^^@^^@^^@^^@^^@^^@^^@^^@^^@
^^@^^@^^@^^@^^@^^@^^@^^@^^@^^@^^@^^@^^@^^@^^@^^@^^@^^@^^@^^@^^@^^@^^@^^@^^@^^@^
^@^^@^^@^^@^^@^^@^^@^^@^^@^^@^^@^^@^^@^^@^^@^^@^^@OT1+cmr on input line 414.
(/usr/share/texlive/texmf-dist/tex/latex/tools/.tex Fileignored)

LaTeX Font Warning: Font shape `^^@^^@^^@^^@^^@^^@^^@^^@^^@^^@^^@^^@^^@^^@^^@^^
@^^@^^@^^@^^@^^@^^@^^@^^@^^@^^@^^@^^@^^@^^@^^@^^@^^@^^@^^@^^@^^@^^@^^@^^@^^@^^@
^^@^^@^^@^^@^^@^^@^^@^^@^^@^^@^^@^^@^^@^^@^^@^^@^^@^^@^^@^^@^^@^^@^^@^^@^^@^^@^
^@^^@^^@^^@^^@^^@^^@^^@^^@^^@OT1/cmr/m/n' @undefined
(Font)              using `^^@^^@^^@^^@^^@^^@^^@^^@^^@^^@^^@^^@^^@^^@^^@^^@^^@^
^@^^@^^@^^@^^@^^@^^@^^@^^@^^@^^@^^@^^@^^@^^@^^@^^@^^@^^@^^@^^@^^@^^@^^@^^@^^@^^
@^^@^^@^^@^^@^^@^^@^^@^^@^^@^^@^^@^^@^^@^^@^^@^^@^^@^^@^^@^^@^^@^^@^^@^^@^^@^^@
^^@^^@^^@^^@^^@^^@^^@OT1/cmr/m/n' instead on input line 414.

LaTeX Font Info:    Trying to load font information for ^^@^^@^^@^^@^^@^^@^^@^^
@^^@^^@^^@^^@^^@^^@^^@^^@^^@^^@^^@^^@^^@^^@^^@^^@^^@^^@^^@^^@^^@^^@^^@^^@^^@^^@
^^@^^@^^@^^@^^@^^@^^@^^@^^@^^@^^@^^@^^@^^@^^@^^@^^@^^@^^@^^@^^@^^@^^@^^@^^@^^@^
^@^^@^^@^^@^^@^^@^^@^^@^^@^^@^^@^^@^^@^^@^^@^^@^^@^^@OT1+cmr on input line 414.

(/usr/share/texlive/texmf-dist/tex/latex/tools/.tex Fileignored)

LaTeX Font Warning: Font shape `^^@^^@^^@^^@^^@^^@^^@^^@^^@^^@^^@^^@^^@^^@^^@^^
@^^@^^@^^@^^@^^@^^@^^@^^@^^@^^@^^@^^@^^@^^@^^@^^@^^@^^@^^@^^@^^@^^@^^@^^@^^@^^@
^^@^^@^^@^^@^^@^^@^^@^^@^^@^^@^^@^^@^^@^^@^^@^^@^^@^^@^^@^^@^^@^^@^^@^^@^^@^^@^
^@^^@^^@^^@^^@^^@^^@^^@^^@^^@^^@OT1/cmr/m/n' @undefined
(Font)              using `^^@^^@^^@^^@^^@^^@^^@^^@^^@^^@^^@^^@^^@^^@^^@^^@^^@^
^@^^@^^@^^@^^@^^@^^@^^@^^@^^@^^@^^@^^@^^@^^@^^@^^@^^@^^@^^@^^@^^@^^@^^@^^@^^@^^
@^^@^^@^^@^^@^^@^^@^^@^^@^^@^^@^^@^^@^^@^^@^^@^^@^^@^^@^^@^^@^^@^^@^^@^^@^^@^^@
^^@^^@^^@^^@^^@^^@^^@^^@OT1/cmr/m/n' instead on input line 414.

LaTeX Font Info:    Trying to load font information for ^^@^^@^^@^^@^^@^^@^^@^^
@^^@^^@^^@^^@^^@^^@^^@^^@^^@^^@^^@^^@^^@^^@^^@^^@^^@^^@^^@^^@^^@^^@^^@^^@^^@^^@
^^@^^@^^@^^@^^@^^@^^@^^@^^@^^@^^@^^@^^@^^@^^@^^@^^@^^@^^@^^@^^@^^@^^@^^@^^@^^@^
^@^^@^^@^^@^^@^^@^^@^^@^^@^^@^^@^^@^^@^^@^^@^^@^^@^^@^^@OT1+cmr on input line 4
14.
(/usr/share/texlive/texmf-dist/tex/latex/tools/.tex Fileignored)

LaTeX Font Warning: Font shape `^^@^^@^^@^^@^^@^^@^^@^^@^^@^^@^^@^^@^^@^^@^^@^^
@^^@^^@^^@^^@^^@^^@^^@^^@^^@^^@^^@^^@^^@^^@^^@^^@^^@^^@^^@^^@^^@^^@^^@^^@^^@^^@
^^@^^@^^@^^@^^@^^@^^@^^@^^@^^@^^@^^@^^@^^@^^@^^@^^@^^@^^@^^@^^@^^@^^@^^@^^@^^@^
^@^^@^^@^^@^^@^^@^^@^^@^^@^^@^^@^^@OT1/cmr/m/n' @undefined
(Font)              using `^^@^^@^^@^^@^^@^^@^^@^^@^^@^^@^^@^^@^^@^^@^^@^^@^^@^
^@^^@^^@^^@^^@^^@^^@^^@^^@^^@^^@^^@^^@^^@^^@^^@^^@^^@^^@^^@^^@^^@^^@^^@^^@^^@^^
@^^@^^@^^@^^@^^@^^@^^@^^@^^@^^@^^@^^@^^@^^@^^@^^@^^@^^@^^@^^@^^@^^@^^@^^@^^@^^@
^^@^^@^^@^^@^^@^^@^^@^^@^^@OT1/cmr/m/n' instead on input line 414.

LaTeX Font Info:    Trying to load font information for ^^@^^@^^@^^@^^@^^@^^@^^
@^^@^^@^^@^^@^^@^^@^^@^^@^^@^^@^^@^^@^^@^^@^^@^^@^^@^^@^^@^^@^^@^^@^^@^^@^^@^^@
^^@^^@^^@^^@^^@^^@^^@^^@^^@^^@^^@^^@^^@^^@^^@^^@^^@^^@^^@^^@^^@^^@^^@^^@^^@^^@^
^@^^@^^@^^@^^@^^@^^@^^@^^@^^@^^@^^@^^@^^@^^@^^@^^@^^@^^@^^@OT1+cmr on input lin
e 414.
(/usr/share/texlive/texmf-dist/tex/latex/tools/.tex Fileignored)

LaTeX Font Warning: Font shape `^^@^^@^^@^^@^^@^^@^^@^^@^^@^^@^^@^^@^^@^^@^^@^^
@^^@^^@^^@^^@^^@^^@^^@^^@^^@^^@^^@^^@^^@^^@^^@^^@^^@^^@^^@^^@^^@^^@^^@^^@^^@^^@
^^@^^@^^@^^@^^@^^@^^@^^@^^@^^@^^@^^@^^@^^@^^@^^@^^@^^@^^@^^@^^@^^@^^@^^@^^@^^@^
^@^^@^^@^^@^^@^^@^^@^^@^^@^^@^^@^^@^^@OT1/cmr/m/n' @undefined
(Font)              using `^^@^^@^^@^^@^^@^^@^^@^^@^^@^^@^^@^^@^^@^^@^^@^^@^^@^
^@^^@^^@^^@^^@^^@^^@^^@^^@^^@^^@^^@^^@^^@^^@^^@^^@^^@^^@^^@^^@^^@^^@^^@^^@^^@^^
@^^@^^@^^@^^@^^@^^@^^@^^@^^@^^@^^@^^@^^@^^@^^@^^@^^@^^@^^@^^@^^@^^@^^@^^@^^@^^@
^^@^^@^^@^^@^^@^^@^^@^^@^^@^^@OT1/cmr/m/n' instead on input line 414.

LaTeX Font Info:    Trying to load font information for ^^@^^@^^@^^@^^@^^@^^@^^
@^^@^^@^^@^^@^^@^^@^^@^^@^^@^^@^^@^^@^^@^^@^^@^^@^^@^^@^^@^^@^^@^^@^^@^^@^^@^^@
^^@^^@^^@^^@^^@^^@^^@^^@^^@^^@^^@^^@^^@^^@^^@^^@^^@^^@^^@^^@^^@^^@^^@^^@^^@^^@^
^@^^@^^@^^@^^@^^@^^@^^@^^@^^@^^@^^@^^@^^@^^@^^@^^@^^@^^@^^@^^@OT1+cmr on input 
line 414.
(/usr/share/texlive/texmf-dist/tex/latex/tools/.tex Fileignored)

LaTeX Font Warning: Font shape `^^@^^@^^@^^@^^@^^@^^@^^@^^@^^@^^@^^@^^@^^@^^@^^
@^^@^^@^^@^^@^^@^^@^^@^^@^^@^^@^^@^^@^^@^^@^^@^^@^^@^^@^^@^^@^^@^^@^^@^^@^^@^^@
^^@^^@^^@^^@^^@^^@^^@^^@^^@^^@^^@^^@^^@^^@^^@^^@^^@^^@^^@^^@^^@^^@^^@^^@^^@^^@^
^@^^@^^@^^@^^@^^@^^@^^@^^@^^@^^@^^@^^@^^@OT1/cmr/m/n' @undefined
(Font)              using `^^@^^@^^@^^@^^@^^@^^@^^@^^@^^@^^@^^@^^@^^@^^@^^@^^@^
^@^^@^^@^^@^^@^^@^^@^^@^^@^^@^^@^^@^^@^^@^^@^^@^^@^^@^^@^^@^^@^^@^^@^^@^^@^^@^^
@^^@^^@^^@^^@^^@^^@^^@^^@^^@^^@^^@^^@^^@^^@^^@^^@^^@^^@^^@^^@^^@^^@^^@^^@^^@^^@
^^@^^@^^@^^@^^@^^@^^@^^@^^@^^@^^@OT1/cmr/m/n' instead on input line 414.

LaTeX Font Info:    Trying to load font information for ^^@^^@^^@^^@^^@^^@^^@^^
@^^@^^@^^@^^@^^@^^@^^@^^@^^@^^@^^@^^@^^@^^@^^@^^@^^@^^@^^@^^@^^@^^@^^@^^@^^@^^@
^^@^^@^^@^^@^^@^^@^^@^^@^^@^^@^^@^^@^^@^^@^^@^^@^^@^^@^^@^^@^^@^^@^^@^^@^^@^^@^
^@^^@^^@^^@^^@^^@^^@^^@^^@^^@^^@^^@^^@^^@^^@^^@^^@^^@^^@^^@^^@^^@OT1+cmr on inp
ut line 414.
(/usr/share/texlive/texmf-dist/tex/latex/tools/.tex Fileignored)

LaTeX Font Warning: Font shape `^^@^^@^^@^^@^^@^^@^^@^^@^^@^^@^^@^^@^^@^^@^^@^^
@^^@^^@^^@^^@^^@^^@^^@^^@^^@^^@^^@^^@^^@^^@^^@^^@^^@^^@^^@^^@^^@^^@^^@^^@^^@^^@
^^@^^@^^@^^@^^@^^@^^@^^@^^@^^@^^@^^@^^@^^@^^@^^@^^@^^@^^@^^@^^@^^@^^@^^@^^@^^@^
^@^^@^^@^^@^^@^^@^^@^^@^^@^^@^^@^^@^^@^^@^^@OT1/cmr/m/n' @undefined
(Font)              using `^^@^^@^^@^^@^^@^^@^^@^^@^^@^^@^^@^^@^^@^^@^^@^^@^^@^
^@^^@^^@^^@^^@^^@^^@^^@^^@^^@^^@^^@^^@^^@^^@^^@^^@^^@^^@^^@^^@^^@^^@^^@^^@^^@^^
@^^@^^@^^@^^@^^@^^@^^@^^@^^@^^@^^@^^@^^@^^@^^@^^@^^@^^@^^@^^@^^@^^@^^@^^@^^@^^@
^^@^^@^^@^^@^^@^^@^^@^^@^^@^^@^^@^^@OT1/cmr/m/n' instead on input line 414.

LaTeX Font Info:    Trying to load font information for ^^@^^@^^@^^@^^@^^@^^@^^
@^^@^^@^^@^^@^^@^^@^^@^^@^^@^^@^^@^^@^^@^^@^^@^^@^^@^^@^^@^^@^^@^^@^^@^^@^^@^^@
^^@^^@^^@^^@^^@^^@^^@^^@^^@^^@^^@^^@^^@^^@^^@^^@^^@^^@^^@^^@^^@^^@^^@^^@^^@^^@^
^@^^@^^@^^@^^@^^@^^@^^@^^@^^@^^@^^@^^@^^@^^@^^@^^@^^@^^@^^@^^@^^@^^@OT1+cmr on 
input line 414.
(/usr/share/texlive/texmf-dist/tex/latex/tools/.tex Fileignored)

LaTeX Font Warning: Font shape `^^@^^@^^@^^@^^@^^@^^@^^@^^@^^@^^@^^@^^@^^@^^@^^
@^^@^^@^^@^^@^^@^^@^^@^^@^^@^^@^^@^^@^^@^^@^^@^^@^^@^^@^^@^^@^^@^^@^^@^^@^^@^^@
^^@^^@^^@^^@^^@^^@^^@^^@^^@^^@^^@^^@^^@^^@^^@^^@^^@^^@^^@^^@^^@^^@^^@^^@^^@^^@^
^@^^@^^@^^@^^@^^@^^@^^@^^@^^@^^@^^@^^@^^@^^@^^@OT1/cmr/m/n' @undefined
(Font)              using `^^@^^@^^@^^@^^@^^@^^@^^@^^@^^@^^@^^@^^@^^@^^@^^@^^@^
^@^^@^^@^^@^^@^^@^^@^^@^^@^^@^^@^^@^^@^^@^^@^^@^^@^^@^^@^^@^^@^^@^^@^^@^^@^^@^^
@^^@^^@^^@^^@^^@^^@^^@^^@^^@^^@^^@^^@^^@^^@^^@^^@^^@^^@^^@^^@^^@^^@^^@^^@^^@^^@
^^@^^@^^@^^@^^@^^@^^@^^@^^@^^@^^@^^@^^@OT1/cmr/m/n' instead on input line 414.

LaTeX Font Info:    Trying to load font information for ^^@^^@^^@^^@^^@^^@^^@^^
@^^@^^@^^@^^@^^@^^@^^@^^@^^@^^@^^@^^@^^@^^@^^@^^@^^@^^@^^@^^@^^@^^@^^@^^@^^@^^@
^^@^^@^^@^^@^^@^^@^^@^^@^^@^^@^^@^^@^^@^^@^^@^^@^^@^^@^^@^^@^^@^^@^^@^^@^^@^^@^
^@^^@^^@^^@^^@^^@^^@^^@^^@^^@^^@^^@^^@^^@^^@^^@^^@^^@^^@^^@^^@^^@^^@^^@OT1+cmr 
on input line 414.
(/usr/share/texlive/texmf-dist/tex/latex/tools/.tex Fileignored)

LaTeX Font Warning: Font shape `^^@^^@^^@^^@^^@^^@^^@^^@^^@^^@^^@^^@^^@^^@^^@^^
@^^@^^@^^@^^@^^@^^@^^@^^@^^@^^@^^@^^@^^@^^@^^@^^@^^@^^@^^@^^@^^@^^@^^@^^@^^@^^@
^^@^^@^^@^^@^^@^^@^^@^^@^^@^^@^^@^^@^^@^^@^^@^^@^^@^^@^^@^^@^^@^^@^^@^^@^^@^^@^
^@^^@^^@^^@^^@^^@^^@^^@^^@^^@^^@^^@^^@^^@^^@^^@^^@OT1/cmr/m/n' @undefined
(Font)              using `^^@^^@^^@^^@^^@^^@^^@^^@^^@^^@^^@^^@^^@^^@^^@^^@^^@^
^@^^@^^@^^@^^@^^@^^@^^@^^@^^@^^@^^@^^@^^@^^@^^@^^@^^@^^@^^@^^@^^@^^@^^@^^@^^@^^
@^^@^^@^^@^^@^^@^^@^^@^^@^^@^^@^^@^^@^^@^^@^^@^^@^^@^^@^^@^^@^^@^^@^^@^^@^^@^^@
^^@^^@^^@^^@^^@^^@^^@^^@^^@^^@^^@^^@^^@^^@OT1/cmr/m/n' instead on input line 41
4.

LaTeX Font Info:    Trying to load font information for ^^@^^@^^@^^@^^@^^@^^@^^
@^^@^^@^^@^^@^^@^^@^^@^^@^^@^^@^^@^^@^^@^^@^^@^^@^^@^^@^^@^^@^^@^^@^^@^^@^^@^^@
^^@^^@^^@^^@^^@^^@^^@^^@^^@^^@^^@^^@^^@^^@^^@^^@^^@^^@^^@^^@^^@^^@^^@^^@^^@^^@^
^@^^@^^@^^@^^@^^@^^@^^@^^@^^@^^@^^@^^@^^@^^@^^@^^@^^@^^@^^@^^@^^@^^@^^@^^@OT1+c
mr on input line 414.
(/usr/share/texlive/texmf-dist/tex/latex/tools/.tex Fileignored)

LaTeX Font Warning: Font shape `^^@^^@^^@^^@^^@^^@^^@^^@^^@^^@^^@^^@^^@^^@^^@^^
@^^@^^@^^@^^@^^@^^@^^@^^@^^@^^@^^@^^@^^@^^@^^@^^@^^@^^@^^@^^@^^@^^@^^@^^@^^@^^@
^^@^^@^^@^^@^^@^^@^^@^^@^^@^^@^^@^^@^^@^^@^^@^^@^^@^^@^^@^^@^^@^^@^^@^^@^^@^^@^
^@^^@^^@^^@^^@^^@^^@^^@^^@^^@^^@^^@^^@^^@^^@^^@^^@^^@OT1/cmr/m/n' @undefined
(Font)              using `^^@^^@^^@^^@^^@^^@^^@^^@^^@^^@^^@^^@^^@^^@^^@^^@^^@^
^@^^@^^@^^@^^@^^@^^@^^@^^@^^@^^@^^@^^@^^@^^@^^@^^@^^@^^@^^@^^@^^@^^@^^@^^@^^@^^
@^^@^^@^^@^^@^^@^^@^^@^^@^^@^^@^^@^^@^^@^^@^^@^^@^^@^^@^^@^^@^^@^^@^^@^^@^^@^^@
^^@^^@^^@^^@^^@^^@^^@^^@^^@^^@^^@^^@^^@^^@^^@OT1/cmr/m/n' instead on input line
 414.

LaTeX Font Info:    Trying to load font information for ^^@^^@^^@^^@^^@^^@^^@^^
@^^@^^@^^@^^@^^@^^@^^@^^@^^@^^@^^@^^@^^@^^@^^@^^@^^@^^@^^@^^@^^@^^@^^@^^@^^@^^@
^^@^^@^^@^^@^^@^^@^^@^^@^^@^^@^^@^^@^^@^^@^^@^^@^^@^^@^^@^^@^^@^^@^^@^^@^^@^^@^
^@^^@^^@^^@^^@^^@^^@^^@^^@^^@^^@^^@^^@^^@^^@^^@^^@^^@^^@^^@^^@^^@^^@^^@^^@^^@OT
1+cmr on input line 414.
(/usr/share/texlive/texmf-dist/tex/latex/tools/.tex Fileignored)

LaTeX Font Warning: Font shape `^^@^^@^^@^^@^^@^^@^^@^^@^^@^^@^^@^^@^^@^^@^^@^^
@^^@^^@^^@^^@^^@^^@^^@^^@^^@^^@^^@^^@^^@^^@^^@^^@^^@^^@^^@^^@^^@^^@^^@^^@^^@^^@
^^@^^@^^@^^@^^@^^@^^@^^@^^@^^@^^@^^@^^@^^@^^@^^@^^@^^@^^@^^@^^@^^@^^@^^@^^@^^@^
^@^^@^^@^^@^^@^^@^^@^^@^^@^^@^^@^^@^^@^^@^^@^^@^^@^^@^^@OT1/cmr/m/n' @undefined

(Font)              using `^^@^^@^^@^^@^^@^^@^^@^^@^^@^^@^^@^^@^^@^^@^^@^^@^^@^
^@^^@^^@^^@^^@^^@^^@^^@^^@^^@^^@^^@^^@^^@^^@^^@^^@^^@^^@^^@^^@^^@^^@^^@^^@^^@^^
@^^@^^@^^@^^@^^@^^@^^@^^@^^@^^@^^@^^@^^@^^@^^@^^@^^@^^@^^@^^@^^@^^@^^@^^@^^@^^@
^^@^^@^^@^^@^^@^^@^^@^^@^^@^^@^^@^^@^^@^^@^^@^^@OT1/cmr/m/n' instead on input l
ine 414.

LaTeX Font Info:    Trying to load font information for ^^@^^@^^@^^@^^@^^@^^@^^
@^^@^^@^^@^^@^^@^^@^^@^^@^^@^^@^^@^^@^^@^^@^^@^^@^^@^^@^^@^^@^^@^^@^^@^^@^^@^^@
^^@^^@^^@^^@^^@^^@^^@^^@^^@^^@^^@^^@^^@^^@^^@^^@^^@^^@^^@^^@^^@^^@^^@^^@^^@^^@^
^@^^@^^@^^@^^@^^@^^@^^@^^@^^@^^@^^@^^@^^@^^@^^@^^@^^@^^@^^@^^@^^@^^@^^@^^@^^@^^
@OT1+cmr on input line 414.
(/usr/share/texlive/texmf-dist/tex/latex/tools/.tex Fileignored)

LaTeX Font Warning: Font shape `^^@^^@^^@^^@^^@^^@^^@^^@^^@^^@^^@^^@^^@^^@^^@^^
@^^@^^@^^@^^@^^@^^@^^@^^@^^@^^@^^@^^@^^@^^@^^@^^@^^@^^@^^@^^@^^@^^@^^@^^@^^@^^@
^^@^^@^^@^^@^^@^^@^^@^^@^^@^^@^^@^^@^^@^^@^^@^^@^^@^^@^^@^^@^^@^^@^^@^^@^^@^^@^
^@^^@^^@^^@^^@^^@^^@^^@^^@^^@^^@^^@^^@^^@^^@^^@^^@^^@^^@^^@OT1/cmr/m/n' @undefi
ned
(Font)              using `^^@^^@^^@^^@^^@^^@^^@^^@^^@^^@^^@^^@^^@^^@^^@^^@^^@^
^@^^@^^@^^@^^@^^@^^@^^@^^@^^@^^@^^@^^@^^@^^@^^@^^@^^@^^@^^@^^@^^@^^@^^@^^@^^@^^
@^^@^^@^^@^^@^^@^^@^^@^^@^^@^^@^^@^^@^^@^^@^^@^^@^^@^^@^^@^^@^^@^^@^^@^^@^^@^^@
^^@^^@^^@^^@^^@^^@^^@^^@^^@^^@^^@^^@^^@^^@^^@^^@^^@OT1/cmr/m/n' instead on inpu
t line 414.

LaTeX Font Info:    Trying to load font information for ^^@^^@^^@^^@^^@^^@^^@^^
@^^@^^@^^@^^@^^@^^@^^@^^@^^@^^@^^@^^@^^@^^@^^@^^@^^@^^@^^@^^@^^@^^@^^@^^@^^@^^@
^^@^^@^^@^^@^^@^^@^^@^^@^^@^^@^^@^^@^^@^^@^^@^^@^^@^^@^^@^^@^^@^^@^^@^^@^^@^^@^
^@^^@^^@^^@^^@^^@^^@^^@^^@^^@^^@^^@^^@^^@^^@^^@^^@^^@^^@^^@^^@^^@^^@^^@^^@^^@^^
@^^@OT1+cmr on input line 414.
(/usr/share/texlive/texmf-dist/tex/latex/tools/.tex Fileignored)

LaTeX Font Warning: Font shape `^^@^^@^^@^^@^^@^^@^^@^^@^^@^^@^^@^^@^^@^^@^^@^^
@^^@^^@^^@^^@^^@^^@^^@^^@^^@^^@^^@^^@^^@^^@^^@^^@^^@^^@^^@^^@^^@^^@^^@^^@^^@^^@
^^@^^@^^@^^@^^@^^@^^@^^@^^@^^@^^@^^@^^@^^@^^@^^@^^@^^@^^@^^@^^@^^@^^@^^@^^@^^@^
^@^^@^^@^^@^^@^^@^^@^^@^^@^^@^^@^^@^^@^^@^^@^^@^^@^^@^^@^^@^^@OT1/cmr/m/n' @und
efined
(Font)              using `^^@^^@^^@^^@^^@^^@^^@^^@^^@^^@^^@^^@^^@^^@^^@^^@^^@^
^@^^@^^@^^@^^@^^@^^@^^@^^@^^@^^@^^@^^@^^@^^@^^@^^@^^@^^@^^@^^@^^@^^@^^@^^@^^@^^
@^^@^^@^^@^^@^^@^^@^^@^^@^^@^^@^^@^^@^^@^^@^^@^^@^^@^^@^^@^^@^^@^^@^^@^^@^^@^^@
^^@^^@^^@^^@^^@^^@^^@^^@^^@^^@^^@^^@^^@^^@^^@^^@^^@^^@OT1/cmr/m/n' instead on i
nput line 414.

LaTeX Font Info:    Trying to load font information for ^^@^^@^^@^^@^^@^^@^^@^^
@^^@^^@^^@^^@^^@^^@^^@^^@^^@^^@^^@^^@^^@^^@^^@^^@^^@^^@^^@^^@^^@^^@^^@^^@^^@^^@
^^@^^@^^@^^@^^@^^@^^@^^@^^@^^@^^@^^@^^@^^@^^@^^@^^@^^@^^@^^@^^@^^@^^@^^@^^@^^@^
^@^^@^^@^^@^^@^^@^^@^^@^^@^^@^^@^^@^^@^^@^^@^^@^^@^^@^^@^^@^^@^^@^^@^^@^^@^^@^^
@^^@^^@OT1+cmr on input line 414.
(/usr/share/texlive/texmf-dist/tex/latex/tools/.tex Fileignored)

LaTeX Font Warning: Font shape `^^@^^@^^@^^@^^@^^@^^@^^@^^@^^@^^@^^@^^@^^@^^@^^
@^^@^^@^^@^^@^^@^^@^^@^^@^^@^^@^^@^^@^^@^^@^^@^^@^^@^^@^^@^^@^^@^^@^^@^^@^^@^^@
^^@^^@^^@^^@^^@^^@^^@^^@^^@^^@^^@^^@^^@^^@^^@^^@^^@^^@^^@^^@^^@^^@^^@^^@^^@^^@^
^@^^@^^@^^@^^@^^@^^@^^@^^@^^@^^@^^@^^@^^@^^@^^@^^@^^@^^@^^@^^@^^@OT1/cmr/m/n' @
undefined
(Font)              using `^^@^^@^^@^^@^^@^^@^^@^^@^^@^^@^^@^^@^^@^^@^^@^^@^^@^
^@^^@^^@^^@^^@^^@^^@^^@^^@^^@^^@^^@^^@^^@^^@^^@^^@^^@^^@^^@^^@^^@^^@^^@^^@^^@^^
@^^@^^@^^@^^@^^@^^@^^@^^@^^@^^@^^@^^@^^@^^@^^@^^@^^@^^@^^@^^@^^@^^@^^@^^@^^@^^@
^^@^^@^^@^^@^^@^^@^^@^^@^^@^^@^^@^^@^^@^^@^^@^^@^^@^^@^^@OT1/cmr/m/n' instead o
n input line 414.

LaTeX Font Info:    Trying to load font information for ^^@^^@^^@^^@^^@^^@^^@^^
@^^@^^@^^@^^@^^@^^@^^@^^@^^@^^@^^@^^@^^@^^@^^@^^@^^@^^@^^@^^@^^@^^@^^@^^@^^@^^@
^^@^^@^^@^^@^^@^^@^^@^^@^^@^^@^^@^^@^^@^^@^^@^^@^^@^^@^^@^^@^^@^^@^^@^^@^^@^^@^
^@^^@^^@^^@^^@^^@^^@^^@^^@^^@^^@^^@^^@^^@^^@^^@^^@^^@^^@^^@^^@^^@^^@^^@^^@^^@^^
@^^@^^@^^@OT1+cmr on input line 414.
(/usr/share/texlive/texmf-dist/tex/latex/tools/.tex Fileignored)

LaTeX Font Warning: Font shape `^^@^^@^^@^^@^^@^^@^^@^^@^^@^^@^^@^^@^^@^^@^^@^^
@^^@^^@^^@^^@^^@^^@^^@^^@^^@^^@^^@^^@^^@^^@^^@^^@^^@^^@^^@^^@^^@^^@^^@^^@^^@^^@
^^@^^@^^@^^@^^@^^@^^@^^@^^@^^@^^@^^@^^@^^@^^@^^@^^@^^@^^@^^@^^@^^@^^@^^@^^@^^@^
^@^^@^^@^^@^^@^^@^^@^^@^^@^^@^^@^^@^^@^^@^^@^^@^^@^^@^^@^^@^^@^^@^^@OT1/cmr/m/n
' @undefined
(Font)              using `^^@^^@^^@^^@^^@^^@^^@^^@^^@^^@^^@^^@^^@^^@^^@^^@^^@^
^@^^@^^@^^@^^@^^@^^@^^@^^@^^@^^@^^@^^@^^@^^@^^@^^@^^@^^@^^@^^@^^@^^@^^@^^@^^@^^
@^^@^^@^^@^^@^^@^^@^^@^^@^^@^^@^^@^^@^^@^^@^^@^^@^^@^^@^^@^^@^^@^^@^^@^^@^^@^^@
^^@^^@^^@^^@^^@^^@^^@^^@^^@^^@^^@^^@^^@^^@^^@^^@^^@^^@^^@^^@OT1/cmr/m/n' instea
d on input line 414.

LaTeX Font Info:    Trying to load font information for ^^@^^@^^@^^@^^@^^@^^@^^
@^^@^^@^^@^^@^^@^^@^^@^^@^^@^^@^^@^^@^^@^^@^^@^^@^^@^^@^^@^^@^^@^^@^^@^^@^^@^^@
^^@^^@^^@^^@^^@^^@^^@^^@^^@^^@^^@^^@^^@^^@^^@^^@^^@^^@^^@^^@^^@^^@^^@^^@^^@^^@^
^@^^@^^@^^@^^@^^@^^@^^@^^@^^@^^@^^@^^@^^@^^@^^@^^@^^@^^@^^@^^@^^@^^@^^@^^@^^@^^
@^^@^^@^^@^^@OT1+cmr on input line 414.
(/usr/share/texlive/texmf-dist/tex/latex/tools/.tex Fileignored)

LaTeX Font Warning: Font shape `^^@^^@^^@^^@^^@^^@^^@^^@^^@^^@^^@^^@^^@^^@^^@^^
@^^@^^@^^@^^@^^@^^@^^@^^@^^@^^@^^@^^@^^@^^@^^@^^@^^@^^@^^@^^@^^@^^@^^@^^@^^@^^@
^^@^^@^^@^^@^^@^^@^^@^^@^^@^^@^^@^^@^^@^^@^^@^^@^^@^^@^^@^^@^^@^^@^^@^^@^^@^^@^
^@^^@^^@^^@^^@^^@^^@^^@^^@^^@^^@^^@^^@^^@^^@^^@^^@^^@^^@^^@^^@^^@^^@^^@OT1/cmr/
m/n' @undefined
(Font)              using `^^@^^@^^@^^@^^@^^@^^@^^@^^@^^@^^@^^@^^@^^@^^@^^@^^@^
^@^^@^^@^^@^^@^^@^^@^^@^^@^^@^^@^^@^^@^^@^^@^^@^^@^^@^^@^^@^^@^^@^^@^^@^^@^^@^^
@^^@^^@^^@^^@^^@^^@^^@^^@^^@^^@^^@^^@^^@^^@^^@^^@^^@^^@^^@^^@^^@^^@^^@^^@^^@^^@
^^@^^@^^@^^@^^@^^@^^@^^@^^@^^@^^@^^@^^@^^@^^@^^@^^@^^@^^@^^@^^@OT1/cmr/m/n' ins
tead on input line 414.

LaTeX Font Info:    Trying to load font information for ^^@^^@^^@^^@^^@^^@^^@^^
@^^@^^@^^@^^@^^@^^@^^@^^@^^@^^@^^@^^@^^@^^@^^@^^@^^@^^@^^@^^@^^@^^@^^@^^@^^@^^@
^^@^^@^^@^^@^^@^^@^^@^^@^^@^^@^^@^^@^^@^^@^^@^^@^^@^^@^^@^^@^^@^^@^^@^^@^^@^^@^
^@^^@^^@^^@^^@^^@^^@^^@^^@^^@^^@^^@^^@^^@^^@^^@^^@^^@^^@^^@^^@^^@^^@^^@^^@^^@^^
@^^@^^@^^@^^@^^@OT1+cmr on input line 414.
(/usr/share/texlive/texmf-dist/tex/latex/tools/.tex Fileignored)

LaTeX Font Warning: Font shape `^^@^^@^^@^^@^^@^^@^^@^^@^^@^^@^^@^^@^^@^^@^^@^^
@^^@^^@^^@^^@^^@^^@^^@^^@^^@^^@^^@^^@^^@^^@^^@^^@^^@^^@^^@^^@^^@^^@^^@^^@^^@^^@
^^@^^@^^@^^@^^@^^@^^@^^@^^@^^@^^@^^@^^@^^@^^@^^@^^@^^@^^@^^@^^@^^@^^@^^@^^@^^@^
^@^^@^^@^^@^^@^^@^^@^^@^^@^^@^^@^^@^^@^^@^^@^^@^^@^^@^^@^^@^^@^^@^^@^^@^^@OT1/c
mr/m/n' @undefined
(Font)              using `^^@^^@^^@^^@^^@^^@^^@^^@^^@^^@^^@^^@^^@^^@^^@^^@^^@^
^@^^@^^@^^@^^@^^@^^@^^@^^@^^@^^@^^@^^@^^@^^@^^@^^@^^@^^@^^@^^@^^@^^@^^@^^@^^@^^
@^^@^^@^^@^^@^^@^^@^^@^^@^^@^^@^^@^^@^^@^^@^^@^^@^^@^^@^^@^^@^^@^^@^^@^^@^^@^^@
^^@^^@^^@^^@^^@^^@^^@^^@^^@^^@^^@^^@^^@^^@^^@^^@^^@^^@^^@^^@^^@^^@OT1/cmr/m/n' 
instead on input line 414.

LaTeX Font Info:    Trying to load font information for ^^@^^@^^@^^@^^@^^@^^@^^
@^^@^^@^^@^^@^^@^^@^^@^^@^^@^^@^^@^^@^^@^^@^^@^^@^^@^^@^^@^^@^^@^^@^^@^^@^^@^^@
^^@^^@^^@^^@^^@^^@^^@^^@^^@^^@^^@^^@^^@^^@^^@^^@^^@^^@^^@^^@^^@^^@^^@^^@^^@^^@^
^@^^@^^@^^@^^@^^@^^@^^@^^@^^@^^@^^@^^@^^@^^@^^@^^@^^@^^@^^@^^@^^@^^@^^@^^@^^@^^
@^^@^^@^^@^^@^^@^^@OT1+cmr on input line 414.
(/usr/share/texlive/texmf-dist/tex/latex/tools/.tex Fileignored)

LaTeX Font Warning: Font shape `^^@^^@^^@^^@^^@^^@^^@^^@^^@^^@^^@^^@^^@^^@^^@^^
@^^@^^@^^@^^@^^@^^@^^@^^@^^@^^@^^@^^@^^@^^@^^@^^@^^@^^@^^@^^@^^@^^@^^@^^@^^@^^@
^^@^^@^^@^^@^^@^^@^^@^^@^^@^^@^^@^^@^^@^^@^^@^^@^^@^^@^^@^^@^^@^^@^^@^^@^^@^^@^
^@^^@^^@^^@^^@^^@^^@^^@^^@^^@^^@^^@^^@^^@^^@^^@^^@^^@^^@^^@^^@^^@^^@^^@^^@^^@OT
1/cmr/m/n' @undefined
(Font)              using `^^@^^@^^@^^@^^@^^@^^@^^@^^@^^@^^@^^@^^@^^@^^@^^@^^@^
^@^^@^^@^^@^^@^^@^^@^^@^^@^^@^^@^^@^^@^^@^^@^^@^^@^^@^^@^^@^^@^^@^^@^^@^^@^^@^^
@^^@^^@^^@^^@^^@^^@^^@^^@^^@^^@^^@^^@^^@^^@^^@^^@^^@^^@^^@^^@^^@^^@^^@^^@^^@^^@
^^@^^@^^@^^@^^@^^@^^@^^@^^@^^@^^@^^@^^@^^@^^@^^@^^@^^@^^@^^@^^@^^@^^@OT1/cmr/m/
n' instead on input line 414.

LaTeX Font Info:    Trying to load font information for ^^@^^@^^@^^@^^@^^@^^@^^
@^^@^^@^^@^^@^^@^^@^^@^^@^^@^^@^^@^^@^^@^^@^^@^^@^^@^^@^^@^^@^^@^^@^^@^^@^^@^^@
^^@^^@^^@^^@^^@^^@^^@^^@^^@^^@^^@^^@^^@^^@^^@^^@^^@^^@^^@^^@^^@^^@^^@^^@^^@^^@^
^@^^@^^@^^@^^@^^@^^@^^@^^@^^@^^@^^@^^@^^@^^@^^@^^@^^@^^@^^@^^@^^@^^@^^@^^@^^@^^
@^^@^^@^^@^^@^^@^^@^^@OT1+cmr on input line 414.
(/usr/share/texlive/texmf-dist/tex/latex/tools/.tex Fileignored)

LaTeX Font Warning: Font shape `^^@^^@^^@^^@^^@^^@^^@^^@^^@^^@^^@^^@^^@^^@^^@^^
@^^@^^@^^@^^@^^@^^@^^@^^@^^@^^@^^@^^@^^@^^@^^@^^@^^@^^@^^@^^@^^@^^@^^@^^@^^@^^@
^^@^^@^^@^^@^^@^^@^^@^^@^^@^^@^^@^^@^^@^^@^^@^^@^^@^^@^^@^^@^^@^^@^^@^^@^^@^^@^
^@^^@^^@^^@^^@^^@^^@^^@^^@^^@^^@^^@^^@^^@^^@^^@^^@^^@^^@^^@^^@^^@^^@^^@^^@^^@^^
@OT1/cmr/m/n' @undefined
(Font)              using `^^@^^@^^@^^@^^@^^@^^@^^@^^@^^@^^@^^@^^@^^@^^@^^@^^@^
^@^^@^^@^^@^^@^^@^^@^^@^^@^^@^^@^^@^^@^^@^^@^^@^^@^^@^^@^^@^^@^^@^^@^^@^^@^^@^^
@^^@^^@^^@^^@^^@^^@^^@^^@^^@^^@^^@^^@^^@^^@^^@^^@^^@^^@^^@^^@^^@^^@^^@^^@^^@^^@
^^@^^@^^@^^@^^@^^@^^@^^@^^@^^@^^@^^@^^@^^@^^@^^@^^@^^@^^@^^@^^@^^@^^@^^@OT1/cmr
/m/n' instead on input line 414.

LaTeX Font Info:    Trying to load font information for ^^@^^@^^@^^@^^@^^@^^@^^
@^^@^^@^^@^^@^^@^^@^^@^^@^^@^^@^^@^^@^^@^^@^^@^^@^^@^^@^^@^^@^^@^^@^^@^^@^^@^^@
^^@^^@^^@^^@^^@^^@^^@^^@^^@^^@^^@^^@^^@^^@^^@^^@^^@^^@^^@^^@^^@^^@^^@^^@^^@^^@^
^@^^@^^@^^@^^@^^@^^@^^@^^@^^@^^@^^@^^@^^@^^@^^@^^@^^@^^@^^@^^@^^@^^@^^@^^@^^@^^
@^^@^^@^^@^^@^^@^^@^^@^^@OT1+cmr on input line 414.
(/usr/share/texlive/texmf-dist/tex/latex/tools/.tex Fileignored)

LaTeX Font Warning: Font shape `^^@^^@^^@^^@^^@^^@^^@^^@^^@^^@^^@^^@^^@^^@^^@^^
@^^@^^@^^@^^@^^@^^@^^@^^@^^@^^@^^@^^@^^@^^@^^@^^@^^@^^@^^@^^@^^@^^@^^@^^@^^@^^@
^^@^^@^^@^^@^^@^^@^^@^^@^^@^^@^^@^^@^^@^^@^^@^^@^^@^^@^^@^^@^^@^^@^^@^^@^^@^^@^
^@^^@^^@^^@^^@^^@^^@^^@^^@^^@^^@^^@^^@^^@^^@^^@^^@^^@^^@^^@^^@^^@^^@^^@^^@^^@^^
@^^@OT1/cmr/m/n' @undefined
(Font)              using `^^@^^@^^@^^@^^@^^@^^@^^@^^@^^@^^@^^@^^@^^@^^@^^@^^@^
^@^^@^^@^^@^^@^^@^^@^^@^^@^^@^^@^^@^^@^^@^^@^^@^^@^^@^^@^^@^^@^^@^^@^^@^^@^^@^^
@^^@^^@^^@^^@^^@^^@^^@^^@^^@^^@^^@^^@^^@^^@^^@^^@^^@^^@^^@^^@^^@^^@^^@^^@^^@^^@
^^@^^@^^@^^@^^@^^@^^@^^@^^@^^@^^@^^@^^@^^@^^@^^@^^@^^@^^@^^@^^@^^@^^@^^@^^@OT1/
cmr/m/n' instead on input line 414.

LaTeX Font Info:    Trying to load font information for ^^@^^@^^@^^@^^@^^@^^@^^
@^^@^^@^^@^^@^^@^^@^^@^^@^^@^^@^^@^^@^^@^^@^^@^^@^^@^^@^^@^^@^^@^^@^^@^^@^^@^^@
^^@^^@^^@^^@^^@^^@^^@^^@^^@^^@^^@^^@^^@^^@^^@^^@^^@^^@^^@^^@^^@^^@^^@^^@^^@^^@^
^@^^@^^@^^@^^@^^@^^@^^@^^@^^@^^@^^@^^@^^@^^@^^@^^@^^@^^@^^@^^@^^@^^@^^@^^@^^@^^
@^^@^^@^^@^^@^^@^^@^^@^^@^^@OT1+cmr on input line 414.
(/usr/share/texlive/texmf-dist/tex/latex/tools/.tex Fileignored)

LaTeX Font Warning: Font shape `^^@^^@^^@^^@^^@^^@^^@^^@^^@^^@^^@^^@^^@^^@^^@^^
@^^@^^@^^@^^@^^@^^@^^@^^@^^@^^@^^@^^@^^@^^@^^@^^@^^@^^@^^@^^@^^@^^@^^@^^@^^@^^@
^^@^^@^^@^^@^^@^^@^^@^^@^^@^^@^^@^^@^^@^^@^^@^^@^^@^^@^^@^^@^^@^^@^^@^^@^^@^^@^
^@^^@^^@^^@^^@^^@^^@^^@^^@^^@^^@^^@^^@^^@^^@^^@^^@^^@^^@^^@^^@^^@^^@^^@^^@^^@^^
@^^@^^@OT1/cmr/m/n' @undefined
(Font)              using `^^@^^@^^@^^@^^@^^@^^@^^@^^@^^@^^@^^@^^@^^@^^@^^@^^@^
^@^^@^^@^^@^^@^^@^^@^^@^^@^^@^^@^^@^^@^^@^^@^^@^^@^^@^^@^^@^^@^^@^^@^^@^^@^^@^^
@^^@^^@^^@^^@^^@^^@^^@^^@^^@^^@^^@^^@^^@^^@^^@^^@^^@^^@^^@^^@^^@^^@^^@^^@^^@^^@
^^@^^@^^@^^@^^@^^@^^@^^@^^@^^@^^@^^@^^@^^@^^@^^@^^@^^@^^@^^@^^@^^@^^@^^@^^@^^@O
T1/cmr/m/n' instead on input line 414.

LaTeX Font Info:    Trying to load font information for ^^@^^@^^@^^@^^@^^@^^@^^
@^^@^^@^^@^^@^^@^^@^^@^^@^^@^^@^^@^^@^^@^^@^^@^^@^^@^^@^^@^^@^^@^^@^^@^^@^^@^^@
^^@^^@^^@^^@^^@^^@^^@^^@^^@^^@^^@^^@^^@^^@^^@^^@^^@^^@^^@^^@^^@^^@^^@^^@^^@^^@^
^@^^@^^@^^@^^@^^@^^@^^@^^@^^@^^@^^@^^@^^@^^@^^@^^@^^@^^@^^@^^@^^@^^@^^@^^@^^@^^
@^^@^^@^^@^^@^^@^^@^^@^^@^^@^^@OT1+cmr on input line 414.
(/usr/share/texlive/texmf-dist/tex/latex/tools/.tex Fileignored)

LaTeX Font Warning: Font shape `^^@^^@^^@^^@^^@^^@^^@^^@^^@^^@^^@^^@^^@^^@^^@^^
@^^@^^@^^@^^@^^@^^@^^@^^@^^@^^@^^@^^@^^@^^@^^@^^@^^@^^@^^@^^@^^@^^@^^@^^@^^@^^@
^^@^^@^^@^^@^^@^^@^^@^^@^^@^^@^^@^^@^^@^^@^^@^^@^^@^^@^^@^^@^^@^^@^^@^^@^^@^^@^
^@^^@^^@^^@^^@^^@^^@^^@^^@^^@^^@^^@^^@^^@^^@^^@^^@^^@^^@^^@^^@^^@^^@^^@^^@^^@^^
@^^@^^@^^@OT1/cmr/m/n' @undefined
(Font)              using `^^@^^@^^@^^@^^@^^@^^@^^@^^@^^@^^@^^@^^@^^@^^@^^@^^@^
^@^^@^^@^^@^^@^^@^^@^^@^^@^^@^^@^^@^^@^^@^^@^^@^^@^^@^^@^^@^^@^^@^^@^^@^^@^^@^^
@^^@^^@^^@^^@^^@^^@^^@^^@^^@^^@^^@^^@^^@^^@^^@^^@^^@^^@^^@^^@^^@^^@^^@^^@^^@^^@
^^@^^@^^@^^@^^@^^@^^@^^@^^@^^@^^@^^@^^@^^@^^@^^@^^@^^@^^@^^@^^@^^@^^@^^@^^@^^@^
^@OT1/cmr/m/n' instead on input line 414.

LaTeX Font Info:    Trying to load font information for ^^@^^@^^@^^@^^@^^@^^@^^
@^^@^^@^^@^^@^^@^^@^^@^^@^^@^^@^^@^^@^^@^^@^^@^^@^^@^^@^^@^^@^^@^^@^^@^^@^^@^^@
^^@^^@^^@^^@^^@^^@^^@^^@^^@^^@^^@^^@^^@^^@^^@^^@^^@^^@^^@^^@^^@^^@^^@^^@^^@^^@^
^@^^@^^@^^@^^@^^@^^@^^@^^@^^@^^@^^@^^@^^@^^@^^@^^@^^@^^@^^@^^@^^@^^@^^@^^@^^@^^
@^^@^^@^^@^^@^^@^^@^^@^^@^^@^^@^^@OT1+cmr on input line 414.
(/usr/share/texlive/texmf-dist/tex/latex/tools/.tex Fileignored)

LaTeX Font Warning: Font shape `^^@^^@^^@^^@^^@^^@^^@^^@^^@^^@^^@^^@^^@^^@^^@^^
@^^@^^@^^@^^@^^@^^@^^@^^@^^@^^@^^@^^@^^@^^@^^@^^@^^@^^@^^@^^@^^@^^@^^@^^@^^@^^@
^^@^^@^^@^^@^^@^^@^^@^^@^^@^^@^^@^^@^^@^^@^^@^^@^^@^^@^^@^^@^^@^^@^^@^^@^^@^^@^
^@^^@^^@^^@^^@^^@^^@^^@^^@^^@^^@^^@^^@^^@^^@^^@^^@^^@^^@^^@^^@^^@^^@^^@^^@^^@^^
@^^@^^@^^@^^@OT1/cmr/m/n' @undefined
(Font)              using `^^@^^@^^@^^@^^@^^@^^@^^@^^@^^@^^@^^@^^@^^@^^@^^@^^@^
^@^^@^^@^^@^^@^^@^^@^^@^^@^^@^^@^^@^^@^^@^^@^^@^^@^^@^^@^^@^^@^^@^^@^^@^^@^^@^^
@^^@^^@^^@^^@^^@^^@^^@^^@^^@^^@^^@^^@^^@^^@^^@^^@^^@^^@^^@^^@^^@^^@^^@^^@^^@^^@
^^@^^@^^@^^@^^@^^@^^@^^@^^@^^@^^@^^@^^@^^@^^@^^@^^@^^@^^@^^@^^@^^@^^@^^@^^@^^@^
^@^^@OT1/cmr/m/n' instead on input line 414.

LaTeX Font Info:    Trying to load font information for ^^@^^@^^@^^@^^@^^@^^@^^
@^^@^^@^^@^^@^^@^^@^^@^^@^^@^^@^^@^^@^^@^^@^^@^^@^^@^^@^^@^^@^^@^^@^^@^^@^^@^^@
^^@^^@^^@^^@^^@^^@^^@^^@^^@^^@^^@^^@^^@^^@^^@^^@^^@^^@^^@^^@^^@^^@^^@^^@^^@^^@^
^@^^@^^@^^@^^@^^@^^@^^@^^@^^@^^@^^@^^@^^@^^@^^@^^@^^@^^@^^@^^@^^@^^@^^@^^@^^@^^
@^^@^^@^^@^^@^^@^^@^^@^^@^^@^^@^^@^^@OT1+cmr on input line 414.
(/usr/share/texlive/texmf-dist/tex/latex/tools/.tex Fileignored)

LaTeX Font Warning: Font shape `^^@^^@^^@^^@^^@^^@^^@^^@^^@^^@^^@^^@^^@^^@^^@^^
@^^@^^@^^@^^@^^@^^@^^@^^@^^@^^@^^@^^@^^@^^@^^@^^@^^@^^@^^@^^@^^@^^@^^@^^@^^@^^@
^^@^^@^^@^^@^^@^^@^^@^^@^^@^^@^^@^^@^^@^^@^^@^^@^^@^^@^^@^^@^^@^^@^^@^^@^^@^^@^
^@^^@^^@^^@^^@^^@^^@^^@^^@^^@^^@^^@^^@^^@^^@^^@^^@^^@^^@^^@^^@^^@^^@^^@^^@^^@^^
@^^@^^@^^@^^@^^@OT1/cmr/m/n' @undefined
(Font)              using `^^@^^@^^@^^@^^@^^@^^@^^@^^@^^@^^@^^@^^@^^@^^@^^@^^@^
^@^^@^^@^^@^^@^^@^^@^^@^^@^^@^^@^^@^^@^^@^^@^^@^^@^^@^^@^^@^^@^^@^^@^^@^^@^^@^^
@^^@^^@^^@^^@^^@^^@^^@^^@^^@^^@^^@^^@^^@^^@^^@^^@^^@^^@^^@^^@^^@^^@^^@^^@^^@^^@
^^@^^@^^@^^@^^@^^@^^@^^@^^@^^@^^@^^@^^@^^@^^@^^@^^@^^@^^@^^@^^@^^@^^@^^@^^@^^@^
^@^^@^^@OT1/cmr/m/n' instead on input line 414.

LaTeX Font Info:    Trying to load font information for ^^@^^@^^@^^@^^@^^@^^@^^
@^^@^^@^^@^^@^^@^^@^^@^^@^^@^^@^^@^^@^^@^^@^^@^^@^^@^^@^^@^^@^^@^^@^^@^^@^^@^^@
^^@^^@^^@^^@^^@^^@^^@^^@^^@^^@^^@^^@^^@^^@^^@^^@^^@^^@^^@^^@^^@^^@^^@^^@^^@^^@^
^@^^@^^@^^@^^@^^@^^@^^@^^@^^@^^@^^@^^@^^@^^@^^@^^@^^@^^@^^@^^@^^@^^@^^@^^@^^@^^
@^^@^^@^^@^^@^^@^^@^^@^^@^^@^^@^^@^^@^^@OT1+cmr on input line 414.
(/usr/share/texlive/texmf-dist/tex/latex/tools/.tex Fileignored)

LaTeX Font Warning: Font shape `^^@^^@^^@^^@^^@^^@^^@^^@^^@^^@^^@^^@^^@^^@^^@^^
@^^@^^@^^@^^@^^@^^@^^@^^@^^@^^@^^@^^@^^@^^@^^@^^@^^@^^@^^@^^@^^@^^@^^@^^@^^@^^@
^^@^^@^^@^^@^^@^^@^^@^^@^^@^^@^^@^^@^^@^^@^^@^^@^^@^^@^^@^^@^^@^^@^^@^^@^^@^^@^
^@^^@^^@^^@^^@^^@^^@^^@^^@^^@^^@^^@^^@^^@^^@^^@^^@^^@^^@^^@^^@^^@^^@^^@^^@^^@^^
@^^@^^@^^@^^@^^@^^@OT1/cmr/m/n' @undefined
(Font)              using `^^@^^@^^@^^@^^@^^@^^@^^@^^@^^@^^@^^@^^@^^@^^@^^@^^@^
^@^^@^^@^^@^^@^^@^^@^^@^^@^^@^^@^^@^^@^^@^^@^^@^^@^^@^^@^^@^^@^^@^^@^^@^^@^^@^^
@^^@^^@^^@^^@^^@^^@^^@^^@^^@^^@^^@^^@^^@^^@^^@^^@^^@^^@^^@^^@^^@^^@^^@^^@^^@^^@
^^@^^@^^@^^@^^@^^@^^@^^@^^@^^@^^@^^@^^@^^@^^@^^@^^@^^@^^@^^@^^@^^@^^@^^@^^@^^@^
^@^^@^^@^^@OT1/cmr/m/n' instead on input line 414.

LaTeX Font Info:    Trying to load font information for ^^@^^@^^@^^@^^@^^@^^@^^
@^^@^^@^^@^^@^^@^^@^^@^^@^^@^^@^^@^^@^^@^^@^^@^^@^^@^^@^^@^^@^^@^^@^^@^^@^^@^^@
^^@^^@^^@^^@^^@^^@^^@^^@^^@^^@^^@^^@^^@^^@^^@^^@^^@^^@^^@^^@^^@^^@^^@^^@^^@^^@^
^@^^@^^@^^@^^@^^@^^@^^@^^@^^@^^@^^@^^@^^@^^@^^@^^@^^@^^@^^@^^@^^@^^@^^@^^@^^@^^
@^^@^^@^^@^^@^^@^^@^^@^^@^^@^^@^^@^^@^^@^^@OT1+cmr on input line 414.
(/usr/share/texlive/texmf-dist/tex/latex/tools/.tex Fileignored)

LaTeX Font Warning: Font shape `^^@^^@^^@^^@^^@^^@^^@^^@^^@^^@^^@^^@^^@^^@^^@^^
@^^@^^@^^@^^@^^@^^@^^@^^@^^@^^@^^@^^@^^@^^@^^@^^@^^@^^@^^@^^@^^@^^@^^@^^@^^@^^@
^^@^^@^^@^^@^^@^^@^^@^^@^^@^^@^^@^^@^^@^^@^^@^^@^^@^^@^^@^^@^^@^^@^^@^^@^^@^^@^
^@^^@^^@^^@^^@^^@^^@^^@^^@^^@^^@^^@^^@^^@^^@^^@^^@^^@^^@^^@^^@^^@^^@^^@^^@^^@^^
@^^@^^@^^@^^@^^@^^@^^@OT1/cmr/m/n' @undefined
(Font)              using `^^@^^@^^@^^@^^@^^@^^@^^@^^@^^@^^@^^@^^@^^@^^@^^@^^@^
^@^^@^^@^^@^^@^^@^^@^^@^^@^^@^^@^^@^^@^^@^^@^^@^^@^^@^^@^^@^^@^^@^^@^^@^^@^^@^^
@^^@^^@^^@^^@^^@^^@^^@^^@^^@^^@^^@^^@^^@^^@^^@^^@^^@^^@^^@^^@^^@^^@^^@^^@^^@^^@
^^@^^@^^@^^@^^@^^@^^@^^@^^@^^@^^@^^@^^@^^@^^@^^@^^@^^@^^@^^@^^@^^@^^@^^@^^@^^@^
^@^^@^^@^^@^^@OT1/cmr/m/n' instead on input line 414.

LaTeX Font Info:    Trying to load font information for ^^@^^@^^@^^@^^@^^@^^@^^
@^^@^^@^^@^^@^^@^^@^^@^^@^^@^^@^^@^^@^^@^^@^^@^^@^^@^^@^^@^^@^^@^^@^^@^^@^^@^^@
^^@^^@^^@^^@^^@^^@^^@^^@^^@^^@^^@^^@^^@^^@^^@^^@^^@^^@^^@^^@^^@^^@^^@^^@^^@^^@^
^@^^@^^@^^@^^@^^@^^@^^@^^@^^@^^@^^@^^@^^@^^@^^@^^@^^@^^@^^@^^@^^@^^@^^@^^@^^@^^
@^^@^^@^^@^^@^^@^^@^^@^^@^^@^^@^^@^^@^^@^^@^^@OT1+cmr on input line 414.
(/usr/share/texlive/texmf-dist/tex/latex/tools/.tex Fileignored)

LaTeX Font Warning: Font shape `^^@^^@^^@^^@^^@^^@^^@^^@^^@^^@^^@^^@^^@^^@^^@^^
@^^@^^@^^@^^@^^@^^@^^@^^@^^@^^@^^@^^@^^@^^@^^@^^@^^@^^@^^@^^@^^@^^@^^@^^@^^@^^@
^^@^^@^^@^^@^^@^^@^^@^^@^^@^^@^^@^^@^^@^^@^^@^^@^^@^^@^^@^^@^^@^^@^^@^^@^^@^^@^
^@^^@^^@^^@^^@^^@^^@^^@^^@^^@^^@^^@^^@^^@^^@^^@^^@^^@^^@^^@^^@^^@^^@^^@^^@^^@^^
@^^@^^@^^@^^@^^@^^@^^@^^@OT1/cmr/m/n' @undefined
(Font)              using `^^@^^@^^@^^@^^@^^@^^@^^@^^@^^@^^@^^@^^@^^@^^@^^@^^@^
^@^^@^^@^^@^^@^^@^^@^^@^^@^^@^^@^^@^^@^^@^^@^^@^^@^^@^^@^^@^^@^^@^^@^^@^^@^^@^^
@^^@^^@^^@^^@^^@^^@^^@^^@^^@^^@^^@^^@^^@^^@^^@^^@^^@^^@^^@^^@^^@^^@^^@^^@^^@^^@
^^@^^@^^@^^@^^@^^@^^@^^@^^@^^@^^@^^@^^@^^@^^@^^@^^@^^@^^@^^@^^@^^@^^@^^@^^@^^@^
^@^^@^^@^^@^^@^^@OT1/cmr/m/n' instead on input line 414.

LaTeX Font Info:    Trying to load font information for ^^@^^@^^@^^@^^@^^@^^@^^
@^^@^^@^^@^^@^^@^^@^^@^^@^^@^^@^^@^^@^^@^^@^^@^^@^^@^^@^^@^^@^^@^^@^^@^^@^^@^^@
^^@^^@^^@^^@^^@^^@^^@^^@^^@^^@^^@^^@^^@^^@^^@^^@^^@^^@^^@^^@^^@^^@^^@^^@^^@^^@^
^@^^@^^@^^@^^@^^@^^@^^@^^@^^@^^@^^@^^@^^@^^@^^@^^@^^@^^@^^@^^@^^@^^@^^@^^@^^@^^
@^^@^^@^^@^^@^^@^^@^^@^^@^^@^^@^^@^^@^^@^^@^^@^^@OT1+cmr on input line 414.
(/usr/share/texlive/texmf-dist/tex/latex/tools/.tex Fileignored)

LaTeX Font Warning: Font shape `^^@^^@^^@^^@^^@^^@^^@^^@^^@^^@^^@^^@^^@^^@^^@^^
@^^@^^@^^@^^@^^@^^@^^@^^@^^@^^@^^@^^@^^@^^@^^@^^@^^@^^@^^@^^@^^@^^@^^@^^@^^@^^@
^^@^^@^^@^^@^^@^^@^^@^^@^^@^^@^^@^^@^^@^^@^^@^^@^^@^^@^^@^^@^^@^^@^^@^^@^^@^^@^
^@^^@^^@^^@^^@^^@^^@^^@^^@^^@^^@^^@^^@^^@^^@^^@^^@^^@^^@^^@^^@^^@^^@^^@^^@^^@^^
@^^@^^@^^@^^@^^@^^@^^@^^@^^@OT1/cmr/m/n' @undefined
(Font)              using `^^@^^@^^@^^@^^@^^@^^@^^@^^@^^@^^@^^@^^@^^@^^@^^@^^@^
^@^^@^^@^^@^^@^^@^^@^^@^^@^^@^^@^^@^^@^^@^^@^^@^^@^^@^^@^^@^^@^^@^^@^^@^^@^^@^^
@^^@^^@^^@^^@^^@^^@^^@^^@^^@^^@^^@^^@^^@^^@^^@^^@^^@^^@^^@^^@^^@^^@^^@^^@^^@^^@
^^@^^@^^@^^@^^@^^@^^@^^@^^@^^@^^@^^@^^@^^@^^@^^@^^@^^@^^@^^@^^@^^@^^@^^@^^@^^@^
^@^^@^^@^^@^^@^^@^^@OT1/cmr/m/n' instead on input line 414.

LaTeX Font Info:    Trying to load font information for ^^@^^@^^@^^@^^@^^@^^@^^
@^^@^^@^^@^^@^^@^^@^^@^^@^^@^^@^^@^^@^^@^^@^^@^^@^^@^^@^^@^^@^^@^^@^^@^^@^^@^^@
^^@^^@^^@^^@^^@^^@^^@^^@^^@^^@^^@^^@^^@^^@^^@^^@^^@^^@^^@^^@^^@^^@^^@^^@^^@^^@^
^@^^@^^@^^@^^@^^@^^@^^@^^@^^@^^@^^@^^@^^@^^@^^@^^@^^@^^@^^@^^@^^@^^@^^@^^@^^@^^
@^^@^^@^^@^^@^^@^^@^^@^^@^^@^^@^^@^^@^^@^^@^^@^^@^^@OT1+cmr on input line 414.
(/usr/share/texlive/texmf-dist/tex/latex/tools/.tex Fileignored)

LaTeX Font Warning: Font shape `^^@^^@^^@^^@^^@^^@^^@^^@^^@^^@^^@^^@^^@^^@^^@^^
@^^@^^@^^@^^@^^@^^@^^@^^@^^@^^@^^@^^@^^@^^@^^@^^@^^@^^@^^@^^@^^@^^@^^@^^@^^@^^@
^^@^^@^^@^^@^^@^^@^^@^^@^^@^^@^^@^^@^^@^^@^^@^^@^^@^^@^^@^^@^^@^^@^^@^^@^^@^^@^
^@^^@^^@^^@^^@^^@^^@^^@^^@^^@^^@^^@^^@^^@^^@^^@^^@^^@^^@^^@^^@^^@^^@^^@^^@^^@^^
@^^@^^@^^@^^@^^@^^@^^@^^@^^@^^@OT1/cmr/m/n' @undefined
(Font)              using `^^@^^@^^@^^@^^@^^@^^@^^@^^@^^@^^@^^@^^@^^@^^@^^@^^@^
^@^^@^^@^^@^^@^^@^^@^^@^^@^^@^^@^^@^^@^^@^^@^^@^^@^^@^^@^^@^^@^^@^^@^^@^^@^^@^^
@^^@^^@^^@^^@^^@^^@^^@^^@^^@^^@^^@^^@^^@^^@^^@^^@^^@^^@^^@^^@^^@^^@^^@^^@^^@^^@
^^@^^@^^@^^@^^@^^@^^@^^@^^@^^@^^@^^@^^@^^@^^@^^@^^@^^@^^@^^@^^@^^@^^@^^@^^@^^@^
^@^^@^^@^^@^^@^^@^^@^^@OT1/cmr/m/n' instead on input line 414.

LaTeX Font Info:    Trying to load font information for ^^@^^@^^@^^@^^@^^@^^@^^
@^^@^^@^^@^^@^^@^^@^^@^^@^^@^^@^^@^^@^^@^^@^^@^^@^^@^^@^^@^^@^^@^^@^^@^^@^^@^^@
^^@^^@^^@^^@^^@^^@^^@^^@^^@^^@^^@^^@^^@^^@^^@^^@^^@^^@^^@^^@^^@^^@^^@^^@^^@^^@^
^@^^@^^@^^@^^@^^@^^@^^@^^@^^@^^@^^@^^@^^@^^@^^@^^@^^@^^@^^@^^@^^@^^@^^@^^@^^@^^
@^^@^^@^^@^^@^^@^^@^^@^^@^^@^^@^^@^^@^^@^^@^^@^^@^^@^^@OT1+cmr on input line 41
4.
(/usr/share/texlive/texmf-dist/tex/latex/tools/.tex Fileignored)

LaTeX Font Warning: Font shape `^^@^^@^^@^^@^^@^^@^^@^^@^^@^^@^^@^^@^^@^^@^^@^^
@^^@^^@^^@^^@^^@^^@^^@^^@^^@^^@^^@^^@^^@^^@^^@^^@^^@^^@^^@^^@^^@^^@^^@^^@^^@^^@
^^@^^@^^@^^@^^@^^@^^@^^@^^@^^@^^@^^@^^@^^@^^@^^@^^@^^@^^@^^@^^@^^@^^@^^@^^@^^@^
^@^^@^^@^^@^^@^^@^^@^^@^^@^^@^^@^^@^^@^^@^^@^^@^^@^^@^^@^^@^^@^^@^^@^^@^^@^^@^^
@^^@^^@^^@^^@^^@^^@^^@^^@^^@^^@^^@OT1/cmr/m/n' @undefined
(Font)              using `^^@^^@^^@^^@^^@^^@^^@^^@^^@^^@^^@^^@^^@^^@^^@^^@^^@^
^@^^@^^@^^@^^@^^@^^@^^@^^@^^@^^@^^@^^@^^@^^@^^@^^@^^@^^@^^@^^@^^@^^@^^@^^@^^@^^
@^^@^^@^^@^^@^^@^^@^^@^^@^^@^^@^^@^^@^^@^^@^^@^^@^^@^^@^^@^^@^^@^^@^^@^^@^^@^^@
^^@^^@^^@^^@^^@^^@^^@^^@^^@^^@^^@^^@^^@^^@^^@^^@^^@^^@^^@^^@^^@^^@^^@^^@^^@^^@^
^@^^@^^@^^@^^@^^@^^@^^@^^@OT1/cmr/m/n' instead on input line 414.

LaTeX Font Info:    Trying to load font information for ^^@^^@^^@^^@^^@^^@^^@^^
@^^@^^@^^@^^@^^@^^@^^@^^@^^@^^@^^@^^@^^@^^@^^@^^@^^@^^@^^@^^@^^@^^@^^@^^@^^@^^@
^^@^^@^^@^^@^^@^^@^^@^^@^^@^^@^^@^^@^^@^^@^^@^^@^^@^^@^^@^^@^^@^^@^^@^^@^^@^^@^
^@^^@^^@^^@^^@^^@^^@^^@^^@^^@^^@^^@^^@^^@^^@^^@^^@^^@^^@^^@^^@^^@^^@^^@^^@^^@^^
@^^@^^@^^@^^@^^@^^@^^@^^@^^@^^@^^@^^@^^@^^@^^@^^@^^@^^@^^@OT1+cmr on input line
 414.
(/usr/share/texlive/texmf-dist/tex/latex/tools/.tex Fileignored)

LaTeX Font Warning: Font shape `^^@^^@^^@^^@^^@^^@^^@^^@^^@^^@^^@^^@^^@^^@^^@^^
@^^@^^@^^@^^@^^@^^@^^@^^@^^@^^@^^@^^@^^@^^@^^@^^@^^@^^@^^@^^@^^@^^@^^@^^@^^@^^@
^^@^^@^^@^^@^^@^^@^^@^^@^^@^^@^^@^^@^^@^^@^^@^^@^^@^^@^^@^^@^^@^^@^^@^^@^^@^^@^
^@^^@^^@^^@^^@^^@^^@^^@^^@^^@^^@^^@^^@^^@^^@^^@^^@^^@^^@^^@^^@^^@^^@^^@^^@^^@^^
@^^@^^@^^@^^@^^@^^@^^@^^@^^@^^@^^@^^@OT1/cmr/m/n' @undefined
(Font)              using `^^@^^@^^@^^@^^@^^@^^@^^@^^@^^@^^@^^@^^@^^@^^@^^@^^@^
^@^^@^^@^^@^^@^^@^^@^^@^^@^^@^^@^^@^^@^^@^^@^^@^^@^^@^^@^^@^^@^^@^^@^^@^^@^^@^^
@^^@^^@^^@^^@^^@^^@^^@^^@^^@^^@^^@^^@^^@^^@^^@^^@^^@^^@^^@^^@^^@^^@^^@^^@^^@^^@
^^@^^@^^@^^@^^@^^@^^@^^@^^@^^@^^@^^@^^@^^@^^@^^@^^@^^@^^@^^@^^@^^@^^@^^@^^@^^@^
^@^^@^^@^^@^^@^^@^^@^^@^^@^^@OT1/cmr/m/n' instead on input line 414.

LaTeX Font Info:    Trying to load font information for ^^@^^@^^@^^@^^@^^@^^@^^
@^^@^^@^^@^^@^^@^^@^^@^^@^^@^^@^^@^^@^^@^^@^^@^^@^^@^^@^^@^^@^^@^^@^^@^^@^^@^^@
^^@^^@^^@^^@^^@^^@^^@^^@^^@^^@^^@^^@^^@^^@^^@^^@^^@^^@^^@^^@^^@^^@^^@^^@^^@^^@^
^@^^@^^@^^@^^@^^@^^@^^@^^@^^@^^@^^@^^@^^@^^@^^@^^@^^@^^@^^@^^@^^@^^@^^@^^@^^@^^
@^^@^^@^^@^^@^^@^^@^^@^^@^^@^^@^^@^^@^^@^^@^^@^^@^^@^^@^^@^^@OT1+cmr on input l
ine 414.
(/usr/share/texlive/texmf-dist/tex/latex/tools/.tex Fileignored)

LaTeX Font Warning: Font shape `^^@^^@^^@^^@^^@^^@^^@^^@^^@^^@^^@^^@^^@^^@^^@^^
@^^@^^@^^@^^@^^@^^@^^@^^@^^@^^@^^@^^@^^@^^@^^@^^@^^@^^@^^@^^@^^@^^@^^@^^@^^@^^@
^^@^^@^^@^^@^^@^^@^^@^^@^^@^^@^^@^^@^^@^^@^^@^^@^^@^^@^^@^^@^^@^^@^^@^^@^^@^^@^
^@^^@^^@^^@^^@^^@^^@^^@^^@^^@^^@^^@^^@^^@^^@^^@^^@^^@^^@^^@^^@^^@^^@^^@^^@^^@^^
@^^@^^@^^@^^@^^@^^@^^@^^@^^@^^@^^@^^@^^@OT1/cmr/m/n' @undefined
(Font)              using `^^@^^@^^@^^@^^@^^@^^@^^@^^@^^@^^@^^@^^@^^@^^@^^@^^@^
^@^^@^^@^^@^^@^^@^^@^^@^^@^^@^^@^^@^^@^^@^^@^^@^^@^^@^^@^^@^^@^^@^^@^^@^^@^^@^^
@^^@^^@^^@^^@^^@^^@^^@^^@^^@^^@^^@^^@^^@^^@^^@^^@^^@^^@^^@^^@^^@^^@^^@^^@^^@^^@
^^@^^@^^@^^@^^@^^@^^@^^@^^@^^@^^@^^@^^@^^@^^@^^@^^@^^@^^@^^@^^@^^@^^@^^@^^@^^@^
^@^^@^^@^^@^^@^^@^^@^^@^^@^^@^^@OT1/cmr/m/n' instead on input line 414.

LaTeX Font Info:    Trying to load font information for ^^@^^@^^@^^@^^@^^@^^@^^
@^^@^^@^^@^^@^^@^^@^^@^^@^^@^^@^^@^^@^^@^^@^^@^^@^^@^^@^^@^^@^^@^^@^^@^^@^^@^^@
^^@^^@^^@^^@^^@^^@^^@^^@^^@^^@^^@^^@^^@^^@^^@^^@^^@^^@^^@^^@^^@^^@^^@^^@^^@^^@^
^@^^@^^@^^@^^@^^@^^@^^@^^@^^@^^@^^@^^@^^@^^@^^@^^@^^@^^@^^@^^@^^@^^@^^@^^@^^@^^
@^^@^^@^^@^^@^^@^^@^^@^^@^^@^^@^^@^^@^^@^^@^^@^^@^^@^^@^^@^^@^^@OT1+cmr on inpu
t line 414.
(/usr/share/texlive/texmf-dist/tex/latex/tools/.tex Fileignored)

LaTeX Font Warning: Font shape `^^@^^@^^@^^@^^@^^@^^@^^@^^@^^@^^@^^@^^@^^@^^@^^
@^^@^^@^^@^^@^^@^^@^^@^^@^^@^^@^^@^^@^^@^^@^^@^^@^^@^^@^^@^^@^^@^^@^^@^^@^^@^^@
^^@^^@^^@^^@^^@^^@^^@^^@^^@^^@^^@^^@^^@^^@^^@^^@^^@^^@^^@^^@^^@^^@^^@^^@^^@^^@^
^@^^@^^@^^@^^@^^@^^@^^@^^@^^@^^@^^@^^@^^@^^@^^@^^@^^@^^@^^@^^@^^@^^@^^@^^@^^@^^
@^^@^^@^^@^^@^^@^^@^^@^^@^^@^^@^^@^^@^^@^^@OT1/cmr/m/n' @undefined
(Font)              using `^^@^^@^^@^^@^^@^^@^^@^^@^^@^^@^^@^^@^^@^^@^^@^^@^^@^
^@^^@^^@^^@^^@^^@^^@^^@^^@^^@^^@^^@^^@^^@^^@^^@^^@^^@^^@^^@^^@^^@^^@^^@^^@^^@^^
@^^@^^@^^@^^@^^@^^@^^@^^@^^@^^@^^@^^@^^@^^@^^@^^@^^@^^@^^@^^@^^@^^@^^@^^@^^@^^@
^^@^^@^^@^^@^^@^^@^^@^^@^^@^^@^^@^^@^^@^^@^^@^^@^^@^^@^^@^^@^^@^^@^^@^^@^^@^^@^
^@^^@^^@^^@^^@^^@^^@^^@^^@^^@^^@^^@OT1/cmr/m/n' instead on input line 414.

LaTeX Font Info:    Trying to load font information for ^^@^^@^^@^^@^^@^^@^^@^^
@^^@^^@^^@^^@^^@^^@^^@^^@^^@^^@^^@^^@^^@^^@^^@^^@^^@^^@^^@^^@^^@^^@^^@^^@^^@^^@
^^@^^@^^@^^@^^@^^@^^@^^@^^@^^@^^@^^@^^@^^@^^@^^@^^@^^@^^@^^@^^@^^@^^@^^@^^@^^@^
^@^^@^^@^^@^^@^^@^^@^^@^^@^^@^^@^^@^^@^^@^^@^^@^^@^^@^^@^^@^^@^^@^^@^^@^^@^^@^^
@^^@^^@^^@^^@^^@^^@^^@^^@^^@^^@^^@^^@^^@^^@^^@^^@^^@^^@^^@^^@^^@^^@OT1+cmr on i
nput line 414.
(/usr/share/texlive/texmf-dist/tex/latex/tools/.tex Fileignored)

LaTeX Font Warning: Font shape `^^@^^@^^@^^@^^@^^@^^@^^@^^@^^@^^@^^@^^@^^@^^@^^
@^^@^^@^^@^^@^^@^^@^^@^^@^^@^^@^^@^^@^^@^^@^^@^^@^^@^^@^^@^^@^^@^^@^^@^^@^^@^^@
^^@^^@^^@^^@^^@^^@^^@^^@^^@^^@^^@^^@^^@^^@^^@^^@^^@^^@^^@^^@^^@^^@^^@^^@^^@^^@^
^@^^@^^@^^@^^@^^@^^@^^@^^@^^@^^@^^@^^@^^@^^@^^@^^@^^@^^@^^@^^@^^@^^@^^@^^@^^@^^
@^^@^^@^^@^^@^^@^^@^^@^^@^^@^^@^^@^^@^^@^^@^^@OT1/cmr/m/n' @undefined
(Font)              using `^^@^^@^^@^^@^^@^^@^^@^^@^^@^^@^^@^^@^^@^^@^^@^^@^^@^
^@^^@^^@^^@^^@^^@^^@^^@^^@^^@^^@^^@^^@^^@^^@^^@^^@^^@^^@^^@^^@^^@^^@^^@^^@^^@^^
@^^@^^@^^@^^@^^@^^@^^@^^@^^@^^@^^@^^@^^@^^@^^@^^@^^@^^@^^@^^@^^@^^@^^@^^@^^@^^@
^^@^^@^^@^^@^^@^^@^^@^^@^^@^^@^^@^^@^^@^^@^^@^^@^^@^^@^^@^^@^^@^^@^^@^^@^^@^^@^
^@^^@^^@^^@^^@^^@^^@^^@^^@^^@^^@^^@^^@OT1/cmr/m/n' instead on input line 414.

LaTeX Font Info:    Trying to load font information for ^^@^^@^^@^^@^^@^^@^^@^^
@^^@^^@^^@^^@^^@^^@^^@^^@^^@^^@^^@^^@^^@^^@^^@^^@^^@^^@^^@^^@^^@^^@^^@^^@^^@^^@
^^@^^@^^@^^@^^@^^@^^@^^@^^@^^@^^@^^@^^@^^@^^@^^@^^@^^@^^@^^@^^@^^@^^@^^@^^@^^@^
^@^^@^^@^^@^^@^^@^^@^^@^^@^^@^^@^^@^^@^^@^^@^^@^^@^^@^^@^^@^^@^^@^^@^^@^^@^^@^^
@^^@^^@^^@^^@^^@^^@^^@^^@^^@^^@^^@^^@^^@^^@^^@^^@^^@^^@^^@^^@^^@^^@^^@OT1+cmr o
n input line 414.
(/usr/share/texlive/texmf-dist/tex/latex/tools/.tex Fileignored)

LaTeX Font Warning: Font shape `^^@^^@^^@^^@^^@^^@^^@^^@^^@^^@^^@^^@^^@^^@^^@^^
@^^@^^@^^@^^@^^@^^@^^@^^@^^@^^@^^@^^@^^@^^@^^@^^@^^@^^@^^@^^@^^@^^@^^@^^@^^@^^@
^^@^^@^^@^^@^^@^^@^^@^^@^^@^^@^^@^^@^^@^^@^^@^^@^^@^^@^^@^^@^^@^^@^^@^^@^^@^^@^
^@^^@^^@^^@^^@^^@^^@^^@^^@^^@^^@^^@^^@^^@^^@^^@^^@^^@^^@^^@^^@^^@^^@^^@^^@^^@^^
@^^@^^@^^@^^@^^@^^@^^@^^@^^@^^@^^@^^@^^@^^@^^@^^@OT1/cmr/m/n' @undefined
(Font)              using `^^@^^@^^@^^@^^@^^@^^@^^@^^@^^@^^@^^@^^@^^@^^@^^@^^@^
^@^^@^^@^^@^^@^^@^^@^^@^^@^^@^^@^^@^^@^^@^^@^^@^^@^^@^^@^^@^^@^^@^^@^^@^^@^^@^^
@^^@^^@^^@^^@^^@^^@^^@^^@^^@^^@^^@^^@^^@^^@^^@^^@^^@^^@^^@^^@^^@^^@^^@^^@^^@^^@
^^@^^@^^@^^@^^@^^@^^@^^@^^@^^@^^@^^@^^@^^@^^@^^@^^@^^@^^@^^@^^@^^@^^@^^@^^@^^@^
^@^^@^^@^^@^^@^^@^^@^^@^^@^^@^^@^^@^^@^^@OT1/cmr/m/n' instead on input line 414
.

LaTeX Font Info:    Trying to load font information for ^^@^^@^^@^^@^^@^^@^^@^^
@^^@^^@^^@^^@^^@^^@^^@^^@^^@^^@^^@^^@^^@^^@^^@^^@^^@^^@^^@^^@^^@^^@^^@^^@^^@^^@
^^@^^@^^@^^@^^@^^@^^@^^@^^@^^@^^@^^@^^@^^@^^@^^@^^@^^@^^@^^@^^@^^@^^@^^@^^@^^@^
^@^^@^^@^^@^^@^^@^^@^^@^^@^^@^^@^^@^^@^^@^^@^^@^^@^^@^^@^^@^^@^^@^^@^^@^^@^^@^^
@^^@^^@^^@^^@^^@^^@^^@^^@^^@^^@^^@^^@^^@^^@^^@^^@^^@^^@^^@^^@^^@^^@^^@^^@OT1+cm
r on input line 414.
(/usr/share/texlive/texmf-dist/tex/latex/tools/.tex Fileignored)

LaTeX Font Warning: Font shape `^^@^^@^^@^^@^^@^^@^^@^^@^^@^^@^^@^^@^^@^^@^^@^^
@^^@^^@^^@^^@^^@^^@^^@^^@^^@^^@^^@^^@^^@^^@^^@^^@^^@^^@^^@^^@^^@^^@^^@^^@^^@^^@
^^@^^@^^@^^@^^@^^@^^@^^@^^@^^@^^@^^@^^@^^@^^@^^@^^@^^@^^@^^@^^@^^@^^@^^@^^@^^@^
^@^^@^^@^^@^^@^^@^^@^^@^^@^^@^^@^^@^^@^^@^^@^^@^^@^^@^^@^^@^^@^^@^^@^^@^^@^^@^^
@^^@^^@^^@^^@^^@^^@^^@^^@^^@^^@^^@^^@^^@^^@^^@^^@^^@OT1/cmr/m/n' @undefined
(Font)              using `^^@^^@^^@^^@^^@^^@^^@^^@^^@^^@^^@^^@^^@^^@^^@^^@^^@^
^@^^@^^@^^@^^@^^@^^@^^@^^@^^@^^@^^@^^@^^@^^@^^@^^@^^@^^@^^@^^@^^@^^@^^@^^@^^@^^
@^^@^^@^^@^^@^^@^^@^^@^^@^^@^^@^^@^^@^^@^^@^^@^^@^^@^^@^^@^^@^^@^^@^^@^^@^^@^^@
^^@^^@^^@^^@^^@^^@^^@^^@^^@^^@^^@^^@^^@^^@^^@^^@^^@^^@^^@^^@^^@^^@^^@^^@^^@^^@^
^@^^@^^@^^@^^@^^@^^@^^@^^@^^@^^@^^@^^@^^@^^@OT1/cmr/m/n' instead on input line 
414.

LaTeX Font Info:    Trying to load font information for ^^@^^@^^@^^@^^@^^@^^@^^
@^^@^^@^^@^^@^^@^^@^^@^^@^^@^^@^^@^^@^^@^^@^^@^^@^^@^^@^^@^^@^^@^^@^^@^^@^^@^^@
^^@^^@^^@^^@^^@^^@^^@^^@^^@^^@^^@^^@^^@^^@^^@^^@^^@^^@^^@^^@^^@^^@^^@^^@^^@^^@^
^@^^@^^@^^@^^@^^@^^@^^@^^@^^@^^@^^@^^@^^@^^@^^@^^@^^@^^@^^@^^@^^@^^@^^@^^@^^@^^
@^^@^^@^^@^^@^^@^^@^^@^^@^^@^^@^^@^^@^^@^^@^^@^^@^^@^^@^^@^^@^^@^^@^^@^^@^^@OT1
+cmr on input line 414.
(/usr/share/texlive/texmf-dist/tex/latex/tools/.tex Fileignored)

LaTeX Font Warning: Font shape `^^@^^@^^@^^@^^@^^@^^@^^@^^@^^@^^@^^@^^@^^@^^@^^
@^^@^^@^^@^^@^^@^^@^^@^^@^^@^^@^^@^^@^^@^^@^^@^^@^^@^^@^^@^^@^^@^^@^^@^^@^^@^^@
^^@^^@^^@^^@^^@^^@^^@^^@^^@^^@^^@^^@^^@^^@^^@^^@^^@^^@^^@^^@^^@^^@^^@^^@^^@^^@^
^@^^@^^@^^@^^@^^@^^@^^@^^@^^@^^@^^@^^@^^@^^@^^@^^@^^@^^@^^@^^@^^@^^@^^@^^@^^@^^
@^^@^^@^^@^^@^^@^^@^^@^^@^^@^^@^^@^^@^^@^^@^^@^^@^^@^^@OT1/cmr/m/n' @undefined
(Font)              using `^^@^^@^^@^^@^^@^^@^^@^^@^^@^^@^^@^^@^^@^^@^^@^^@^^@^
^@^^@^^@^^@^^@^^@^^@^^@^^@^^@^^@^^@^^@^^@^^@^^@^^@^^@^^@^^@^^@^^@^^@^^@^^@^^@^^
@^^@^^@^^@^^@^^@^^@^^@^^@^^@^^@^^@^^@^^@^^@^^@^^@^^@^^@^^@^^@^^@^^@^^@^^@^^@^^@
^^@^^@^^@^^@^^@^^@^^@^^@^^@^^@^^@^^@^^@^^@^^@^^@^^@^^@^^@^^@^^@^^@^^@^^@^^@^^@^
^@^^@^^@^^@^^@^^@^^@^^@^^@^^@^^@^^@^^@^^@^^@^^@OT1/cmr/m/n' instead on input li
ne 414.

LaTeX Font Info:    Trying to load font information for ^^@^^@^^@^^@^^@^^@^^@^^
@^^@^^@^^@^^@^^@^^@^^@^^@^^@^^@^^@^^@^^@^^@^^@^^@^^@^^@^^@^^@^^@^^@^^@^^@^^@^^@
^^@^^@^^@^^@^^@^^@^^@^^@^^@^^@^^@^^@^^@^^@^^@^^@^^@^^@^^@^^@^^@^^@^^@^^@^^@^^@^
^@^^@^^@^^@^^@^^@^^@^^@^^@^^@^^@^^@^^@^^@^^@^^@^^@^^@^^@^^@^^@^^@^^@^^@^^@^^@^^
@^^@^^@^^@^^@^^@^^@^^@^^@^^@^^@^^@^^@^^@^^@^^@^^@^^@^^@^^@^^@^^@^^@^^@^^@^^@^^@
OT1+cmr on input line 414.
(/usr/share/texlive/texmf-dist/tex/latex/tools/.tex Fileignored)

LaTeX Font Warning: Font shape `^^@^^@^^@^^@^^@^^@^^@^^@^^@^^@^^@^^@^^@^^@^^@^^
@^^@^^@^^@^^@^^@^^@^^@^^@^^@^^@^^@^^@^^@^^@^^@^^@^^@^^@^^@^^@^^@^^@^^@^^@^^@^^@
^^@^^@^^@^^@^^@^^@^^@^^@^^@^^@^^@^^@^^@^^@^^@^^@^^@^^@^^@^^@^^@^^@^^@^^@^^@^^@^
^@^^@^^@^^@^^@^^@^^@^^@^^@^^@^^@^^@^^@^^@^^@^^@^^@^^@^^@^^@^^@^^@^^@^^@^^@^^@^^
@^^@^^@^^@^^@^^@^^@^^@^^@^^@^^@^^@^^@^^@^^@^^@^^@^^@^^@^^@OT1/cmr/m/n' @undefin
ed
(Font)              using `^^@^^@^^@^^@^^@^^@^^@^^@^^@^^@^^@^^@^^@^^@^^@^^@^^@^
^@^^@^^@^^@^^@^^@^^@^^@^^@^^@^^@^^@^^@^^@^^@^^@^^@^^@^^@^^@^^@^^@^^@^^@^^@^^@^^
@^^@^^@^^@^^@^^@^^@^^@^^@^^@^^@^^@^^@^^@^^@^^@^^@^^@^^@^^@^^@^^@^^@^^@^^@^^@^^@
^^@^^@^^@^^@^^@^^@^^@^^@^^@^^@^^@^^@^^@^^@^^@^^@^^@^^@^^@^^@^^@^^@^^@^^@^^@^^@^
^@^^@^^@^^@^^@^^@^^@^^@^^@^^@^^@^^@^^@^^@^^@^^@^^@OT1/cmr/m/n' instead on input
 line 414.

LaTeX Font Info:    Trying to load font information for ^^@^^@^^@^^@^^@^^@^^@^^
@^^@^^@^^@^^@^^@^^@^^@^^@^^@^^@^^@^^@^^@^^@^^@^^@^^@^^@^^@^^@^^@^^@^^@^^@^^@^^@
^^@^^@^^@^^@^^@^^@^^@^^@^^@^^@^^@^^@^^@^^@^^@^^@^^@^^@^^@^^@^^@^^@^^@^^@^^@^^@^
^@^^@^^@^^@^^@^^@^^@^^@^^@^^@^^@^^@^^@^^@^^@^^@^^@^^@^^@^^@^^@^^@^^@^^@^^@^^@^^
@^^@^^@^^@^^@^^@^^@^^@^^@^^@^^@^^@^^@^^@^^@^^@^^@^^@^^@^^@^^@^^@^^@^^@^^@^^@^^@
^^@OT1+cmr on input line 414.
(/usr/share/texlive/texmf-dist/tex/latex/tools/.tex Fileignored)

LaTeX Font Warning: Font shape `^^@^^@^^@^^@^^@^^@^^@^^@^^@^^@^^@^^@^^@^^@^^@^^
@^^@^^@^^@^^@^^@^^@^^@^^@^^@^^@^^@^^@^^@^^@^^@^^@^^@^^@^^@^^@^^@^^@^^@^^@^^@^^@
^^@^^@^^@^^@^^@^^@^^@^^@^^@^^@^^@^^@^^@^^@^^@^^@^^@^^@^^@^^@^^@^^@^^@^^@^^@^^@^
^@^^@^^@^^@^^@^^@^^@^^@^^@^^@^^@^^@^^@^^@^^@^^@^^@^^@^^@^^@^^@^^@^^@^^@^^@^^@^^
@^^@^^@^^@^^@^^@^^@^^@^^@^^@^^@^^@^^@^^@^^@^^@^^@^^@^^@^^@^^@OT1/cmr/m/n' @unde
fined
(Font)              using `^^@^^@^^@^^@^^@^^@^^@^^@^^@^^@^^@^^@^^@^^@^^@^^@^^@^
^@^^@^^@^^@^^@^^@^^@^^@^^@^^@^^@^^@^^@^^@^^@^^@^^@^^@^^@^^@^^@^^@^^@^^@^^@^^@^^
@^^@^^@^^@^^@^^@^^@^^@^^@^^@^^@^^@^^@^^@^^@^^@^^@^^@^^@^^@^^@^^@^^@^^@^^@^^@^^@
^^@^^@^^@^^@^^@^^@^^@^^@^^@^^@^^@^^@^^@^^@^^@^^@^^@^^@^^@^^@^^@^^@^^@^^@^^@^^@^
^@^^@^^@^^@^^@^^@^^@^^@^^@^^@^^@^^@^^@^^@^^@^^@^^@^^@OT1/cmr/m/n' instead on in
put line 414.

LaTeX Font Info:    Trying to load font information for ^^@^^@^^@^^@^^@^^@^^@^^
@^^@^^@^^@^^@^^@^^@^^@^^@^^@^^@^^@^^@^^@^^@^^@^^@^^@^^@^^@^^@^^@^^@^^@^^@^^@^^@
^^@^^@^^@^^@^^@^^@^^@^^@^^@^^@^^@^^@^^@^^@^^@^^@^^@^^@^^@^^@^^@^^@^^@^^@^^@^^@^
^@^^@^^@^^@^^@^^@^^@^^@^^@^^@^^@^^@^^@^^@^^@^^@^^@^^@^^@^^@^^@^^@^^@^^@^^@^^@^^
@^^@^^@^^@^^@^^@^^@^^@^^@^^@^^@^^@^^@^^@^^@^^@^^@^^@^^@^^@^^@^^@^^@^^@^^@^^@^^@
^^@^^@OT1+cmr on input line 414.
(/usr/share/texlive/texmf-dist/tex/latex/tools/.tex Fileignored)

LaTeX Font Warning: Font shape `^^@^^@^^@^^@^^@^^@^^@^^@^^@^^@^^@^^@^^@^^@^^@^^
@^^@^^@^^@^^@^^@^^@^^@^^@^^@^^@^^@^^@^^@^^@^^@^^@^^@^^@^^@^^@^^@^^@^^@^^@^^@^^@
^^@^^@^^@^^@^^@^^@^^@^^@^^@^^@^^@^^@^^@^^@^^@^^@^^@^^@^^@^^@^^@^^@^^@^^@^^@^^@^
^@^^@^^@^^@^^@^^@^^@^^@^^@^^@^^@^^@^^@^^@^^@^^@^^@^^@^^@^^@^^@^^@^^@^^@^^@^^@^^
@^^@^^@^^@^^@^^@^^@^^@^^@^^@^^@^^@^^@^^@^^@^^@^^@^^@^^@^^@^^@^^@OT1/cmr/m/n' @u
ndefined
(Font)              using `^^@^^@^^@^^@^^@^^@^^@^^@^^@^^@^^@^^@^^@^^@^^@^^@^^@^
^@^^@^^@^^@^^@^^@^^@^^@^^@^^@^^@^^@^^@^^@^^@^^@^^@^^@^^@^^@^^@^^@^^@^^@^^@^^@^^
@^^@^^@^^@^^@^^@^^@^^@^^@^^@^^@^^@^^@^^@^^@^^@^^@^^@^^@^^@^^@^^@^^@^^@^^@^^@^^@
^^@^^@^^@^^@^^@^^@^^@^^@^^@^^@^^@^^@^^@^^@^^@^^@^^@^^@^^@^^@^^@^^@^^@^^@^^@^^@^
^@^^@^^@^^@^^@^^@^^@^^@^^@^^@^^@^^@^^@^^@^^@^^@^^@^^@^^@OT1/cmr/m/n' instead on
 input line 414.

LaTeX Font Info:    Trying to load font information for ^^@^^@^^@^^@^^@^^@^^@^^
@^^@^^@^^@^^@^^@^^@^^@^^@^^@^^@^^@^^@^^@^^@^^@^^@^^@^^@^^@^^@^^@^^@^^@^^@^^@^^@
^^@^^@^^@^^@^^@^^@^^@^^@^^@^^@^^@^^@^^@^^@^^@^^@^^@^^@^^@^^@^^@^^@^^@^^@^^@^^@^
^@^^@^^@^^@^^@^^@^^@^^@^^@^^@^^@^^@^^@^^@^^@^^@^^@^^@^^@^^@^^@^^@^^@^^@^^@^^@^^
@^^@^^@^^@^^@^^@^^@^^@^^@^^@^^@^^@^^@^^@^^@^^@^^@^^@^^@^^@^^@^^@^^@^^@^^@^^@^^@
^^@^^@^^@OT1+cmr on input line 414.
(/usr/share/texlive/texmf-dist/tex/latex/tools/.tex Fileignored)

LaTeX Font Warning: Font shape `^^@^^@^^@^^@^^@^^@^^@^^@^^@^^@^^@^^@^^@^^@^^@^^
@^^@^^@^^@^^@^^@^^@^^@^^@^^@^^@^^@^^@^^@^^@^^@^^@^^@^^@^^@^^@^^@^^@^^@^^@^^@^^@
^^@^^@^^@^^@^^@^^@^^@^^@^^@^^@^^@^^@^^@^^@^^@^^@^^@^^@^^@^^@^^@^^@^^@^^@^^@^^@^
^@^^@^^@^^@^^@^^@^^@^^@^^@^^@^^@^^@^^@^^@^^@^^@^^@^^@^^@^^@^^@^^@^^@^^@^^@^^@^^
@^^@^^@^^@^^@^^@^^@^^@^^@^^@^^@^^@^^@^^@^^@^^@^^@^^@^^@^^@^^@^^@^^@OT1/cmr/m/n'
 @undefined
(Font)              using `^^@^^@^^@^^@^^@^^@^^@^^@^^@^^@^^@^^@^^@^^@^^@^^@^^@^
^@^^@^^@^^@^^@^^@^^@^^@^^@^^@^^@^^@^^@^^@^^@^^@^^@^^@^^@^^@^^@^^@^^@^^@^^@^^@^^
@^^@^^@^^@^^@^^@^^@^^@^^@^^@^^@^^@^^@^^@^^@^^@^^@^^@^^@^^@^^@^^@^^@^^@^^@^^@^^@
^^@^^@^^@^^@^^@^^@^^@^^@^^@^^@^^@^^@^^@^^@^^@^^@^^@^^@^^@^^@^^@^^@^^@^^@^^@^^@^
^@^^@^^@^^@^^@^^@^^@^^@^^@^^@^^@^^@^^@^^@^^@^^@^^@^^@^^@^^@OT1/cmr/m/n' instead
 on input line 414.

LaTeX Font Info:    Trying to load font information for ^^@^^@^^@^^@^^@^^@^^@^^
@^^@^^@^^@^^@^^@^^@^^@^^@^^@^^@^^@^^@^^@^^@^^@^^@^^@^^@^^@^^@^^@^^@^^@^^@^^@^^@
^^@^^@^^@^^@^^@^^@^^@^^@^^@^^@^^@^^@^^@^^@^^@^^@^^@^^@^^@^^@^^@^^@^^@^^@^^@^^@^
^@^^@^^@^^@^^@^^@^^@^^@^^@^^@^^@^^@^^@^^@^^@^^@^^@^^@^^@^^@^^@^^@^^@^^@^^@^^@^^
@^^@^^@^^@^^@^^@^^@^^@^^@^^@^^@^^@^^@^^@^^@^^@^^@^^@^^@^^@^^@^^@^^@^^@^^@^^@^^@
^^@^^@^^@^^@OT1+cmr on input line 414.
(/usr/share/texlive/texmf-dist/tex/latex/tools/.tex Fileignored)

LaTeX Font Warning: Font shape `^^@^^@^^@^^@^^@^^@^^@^^@^^@^^@^^@^^@^^@^^@^^@^^
@^^@^^@^^@^^@^^@^^@^^@^^@^^@^^@^^@^^@^^@^^@^^@^^@^^@^^@^^@^^@^^@^^@^^@^^@^^@^^@
^^@^^@^^@^^@^^@^^@^^@^^@^^@^^@^^@^^@^^@^^@^^@^^@^^@^^@^^@^^@^^@^^@^^@^^@^^@^^@^
^@^^@^^@^^@^^@^^@^^@^^@^^@^^@^^@^^@^^@^^@^^@^^@^^@^^@^^@^^@^^@^^@^^@^^@^^@^^@^^
@^^@^^@^^@^^@^^@^^@^^@^^@^^@^^@^^@^^@^^@^^@^^@^^@^^@^^@^^@^^@^^@^^@^^@OT1/cmr/m
/n' @undefined
(Font)              using `^^@^^@^^@^^@^^@^^@^^@^^@^^@^^@^^@^^@^^@^^@^^@^^@^^@^
^@^^@^^@^^@^^@^^@^^@^^@^^@^^@^^@^^@^^@^^@^^@^^@^^@^^@^^@^^@^^@^^@^^@^^@^^@^^@^^
@^^@^^@^^@^^@^^@^^@^^@^^@^^@^^@^^@^^@^^@^^@^^@^^@^^@^^@^^@^^@^^@^^@^^@^^@^^@^^@
^^@^^@^^@^^@^^@^^@^^@^^@^^@^^@^^@^^@^^@^^@^^@^^@^^@^^@^^@^^@^^@^^@^^@^^@^^@^^@^
^@^^@^^@^^@^^@^^@^^@^^@^^@^^@^^@^^@^^@^^@^^@^^@^^@^^@^^@^^@^^@OT1/cmr/m/n' inst
ead on input line 414.

LaTeX Font Info:    Trying to load font information for ^^@^^@^^@^^@^^@^^@^^@^^
@^^@^^@^^@^^@^^@^^@^^@^^@^^@^^@^^@^^@^^@^^@^^@^^@^^@^^@^^@^^@^^@^^@^^@^^@^^@^^@
^^@^^@^^@^^@^^@^^@^^@^^@^^@^^@^^@^^@^^@^^@^^@^^@^^@^^@^^@^^@^^@^^@^^@^^@^^@^^@^
^@^^@^^@^^@^^@^^@^^@^^@^^@^^@^^@^^@^^@^^@^^@^^@^^@^^@^^@^^@^^@^^@^^@^^@^^@^^@^^
@^^@^^@^^@^^@^^@^^@^^@^^@^^@^^@^^@^^@^^@^^@^^@^^@^^@^^@^^@^^@^^@^^@^^@^^@^^@^^@
^^@^^@^^@^^@^^@OT1+cmr on input line 414.
(/usr/share/texlive/texmf-dist/tex/latex/tools/.tex Fileignored)

LaTeX Font Warning: Font shape `^^@^^@^^@^^@^^@^^@^^@^^@^^@^^@^^@^^@^^@^^@^^@^^
@^^@^^@^^@^^@^^@^^@^^@^^@^^@^^@^^@^^@^^@^^@^^@^^@^^@^^@^^@^^@^^@^^@^^@^^@^^@^^@
^^@^^@^^@^^@^^@^^@^^@^^@^^@^^@^^@^^@^^@^^@^^@^^@^^@^^@^^@^^@^^@^^@^^@^^@^^@^^@^
^@^^@^^@^^@^^@^^@^^@^^@^^@^^@^^@^^@^^@^^@^^@^^@^^@^^@^^@^^@^^@^^@^^@^^@^^@^^@^^
@^^@^^@^^@^^@^^@^^@^^@^^@^^@^^@^^@^^@^^@^^@^^@^^@^^@^^@^^@^^@^^@^^@^^@^^@OT1/cm
r/m/n' @undefined
(Font)              using `^^@^^@^^@^^@^^@^^@^^@^^@^^@^^@^^@^^@^^@^^@^^@^^@^^@^
^@^^@^^@^^@^^@^^@^^@^^@^^@^^@^^@^^@^^@^^@^^@^^@^^@^^@^^@^^@^^@^^@^^@^^@^^@^^@^^
@^^@^^@^^@^^@^^@^^@^^@^^@^^@^^@^^@^^@^^@^^@^^@^^@^^@^^@^^@^^@^^@^^@^^@^^@^^@^^@
^^@^^@^^@^^@^^@^^@^^@^^@^^@^^@^^@^^@^^@^^@^^@^^@^^@^^@^^@^^@^^@^^@^^@^^@^^@^^@^
^@^^@^^@^^@^^@^^@^^@^^@^^@^^@^^@^^@^^@^^@^^@^^@^^@^^@^^@^^@^^@^^@OT1/cmr/m/n' i
nstead on input line 414.

LaTeX Font Info:    Trying to load font information for ^^@^^@^^@^^@^^@^^@^^@^^
@^^@^^@^^@^^@^^@^^@^^@^^@^^@^^@^^@^^@^^@^^@^^@^^@^^@^^@^^@^^@^^@^^@^^@^^@^^@^^@
^^@^^@^^@^^@^^@^^@^^@^^@^^@^^@^^@^^@^^@^^@^^@^^@^^@^^@^^@^^@^^@^^@^^@^^@^^@^^@^
^@^^@^^@^^@^^@^^@^^@^^@^^@^^@^^@^^@^^@^^@^^@^^@^^@^^@^^@^^@^^@^^@^^@^^@^^@^^@^^
@^^@^^@^^@^^@^^@^^@^^@^^@^^@^^@^^@^^@^^@^^@^^@^^@^^@^^@^^@^^@^^@^^@^^@^^@^^@^^@
^^@^^@^^@^^@^^@^^@OT1+cmr on input line 414.
(/usr/share/texlive/texmf-dist/tex/latex/tools/.tex Fileignored)

LaTeX Font Warning: Font shape `^^@^^@^^@^^@^^@^^@^^@^^@^^@^^@^^@^^@^^@^^@^^@^^
@^^@^^@^^@^^@^^@^^@^^@^^@^^@^^@^^@^^@^^@^^@^^@^^@^^@^^@^^@^^@^^@^^@^^@^^@^^@^^@
^^@^^@^^@^^@^^@^^@^^@^^@^^@^^@^^@^^@^^@^^@^^@^^@^^@^^@^^@^^@^^@^^@^^@^^@^^@^^@^
^@^^@^^@^^@^^@^^@^^@^^@^^@^^@^^@^^@^^@^^@^^@^^@^^@^^@^^@^^@^^@^^@^^@^^@^^@^^@^^
@^^@^^@^^@^^@^^@^^@^^@^^@^^@^^@^^@^^@^^@^^@^^@^^@^^@^^@^^@^^@^^@^^@^^@^^@^^@OT1
/cmr/m/n' @undefined
(Font)              using `^^@^^@^^@^^@^^@^^@^^@^^@^^@^^@^^@^^@^^@^^@^^@^^@^^@^
^@^^@^^@^^@^^@^^@^^@^^@^^@^^@^^@^^@^^@^^@^^@^^@^^@^^@^^@^^@^^@^^@^^@^^@^^@^^@^^
@^^@^^@^^@^^@^^@^^@^^@^^@^^@^^@^^@^^@^^@^^@^^@^^@^^@^^@^^@^^@^^@^^@^^@^^@^^@^^@
^^@^^@^^@^^@^^@^^@^^@^^@^^@^^@^^@^^@^^@^^@^^@^^@^^@^^@^^@^^@^^@^^@^^@^^@^^@^^@^
^@^^@^^@^^@^^@^^@^^@^^@^^@^^@^^@^^@^^@^^@^^@^^@^^@^^@^^@^^@^^@^^@^^@OT1/cmr/m/n
' instead on input line 414.

LaTeX Font Info:    Trying to load font information for ^^@^^@^^@^^@^^@^^@^^@^^
@^^@^^@^^@^^@^^@^^@^^@^^@^^@^^@^^@^^@^^@^^@^^@^^@^^@^^@^^@^^@^^@^^@^^@^^@^^@^^@
^^@^^@^^@^^@^^@^^@^^@^^@^^@^^@^^@^^@^^@^^@^^@^^@^^@^^@^^@^^@^^@^^@^^@^^@^^@^^@^
^@^^@^^@^^@^^@^^@^^@^^@^^@^^@^^@^^@^^@^^@^^@^^@^^@^^@^^@^^@^^@^^@^^@^^@^^@^^@^^
@^^@^^@^^@^^@^^@^^@^^@^^@^^@^^@^^@^^@^^@^^@^^@^^@^^@^^@^^@^^@^^@^^@^^@^^@^^@^^@
^^@^^@^^@^^@^^@^^@^^@OT1+cmr on input line 414.
(/usr/share/texlive/texmf-dist/tex/latex/tools/.tex Fileignored)

LaTeX Font Warning: Font shape `^^@^^@^^@^^@^^@^^@^^@^^@^^@^^@^^@^^@^^@^^@^^@^^
@^^@^^@^^@^^@^^@^^@^^@^^@^^@^^@^^@^^@^^@^^@^^@^^@^^@^^@^^@^^@^^@^^@^^@^^@^^@^^@
^^@^^@^^@^^@^^@^^@^^@^^@^^@^^@^^@^^@^^@^^@^^@^^@^^@^^@^^@^^@^^@^^@^^@^^@^^@^^@^
^@^^@^^@^^@^^@^^@^^@^^@^^@^^@^^@^^@^^@^^@^^@^^@^^@^^@^^@^^@^^@^^@^^@^^@^^@^^@^^
@^^@^^@^^@^^@^^@^^@^^@^^@^^@^^@^^@^^@^^@^^@^^@^^@^^@^^@^^@^^@^^@^^@^^@^^@^^@^^@
OT1/cmr/m/n' @undefined
(Font)              using `^^@^^@^^@^^@^^@^^@^^@^^@^^@^^@^^@^^@^^@^^@^^@^^@^^@^
^@^^@^^@^^@^^@^^@^^@^^@^^@^^@^^@^^@^^@^^@^^@^^@^^@^^@^^@^^@^^@^^@^^@^^@^^@^^@^^
@^^@^^@^^@^^@^^@^^@^^@^^@^^@^^@^^@^^@^^@^^@^^@^^@^^@^^@^^@^^@^^@^^@^^@^^@^^@^^@
^^@^^@^^@^^@^^@^^@^^@^^@^^@^^@^^@^^@^^@^^@^^@^^@^^@^^@^^@^^@^^@^^@^^@^^@^^@^^@^
^@^^@^^@^^@^^@^^@^^@^^@^^@^^@^^@^^@^^@^^@^^@^^@^^@^^@^^@^^@^^@^^@^^@^^@OT1/cmr/
m/n' instead on input line 414.

LaTeX Font Info:    Trying to load font information for ^^@^^@^^@^^@^^@^^@^^@^^
@^^@^^@^^@^^@^^@^^@^^@^^@^^@^^@^^@^^@^^@^^@^^@^^@^^@^^@^^@^^@^^@^^@^^@^^@^^@^^@
^^@^^@^^@^^@^^@^^@^^@^^@^^@^^@^^@^^@^^@^^@^^@^^@^^@^^@^^@^^@^^@^^@^^@^^@^^@^^@^
^@^^@^^@^^@^^@^^@^^@^^@^^@^^@^^@^^@^^@^^@^^@^^@^^@^^@^^@^^@^^@^^@^^@^^@^^@^^@^^
@^^@^^@^^@^^@^^@^^@^^@^^@^^@^^@^^@^^@^^@^^@^^@^^@^^@^^@^^@^^@^^@^^@^^@^^@^^@^^@
^^@^^@^^@^^@^^@^^@^^@^^@OT1+cmr on input line 414.
(/usr/share/texlive/texmf-dist/tex/latex/tools/.tex Fileignored)

LaTeX Font Warning: Font shape `^^@^^@^^@^^@^^@^^@^^@^^@^^@^^@^^@^^@^^@^^@^^@^^
@^^@^^@^^@^^@^^@^^@^^@^^@^^@^^@^^@^^@^^@^^@^^@^^@^^@^^@^^@^^@^^@^^@^^@^^@^^@^^@
^^@^^@^^@^^@^^@^^@^^@^^@^^@^^@^^@^^@^^@^^@^^@^^@^^@^^@^^@^^@^^@^^@^^@^^@^^@^^@^
^@^^@^^@^^@^^@^^@^^@^^@^^@^^@^^@^^@^^@^^@^^@^^@^^@^^@^^@^^@^^@^^@^^@^^@^^@^^@^^
@^^@^^@^^@^^@^^@^^@^^@^^@^^@^^@^^@^^@^^@^^@^^@^^@^^@^^@^^@^^@^^@^^@^^@^^@^^@^^@
^^@OT1/cmr/m/n' @undefined
(Font)              using `^^@^^@^^@^^@^^@^^@^^@^^@^^@^^@^^@^^@^^@^^@^^@^^@^^@^
^@^^@^^@^^@^^@^^@^^@^^@^^@^^@^^@^^@^^@^^@^^@^^@^^@^^@^^@^^@^^@^^@^^@^^@^^@^^@^^
@^^@^^@^^@^^@^^@^^@^^@^^@^^@^^@^^@^^@^^@^^@^^@^^@^^@^^@^^@^^@^^@^^@^^@^^@^^@^^@
^^@^^@^^@^^@^^@^^@^^@^^@^^@^^@^^@^^@^^@^^@^^@^^@^^@^^@^^@^^@^^@^^@^^@^^@^^@^^@^
^@^^@^^@^^@^^@^^@^^@^^@^^@^^@^^@^^@^^@^^@^^@^^@^^@^^@^^@^^@^^@^^@^^@^^@^^@OT1/c
mr/m/n' instead on input line 414.

LaTeX Font Info:    Trying to load font information for ^^@^^@^^@^^@^^@^^@^^@^^
@^^@^^@^^@^^@^^@^^@^^@^^@^^@^^@^^@^^@^^@^^@^^@^^@^^@^^@^^@^^@^^@^^@^^@^^@^^@^^@
^^@^^@^^@^^@^^@^^@^^@^^@^^@^^@^^@^^@^^@^^@^^@^^@^^@^^@^^@^^@^^@^^@^^@^^@^^@^^@^
^@^^@^^@^^@^^@^^@^^@^^@^^@^^@^^@^^@^^@^^@^^@^^@^^@^^@^^@^^@^^@^^@^^@^^@^^@^^@^^
@^^@^^@^^@^^@^^@^^@^^@^^@^^@^^@^^@^^@^^@^^@^^@^^@^^@^^@^^@^^@^^@^^@^^@^^@^^@^^@
^^@^^@^^@^^@^^@^^@^^@^^@^^@OT1+cmr on input line 414.
(/usr/share/texlive/texmf-dist/tex/latex/tools/.tex Fileignored)

LaTeX Font Warning: Font shape `^^@^^@^^@^^@^^@^^@^^@^^@^^@^^@^^@^^@^^@^^@^^@^^
@^^@^^@^^@^^@^^@^^@^^@^^@^^@^^@^^@^^@^^@^^@^^@^^@^^@^^@^^@^^@^^@^^@^^@^^@^^@^^@
^^@^^@^^@^^@^^@^^@^^@^^@^^@^^@^^@^^@^^@^^@^^@^^@^^@^^@^^@^^@^^@^^@^^@^^@^^@^^@^
^@^^@^^@^^@^^@^^@^^@^^@^^@^^@^^@^^@^^@^^@^^@^^@^^@^^@^^@^^@^^@^^@^^@^^@^^@^^@^^
@^^@^^@^^@^^@^^@^^@^^@^^@^^@^^@^^@^^@^^@^^@^^@^^@^^@^^@^^@^^@^^@^^@^^@^^@^^@^^@
^^@^^@OT1/cmr/m/n' @undefined
(Font)              using `^^@^^@^^@^^@^^@^^@^^@^^@^^@^^@^^@^^@^^@^^@^^@^^@^^@^
^@^^@^^@^^@^^@^^@^^@^^@^^@^^@^^@^^@^^@^^@^^@^^@^^@^^@^^@^^@^^@^^@^^@^^@^^@^^@^^
@^^@^^@^^@^^@^^@^^@^^@^^@^^@^^@^^@^^@^^@^^@^^@^^@^^@^^@^^@^^@^^@^^@^^@^^@^^@^^@
^^@^^@^^@^^@^^@^^@^^@^^@^^@^^@^^@^^@^^@^^@^^@^^@^^@^^@^^@^^@^^@^^@^^@^^@^^@^^@^
^@^^@^^@^^@^^@^^@^^@^^@^^@^^@^^@^^@^^@^^@^^@^^@^^@^^@^^@^^@^^@^^@^^@^^@^^@^^@OT
1/cmr/m/n' instead on input line 414.

LaTeX Font Info:    Trying to load font information for ^^@^^@^^@^^@^^@^^@^^@^^
@^^@^^@^^@^^@^^@^^@^^@^^@^^@^^@^^@^^@^^@^^@^^@^^@^^@^^@^^@^^@^^@^^@^^@^^@^^@^^@
^^@^^@^^@^^@^^@^^@^^@^^@^^@^^@^^@^^@^^@^^@^^@^^@^^@^^@^^@^^@^^@^^@^^@^^@^^@^^@^
^@^^@^^@^^@^^@^^@^^@^^@^^@^^@^^@^^@^^@^^@^^@^^@^^@^^@^^@^^@^^@^^@^^@^^@^^@^^@^^
@^^@^^@^^@^^@^^@^^@^^@^^@^^@^^@^^@^^@^^@^^@^^@^^@^^@^^@^^@^^@^^@^^@^^@^^@^^@^^@
^^@^^@^^@^^@^^@^^@^^@^^@^^@^^@OT1+cmr on input line 414.
(/usr/share/texlive/texmf-dist/tex/latex/tools/.tex Fileignored)

LaTeX Font Warning: Font shape `^^@^^@^^@^^@^^@^^@^^@^^@^^@^^@^^@^^@^^@^^@^^@^^
@^^@^^@^^@^^@^^@^^@^^@^^@^^@^^@^^@^^@^^@^^@^^@^^@^^@^^@^^@^^@^^@^^@^^@^^@^^@^^@
^^@^^@^^@^^@^^@^^@^^@^^@^^@^^@^^@^^@^^@^^@^^@^^@^^@^^@^^@^^@^^@^^@^^@^^@^^@^^@^
^@^^@^^@^^@^^@^^@^^@^^@^^@^^@^^@^^@^^@^^@^^@^^@^^@^^@^^@^^@^^@^^@^^@^^@^^@^^@^^
@^^@^^@^^@^^@^^@^^@^^@^^@^^@^^@^^@^^@^^@^^@^^@^^@^^@^^@^^@^^@^^@^^@^^@^^@^^@^^@
^^@^^@^^@OT1/cmr/m/n' @undefined
(Font)              using `^^@^^@^^@^^@^^@^^@^^@^^@^^@^^@^^@^^@^^@^^@^^@^^@^^@^
^@^^@^^@^^@^^@^^@^^@^^@^^@^^@^^@^^@^^@^^@^^@^^@^^@^^@^^@^^@^^@^^@^^@^^@^^@^^@^^
@^^@^^@^^@^^@^^@^^@^^@^^@^^@^^@^^@^^@^^@^^@^^@^^@^^@^^@^^@^^@^^@^^@^^@^^@^^@^^@
^^@^^@^^@^^@^^@^^@^^@^^@^^@^^@^^@^^@^^@^^@^^@^^@^^@^^@^^@^^@^^@^^@^^@^^@^^@^^@^
^@^^@^^@^^@^^@^^@^^@^^@^^@^^@^^@^^@^^@^^@^^@^^@^^@^^@^^@^^@^^@^^@^^@^^@^^@^^@^^
@OT1/cmr/m/n' instead on input line 414.

LaTeX Font Info:    Trying to load font information for ^^@^^@^^@^^@^^@^^@^^@^^
@^^@^^@^^@^^@^^@^^@^^@^^@^^@^^@^^@^^@^^@^^@^^@^^@^^@^^@^^@^^@^^@^^@^^@^^@^^@^^@
^^@^^@^^@^^@^^@^^@^^@^^@^^@^^@^^@^^@^^@^^@^^@^^@^^@^^@^^@^^@^^@^^@^^@^^@^^@^^@^
^@^^@^^@^^@^^@^^@^^@^^@^^@^^@^^@^^@^^@^^@^^@^^@^^@^^@^^@^^@^^@^^@^^@^^@^^@^^@^^
@^^@^^@^^@^^@^^@^^@^^@^^@^^@^^@^^@^^@^^@^^@^^@^^@^^@^^@^^@^^@^^@^^@^^@^^@^^@^^@
^^@^^@^^@^^@^^@^^@^^@^^@^^@^^@^^@OT1+cmr on input line 414.
(/usr/share/texlive/texmf-dist/tex/latex/tools/.tex Fileignored)

LaTeX Font Warning: Font shape `^^@^^@^^@^^@^^@^^@^^@^^@^^@^^@^^@^^@^^@^^@^^@^^
@^^@^^@^^@^^@^^@^^@^^@^^@^^@^^@^^@^^@^^@^^@^^@^^@^^@^^@^^@^^@^^@^^@^^@^^@^^@^^@
^^@^^@^^@^^@^^@^^@^^@^^@^^@^^@^^@^^@^^@^^@^^@^^@^^@^^@^^@^^@^^@^^@^^@^^@^^@^^@^
^@^^@^^@^^@^^@^^@^^@^^@^^@^^@^^@^^@^^@^^@^^@^^@^^@^^@^^@^^@^^@^^@^^@^^@^^@^^@^^
@^^@^^@^^@^^@^^@^^@^^@^^@^^@^^@^^@^^@^^@^^@^^@^^@^^@^^@^^@^^@^^@^^@^^@^^@^^@^^@
^^@^^@^^@^^@OT1/cmr/m/n' @undefined
(Font)              using `^^@^^@^^@^^@^^@^^@^^@^^@^^@^^@^^@^^@^^@^^@^^@^^@^^@^
^@^^@^^@^^@^^@^^@^^@^^@^^@^^@^^@^^@^^@^^@^^@^^@^^@^^@^^@^^@^^@^^@^^@^^@^^@^^@^^
@^^@^^@^^@^^@^^@^^@^^@^^@^^@^^@^^@^^@^^@^^@^^@^^@^^@^^@^^@^^@^^@^^@^^@^^@^^@^^@
^^@^^@^^@^^@^^@^^@^^@^^@^^@^^@^^@^^@^^@^^@^^@^^@^^@^^@^^@^^@^^@^^@^^@^^@^^@^^@^
^@^^@^^@^^@^^@^^@^^@^^@^^@^^@^^@^^@^^@^^@^^@^^@^^@^^@^^@^^@^^@^^@^^@^^@^^@^^@^^
@^^@OT1/cmr/m/n' instead on input line 414.

LaTeX Font Info:    Trying to load font information for ^^@^^@^^@^^@^^@^^@^^@^^
@^^@^^@^^@^^@^^@^^@^^@^^@^^@^^@^^@^^@^^@^^@^^@^^@^^@^^@^^@^^@^^@^^@^^@^^@^^@^^@
^^@^^@^^@^^@^^@^^@^^@^^@^^@^^@^^@^^@^^@^^@^^@^^@^^@^^@^^@^^@^^@^^@^^@^^@^^@^^@^
^@^^@^^@^^@^^@^^@^^@^^@^^@^^@^^@^^@^^@^^@^^@^^@^^@^^@^^@^^@^^@^^@^^@^^@^^@^^@^^
@^^@^^@^^@^^@^^@^^@^^@^^@^^@^^@^^@^^@^^@^^@^^@^^@^^@^^@^^@^^@^^@^^@^^@^^@^^@^^@
^^@^^@^^@^^@^^@^^@^^@^^@^^@^^@^^@^^@OT1+cmr on input line 414.
(/usr/share/texlive/texmf-dist/tex/latex/tools/.tex Fileignored)

LaTeX Font Warning: Font shape `^^@^^@^^@^^@^^@^^@^^@^^@^^@^^@^^@^^@^^@^^@^^@^^
@^^@^^@^^@^^@^^@^^@^^@^^@^^@^^@^^@^^@^^@^^@^^@^^@^^@^^@^^@^^@^^@^^@^^@^^@^^@^^@
^^@^^@^^@^^@^^@^^@^^@^^@^^@^^@^^@^^@^^@^^@^^@^^@^^@^^@^^@^^@^^@^^@^^@^^@^^@^^@^
^@^^@^^@^^@^^@^^@^^@^^@^^@^^@^^@^^@^^@^^@^^@^^@^^@^^@^^@^^@^^@^^@^^@^^@^^@^^@^^
@^^@^^@^^@^^@^^@^^@^^@^^@^^@^^@^^@^^@^^@^^@^^@^^@^^@^^@^^@^^@^^@^^@^^@^^@^^@^^@
^^@^^@^^@^^@^^@OT1/cmr/m/n' @undefined
(Font)              using `^^@^^@^^@^^@^^@^^@^^@^^@^^@^^@^^@^^@^^@^^@^^@^^@^^@^
^@^^@^^@^^@^^@^^@^^@^^@^^@^^@^^@^^@^^@^^@^^@^^@^^@^^@^^@^^@^^@^^@^^@^^@^^@^^@^^
@^^@^^@^^@^^@^^@^^@^^@^^@^^@^^@^^@^^@^^@^^@^^@^^@^^@^^@^^@^^@^^@^^@^^@^^@^^@^^@
^^@^^@^^@^^@^^@^^@^^@^^@^^@^^@^^@^^@^^@^^@^^@^^@^^@^^@^^@^^@^^@^^@^^@^^@^^@^^@^
^@^^@^^@^^@^^@^^@^^@^^@^^@^^@^^@^^@^^@^^@^^@^^@^^@^^@^^@^^@^^@^^@^^@^^@^^@^^@^^
@^^@^^@OT1/cmr/m/n' instead on input line 414.

LaTeX Font Info:    Trying to load font information for ^^@^^@^^@^^@^^@^^@^^@^^
@^^@^^@^^@^^@^^@^^@^^@^^@^^@^^@^^@^^@^^@^^@^^@^^@^^@^^@^^@^^@^^@^^@^^@^^@^^@^^@
^^@^^@^^@^^@^^@^^@^^@^^@^^@^^@^^@^^@^^@^^@^^@^^@^^@^^@^^@^^@^^@^^@^^@^^@^^@^^@^
^@^^@^^@^^@^^@^^@^^@^^@^^@^^@^^@^^@^^@^^@^^@^^@^^@^^@^^@^^@^^@^^@^^@^^@^^@^^@^^
@^^@^^@^^@^^@^^@^^@^^@^^@^^@^^@^^@^^@^^@^^@^^@^^@^^@^^@^^@^^@^^@^^@^^@^^@^^@^^@
^^@^^@^^@^^@^^@^^@^^@^^@^^@^^@^^@^^@^^@OT1+cmr on input line 414.
(/usr/share/texlive/texmf-dist/tex/latex/tools/.tex Fileignored)

LaTeX Font Warning: Font shape `^^@^^@^^@^^@^^@^^@^^@^^@^^@^^@^^@^^@^^@^^@^^@^^
@^^@^^@^^@^^@^^@^^@^^@^^@^^@^^@^^@^^@^^@^^@^^@^^@^^@^^@^^@^^@^^@^^@^^@^^@^^@^^@
^^@^^@^^@^^@^^@^^@^^@^^@^^@^^@^^@^^@^^@^^@^^@^^@^^@^^@^^@^^@^^@^^@^^@^^@^^@^^@^
^@^^@^^@^^@^^@^^@^^@^^@^^@^^@^^@^^@^^@^^@^^@^^@^^@^^@^^@^^@^^@^^@^^@^^@^^@^^@^^
@^^@^^@^^@^^@^^@^^@^^@^^@^^@^^@^^@^^@^^@^^@^^@^^@^^@^^@^^@^^@^^@^^@^^@^^@^^@^^@
^^@^^@^^@^^@^^@^^@OT1/cmr/m/n' @undefined
(Font)              using `^^@^^@^^@^^@^^@^^@^^@^^@^^@^^@^^@^^@^^@^^@^^@^^@^^@^
^@^^@^^@^^@^^@^^@^^@^^@^^@^^@^^@^^@^^@^^@^^@^^@^^@^^@^^@^^@^^@^^@^^@^^@^^@^^@^^
@^^@^^@^^@^^@^^@^^@^^@^^@^^@^^@^^@^^@^^@^^@^^@^^@^^@^^@^^@^^@^^@^^@^^@^^@^^@^^@
^^@^^@^^@^^@^^@^^@^^@^^@^^@^^@^^@^^@^^@^^@^^@^^@^^@^^@^^@^^@^^@^^@^^@^^@^^@^^@^
^@^^@^^@^^@^^@^^@^^@^^@^^@^^@^^@^^@^^@^^@^^@^^@^^@^^@^^@^^@^^@^^@^^@^^@^^@^^@^^
@^^@^^@^^@OT1/cmr/m/n' instead on input line 414.

LaTeX Font Info:    Trying to load font information for ^^@^^@^^@^^@^^@^^@^^@^^
@^^@^^@^^@^^@^^@^^@^^@^^@^^@^^@^^@^^@^^@^^@^^@^^@^^@^^@^^@^^@^^@^^@^^@^^@^^@^^@
^^@^^@^^@^^@^^@^^@^^@^^@^^@^^@^^@^^@^^@^^@^^@^^@^^@^^@^^@^^@^^@^^@^^@^^@^^@^^@^
^@^^@^^@^^@^^@^^@^^@^^@^^@^^@^^@^^@^^@^^@^^@^^@^^@^^@^^@^^@^^@^^@^^@^^@^^@^^@^^
@^^@^^@^^@^^@^^@^^@^^@^^@^^@^^@^^@^^@^^@^^@^^@^^@^^@^^@^^@^^@^^@^^@^^@^^@^^@^^@
^^@^^@^^@^^@^^@^^@^^@^^@^^@^^@^^@^^@^^@^^@OT1+cmr on input line 414.
(/usr/share/texlive/texmf-dist/tex/latex/tools/.tex Fileignored)

LaTeX Font Warning: Font shape `^^@^^@^^@^^@^^@^^@^^@^^@^^@^^@^^@^^@^^@^^@^^@^^
@^^@^^@^^@^^@^^@^^@^^@^^@^^@^^@^^@^^@^^@^^@^^@^^@^^@^^@^^@^^@^^@^^@^^@^^@^^@^^@
^^@^^@^^@^^@^^@^^@^^@^^@^^@^^@^^@^^@^^@^^@^^@^^@^^@^^@^^@^^@^^@^^@^^@^^@^^@^^@^
^@^^@^^@^^@^^@^^@^^@^^@^^@^^@^^@^^@^^@^^@^^@^^@^^@^^@^^@^^@^^@^^@^^@^^@^^@^^@^^
@^^@^^@^^@^^@^^@^^@^^@^^@^^@^^@^^@^^@^^@^^@^^@^^@^^@^^@^^@^^@^^@^^@^^@^^@^^@^^@
^^@^^@^^@^^@^^@^^@^^@OT1/cmr/m/n' @undefined
(Font)              using `^^@^^@^^@^^@^^@^^@^^@^^@^^@^^@^^@^^@^^@^^@^^@^^@^^@^
^@^^@^^@^^@^^@^^@^^@^^@^^@^^@^^@^^@^^@^^@^^@^^@^^@^^@^^@^^@^^@^^@^^@^^@^^@^^@^^
@^^@^^@^^@^^@^^@^^@^^@^^@^^@^^@^^@^^@^^@^^@^^@^^@^^@^^@^^@^^@^^@^^@^^@^^@^^@^^@
^^@^^@^^@^^@^^@^^@^^@^^@^^@^^@^^@^^@^^@^^@^^@^^@^^@^^@^^@^^@^^@^^@^^@^^@^^@^^@^
^@^^@^^@^^@^^@^^@^^@^^@^^@^^@^^@^^@^^@^^@^^@^^@^^@^^@^^@^^@^^@^^@^^@^^@^^@^^@^^
@^^@^^@^^@^^@OT1/cmr/m/n' instead on input line 414.

LaTeX Font Info:    Trying to load font information for ^^@^^@^^@^^@^^@^^@^^@^^
@^^@^^@^^@^^@^^@^^@^^@^^@^^@^^@^^@^^@^^@^^@^^@^^@^^@^^@^^@^^@^^@^^@^^@^^@^^@^^@
^^@^^@^^@^^@^^@^^@^^@^^@^^@^^@^^@^^@^^@^^@^^@^^@^^@^^@^^@^^@^^@^^@^^@^^@^^@^^@^
^@^^@^^@^^@^^@^^@^^@^^@^^@^^@^^@^^@^^@^^@^^@^^@^^@^^@^^@^^@^^@^^@^^@^^@^^@^^@^^
@^^@^^@^^@^^@^^@^^@^^@^^@^^@^^@^^@^^@^^@^^@^^@^^@^^@^^@^^@^^@^^@^^@^^@^^@^^@^^@
^^@^^@^^@^^@^^@^^@^^@^^@^^@^^@^^@^^@^^@^^@^^@OT1+cmr on input line 414.
(/usr/share/texlive/texmf-dist/tex/latex/tools/.tex Fileignored)

LaTeX Font Warning: Font shape `^^@^^@^^@^^@^^@^^@^^@^^@^^@^^@^^@^^@^^@^^@^^@^^
@^^@^^@^^@^^@^^@^^@^^@^^@^^@^^@^^@^^@^^@^^@^^@^^@^^@^^@^^@^^@^^@^^@^^@^^@^^@^^@
^^@^^@^^@^^@^^@^^@^^@^^@^^@^^@^^@^^@^^@^^@^^@^^@^^@^^@^^@^^@^^@^^@^^@^^@^^@^^@^
^@^^@^^@^^@^^@^^@^^@^^@^^@^^@^^@^^@^^@^^@^^@^^@^^@^^@^^@^^@^^@^^@^^@^^@^^@^^@^^
@^^@^^@^^@^^@^^@^^@^^@^^@^^@^^@^^@^^@^^@^^@^^@^^@^^@^^@^^@^^@^^@^^@^^@^^@^^@^^@
^^@^^@^^@^^@^^@^^@^^@^^@OT1/cmr/m/n' @undefined
(Font)              using `^^@^^@^^@^^@^^@^^@^^@^^@^^@^^@^^@^^@^^@^^@^^@^^@^^@^
^@^^@^^@^^@^^@^^@^^@^^@^^@^^@^^@^^@^^@^^@^^@^^@^^@^^@^^@^^@^^@^^@^^@^^@^^@^^@^^
@^^@^^@^^@^^@^^@^^@^^@^^@^^@^^@^^@^^@^^@^^@^^@^^@^^@^^@^^@^^@^^@^^@^^@^^@^^@^^@
^^@^^@^^@^^@^^@^^@^^@^^@^^@^^@^^@^^@^^@^^@^^@^^@^^@^^@^^@^^@^^@^^@^^@^^@^^@^^@^
^@^^@^^@^^@^^@^^@^^@^^@^^@^^@^^@^^@^^@^^@^^@^^@^^@^^@^^@^^@^^@^^@^^@^^@^^@^^@^^
@^^@^^@^^@^^@^^@OT1/cmr/m/n' instead on input line 414.

LaTeX Font Info:    Trying to load font information for ^^@^^@^^@^^@^^@^^@^^@^^
@^^@^^@^^@^^@^^@^^@^^@^^@^^@^^@^^@^^@^^@^^@^^@^^@^^@^^@^^@^^@^^@^^@^^@^^@^^@^^@
^^@^^@^^@^^@^^@^^@^^@^^@^^@^^@^^@^^@^^@^^@^^@^^@^^@^^@^^@^^@^^@^^@^^@^^@^^@^^@^
^@^^@^^@^^@^^@^^@^^@^^@^^@^^@^^@^^@^^@^^@^^@^^@^^@^^@^^@^^@^^@^^@^^@^^@^^@^^@^^
@^^@^^@^^@^^@^^@^^@^^@^^@^^@^^@^^@^^@^^@^^@^^@^^@^^@^^@^^@^^@^^@^^@^^@^^@^^@^^@
^^@^^@^^@^^@^^@^^@^^@^^@^^@^^@^^@^^@^^@^^@^^@^^@OT1+cmr on input line 414.
(/usr/share/texlive/texmf-dist/tex/latex/tools/.tex Fileignored)

LaTeX Font Warning: Font shape `^^@^^@^^@^^@^^@^^@^^@^^@^^@^^@^^@^^@^^@^^@^^@^^
@^^@^^@^^@^^@^^@^^@^^@^^@^^@^^@^^@^^@^^@^^@^^@^^@^^@^^@^^@^^@^^@^^@^^@^^@^^@^^@
^^@^^@^^@^^@^^@^^@^^@^^@^^@^^@^^@^^@^^@^^@^^@^^@^^@^^@^^@^^@^^@^^@^^@^^@^^@^^@^
^@^^@^^@^^@^^@^^@^^@^^@^^@^^@^^@^^@^^@^^@^^@^^@^^@^^@^^@^^@^^@^^@^^@^^@^^@^^@^^
@^^@^^@^^@^^@^^@^^@^^@^^@^^@^^@^^@^^@^^@^^@^^@^^@^^@^^@^^@^^@^^@^^@^^@^^@^^@^^@
^^@^^@^^@^^@^^@^^@^^@^^@^^@OT1/cmr/m/n' @undefined
(Font)              using `^^@^^@^^@^^@^^@^^@^^@^^@^^@^^@^^@^^@^^@^^@^^@^^@^^@^
^@^^@^^@^^@^^@^^@^^@^^@^^@^^@^^@^^@^^@^^@^^@^^@^^@^^@^^@^^@^^@^^@^^@^^@^^@^^@^^
@^^@^^@^^@^^@^^@^^@^^@^^@^^@^^@^^@^^@^^@^^@^^@^^@^^@^^@^^@^^@^^@^^@^^@^^@^^@^^@
^^@^^@^^@^^@^^@^^@^^@^^@^^@^^@^^@^^@^^@^^@^^@^^@^^@^^@^^@^^@^^@^^@^^@^^@^^@^^@^
^@^^@^^@^^@^^@^^@^^@^^@^^@^^@^^@^^@^^@^^@^^@^^@^^@^^@^^@^^@^^@^^@^^@^^@^^@^^@^^
@^^@^^@^^@^^@^^@^^@OT1/cmr/m/n' instead on input line 414.

LaTeX Font Info:    Trying to load font information for ^^@^^@^^@^^@^^@^^@^^@^^
@^^@^^@^^@^^@^^@^^@^^@^^@^^@^^@^^@^^@^^@^^@^^@^^@^^@^^@^^@^^@^^@^^@^^@^^@^^@^^@
^^@^^@^^@^^@^^@^^@^^@^^@^^@^^@^^@^^@^^@^^@^^@^^@^^@^^@^^@^^@^^@^^@^^@^^@^^@^^@^
^@^^@^^@^^@^^@^^@^^@^^@^^@^^@^^@^^@^^@^^@^^@^^@^^@^^@^^@^^@^^@^^@^^@^^@^^@^^@^^
@^^@^^@^^@^^@^^@^^@^^@^^@^^@^^@^^@^^@^^@^^@^^@^^@^^@^^@^^@^^@^^@^^@^^@^^@^^@^^@
^^@^^@^^@^^@^^@^^@^^@^^@^^@^^@^^@^^@^^@^^@^^@^^@^^@OT1+cmr on input line 414.
(/usr/share/texlive/texmf-dist/tex/latex/tools/.tex Fileignored)

LaTeX Font Warning: Font shape `^^@^^@^^@^^@^^@^^@^^@^^@^^@^^@^^@^^@^^@^^@^^@^^
@^^@^^@^^@^^@^^@^^@^^@^^@^^@^^@^^@^^@^^@^^@^^@^^@^^@^^@^^@^^@^^@^^@^^@^^@^^@^^@
^^@^^@^^@^^@^^@^^@^^@^^@^^@^^@^^@^^@^^@^^@^^@^^@^^@^^@^^@^^@^^@^^@^^@^^@^^@^^@^
^@^^@^^@^^@^^@^^@^^@^^@^^@^^@^^@^^@^^@^^@^^@^^@^^@^^@^^@^^@^^@^^@^^@^^@^^@^^@^^
@^^@^^@^^@^^@^^@^^@^^@^^@^^@^^@^^@^^@^^@^^@^^@^^@^^@^^@^^@^^@^^@^^@^^@^^@^^@^^@
^^@^^@^^@^^@^^@^^@^^@^^@^^@^^@OT1/cmr/m/n' @undefined
(Font)              using `^^@^^@^^@^^@^^@^^@^^@^^@^^@^^@^^@^^@^^@^^@^^@^^@^^@^
^@^^@^^@^^@^^@^^@^^@^^@^^@^^@^^@^^@^^@^^@^^@^^@^^@^^@^^@^^@^^@^^@^^@^^@^^@^^@^^
@^^@^^@^^@^^@^^@^^@^^@^^@^^@^^@^^@^^@^^@^^@^^@^^@^^@^^@^^@^^@^^@^^@^^@^^@^^@^^@
^^@^^@^^@^^@^^@^^@^^@^^@^^@^^@^^@^^@^^@^^@^^@^^@^^@^^@^^@^^@^^@^^@^^@^^@^^@^^@^
^@^^@^^@^^@^^@^^@^^@^^@^^@^^@^^@^^@^^@^^@^^@^^@^^@^^@^^@^^@^^@^^@^^@^^@^^@^^@^^
@^^@^^@^^@^^@^^@^^@^^@OT1/cmr/m/n' instead on input line 414.

LaTeX Font Info:    Trying to load font information for ^^@^^@^^@^^@^^@^^@^^@^^
@^^@^^@^^@^^@^^@^^@^^@^^@^^@^^@^^@^^@^^@^^@^^@^^@^^@^^@^^@^^@^^@^^@^^@^^@^^@^^@
^^@^^@^^@^^@^^@^^@^^@^^@^^@^^@^^@^^@^^@^^@^^@^^@^^@^^@^^@^^@^^@^^@^^@^^@^^@^^@^
^@^^@^^@^^@^^@^^@^^@^^@^^@^^@^^@^^@^^@^^@^^@^^@^^@^^@^^@^^@^^@^^@^^@^^@^^@^^@^^
@^^@^^@^^@^^@^^@^^@^^@^^@^^@^^@^^@^^@^^@^^@^^@^^@^^@^^@^^@^^@^^@^^@^^@^^@^^@^^@
^^@^^@^^@^^@^^@^^@^^@^^@^^@^^@^^@^^@^^@^^@^^@^^@^^@^^@OT1+cmr on input line 414
.
(/usr/share/texlive/texmf-dist/tex/latex/tools/.tex Fileignored)

LaTeX Font Warning: Font shape `^^@^^@^^@^^@^^@^^@^^@^^@^^@^^@^^@^^@^^@^^@^^@^^
@^^@^^@^^@^^@^^@^^@^^@^^@^^@^^@^^@^^@^^@^^@^^@^^@^^@^^@^^@^^@^^@^^@^^@^^@^^@^^@
^^@^^@^^@^^@^^@^^@^^@^^@^^@^^@^^@^^@^^@^^@^^@^^@^^@^^@^^@^^@^^@^^@^^@^^@^^@^^@^
^@^^@^^@^^@^^@^^@^^@^^@^^@^^@^^@^^@^^@^^@^^@^^@^^@^^@^^@^^@^^@^^@^^@^^@^^@^^@^^
@^^@^^@^^@^^@^^@^^@^^@^^@^^@^^@^^@^^@^^@^^@^^@^^@^^@^^@^^@^^@^^@^^@^^@^^@^^@^^@
^^@^^@^^@^^@^^@^^@^^@^^@^^@^^@^^@OT1/cmr/m/n' @undefined
(Font)              using `^^@^^@^^@^^@^^@^^@^^@^^@^^@^^@^^@^^@^^@^^@^^@^^@^^@^
^@^^@^^@^^@^^@^^@^^@^^@^^@^^@^^@^^@^^@^^@^^@^^@^^@^^@^^@^^@^^@^^@^^@^^@^^@^^@^^
@^^@^^@^^@^^@^^@^^@^^@^^@^^@^^@^^@^^@^^@^^@^^@^^@^^@^^@^^@^^@^^@^^@^^@^^@^^@^^@
^^@^^@^^@^^@^^@^^@^^@^^@^^@^^@^^@^^@^^@^^@^^@^^@^^@^^@^^@^^@^^@^^@^^@^^@^^@^^@^
^@^^@^^@^^@^^@^^@^^@^^@^^@^^@^^@^^@^^@^^@^^@^^@^^@^^@^^@^^@^^@^^@^^@^^@^^@^^@^^
@^^@^^@^^@^^@^^@^^@^^@^^@OT1/cmr/m/n' instead on input line 414.

LaTeX Font Info:    Trying to load font information for ^^@^^@^^@^^@^^@^^@^^@^^
@^^@^^@^^@^^@^^@^^@^^@^^@^^@^^@^^@^^@^^@^^@^^@^^@^^@^^@^^@^^@^^@^^@^^@^^@^^@^^@
^^@^^@^^@^^@^^@^^@^^@^^@^^@^^@^^@^^@^^@^^@^^@^^@^^@^^@^^@^^@^^@^^@^^@^^@^^@^^@^
^@^^@^^@^^@^^@^^@^^@^^@^^@^^@^^@^^@^^@^^@^^@^^@^^@^^@^^@^^@^^@^^@^^@^^@^^@^^@^^
@^^@^^@^^@^^@^^@^^@^^@^^@^^@^^@^^@^^@^^@^^@^^@^^@^^@^^@^^@^^@^^@^^@^^@^^@^^@^^@
^^@^^@^^@^^@^^@^^@^^@^^@^^@^^@^^@^^@^^@^^@^^@^^@^^@^^@^^@OT1+cmr on input line 
414.
(/usr/share/texlive/texmf-dist/tex/latex/tools/.tex Fileignored)

LaTeX Font Warning: Font shape `^^@^^@^^@^^@^^@^^@^^@^^@^^@^^@^^@^^@^^@^^@^^@^^
@^^@^^@^^@^^@^^@^^@^^@^^@^^@^^@^^@^^@^^@^^@^^@^^@^^@^^@^^@^^@^^@^^@^^@^^@^^@^^@
^^@^^@^^@^^@^^@^^@^^@^^@^^@^^@^^@^^@^^@^^@^^@^^@^^@^^@^^@^^@^^@^^@^^@^^@^^@^^@^
^@^^@^^@^^@^^@^^@^^@^^@^^@^^@^^@^^@^^@^^@^^@^^@^^@^^@^^@^^@^^@^^@^^@^^@^^@^^@^^
@^^@^^@^^@^^@^^@^^@^^@^^@^^@^^@^^@^^@^^@^^@^^@^^@^^@^^@^^@^^@^^@^^@^^@^^@^^@^^@
^^@^^@^^@^^@^^@^^@^^@^^@^^@^^@^^@^^@OT1/cmr/m/n' @undefined
(Font)              using `^^@^^@^^@^^@^^@^^@^^@^^@^^@^^@^^@^^@^^@^^@^^@^^@^^@^
^@^^@^^@^^@^^@^^@^^@^^@^^@^^@^^@^^@^^@^^@^^@^^@^^@^^@^^@^^@^^@^^@^^@^^@^^@^^@^^
@^^@^^@^^@^^@^^@^^@^^@^^@^^@^^@^^@^^@^^@^^@^^@^^@^^@^^@^^@^^@^^@^^@^^@^^@^^@^^@
^^@^^@^^@^^@^^@^^@^^@^^@^^@^^@^^@^^@^^@^^@^^@^^@^^@^^@^^@^^@^^@^^@^^@^^@^^@^^@^
^@^^@^^@^^@^^@^^@^^@^^@^^@^^@^^@^^@^^@^^@^^@^^@^^@^^@^^@^^@^^@^^@^^@^^@^^@^^@^^
@^^@^^@^^@^^@^^@^^@^^@^^@^^@OT1/cmr/m/n' instead on input line 414.

LaTeX Font Info:    Trying to load font information for ^^@^^@^^@^^@^^@^^@^^@^^
@^^@^^@^^@^^@^^@^^@^^@^^@^^@^^@^^@^^@^^@^^@^^@^^@^^@^^@^^@^^@^^@^^@^^@^^@^^@^^@
^^@^^@^^@^^@^^@^^@^^@^^@^^@^^@^^@^^@^^@^^@^^@^^@^^@^^@^^@^^@^^@^^@^^@^^@^^@^^@^
^@^^@^^@^^@^^@^^@^^@^^@^^@^^@^^@^^@^^@^^@^^@^^@^^@^^@^^@^^@^^@^^@^^@^^@^^@^^@^^
@^^@^^@^^@^^@^^@^^@^^@^^@^^@^^@^^@^^@^^@^^@^^@^^@^^@^^@^^@^^@^^@^^@^^@^^@^^@^^@
^^@^^@^^@^^@^^@^^@^^@^^@^^@^^@^^@^^@^^@^^@^^@^^@^^@^^@^^@^^@OT1+cmr on input li
ne 414.
(/usr/share/texlive/texmf-dist/tex/latex/tools/.tex Fileignored)

LaTeX Font Warning: Font shape `^^@^^@^^@^^@^^@^^@^^@^^@^^@^^@^^@^^@^^@^^@^^@^^
@^^@^^@^^@^^@^^@^^@^^@^^@^^@^^@^^@^^@^^@^^@^^@^^@^^@^^@^^@^^@^^@^^@^^@^^@^^@^^@
^^@^^@^^@^^@^^@^^@^^@^^@^^@^^@^^@^^@^^@^^@^^@^^@^^@^^@^^@^^@^^@^^@^^@^^@^^@^^@^
^@^^@^^@^^@^^@^^@^^@^^@^^@^^@^^@^^@^^@^^@^^@^^@^^@^^@^^@^^@^^@^^@^^@^^@^^@^^@^^
@^^@^^@^^@^^@^^@^^@^^@^^@^^@^^@^^@^^@^^@^^@^^@^^@^^@^^@^^@^^@^^@^^@^^@^^@^^@^^@
^^@^^@^^@^^@^^@^^@^^@^^@^^@^^@^^@^^@^^@OT1/cmr/m/n' @undefined
(Font)              using `^^@^^@^^@^^@^^@^^@^^@^^@^^@^^@^^@^^@^^@^^@^^@^^@^^@^
^@^^@^^@^^@^^@^^@^^@^^@^^@^^@^^@^^@^^@^^@^^@^^@^^@^^@^^@^^@^^@^^@^^@^^@^^@^^@^^
@^^@^^@^^@^^@^^@^^@^^@^^@^^@^^@^^@^^@^^@^^@^^@^^@^^@^^@^^@^^@^^@^^@^^@^^@^^@^^@
^^@^^@^^@^^@^^@^^@^^@^^@^^@^^@^^@^^@^^@^^@^^@^^@^^@^^@^^@^^@^^@^^@^^@^^@^^@^^@^
^@^^@^^@^^@^^@^^@^^@^^@^^@^^@^^@^^@^^@^^@^^@^^@^^@^^@^^@^^@^^@^^@^^@^^@^^@^^@^^
@^^@^^@^^@^^@^^@^^@^^@^^@^^@^^@OT1/cmr/m/n' instead on input line 414.

LaTeX Font Info:    Trying to load font information for ^^@^^@^^@^^@^^@^^@^^@^^
@^^@^^@^^@^^@^^@^^@^^@^^@^^@^^@^^@^^@^^@^^@^^@^^@^^@^^@^^@^^@^^@^^@^^@^^@^^@^^@
^^@^^@^^@^^@^^@^^@^^@^^@^^@^^@^^@^^@^^@^^@^^@^^@^^@^^@^^@^^@^^@^^@^^@^^@^^@^^@^
^@^^@^^@^^@^^@^^@^^@^^@^^@^^@^^@^^@^^@^^@^^@^^@^^@^^@^^@^^@^^@^^@^^@^^@^^@^^@^^
@^^@^^@^^@^^@^^@^^@^^@^^@^^@^^@^^@^^@^^@^^@^^@^^@^^@^^@^^@^^@^^@^^@^^@^^@^^@^^@
^^@^^@^^@^^@^^@^^@^^@^^@^^@^^@^^@^^@^^@^^@^^@^^@^^@^^@^^@^^@^^@OT1+cmr on input
 line 414.
(/usr/share/texlive/texmf-dist/tex/latex/tools/.tex Fileignored)

LaTeX Font Warning: Font shape `^^@^^@^^@^^@^^@^^@^^@^^@^^@^^@^^@^^@^^@^^@^^@^^
@^^@^^@^^@^^@^^@^^@^^@^^@^^@^^@^^@^^@^^@^^@^^@^^@^^@^^@^^@^^@^^@^^@^^@^^@^^@^^@
^^@^^@^^@^^@^^@^^@^^@^^@^^@^^@^^@^^@^^@^^@^^@^^@^^@^^@^^@^^@^^@^^@^^@^^@^^@^^@^
^@^^@^^@^^@^^@^^@^^@^^@^^@^^@^^@^^@^^@^^@^^@^^@^^@^^@^^@^^@^^@^^@^^@^^@^^@^^@^^
@^^@^^@^^@^^@^^@^^@^^@^^@^^@^^@^^@^^@^^@^^@^^@^^@^^@^^@^^@^^@^^@^^@^^@^^@^^@^^@
^^@^^@^^@^^@^^@^^@^^@^^@^^@^^@^^@^^@^^@^^@OT1/cmr/m/n' @undefined
(Font)              using `^^@^^@^^@^^@^^@^^@^^@^^@^^@^^@^^@^^@^^@^^@^^@^^@^^@^
^@^^@^^@^^@^^@^^@^^@^^@^^@^^@^^@^^@^^@^^@^^@^^@^^@^^@^^@^^@^^@^^@^^@^^@^^@^^@^^
@^^@^^@^^@^^@^^@^^@^^@^^@^^@^^@^^@^^@^^@^^@^^@^^@^^@^^@^^@^^@^^@^^@^^@^^@^^@^^@
^^@^^@^^@^^@^^@^^@^^@^^@^^@^^@^^@^^@^^@^^@^^@^^@^^@^^@^^@^^@^^@^^@^^@^^@^^@^^@^
^@^^@^^@^^@^^@^^@^^@^^@^^@^^@^^@^^@^^@^^@^^@^^@^^@^^@^^@^^@^^@^^@^^@^^@^^@^^@^^
@^^@^^@^^@^^@^^@^^@^^@^^@^^@^^@^^@OT1/cmr/m/n' instead on input line 414.

LaTeX Font Info:    Trying to load font information for ^^@^^@^^@^^@^^@^^@^^@^^
@^^@^^@^^@^^@^^@^^@^^@^^@^^@^^@^^@^^@^^@^^@^^@^^@^^@^^@^^@^^@^^@^^@^^@^^@^^@^^@
^^@^^@^^@^^@^^@^^@^^@^^@^^@^^@^^@^^@^^@^^@^^@^^@^^@^^@^^@^^@^^@^^@^^@^^@^^@^^@^
^@^^@^^@^^@^^@^^@^^@^^@^^@^^@^^@^^@^^@^^@^^@^^@^^@^^@^^@^^@^^@^^@^^@^^@^^@^^@^^
@^^@^^@^^@^^@^^@^^@^^@^^@^^@^^@^^@^^@^^@^^@^^@^^@^^@^^@^^@^^@^^@^^@^^@^^@^^@^^@
^^@^^@^^@^^@^^@^^@^^@^^@^^@^^@^^@^^@^^@^^@^^@^^@^^@^^@^^@^^@^^@^^@OT1+cmr on in
put line 414.
(/usr/share/texlive/texmf-dist/tex/latex/tools/.tex Fileignored)

LaTeX Font Warning: Font shape `^^@^^@^^@^^@^^@^^@^^@^^@^^@^^@^^@^^@^^@^^@^^@^^
@^^@^^@^^@^^@^^@^^@^^@^^@^^@^^@^^@^^@^^@^^@^^@^^@^^@^^@^^@^^@^^@^^@^^@^^@^^@^^@
^^@^^@^^@^^@^^@^^@^^@^^@^^@^^@^^@^^@^^@^^@^^@^^@^^@^^@^^@^^@^^@^^@^^@^^@^^@^^@^
^@^^@^^@^^@^^@^^@^^@^^@^^@^^@^^@^^@^^@^^@^^@^^@^^@^^@^^@^^@^^@^^@^^@^^@^^@^^@^^
@^^@^^@^^@^^@^^@^^@^^@^^@^^@^^@^^@^^@^^@^^@^^@^^@^^@^^@^^@^^@^^@^^@^^@^^@^^@^^@
^^@^^@^^@^^@^^@^^@^^@^^@^^@^^@^^@^^@^^@^^@^^@OT1/cmr/m/n' @undefined
(Font)              using `^^@^^@^^@^^@^^@^^@^^@^^@^^@^^@^^@^^@^^@^^@^^@^^@^^@^
^@^^@^^@^^@^^@^^@^^@^^@^^@^^@^^@^^@^^@^^@^^@^^@^^@^^@^^@^^@^^@^^@^^@^^@^^@^^@^^
@^^@^^@^^@^^@^^@^^@^^@^^@^^@^^@^^@^^@^^@^^@^^@^^@^^@^^@^^@^^@^^@^^@^^@^^@^^@^^@
^^@^^@^^@^^@^^@^^@^^@^^@^^@^^@^^@^^@^^@^^@^^@^^@^^@^^@^^@^^@^^@^^@^^@^^@^^@^^@^
^@^^@^^@^^@^^@^^@^^@^^@^^@^^@^^@^^@^^@^^@^^@^^@^^@^^@^^@^^@^^@^^@^^@^^@^^@^^@^^
@^^@^^@^^@^^@^^@^^@^^@^^@^^@^^@^^@^^@OT1/cmr/m/n' instead on input line 414.

LaTeX Font Info:    Trying to load font information for ^^@^^@^^@^^@^^@^^@^^@^^
@^^@^^@^^@^^@^^@^^@^^@^^@^^@^^@^^@^^@^^@^^@^^@^^@^^@^^@^^@^^@^^@^^@^^@^^@^^@^^@
^^@^^@^^@^^@^^@^^@^^@^^@^^@^^@^^@^^@^^@^^@^^@^^@^^@^^@^^@^^@^^@^^@^^@^^@^^@^^@^
^@^^@^^@^^@^^@^^@^^@^^@^^@^^@^^@^^@^^@^^@^^@^^@^^@^^@^^@^^@^^@^^@^^@^^@^^@^^@^^
@^^@^^@^^@^^@^^@^^@^^@^^@^^@^^@^^@^^@^^@^^@^^@^^@^^@^^@^^@^^@^^@^^@^^@^^@^^@^^@
^^@^^@^^@^^@^^@^^@^^@^^@^^@^^@^^@^^@^^@^^@^^@^^@^^@^^@^^@^^@^^@^^@^^@OT1+cmr on
 input line 414.
(/usr/share/texlive/texmf-dist/tex/latex/tools/.tex Fileignored)

LaTeX Font Warning: Font shape `^^@^^@^^@^^@^^@^^@^^@^^@^^@^^@^^@^^@^^@^^@^^@^^
@^^@^^@^^@^^@^^@^^@^^@^^@^^@^^@^^@^^@^^@^^@^^@^^@^^@^^@^^@^^@^^@^^@^^@^^@^^@^^@
^^@^^@^^@^^@^^@^^@^^@^^@^^@^^@^^@^^@^^@^^@^^@^^@^^@^^@^^@^^@^^@^^@^^@^^@^^@^^@^
^@^^@^^@^^@^^@^^@^^@^^@^^@^^@^^@^^@^^@^^@^^@^^@^^@^^@^^@^^@^^@^^@^^@^^@^^@^^@^^
@^^@^^@^^@^^@^^@^^@^^@^^@^^@^^@^^@^^@^^@^^@^^@^^@^^@^^@^^@^^@^^@^^@^^@^^@^^@^^@
^^@^^@^^@^^@^^@^^@^^@^^@^^@^^@^^@^^@^^@^^@^^@^^@OT1/cmr/m/n' @undefined
(Font)              using `^^@^^@^^@^^@^^@^^@^^@^^@^^@^^@^^@^^@^^@^^@^^@^^@^^@^
^@^^@^^@^^@^^@^^@^^@^^@^^@^^@^^@^^@^^@^^@^^@^^@^^@^^@^^@^^@^^@^^@^^@^^@^^@^^@^^
@^^@^^@^^@^^@^^@^^@^^@^^@^^@^^@^^@^^@^^@^^@^^@^^@^^@^^@^^@^^@^^@^^@^^@^^@^^@^^@
^^@^^@^^@^^@^^@^^@^^@^^@^^@^^@^^@^^@^^@^^@^^@^^@^^@^^@^^@^^@^^@^^@^^@^^@^^@^^@^
^@^^@^^@^^@^^@^^@^^@^^@^^@^^@^^@^^@^^@^^@^^@^^@^^@^^@^^@^^@^^@^^@^^@^^@^^@^^@^^
@^^@^^@^^@^^@^^@^^@^^@^^@^^@^^@^^@^^@^^@OT1/cmr/m/n' instead on input line 414.


LaTeX Font Info:    Trying to load font information for ^^@^^@^^@^^@^^@^^@^^@^^
@^^@^^@^^@^^@^^@^^@^^@^^@^^@^^@^^@^^@^^@^^@^^@^^@^^@^^@^^@^^@^^@^^@^^@^^@^^@^^@
^^@^^@^^@^^@^^@^^@^^@^^@^^@^^@^^@^^@^^@^^@^^@^^@^^@^^@^^@^^@^^@^^@^^@^^@^^@^^@^
^@^^@^^@^^@^^@^^@^^@^^@^^@^^@^^@^^@^^@^^@^^@^^@^^@^^@^^@^^@^^@^^@^^@^^@^^@^^@^^
@^^@^^@^^@^^@^^@^^@^^@^^@^^@^^@^^@^^@^^@^^@^^@^^@^^@^^@^^@^^@^^@^^@^^@^^@^^@^^@
^^@^^@^^@^^@^^@^^@^^@^^@^^@^^@^^@^^@^^@^^@^^@^^@^^@^^@^^@^^@^^@^^@^^@^^@OT1+cmr
 on input line 414.
(/usr/share/texlive/texmf-dist/tex/latex/tools/.tex Fileignored)

LaTeX Font Warning: Font shape `^^@^^@^^@^^@^^@^^@^^@^^@^^@^^@^^@^^@^^@^^@^^@^^
@^^@^^@^^@^^@^^@^^@^^@^^@^^@^^@^^@^^@^^@^^@^^@^^@^^@^^@^^@^^@^^@^^@^^@^^@^^@^^@
^^@^^@^^@^^@^^@^^@^^@^^@^^@^^@^^@^^@^^@^^@^^@^^@^^@^^@^^@^^@^^@^^@^^@^^@^^@^^@^
^@^^@^^@^^@^^@^^@^^@^^@^^@^^@^^@^^@^^@^^@^^@^^@^^@^^@^^@^^@^^@^^@^^@^^@^^@^^@^^
@^^@^^@^^@^^@^^@^^@^^@^^@^^@^^@^^@^^@^^@^^@^^@^^@^^@^^@^^@^^@^^@^^@^^@^^@^^@^^@
^^@^^@^^@^^@^^@^^@^^@^^@^^@^^@^^@^^@^^@^^@^^@^^@^^@OT1/cmr/m/n' @undefined
(Font)              using `^^@^^@^^@^^@^^@^^@^^@^^@^^@^^@^^@^^@^^@^^@^^@^^@^^@^
^@^^@^^@^^@^^@^^@^^@^^@^^@^^@^^@^^@^^@^^@^^@^^@^^@^^@^^@^^@^^@^^@^^@^^@^^@^^@^^
@^^@^^@^^@^^@^^@^^@^^@^^@^^@^^@^^@^^@^^@^^@^^@^^@^^@^^@^^@^^@^^@^^@^^@^^@^^@^^@
^^@^^@^^@^^@^^@^^@^^@^^@^^@^^@^^@^^@^^@^^@^^@^^@^^@^^@^^@^^@^^@^^@^^@^^@^^@^^@^
^@^^@^^@^^@^^@^^@^^@^^@^^@^^@^^@^^@^^@^^@^^@^^@^^@^^@^^@^^@^^@^^@^^@^^@^^@^^@^^
@^^@^^@^^@^^@^^@^^@^^@^^@^^@^^@^^@^^@^^@^^@OT1/cmr/m/n' instead on input line 4
14.

LaTeX Font Info:    Trying to load font information for ^^@^^@^^@^^@^^@^^@^^@^^
@^^@^^@^^@^^@^^@^^@^^@^^@^^@^^@^^@^^@^^@^^@^^@^^@^^@^^@^^@^^@^^@^^@^^@^^@^^@^^@
^^@^^@^^@^^@^^@^^@^^@^^@^^@^^@^^@^^@^^@^^@^^@^^@^^@^^@^^@^^@^^@^^@^^@^^@^^@^^@^
^@^^@^^@^^@^^@^^@^^@^^@^^@^^@^^@^^@^^@^^@^^@^^@^^@^^@^^@^^@^^@^^@^^@^^@^^@^^@^^
@^^@^^@^^@^^@^^@^^@^^@^^@^^@^^@^^@^^@^^@^^@^^@^^@^^@^^@^^@^^@^^@^^@^^@^^@^^@^^@
^^@^^@^^@^^@^^@^^@^^@^^@^^@^^@^^@^^@^^@^^@^^@^^@^^@^^@^^@^^@^^@^^@^^@^^@^^@OT1+
cmr on input line 414.
(/usr/share/texlive/texmf-dist/tex/latex/tools/.tex Fileignored)

LaTeX Font Warning: Font shape `^^@^^@^^@^^@^^@^^@^^@^^@^^@^^@^^@^^@^^@^^@^^@^^
@^^@^^@^^@^^@^^@^^@^^@^^@^^@^^@^^@^^@^^@^^@^^@^^@^^@^^@^^@^^@^^@^^@^^@^^@^^@^^@
^^@^^@^^@^^@^^@^^@^^@^^@^^@^^@^^@^^@^^@^^@^^@^^@^^@^^@^^@^^@^^@^^@^^@^^@^^@^^@^
^@^^@^^@^^@^^@^^@^^@^^@^^@^^@^^@^^@^^@^^@^^@^^@^^@^^@^^@^^@^^@^^@^^@^^@^^@^^@^^
@^^@^^@^^@^^@^^@^^@^^@^^@^^@^^@^^@^^@^^@^^@^^@^^@^^@^^@^^@^^@^^@^^@^^@^^@^^@^^@
^^@^^@^^@^^@^^@^^@^^@^^@^^@^^@^^@^^@^^@^^@^^@^^@^^@^^@OT1/cmr/m/n' @undefined
(Font)              using `^^@^^@^^@^^@^^@^^@^^@^^@^^@^^@^^@^^@^^@^^@^^@^^@^^@^
^@^^@^^@^^@^^@^^@^^@^^@^^@^^@^^@^^@^^@^^@^^@^^@^^@^^@^^@^^@^^@^^@^^@^^@^^@^^@^^
@^^@^^@^^@^^@^^@^^@^^@^^@^^@^^@^^@^^@^^@^^@^^@^^@^^@^^@^^@^^@^^@^^@^^@^^@^^@^^@
^^@^^@^^@^^@^^@^^@^^@^^@^^@^^@^^@^^@^^@^^@^^@^^@^^@^^@^^@^^@^^@^^@^^@^^@^^@^^@^
^@^^@^^@^^@^^@^^@^^@^^@^^@^^@^^@^^@^^@^^@^^@^^@^^@^^@^^@^^@^^@^^@^^@^^@^^@^^@^^
@^^@^^@^^@^^@^^@^^@^^@^^@^^@^^@^^@^^@^^@^^@^^@OT1/cmr/m/n' instead on input lin
e 414.

LaTeX Font Info:    Trying to load font information for ^^@^^@^^@^^@^^@^^@^^@^^
@^^@^^@^^@^^@^^@^^@^^@^^@^^@^^@^^@^^@^^@^^@^^@^^@^^@^^@^^@^^@^^@^^@^^@^^@^^@^^@
^^@^^@^^@^^@^^@^^@^^@^^@^^@^^@^^@^^@^^@^^@^^@^^@^^@^^@^^@^^@^^@^^@^^@^^@^^@^^@^
^@^^@^^@^^@^^@^^@^^@^^@^^@^^@^^@^^@^^@^^@^^@^^@^^@^^@^^@^^@^^@^^@^^@^^@^^@^^@^^
@^^@^^@^^@^^@^^@^^@^^@^^@^^@^^@^^@^^@^^@^^@^^@^^@^^@^^@^^@^^@^^@^^@^^@^^@^^@^^@
^^@^^@^^@^^@^^@^^@^^@^^@^^@^^@^^@^^@^^@^^@^^@^^@^^@^^@^^@^^@^^@^^@^^@^^@^^@^^@O
T1+cmr on input line 414.
(/usr/share/texlive/texmf-dist/tex/latex/tools/.tex Fileignored)

LaTeX Font Warning: Font shape `^^@^^@^^@^^@^^@^^@^^@^^@^^@^^@^^@^^@^^@^^@^^@^^
@^^@^^@^^@^^@^^@^^@^^@^^@^^@^^@^^@^^@^^@^^@^^@^^@^^@^^@^^@^^@^^@^^@^^@^^@^^@^^@
^^@^^@^^@^^@^^@^^@^^@^^@^^@^^@^^@^^@^^@^^@^^@^^@^^@^^@^^@^^@^^@^^@^^@^^@^^@^^@^
^@^^@^^@^^@^^@^^@^^@^^@^^@^^@^^@^^@^^@^^@^^@^^@^^@^^@^^@^^@^^@^^@^^@^^@^^@^^@^^
@^^@^^@^^@^^@^^@^^@^^@^^@^^@^^@^^@^^@^^@^^@^^@^^@^^@^^@^^@^^@^^@^^@^^@^^@^^@^^@
^^@^^@^^@^^@^^@^^@^^@^^@^^@^^@^^@^^@^^@^^@^^@^^@^^@^^@^^@OT1/cmr/m/n' @undefine
d
(Font)              using `^^@^^@^^@^^@^^@^^@^^@^^@^^@^^@^^@^^@^^@^^@^^@^^@^^@^
^@^^@^^@^^@^^@^^@^^@^^@^^@^^@^^@^^@^^@^^@^^@^^@^^@^^@^^@^^@^^@^^@^^@^^@^^@^^@^^
@^^@^^@^^@^^@^^@^^@^^@^^@^^@^^@^^@^^@^^@^^@^^@^^@^^@^^@^^@^^@^^@^^@^^@^^@^^@^^@
^^@^^@^^@^^@^^@^^@^^@^^@^^@^^@^^@^^@^^@^^@^^@^^@^^@^^@^^@^^@^^@^^@^^@^^@^^@^^@^
^@^^@^^@^^@^^@^^@^^@^^@^^@^^@^^@^^@^^@^^@^^@^^@^^@^^@^^@^^@^^@^^@^^@^^@^^@^^@^^
@^^@^^@^^@^^@^^@^^@^^@^^@^^@^^@^^@^^@^^@^^@^^@^^@OT1/cmr/m/n' instead on input 
line 414.

LaTeX Font Info:    Trying to load font information for ^^@^^@^^@^^@^^@^^@^^@^^
@^^@^^@^^@^^@^^@^^@^^@^^@^^@^^@^^@^^@^^@^^@^^@^^@^^@^^@^^@^^@^^@^^@^^@^^@^^@^^@
^^@^^@^^@^^@^^@^^@^^@^^@^^@^^@^^@^^@^^@^^@^^@^^@^^@^^@^^@^^@^^@^^@^^@^^@^^@^^@^
^@^^@^^@^^@^^@^^@^^@^^@^^@^^@^^@^^@^^@^^@^^@^^@^^@^^@^^@^^@^^@^^@^^@^^@^^@^^@^^
@^^@^^@^^@^^@^^@^^@^^@^^@^^@^^@^^@^^@^^@^^@^^@^^@^^@^^@^^@^^@^^@^^@^^@^^@^^@^^@
^^@^^@^^@^^@^^@^^@^^@^^@^^@^^@^^@^^@^^@^^@^^@^^@^^@^^@^^@^^@^^@^^@^^@^^@^^@^^@^
^@OT1+cmr on input line 414.
(/usr/share/texlive/texmf-dist/tex/latex/tools/.tex Fileignored)

LaTeX Font Warning: Font shape `^^@^^@^^@^^@^^@^^@^^@^^@^^@^^@^^@^^@^^@^^@^^@^^
@^^@^^@^^@^^@^^@^^@^^@^^@^^@^^@^^@^^@^^@^^@^^@^^@^^@^^@^^@^^@^^@^^@^^@^^@^^@^^@
^^@^^@^^@^^@^^@^^@^^@^^@^^@^^@^^@^^@^^@^^@^^@^^@^^@^^@^^@^^@^^@^^@^^@^^@^^@^^@^
^@^^@^^@^^@^^@^^@^^@^^@^^@^^@^^@^^@^^@^^@^^@^^@^^@^^@^^@^^@^^@^^@^^@^^@^^@^^@^^
@^^@^^@^^@^^@^^@^^@^^@^^@^^@^^@^^@^^@^^@^^@^^@^^@^^@^^@^^@^^@^^@^^@^^@^^@^^@^^@
^^@^^@^^@^^@^^@^^@^^@^^@^^@^^@^^@^^@^^@^^@^^@^^@^^@^^@^^@^^@OT1/cmr/m/n' @undef
ined
(Font)              using `^^@^^@^^@^^@^^@^^@^^@^^@^^@^^@^^@^^@^^@^^@^^@^^@^^@^
^@^^@^^@^^@^^@^^@^^@^^@^^@^^@^^@^^@^^@^^@^^@^^@^^@^^@^^@^^@^^@^^@^^@^^@^^@^^@^^
@^^@^^@^^@^^@^^@^^@^^@^^@^^@^^@^^@^^@^^@^^@^^@^^@^^@^^@^^@^^@^^@^^@^^@^^@^^@^^@
^^@^^@^^@^^@^^@^^@^^@^^@^^@^^@^^@^^@^^@^^@^^@^^@^^@^^@^^@^^@^^@^^@^^@^^@^^@^^@^
^@^^@^^@^^@^^@^^@^^@^^@^^@^^@^^@^^@^^@^^@^^@^^@^^@^^@^^@^^@^^@^^@^^@^^@^^@^^@^^
@^^@^^@^^@^^@^^@^^@^^@^^@^^@^^@^^@^^@^^@^^@^^@^^@^^@OT1/cmr/m/n' instead on inp
ut line 414.

LaTeX Font Info:    Trying to load font information for ^^@^^@^^@^^@^^@^^@^^@^^
@^^@^^@^^@^^@^^@^^@^^@^^@^^@^^@^^@^^@^^@^^@^^@^^@^^@^^@^^@^^@^^@^^@^^@^^@^^@^^@
^^@^^@^^@^^@^^@^^@^^@^^@^^@^^@^^@^^@^^@^^@^^@^^@^^@^^@^^@^^@^^@^^@^^@^^@^^@^^@^
^@^^@^^@^^@^^@^^@^^@^^@^^@^^@^^@^^@^^@^^@^^@^^@^^@^^@^^@^^@^^@^^@^^@^^@^^@^^@^^
@^^@^^@^^@^^@^^@^^@^^@^^@^^@^^@^^@^^@^^@^^@^^@^^@^^@^^@^^@^^@^^@^^@^^@^^@^^@^^@
^^@^^@^^@^^@^^@^^@^^@^^@^^@^^@^^@^^@^^@^^@^^@^^@^^@^^@^^@^^@^^@^^@^^@^^@^^@^^@^
^@^^@OT1+cmr on input line 414.
(/usr/share/texlive/texmf-dist/tex/latex/tools/.tex Fileignored)

LaTeX Font Warning: Font shape `^^@^^@^^@^^@^^@^^@^^@^^@^^@^^@^^@^^@^^@^^@^^@^^
@^^@^^@^^@^^@^^@^^@^^@^^@^^@^^@^^@^^@^^@^^@^^@^^@^^@^^@^^@^^@^^@^^@^^@^^@^^@^^@
^^@^^@^^@^^@^^@^^@^^@^^@^^@^^@^^@^^@^^@^^@^^@^^@^^@^^@^^@^^@^^@^^@^^@^^@^^@^^@^
^@^^@^^@^^@^^@^^@^^@^^@^^@^^@^^@^^@^^@^^@^^@^^@^^@^^@^^@^^@^^@^^@^^@^^@^^@^^@^^
@^^@^^@^^@^^@^^@^^@^^@^^@^^@^^@^^@^^@^^@^^@^^@^^@^^@^^@^^@^^@^^@^^@^^@^^@^^@^^@
^^@^^@^^@^^@^^@^^@^^@^^@^^@^^@^^@^^@^^@^^@^^@^^@^^@^^@^^@^^@^^@OT1/cmr/m/n' @un
defined
(Font)              using `^^@^^@^^@^^@^^@^^@^^@^^@^^@^^@^^@^^@^^@^^@^^@^^@^^@^
^@^^@^^@^^@^^@^^@^^@^^@^^@^^@^^@^^@^^@^^@^^@^^@^^@^^@^^@^^@^^@^^@^^@^^@^^@^^@^^
@^^@^^@^^@^^@^^@^^@^^@^^@^^@^^@^^@^^@^^@^^@^^@^^@^^@^^@^^@^^@^^@^^@^^@^^@^^@^^@
^^@^^@^^@^^@^^@^^@^^@^^@^^@^^@^^@^^@^^@^^@^^@^^@^^@^^@^^@^^@^^@^^@^^@^^@^^@^^@^
^@^^@^^@^^@^^@^^@^^@^^@^^@^^@^^@^^@^^@^^@^^@^^@^^@^^@^^@^^@^^@^^@^^@^^@^^@^^@^^
@^^@^^@^^@^^@^^@^^@^^@^^@^^@^^@^^@^^@^^@^^@^^@^^@^^@^^@OT1/cmr/m/n' instead on 
input line 414.

LaTeX Font Info:    Trying to load font information for ^^@^^@^^@^^@^^@^^@^^@^^
@^^@^^@^^@^^@^^@^^@^^@^^@^^@^^@^^@^^@^^@^^@^^@^^@^^@^^@^^@^^@^^@^^@^^@^^@^^@^^@
^^@^^@^^@^^@^^@^^@^^@^^@^^@^^@^^@^^@^^@^^@^^@^^@^^@^^@^^@^^@^^@^^@^^@^^@^^@^^@^
^@^^@^^@^^@^^@^^@^^@^^@^^@^^@^^@^^@^^@^^@^^@^^@^^@^^@^^@^^@^^@^^@^^@^^@^^@^^@^^
@^^@^^@^^@^^@^^@^^@^^@^^@^^@^^@^^@^^@^^@^^@^^@^^@^^@^^@^^@^^@^^@^^@^^@^^@^^@^^@
^^@^^@^^@^^@^^@^^@^^@^^@^^@^^@^^@^^@^^@^^@^^@^^@^^@^^@^^@^^@^^@^^@^^@^^@^^@^^@^
^@^^@^^@OT1+cmr on input line 414.
(/usr/share/texlive/texmf-dist/tex/latex/tools/.tex Fileignored)

LaTeX Font Warning: Font shape `^^@^^@^^@^^@^^@^^@^^@^^@^^@^^@^^@^^@^^@^^@^^@^^
@^^@^^@^^@^^@^^@^^@^^@^^@^^@^^@^^@^^@^^@^^@^^@^^@^^@^^@^^@^^@^^@^^@^^@^^@^^@^^@
^^@^^@^^@^^@^^@^^@^^@^^@^^@^^@^^@^^@^^@^^@^^@^^@^^@^^@^^@^^@^^@^^@^^@^^@^^@^^@^
^@^^@^^@^^@^^@^^@^^@^^@^^@^^@^^@^^@^^@^^@^^@^^@^^@^^@^^@^^@^^@^^@^^@^^@^^@^^@^^
@^^@^^@^^@^^@^^@^^@^^@^^@^^@^^@^^@^^@^^@^^@^^@^^@^^@^^@^^@^^@^^@^^@^^@^^@^^@^^@
^^@^^@^^@^^@^^@^^@^^@^^@^^@^^@^^@^^@^^@^^@^^@^^@^^@^^@^^@^^@^^@^^@OT1/cmr/m/n' 
@undefined
(Font)              using `^^@^^@^^@^^@^^@^^@^^@^^@^^@^^@^^@^^@^^@^^@^^@^^@^^@^
^@^^@^^@^^@^^@^^@^^@^^@^^@^^@^^@^^@^^@^^@^^@^^@^^@^^@^^@^^@^^@^^@^^@^^@^^@^^@^^
@^^@^^@^^@^^@^^@^^@^^@^^@^^@^^@^^@^^@^^@^^@^^@^^@^^@^^@^^@^^@^^@^^@^^@^^@^^@^^@
^^@^^@^^@^^@^^@^^@^^@^^@^^@^^@^^@^^@^^@^^@^^@^^@^^@^^@^^@^^@^^@^^@^^@^^@^^@^^@^
^@^^@^^@^^@^^@^^@^^@^^@^^@^^@^^@^^@^^@^^@^^@^^@^^@^^@^^@^^@^^@^^@^^@^^@^^@^^@^^
@^^@^^@^^@^^@^^@^^@^^@^^@^^@^^@^^@^^@^^@^^@^^@^^@^^@^^@^^@OT1/cmr/m/n' instead 
on input line 414.

LaTeX Font Info:    Trying to load font information for ^^@^^@^^@^^@^^@^^@^^@^^
@^^@^^@^^@^^@^^@^^@^^@^^@^^@^^@^^@^^@^^@^^@^^@^^@^^@^^@^^@^^@^^@^^@^^@^^@^^@^^@
^^@^^@^^@^^@^^@^^@^^@^^@^^@^^@^^@^^@^^@^^@^^@^^@^^@^^@^^@^^@^^@^^@^^@^^@^^@^^@^
^@^^@^^@^^@^^@^^@^^@^^@^^@^^@^^@^^@^^@^^@^^@^^@^^@^^@^^@^^@^^@^^@^^@^^@^^@^^@^^
@^^@^^@^^@^^@^^@^^@^^@^^@^^@^^@^^@^^@^^@^^@^^@^^@^^@^^@^^@^^@^^@^^@^^@^^@^^@^^@
^^@^^@^^@^^@^^@^^@^^@^^@^^@^^@^^@^^@^^@^^@^^@^^@^^@^^@^^@^^@^^@^^@^^@^^@^^@^^@^
^@^^@^^@^^@OT1+cmr on input line 414.
(/usr/share/texlive/texmf-dist/tex/latex/tools/.tex Fileignored)

LaTeX Font Warning: Font shape `^^@^^@^^@^^@^^@^^@^^@^^@^^@^^@^^@^^@^^@^^@^^@^^
@^^@^^@^^@^^@^^@^^@^^@^^@^^@^^@^^@^^@^^@^^@^^@^^@^^@^^@^^@^^@^^@^^@^^@^^@^^@^^@
^^@^^@^^@^^@^^@^^@^^@^^@^^@^^@^^@^^@^^@^^@^^@^^@^^@^^@^^@^^@^^@^^@^^@^^@^^@^^@^
^@^^@^^@^^@^^@^^@^^@^^@^^@^^@^^@^^@^^@^^@^^@^^@^^@^^@^^@^^@^^@^^@^^@^^@^^@^^@^^
@^^@^^@^^@^^@^^@^^@^^@^^@^^@^^@^^@^^@^^@^^@^^@^^@^^@^^@^^@^^@^^@^^@^^@^^@^^@^^@
^^@^^@^^@^^@^^@^^@^^@^^@^^@^^@^^@^^@^^@^^@^^@^^@^^@^^@^^@^^@^^@^^@^^@OT1/cmr/m/
n' @undefined
(Font)              using `^^@^^@^^@^^@^^@^^@^^@^^@^^@^^@^^@^^@^^@^^@^^@^^@^^@^
^@^^@^^@^^@^^@^^@^^@^^@^^@^^@^^@^^@^^@^^@^^@^^@^^@^^@^^@^^@^^@^^@^^@^^@^^@^^@^^
@^^@^^@^^@^^@^^@^^@^^@^^@^^@^^@^^@^^@^^@^^@^^@^^@^^@^^@^^@^^@^^@^^@^^@^^@^^@^^@
^^@^^@^^@^^@^^@^^@^^@^^@^^@^^@^^@^^@^^@^^@^^@^^@^^@^^@^^@^^@^^@^^@^^@^^@^^@^^@^
^@^^@^^@^^@^^@^^@^^@^^@^^@^^@^^@^^@^^@^^@^^@^^@^^@^^@^^@^^@^^@^^@^^@^^@^^@^^@^^
@^^@^^@^^@^^@^^@^^@^^@^^@^^@^^@^^@^^@^^@^^@^^@^^@^^@^^@^^@^^@OT1/cmr/m/n' inste
ad on input line 414.

LaTeX Font Info:    Trying to load font information for ^^@^^@^^@^^@^^@^^@^^@^^
@^^@^^@^^@^^@^^@^^@^^@^^@^^@^^@^^@^^@^^@^^@^^@^^@^^@^^@^^@^^@^^@^^@^^@^^@^^@^^@
^^@^^@^^@^^@^^@^^@^^@^^@^^@^^@^^@^^@^^@^^@^^@^^@^^@^^@^^@^^@^^@^^@^^@^^@^^@^^@^
^@^^@^^@^^@^^@^^@^^@^^@^^@^^@^^@^^@^^@^^@^^@^^@^^@^^@^^@^^@^^@^^@^^@^^@^^@^^@^^
@^^@^^@^^@^^@^^@^^@^^@^^@^^@^^@^^@^^@^^@^^@^^@^^@^^@^^@^^@^^@^^@^^@^^@^^@^^@^^@
^^@^^@^^@^^@^^@^^@^^@^^@^^@^^@^^@^^@^^@^^@^^@^^@^^@^^@^^@^^@^^@^^@^^@^^@^^@^^@^
^@^^@^^@^^@^^@OT1+cmr on input line 414.
(/usr/share/texlive/texmf-dist/tex/latex/tools/.tex Fileignored)

LaTeX Font Warning: Font shape `^^@^^@^^@^^@^^@^^@^^@^^@^^@^^@^^@^^@^^@^^@^^@^^
@^^@^^@^^@^^@^^@^^@^^@^^@^^@^^@^^@^^@^^@^^@^^@^^@^^@^^@^^@^^@^^@^^@^^@^^@^^@^^@
^^@^^@^^@^^@^^@^^@^^@^^@^^@^^@^^@^^@^^@^^@^^@^^@^^@^^@^^@^^@^^@^^@^^@^^@^^@^^@^
^@^^@^^@^^@^^@^^@^^@^^@^^@^^@^^@^^@^^@^^@^^@^^@^^@^^@^^@^^@^^@^^@^^@^^@^^@^^@^^
@^^@^^@^^@^^@^^@^^@^^@^^@^^@^^@^^@^^@^^@^^@^^@^^@^^@^^@^^@^^@^^@^^@^^@^^@^^@^^@
^^@^^@^^@^^@^^@^^@^^@^^@^^@^^@^^@^^@^^@^^@^^@^^@^^@^^@^^@^^@^^@^^@^^@^^@OT1/cmr
/m/n' @undefined
(Font)              using `^^@^^@^^@^^@^^@^^@^^@^^@^^@^^@^^@^^@^^@^^@^^@^^@^^@^
^@^^@^^@^^@^^@^^@^^@^^@^^@^^@^^@^^@^^@^^@^^@^^@^^@^^@^^@^^@^^@^^@^^@^^@^^@^^@^^
@^^@^^@^^@^^@^^@^^@^^@^^@^^@^^@^^@^^@^^@^^@^^@^^@^^@^^@^^@^^@^^@^^@^^@^^@^^@^^@
^^@^^@^^@^^@^^@^^@^^@^^@^^@^^@^^@^^@^^@^^@^^@^^@^^@^^@^^@^^@^^@^^@^^@^^@^^@^^@^
^@^^@^^@^^@^^@^^@^^@^^@^^@^^@^^@^^@^^@^^@^^@^^@^^@^^@^^@^^@^^@^^@^^@^^@^^@^^@^^
@^^@^^@^^@^^@^^@^^@^^@^^@^^@^^@^^@^^@^^@^^@^^@^^@^^@^^@^^@^^@^^@OT1/cmr/m/n' in
stead on input line 414.

LaTeX Font Info:    Trying to load font information for ^^@^^@^^@^^@^^@^^@^^@^^
@^^@^^@^^@^^@^^@^^@^^@^^@^^@^^@^^@^^@^^@^^@^^@^^@^^@^^@^^@^^@^^@^^@^^@^^@^^@^^@
^^@^^@^^@^^@^^@^^@^^@^^@^^@^^@^^@^^@^^@^^@^^@^^@^^@^^@^^@^^@^^@^^@^^@^^@^^@^^@^
^@^^@^^@^^@^^@^^@^^@^^@^^@^^@^^@^^@^^@^^@^^@^^@^^@^^@^^@^^@^^@^^@^^@^^@^^@^^@^^
@^^@^^@^^@^^@^^@^^@^^@^^@^^@^^@^^@^^@^^@^^@^^@^^@^^@^^@^^@^^@^^@^^@^^@^^@^^@^^@
^^@^^@^^@^^@^^@^^@^^@^^@^^@^^@^^@^^@^^@^^@^^@^^@^^@^^@^^@^^@^^@^^@^^@^^@^^@^^@^
^@^^@^^@^^@^^@^^@OT1+cmr on input line 414.
(/usr/share/texlive/texmf-dist/tex/latex/tools/.tex Fileignored)

LaTeX Font Warning: Font shape `^^@^^@^^@^^@^^@^^@^^@^^@^^@^^@^^@^^@^^@^^@^^@^^
@^^@^^@^^@^^@^^@^^@^^@^^@^^@^^@^^@^^@^^@^^@^^@^^@^^@^^@^^@^^@^^@^^@^^@^^@^^@^^@
^^@^^@^^@^^@^^@^^@^^@^^@^^@^^@^^@^^@^^@^^@^^@^^@^^@^^@^^@^^@^^@^^@^^@^^@^^@^^@^
^@^^@^^@^^@^^@^^@^^@^^@^^@^^@^^@^^@^^@^^@^^@^^@^^@^^@^^@^^@^^@^^@^^@^^@^^@^^@^^
@^^@^^@^^@^^@^^@^^@^^@^^@^^@^^@^^@^^@^^@^^@^^@^^@^^@^^@^^@^^@^^@^^@^^@^^@^^@^^@
^^@^^@^^@^^@^^@^^@^^@^^@^^@^^@^^@^^@^^@^^@^^@^^@^^@^^@^^@^^@^^@^^@^^@^^@^^@OT1/
cmr/m/n' @undefined
(Font)              using `^^@^^@^^@^^@^^@^^@^^@^^@^^@^^@^^@^^@^^@^^@^^@^^@^^@^
^@^^@^^@^^@^^@^^@^^@^^@^^@^^@^^@^^@^^@^^@^^@^^@^^@^^@^^@^^@^^@^^@^^@^^@^^@^^@^^
@^^@^^@^^@^^@^^@^^@^^@^^@^^@^^@^^@^^@^^@^^@^^@^^@^^@^^@^^@^^@^^@^^@^^@^^@^^@^^@
^^@^^@^^@^^@^^@^^@^^@^^@^^@^^@^^@^^@^^@^^@^^@^^@^^@^^@^^@^^@^^@^^@^^@^^@^^@^^@^
^@^^@^^@^^@^^@^^@^^@^^@^^@^^@^^@^^@^^@^^@^^@^^@^^@^^@^^@^^@^^@^^@^^@^^@^^@^^@^^
@^^@^^@^^@^^@^^@^^@^^@^^@^^@^^@^^@^^@^^@^^@^^@^^@^^@^^@^^@^^@^^@^^@OT1/cmr/m/n'
 instead on input line 414.

LaTeX Font Info:    Trying to load font information for ^^@^^@^^@^^@^^@^^@^^@^^
@^^@^^@^^@^^@^^@^^@^^@^^@^^@^^@^^@^^@^^@^^@^^@^^@^^@^^@^^@^^@^^@^^@^^@^^@^^@^^@
^^@^^@^^@^^@^^@^^@^^@^^@^^@^^@^^@^^@^^@^^@^^@^^@^^@^^@^^@^^@^^@^^@^^@^^@^^@^^@^
^@^^@^^@^^@^^@^^@^^@^^@^^@^^@^^@^^@^^@^^@^^@^^@^^@^^@^^@^^@^^@^^@^^@^^@^^@^^@^^
@^^@^^@^^@^^@^^@^^@^^@^^@^^@^^@^^@^^@^^@^^@^^@^^@^^@^^@^^@^^@^^@^^@^^@^^@^^@^^@
^^@^^@^^@^^@^^@^^@^^@^^@^^@^^@^^@^^@^^@^^@^^@^^@^^@^^@^^@^^@^^@^^@^^@^^@^^@^^@^
^@^^@^^@^^@^^@^^@^^@OT1+cmr on input line 414.
(/usr/share/texlive/texmf-dist/tex/latex/tools/.tex Fileignored)

LaTeX Font Warning: Font shape `^^@^^@^^@^^@^^@^^@^^@^^@^^@^^@^^@^^@^^@^^@^^@^^
@^^@^^@^^@^^@^^@^^@^^@^^@^^@^^@^^@^^@^^@^^@^^@^^@^^@^^@^^@^^@^^@^^@^^@^^@^^@^^@
^^@^^@^^@^^@^^@^^@^^@^^@^^@^^@^^@^^@^^@^^@^^@^^@^^@^^@^^@^^@^^@^^@^^@^^@^^@^^@^
^@^^@^^@^^@^^@^^@^^@^^@^^@^^@^^@^^@^^@^^@^^@^^@^^@^^@^^@^^@^^@^^@^^@^^@^^@^^@^^
@^^@^^@^^@^^@^^@^^@^^@^^@^^@^^@^^@^^@^^@^^@^^@^^@^^@^^@^^@^^@^^@^^@^^@^^@^^@^^@
^^@^^@^^@^^@^^@^^@^^@^^@^^@^^@^^@^^@^^@^^@^^@^^@^^@^^@^^@^^@^^@^^@^^@^^@^^@^^@O
T1/cmr/m/n' @undefined
(Font)              using `^^@^^@^^@^^@^^@^^@^^@^^@^^@^^@^^@^^@^^@^^@^^@^^@^^@^
^@^^@^^@^^@^^@^^@^^@^^@^^@^^@^^@^^@^^@^^@^^@^^@^^@^^@^^@^^@^^@^^@^^@^^@^^@^^@^^
@^^@^^@^^@^^@^^@^^@^^@^^@^^@^^@^^@^^@^^@^^@^^@^^@^^@^^@^^@^^@^^@^^@^^@^^@^^@^^@
^^@^^@^^@^^@^^@^^@^^@^^@^^@^^@^^@^^@^^@^^@^^@^^@^^@^^@^^@^^@^^@^^@^^@^^@^^@^^@^
^@^^@^^@^^@^^@^^@^^@^^@^^@^^@^^@^^@^^@^^@^^@^^@^^@^^@^^@^^@^^@^^@^^@^^@^^@^^@^^
@^^@^^@^^@^^@^^@^^@^^@^^@^^@^^@^^@^^@^^@^^@^^@^^@^^@^^@^^@^^@^^@^^@^^@OT1/cmr/m
/n' instead on input line 414.

LaTeX Font Info:    Trying to load font information for ^^@^^@^^@^^@^^@^^@^^@^^
@^^@^^@^^@^^@^^@^^@^^@^^@^^@^^@^^@^^@^^@^^@^^@^^@^^@^^@^^@^^@^^@^^@^^@^^@^^@^^@
^^@^^@^^@^^@^^@^^@^^@^^@^^@^^@^^@^^@^^@^^@^^@^^@^^@^^@^^@^^@^^@^^@^^@^^@^^@^^@^
^@^^@^^@^^@^^@^^@^^@^^@^^@^^@^^@^^@^^@^^@^^@^^@^^@^^@^^@^^@^^@^^@^^@^^@^^@^^@^^
@^^@^^@^^@^^@^^@^^@^^@^^@^^@^^@^^@^^@^^@^^@^^@^^@^^@^^@^^@^^@^^@^^@^^@^^@^^@^^@
^^@^^@^^@^^@^^@^^@^^@^^@^^@^^@^^@^^@^^@^^@^^@^^@^^@^^@^^@^^@^^@^^@^^@^^@^^@^^@^
^@^^@^^@^^@^^@^^@^^@^^@OT1+cmr on input line 414.
(/usr/share/texlive/texmf-dist/tex/latex/tools/.tex Fileignored)

LaTeX Font Warning: Font shape `^^@^^@^^@^^@^^@^^@^^@^^@^^@^^@^^@^^@^^@^^@^^@^^
@^^@^^@^^@^^@^^@^^@^^@^^@^^@^^@^^@^^@^^@^^@^^@^^@^^@^^@^^@^^@^^@^^@^^@^^@^^@^^@
^^@^^@^^@^^@^^@^^@^^@^^@^^@^^@^^@^^@^^@^^@^^@^^@^^@^^@^^@^^@^^@^^@^^@^^@^^@^^@^
^@^^@^^@^^@^^@^^@^^@^^@^^@^^@^^@^^@^^@^^@^^@^^@^^@^^@^^@^^@^^@^^@^^@^^@^^@^^@^^
@^^@^^@^^@^^@^^@^^@^^@^^@^^@^^@^^@^^@^^@^^@^^@^^@^^@^^@^^@^^@^^@^^@^^@^^@^^@^^@
^^@^^@^^@^^@^^@^^@^^@^^@^^@^^@^^@^^@^^@^^@^^@^^@^^@^^@^^@^^@^^@^^@^^@^^@^^@^^@^
^@OT1/cmr/m/n' @undefined
(Font)              using `^^@^^@^^@^^@^^@^^@^^@^^@^^@^^@^^@^^@^^@^^@^^@^^@^^@^
^@^^@^^@^^@^^@^^@^^@^^@^^@^^@^^@^^@^^@^^@^^@^^@^^@^^@^^@^^@^^@^^@^^@^^@^^@^^@^^
@^^@^^@^^@^^@^^@^^@^^@^^@^^@^^@^^@^^@^^@^^@^^@^^@^^@^^@^^@^^@^^@^^@^^@^^@^^@^^@
^^@^^@^^@^^@^^@^^@^^@^^@^^@^^@^^@^^@^^@^^@^^@^^@^^@^^@^^@^^@^^@^^@^^@^^@^^@^^@^
^@^^@^^@^^@^^@^^@^^@^^@^^@^^@^^@^^@^^@^^@^^@^^@^^@^^@^^@^^@^^@^^@^^@^^@^^@^^@^^
@^^@^^@^^@^^@^^@^^@^^@^^@^^@^^@^^@^^@^^@^^@^^@^^@^^@^^@^^@^^@^^@^^@^^@^^@OT1/cm
r/m/n' instead on input line 414.

LaTeX Font Info:    Trying to load font information for ^^@^^@^^@^^@^^@^^@^^@^^
@^^@^^@^^@^^@^^@^^@^^@^^@^^@^^@^^@^^@^^@^^@^^@^^@^^@^^@^^@^^@^^@^^@^^@^^@^^@^^@
^^@^^@^^@^^@^^@^^@^^@^^@^^@^^@^^@^^@^^@^^@^^@^^@^^@^^@^^@^^@^^@^^@^^@^^@^^@^^@^
^@^^@^^@^^@^^@^^@^^@^^@^^@^^@^^@^^@^^@^^@^^@^^@^^@^^@^^@^^@^^@^^@^^@^^@^^@^^@^^
@^^@^^@^^@^^@^^@^^@^^@^^@^^@^^@^^@^^@^^@^^@^^@^^@^^@^^@^^@^^@^^@^^@^^@^^@^^@^^@
^^@^^@^^@^^@^^@^^@^^@^^@^^@^^@^^@^^@^^@^^@^^@^^@^^@^^@^^@^^@^^@^^@^^@^^@^^@^^@^
^@^^@^^@^^@^^@^^@^^@^^@^^@OT1+cmr on input line 414.
(/usr/share/texlive/texmf-dist/tex/latex/tools/.tex Fileignored)

LaTeX Font Warning: Font shape `^^@^^@^^@^^@^^@^^@^^@^^@^^@^^@^^@^^@^^@^^@^^@^^
@^^@^^@^^@^^@^^@^^@^^@^^@^^@^^@^^@^^@^^@^^@^^@^^@^^@^^@^^@^^@^^@^^@^^@^^@^^@^^@
^^@^^@^^@^^@^^@^^@^^@^^@^^@^^@^^@^^@^^@^^@^^@^^@^^@^^@^^@^^@^^@^^@^^@^^@^^@^^@^
^@^^@^^@^^@^^@^^@^^@^^@^^@^^@^^@^^@^^@^^@^^@^^@^^@^^@^^@^^@^^@^^@^^@^^@^^@^^@^^
@^^@^^@^^@^^@^^@^^@^^@^^@^^@^^@^^@^^@^^@^^@^^@^^@^^@^^@^^@^^@^^@^^@^^@^^@^^@^^@
^^@^^@^^@^^@^^@^^@^^@^^@^^@^^@^^@^^@^^@^^@^^@^^@^^@^^@^^@^^@^^@^^@^^@^^@^^@^^@^
^@^^@OT1/cmr/m/n' @undefined
(Font)              using `^^@^^@^^@^^@^^@^^@^^@^^@^^@^^@^^@^^@^^@^^@^^@^^@^^@^
^@^^@^^@^^@^^@^^@^^@^^@^^@^^@^^@^^@^^@^^@^^@^^@^^@^^@^^@^^@^^@^^@^^@^^@^^@^^@^^
@^^@^^@^^@^^@^^@^^@^^@^^@^^@^^@^^@^^@^^@^^@^^@^^@^^@^^@^^@^^@^^@^^@^^@^^@^^@^^@
^^@^^@^^@^^@^^@^^@^^@^^@^^@^^@^^@^^@^^@^^@^^@^^@^^@^^@^^@^^@^^@^^@^^@^^@^^@^^@^
^@^^@^^@^^@^^@^^@^^@^^@^^@^^@^^@^^@^^@^^@^^@^^@^^@^^@^^@^^@^^@^^@^^@^^@^^@^^@^^
@^^@^^@^^@^^@^^@^^@^^@^^@^^@^^@^^@^^@^^@^^@^^@^^@^^@^^@^^@^^@^^@^^@^^@^^@^^@OT1
/cmr/m/n' instead on input line 414.

LaTeX Font Info:    Trying to load font information for ^^@^^@^^@^^@^^@^^@^^@^^
@^^@^^@^^@^^@^^@^^@^^@^^@^^@^^@^^@^^@^^@^^@^^@^^@^^@^^@^^@^^@^^@^^@^^@^^@^^@^^@
^^@^^@^^@^^@^^@^^@^^@^^@^^@^^@^^@^^@^^@^^@^^@^^@^^@^^@^^@^^@^^@^^@^^@^^@^^@^^@^
^@^^@^^@^^@^^@^^@^^@^^@^^@^^@^^@^^@^^@^^@^^@^^@^^@^^@^^@^^@^^@^^@^^@^^@^^@^^@^^
@^^@^^@^^@^^@^^@^^@^^@^^@^^@^^@^^@^^@^^@^^@^^@^^@^^@^^@^^@^^@^^@^^@^^@^^@^^@^^@
^^@^^@^^@^^@^^@^^@^^@^^@^^@^^@^^@^^@^^@^^@^^@^^@^^@^^@^^@^^@^^@^^@^^@^^@^^@^^@^
^@^^@^^@^^@^^@^^@^^@^^@^^@^^@OT1+cmr on input line 414.
(/usr/share/texlive/texmf-dist/tex/latex/tools/.tex Fileignored)

LaTeX Font Warning: Font shape `^^@^^@^^@^^@^^@^^@^^@^^@^^@^^@^^@^^@^^@^^@^^@^^
@^^@^^@^^@^^@^^@^^@^^@^^@^^@^^@^^@^^@^^@^^@^^@^^@^^@^^@^^@^^@^^@^^@^^@^^@^^@^^@
^^@^^@^^@^^@^^@^^@^^@^^@^^@^^@^^@^^@^^@^^@^^@^^@^^@^^@^^@^^@^^@^^@^^@^^@^^@^^@^
^@^^@^^@^^@^^@^^@^^@^^@^^@^^@^^@^^@^^@^^@^^@^^@^^@^^@^^@^^@^^@^^@^^@^^@^^@^^@^^
@^^@^^@^^@^^@^^@^^@^^@^^@^^@^^@^^@^^@^^@^^@^^@^^@^^@^^@^^@^^@^^@^^@^^@^^@^^@^^@
^^@^^@^^@^^@^^@^^@^^@^^@^^@^^@^^@^^@^^@^^@^^@^^@^^@^^@^^@^^@^^@^^@^^@^^@^^@^^@^
^@^^@^^@OT1/cmr/m/n' @undefined
(Font)              using `^^@^^@^^@^^@^^@^^@^^@^^@^^@^^@^^@^^@^^@^^@^^@^^@^^@^
^@^^@^^@^^@^^@^^@^^@^^@^^@^^@^^@^^@^^@^^@^^@^^@^^@^^@^^@^^@^^@^^@^^@^^@^^@^^@^^
@^^@^^@^^@^^@^^@^^@^^@^^@^^@^^@^^@^^@^^@^^@^^@^^@^^@^^@^^@^^@^^@^^@^^@^^@^^@^^@
^^@^^@^^@^^@^^@^^@^^@^^@^^@^^@^^@^^@^^@^^@^^@^^@^^@^^@^^@^^@^^@^^@^^@^^@^^@^^@^
^@^^@^^@^^@^^@^^@^^@^^@^^@^^@^^@^^@^^@^^@^^@^^@^^@^^@^^@^^@^^@^^@^^@^^@^^@^^@^^
@^^@^^@^^@^^@^^@^^@^^@^^@^^@^^@^^@^^@^^@^^@^^@^^@^^@^^@^^@^^@^^@^^@^^@^^@^^@^^@
OT1/cmr/m/n' instead on input line 414.

LaTeX Font Info:    Trying to load font information for ^^@^^@^^@^^@^^@^^@^^@^^
@^^@^^@^^@^^@^^@^^@^^@^^@^^@^^@^^@^^@^^@^^@^^@^^@^^@^^@^^@^^@^^@^^@^^@^^@^^@^^@
^^@^^@^^@^^@^^@^^@^^@^^@^^@^^@^^@^^@^^@^^@^^@^^@^^@^^@^^@^^@^^@^^@^^@^^@^^@^^@^
^@^^@^^@^^@^^@^^@^^@^^@^^@^^@^^@^^@^^@^^@^^@^^@^^@^^@^^@^^@^^@^^@^^@^^@^^@^^@^^
@^^@^^@^^@^^@^^@^^@^^@^^@^^@^^@^^@^^@^^@^^@^^@^^@^^@^^@^^@^^@^^@^^@^^@^^@^^@^^@
^^@^^@^^@^^@^^@^^@^^@^^@^^@^^@^^@^^@^^@^^@^^@^^@^^@^^@^^@^^@^^@^^@^^@^^@^^@^^@^
^@^^@^^@^^@^^@^^@^^@^^@^^@^^@^^@OT1+cmr on input line 414.
(/usr/share/texlive/texmf-dist/tex/latex/tools/.tex Fileignored)

LaTeX Font Warning: Font shape `^^@^^@^^@^^@^^@^^@^^@^^@^^@^^@^^@^^@^^@^^@^^@^^
@^^@^^@^^@^^@^^@^^@^^@^^@^^@^^@^^@^^@^^@^^@^^@^^@^^@^^@^^@^^@^^@^^@^^@^^@^^@^^@
^^@^^@^^@^^@^^@^^@^^@^^@^^@^^@^^@^^@^^@^^@^^@^^@^^@^^@^^@^^@^^@^^@^^@^^@^^@^^@^
^@^^@^^@^^@^^@^^@^^@^^@^^@^^@^^@^^@^^@^^@^^@^^@^^@^^@^^@^^@^^@^^@^^@^^@^^@^^@^^
@^^@^^@^^@^^@^^@^^@^^@^^@^^@^^@^^@^^@^^@^^@^^@^^@^^@^^@^^@^^@^^@^^@^^@^^@^^@^^@
^^@^^@^^@^^@^^@^^@^^@^^@^^@^^@^^@^^@^^@^^@^^@^^@^^@^^@^^@^^@^^@^^@^^@^^@^^@^^@^
^@^^@^^@^^@OT1/cmr/m/n' @undefined
(Font)              using `^^@^^@^^@^^@^^@^^@^^@^^@^^@^^@^^@^^@^^@^^@^^@^^@^^@^
^@^^@^^@^^@^^@^^@^^@^^@^^@^^@^^@^^@^^@^^@^^@^^@^^@^^@^^@^^@^^@^^@^^@^^@^^@^^@^^
@^^@^^@^^@^^@^^@^^@^^@^^@^^@^^@^^@^^@^^@^^@^^@^^@^^@^^@^^@^^@^^@^^@^^@^^@^^@^^@
^^@^^@^^@^^@^^@^^@^^@^^@^^@^^@^^@^^@^^@^^@^^@^^@^^@^^@^^@^^@^^@^^@^^@^^@^^@^^@^
^@^^@^^@^^@^^@^^@^^@^^@^^@^^@^^@^^@^^@^^@^^@^^@^^@^^@^^@^^@^^@^^@^^@^^@^^@^^@^^
@^^@^^@^^@^^@^^@^^@^^@^^@^^@^^@^^@^^@^^@^^@^^@^^@^^@^^@^^@^^@^^@^^@^^@^^@^^@^^@
^^@OT1/cmr/m/n' instead on input line 414.

LaTeX Font Info:    Trying to load font information for ^^@^^@^^@^^@^^@^^@^^@^^
@^^@^^@^^@^^@^^@^^@^^@^^@^^@^^@^^@^^@^^@^^@^^@^^@^^@^^@^^@^^@^^@^^@^^@^^@^^@^^@
^^@^^@^^@^^@^^@^^@^^@^^@^^@^^@^^@^^@^^@^^@^^@^^@^^@^^@^^@^^@^^@^^@^^@^^@^^@^^@^
^@^^@^^@^^@^^@^^@^^@^^@^^@^^@^^@^^@^^@^^@^^@^^@^^@^^@^^@^^@^^@^^@^^@^^@^^@^^@^^
@^^@^^@^^@^^@^^@^^@^^@^^@^^@^^@^^@^^@^^@^^@^^@^^@^^@^^@^^@^^@^^@^^@^^@^^@^^@^^@
^^@^^@^^@^^@^^@^^@^^@^^@^^@^^@^^@^^@^^@^^@^^@^^@^^@^^@^^@^^@^^@^^@^^@^^@^^@^^@^
^@^^@^^@^^@^^@^^@^^@^^@^^@^^@^^@^^@OT1+cmr on input line 414.
(/usr/share/texlive/texmf-dist/tex/latex/tools/.tex Fileignored)

LaTeX Font Warning: Font shape `^^@^^@^^@^^@^^@^^@^^@^^@^^@^^@^^@^^@^^@^^@^^@^^
@^^@^^@^^@^^@^^@^^@^^@^^@^^@^^@^^@^^@^^@^^@^^@^^@^^@^^@^^@^^@^^@^^@^^@^^@^^@^^@
^^@^^@^^@^^@^^@^^@^^@^^@^^@^^@^^@^^@^^@^^@^^@^^@^^@^^@^^@^^@^^@^^@^^@^^@^^@^^@^
^@^^@^^@^^@^^@^^@^^@^^@^^@^^@^^@^^@^^@^^@^^@^^@^^@^^@^^@^^@^^@^^@^^@^^@^^@^^@^^
@^^@^^@^^@^^@^^@^^@^^@^^@^^@^^@^^@^^@^^@^^@^^@^^@^^@^^@^^@^^@^^@^^@^^@^^@^^@^^@
^^@^^@^^@^^@^^@^^@^^@^^@^^@^^@^^@^^@^^@^^@^^@^^@^^@^^@^^@^^@^^@^^@^^@^^@^^@^^@^
^@^^@^^@^^@^^@OT1/cmr/m/n' @undefined
(Font)              using `^^@^^@^^@^^@^^@^^@^^@^^@^^@^^@^^@^^@^^@^^@^^@^^@^^@^
^@^^@^^@^^@^^@^^@^^@^^@^^@^^@^^@^^@^^@^^@^^@^^@^^@^^@^^@^^@^^@^^@^^@^^@^^@^^@^^
@^^@^^@^^@^^@^^@^^@^^@^^@^^@^^@^^@^^@^^@^^@^^@^^@^^@^^@^^@^^@^^@^^@^^@^^@^^@^^@
^^@^^@^^@^^@^^@^^@^^@^^@^^@^^@^^@^^@^^@^^@^^@^^@^^@^^@^^@^^@^^@^^@^^@^^@^^@^^@^
^@^^@^^@^^@^^@^^@^^@^^@^^@^^@^^@^^@^^@^^@^^@^^@^^@^^@^^@^^@^^@^^@^^@^^@^^@^^@^^
@^^@^^@^^@^^@^^@^^@^^@^^@^^@^^@^^@^^@^^@^^@^^@^^@^^@^^@^^@^^@^^@^^@^^@^^@^^@^^@
^^@^^@OT1/cmr/m/n' instead on input line 414.

LaTeX Font Info:    Trying to load font information for ^^@^^@^^@^^@^^@^^@^^@^^
@^^@^^@^^@^^@^^@^^@^^@^^@^^@^^@^^@^^@^^@^^@^^@^^@^^@^^@^^@^^@^^@^^@^^@^^@^^@^^@
^^@^^@^^@^^@^^@^^@^^@^^@^^@^^@^^@^^@^^@^^@^^@^^@^^@^^@^^@^^@^^@^^@^^@^^@^^@^^@^
^@^^@^^@^^@^^@^^@^^@^^@^^@^^@^^@^^@^^@^^@^^@^^@^^@^^@^^@^^@^^@^^@^^@^^@^^@^^@^^
@^^@^^@^^@^^@^^@^^@^^@^^@^^@^^@^^@^^@^^@^^@^^@^^@^^@^^@^^@^^@^^@^^@^^@^^@^^@^^@
^^@^^@^^@^^@^^@^^@^^@^^@^^@^^@^^@^^@^^@^^@^^@^^@^^@^^@^^@^^@^^@^^@^^@^^@^^@^^@^
^@^^@^^@^^@^^@^^@^^@^^@^^@^^@^^@^^@^^@OT1+cmr on input line 414.
(/usr/share/texlive/texmf-dist/tex/latex/tools/.tex Fileignored)

LaTeX Font Warning: Font shape `^^@^^@^^@^^@^^@^^@^^@^^@^^@^^@^^@^^@^^@^^@^^@^^
@^^@^^@^^@^^@^^@^^@^^@^^@^^@^^@^^@^^@^^@^^@^^@^^@^^@^^@^^@^^@^^@^^@^^@^^@^^@^^@
^^@^^@^^@^^@^^@^^@^^@^^@^^@^^@^^@^^@^^@^^@^^@^^@^^@^^@^^@^^@^^@^^@^^@^^@^^@^^@^
^@^^@^^@^^@^^@^^@^^@^^@^^@^^@^^@^^@^^@^^@^^@^^@^^@^^@^^@^^@^^@^^@^^@^^@^^@^^@^^
@^^@^^@^^@^^@^^@^^@^^@^^@^^@^^@^^@^^@^^@^^@^^@^^@^^@^^@^^@^^@^^@^^@^^@^^@^^@^^@
^^@^^@^^@^^@^^@^^@^^@^^@^^@^^@^^@^^@^^@^^@^^@^^@^^@^^@^^@^^@^^@^^@^^@^^@^^@^^@^
^@^^@^^@^^@^^@^^@OT1/cmr/m/n' @undefined
(Font)              using `^^@^^@^^@^^@^^@^^@^^@^^@^^@^^@^^@^^@^^@^^@^^@^^@^^@^
^@^^@^^@^^@^^@^^@^^@^^@^^@^^@^^@^^@^^@^^@^^@^^@^^@^^@^^@^^@^^@^^@^^@^^@^^@^^@^^
@^^@^^@^^@^^@^^@^^@^^@^^@^^@^^@^^@^^@^^@^^@^^@^^@^^@^^@^^@^^@^^@^^@^^@^^@^^@^^@
^^@^^@^^@^^@^^@^^@^^@^^@^^@^^@^^@^^@^^@^^@^^@^^@^^@^^@^^@^^@^^@^^@^^@^^@^^@^^@^
^@^^@^^@^^@^^@^^@^^@^^@^^@^^@^^@^^@^^@^^@^^@^^@^^@^^@^^@^^@^^@^^@^^@^^@^^@^^@^^
@^^@^^@^^@^^@^^@^^@^^@^^@^^@^^@^^@^^@^^@^^@^^@^^@^^@^^@^^@^^@^^@^^@^^@^^@^^@^^@
^^@^^@^^@OT1/cmr/m/n' instead on input line 414.

LaTeX Font Info:    Trying to load font information for ^^@^^@^^@^^@^^@^^@^^@^^
@^^@^^@^^@^^@^^@^^@^^@^^@^^@^^@^^@^^@^^@^^@^^@^^@^^@^^@^^@^^@^^@^^@^^@^^@^^@^^@
^^@^^@^^@^^@^^@^^@^^@^^@^^@^^@^^@^^@^^@^^@^^@^^@^^@^^@^^@^^@^^@^^@^^@^^@^^@^^@^
^@^^@^^@^^@^^@^^@^^@^^@^^@^^@^^@^^@^^@^^@^^@^^@^^@^^@^^@^^@^^@^^@^^@^^@^^@^^@^^
@^^@^^@^^@^^@^^@^^@^^@^^@^^@^^@^^@^^@^^@^^@^^@^^@^^@^^@^^@^^@^^@^^@^^@^^@^^@^^@
^^@^^@^^@^^@^^@^^@^^@^^@^^@^^@^^@^^@^^@^^@^^@^^@^^@^^@^^@^^@^^@^^@^^@^^@^^@^^@^
^@^^@^^@^^@^^@^^@^^@^^@^^@^^@^^@^^@^^@^^@OT1+cmr on input line 414.
(/usr/share/texlive/texmf-dist/tex/latex/tools/.tex Fileignored)

LaTeX Font Warning: Font shape `^^@^^@^^@^^@^^@^^@^^@^^@^^@^^@^^@^^@^^@^^@^^@^^
@^^@^^@^^@^^@^^@^^@^^@^^@^^@^^@^^@^^@^^@^^@^^@^^@^^@^^@^^@^^@^^@^^@^^@^^@^^@^^@
^^@^^@^^@^^@^^@^^@^^@^^@^^@^^@^^@^^@^^@^^@^^@^^@^^@^^@^^@^^@^^@^^@^^@^^@^^@^^@^
^@^^@^^@^^@^^@^^@^^@^^@^^@^^@^^@^^@^^@^^@^^@^^@^^@^^@^^@^^@^^@^^@^^@^^@^^@^^@^^
@^^@^^@^^@^^@^^@^^@^^@^^@^^@^^@^^@^^@^^@^^@^^@^^@^^@^^@^^@^^@^^@^^@^^@^^@^^@^^@
^^@^^@^^@^^@^^@^^@^^@^^@^^@^^@^^@^^@^^@^^@^^@^^@^^@^^@^^@^^@^^@^^@^^@^^@^^@^^@^
^@^^@^^@^^@^^@^^@^^@OT1/cmr/m/n' @undefined
(Font)              using `^^@^^@^^@^^@^^@^^@^^@^^@^^@^^@^^@^^@^^@^^@^^@^^@^^@^
^@^^@^^@^^@^^@^^@^^@^^@^^@^^@^^@^^@^^@^^@^^@^^@^^@^^@^^@^^@^^@^^@^^@^^@^^@^^@^^
@^^@^^@^^@^^@^^@^^@^^@^^@^^@^^@^^@^^@^^@^^@^^@^^@^^@^^@^^@^^@^^@^^@^^@^^@^^@^^@
^^@^^@^^@^^@^^@^^@^^@^^@^^@^^@^^@^^@^^@^^@^^@^^@^^@^^@^^@^^@^^@^^@^^@^^@^^@^^@^
^@^^@^^@^^@^^@^^@^^@^^@^^@^^@^^@^^@^^@^^@^^@^^@^^@^^@^^@^^@^^@^^@^^@^^@^^@^^@^^
@^^@^^@^^@^^@^^@^^@^^@^^@^^@^^@^^@^^@^^@^^@^^@^^@^^@^^@^^@^^@^^@^^@^^@^^@^^@^^@
^^@^^@^^@^^@OT1/cmr/m/n' instead on input line 414.

LaTeX Font Info:    Trying to load font information for ^^@^^@^^@^^@^^@^^@^^@^^
@^^@^^@^^@^^@^^@^^@^^@^^@^^@^^@^^@^^@^^@^^@^^@^^@^^@^^@^^@^^@^^@^^@^^@^^@^^@^^@
^^@^^@^^@^^@^^@^^@^^@^^@^^@^^@^^@^^@^^@^^@^^@^^@^^@^^@^^@^^@^^@^^@^^@^^@^^@^^@^
^@^^@^^@^^@^^@^^@^^@^^@^^@^^@^^@^^@^^@^^@^^@^^@^^@^^@^^@^^@^^@^^@^^@^^@^^@^^@^^
@^^@^^@^^@^^@^^@^^@^^@^^@^^@^^@^^@^^@^^@^^@^^@^^@^^@^^@^^@^^@^^@^^@^^@^^@^^@^^@
^^@^^@^^@^^@^^@^^@^^@^^@^^@^^@^^@^^@^^@^^@^^@^^@^^@^^@^^@^^@^^@^^@^^@^^@^^@^^@^
^@^^@^^@^^@^^@^^@^^@^^@^^@^^@^^@^^@^^@^^@^^@OT1+cmr on input line 414.
(/usr/share/texlive/texmf-dist/tex/latex/tools/.tex Fileignored)

LaTeX Font Warning: Font shape `^^@^^@^^@^^@^^@^^@^^@^^@^^@^^@^^@^^@^^@^^@^^@^^
@^^@^^@^^@^^@^^@^^@^^@^^@^^@^^@^^@^^@^^@^^@^^@^^@^^@^^@^^@^^@^^@^^@^^@^^@^^@^^@
^^@^^@^^@^^@^^@^^@^^@^^@^^@^^@^^@^^@^^@^^@^^@^^@^^@^^@^^@^^@^^@^^@^^@^^@^^@^^@^
^@^^@^^@^^@^^@^^@^^@^^@^^@^^@^^@^^@^^@^^@^^@^^@^^@^^@^^@^^@^^@^^@^^@^^@^^@^^@^^
@^^@^^@^^@^^@^^@^^@^^@^^@^^@^^@^^@^^@^^@^^@^^@^^@^^@^^@^^@^^@^^@^^@^^@^^@^^@^^@
^^@^^@^^@^^@^^@^^@^^@^^@^^@^^@^^@^^@^^@^^@^^@^^@^^@^^@^^@^^@^^@^^@^^@^^@^^@^^@^
^@^^@^^@^^@^^@^^@^^@^^@OT1/cmr/m/n' @undefined
(Font)              using `^^@^^@^^@^^@^^@^^@^^@^^@^^@^^@^^@^^@^^@^^@^^@^^@^^@^
^@^^@^^@^^@^^@^^@^^@^^@^^@^^@^^@^^@^^@^^@^^@^^@^^@^^@^^@^^@^^@^^@^^@^^@^^@^^@^^
@^^@^^@^^@^^@^^@^^@^^@^^@^^@^^@^^@^^@^^@^^@^^@^^@^^@^^@^^@^^@^^@^^@^^@^^@^^@^^@
^^@^^@^^@^^@^^@^^@^^@^^@^^@^^@^^@^^@^^@^^@^^@^^@^^@^^@^^@^^@^^@^^@^^@^^@^^@^^@^
^@^^@^^@^^@^^@^^@^^@^^@^^@^^@^^@^^@^^@^^@^^@^^@^^@^^@^^@^^@^^@^^@^^@^^@^^@^^@^^
@^^@^^@^^@^^@^^@^^@^^@^^@^^@^^@^^@^^@^^@^^@^^@^^@^^@^^@^^@^^@^^@^^@^^@^^@^^@^^@
^^@^^@^^@^^@^^@OT1/cmr/m/n' instead on input line 414.

LaTeX Font Info:    Trying to load font information for ^^@^^@^^@^^@^^@^^@^^@^^
@^^@^^@^^@^^@^^@^^@^^@^^@^^@^^@^^@^^@^^@^^@^^@^^@^^@^^@^^@^^@^^@^^@^^@^^@^^@^^@
^^@^^@^^@^^@^^@^^@^^@^^@^^@^^@^^@^^@^^@^^@^^@^^@^^@^^@^^@^^@^^@^^@^^@^^@^^@^^@^
^@^^@^^@^^@^^@^^@^^@^^@^^@^^@^^@^^@^^@^^@^^@^^@^^@^^@^^@^^@^^@^^@^^@^^@^^@^^@^^
@^^@^^@^^@^^@^^@^^@^^@^^@^^@^^@^^@^^@^^@^^@^^@^^@^^@^^@^^@^^@^^@^^@^^@^^@^^@^^@
^^@^^@^^@^^@^^@^^@^^@^^@^^@^^@^^@^^@^^@^^@^^@^^@^^@^^@^^@^^@^^@^^@^^@^^@^^@^^@^
^@^^@^^@^^@^^@^^@^^@^^@^^@^^@^^@^^@^^@^^@^^@^^@OT1+cmr on input line 414.
(/usr/share/texlive/texmf-dist/tex/latex/tools/.tex Fileignored)

LaTeX Font Warning: Font shape `^^@^^@^^@^^@^^@^^@^^@^^@^^@^^@^^@^^@^^@^^@^^@^^
@^^@^^@^^@^^@^^@^^@^^@^^@^^@^^@^^@^^@^^@^^@^^@^^@^^@^^@^^@^^@^^@^^@^^@^^@^^@^^@
^^@^^@^^@^^@^^@^^@^^@^^@^^@^^@^^@^^@^^@^^@^^@^^@^^@^^@^^@^^@^^@^^@^^@^^@^^@^^@^
^@^^@^^@^^@^^@^^@^^@^^@^^@^^@^^@^^@^^@^^@^^@^^@^^@^^@^^@^^@^^@^^@^^@^^@^^@^^@^^
@^^@^^@^^@^^@^^@^^@^^@^^@^^@^^@^^@^^@^^@^^@^^@^^@^^@^^@^^@^^@^^@^^@^^@^^@^^@^^@
^^@^^@^^@^^@^^@^^@^^@^^@^^@^^@^^@^^@^^@^^@^^@^^@^^@^^@^^@^^@^^@^^@^^@^^@^^@^^@^
^@^^@^^@^^@^^@^^@^^@^^@^^@OT1/cmr/m/n' @undefined
(Font)              using `^^@^^@^^@^^@^^@^^@^^@^^@^^@^^@^^@^^@^^@^^@^^@^^@^^@^
^@^^@^^@^^@^^@^^@^^@^^@^^@^^@^^@^^@^^@^^@^^@^^@^^@^^@^^@^^@^^@^^@^^@^^@^^@^^@^^
@^^@^^@^^@^^@^^@^^@^^@^^@^^@^^@^^@^^@^^@^^@^^@^^@^^@^^@^^@^^@^^@^^@^^@^^@^^@^^@
^^@^^@^^@^^@^^@^^@^^@^^@^^@^^@^^@^^@^^@^^@^^@^^@^^@^^@^^@^^@^^@^^@^^@^^@^^@^^@^
^@^^@^^@^^@^^@^^@^^@^^@^^@^^@^^@^^@^^@^^@^^@^^@^^@^^@^^@^^@^^@^^@^^@^^@^^@^^@^^
@^^@^^@^^@^^@^^@^^@^^@^^@^^@^^@^^@^^@^^@^^@^^@^^@^^@^^@^^@^^@^^@^^@^^@^^@^^@^^@
^^@^^@^^@^^@^^@^^@OT1/cmr/m/n' instead on input line 414.

LaTeX Font Info:    Trying to load font information for ^^@^^@^^@^^@^^@^^@^^@^^
@^^@^^@^^@^^@^^@^^@^^@^^@^^@^^@^^@^^@^^@^^@^^@^^@^^@^^@^^@^^@^^@^^@^^@^^@^^@^^@
^^@^^@^^@^^@^^@^^@^^@^^@^^@^^@^^@^^@^^@^^@^^@^^@^^@^^@^^@^^@^^@^^@^^@^^@^^@^^@^
^@^^@^^@^^@^^@^^@^^@^^@^^@^^@^^@^^@^^@^^@^^@^^@^^@^^@^^@^^@^^@^^@^^@^^@^^@^^@^^
@^^@^^@^^@^^@^^@^^@^^@^^@^^@^^@^^@^^@^^@^^@^^@^^@^^@^^@^^@^^@^^@^^@^^@^^@^^@^^@
^^@^^@^^@^^@^^@^^@^^@^^@^^@^^@^^@^^@^^@^^@^^@^^@^^@^^@^^@^^@^^@^^@^^@^^@^^@^^@^
^@^^@^^@^^@^^@^^@^^@^^@^^@^^@^^@^^@^^@^^@^^@^^@^^@OT1+cmr on input line 414.
(/usr/share/texlive/texmf-dist/tex/latex/tools/.tex Fileignored)

LaTeX Font Warning: Font shape `^^@^^@^^@^^@^^@^^@^^@^^@^^@^^@^^@^^@^^@^^@^^@^^
@^^@^^@^^@^^@^^@^^@^^@^^@^^@^^@^^@^^@^^@^^@^^@^^@^^@^^@^^@^^@^^@^^@^^@^^@^^@^^@
^^@^^@^^@^^@^^@^^@^^@^^@^^@^^@^^@^^@^^@^^@^^@^^@^^@^^@^^@^^@^^@^^@^^@^^@^^@^^@^
^@^^@^^@^^@^^@^^@^^@^^@^^@^^@^^@^^@^^@^^@^^@^^@^^@^^@^^@^^@^^@^^@^^@^^@^^@^^@^^
@^^@^^@^^@^^@^^@^^@^^@^^@^^@^^@^^@^^@^^@^^@^^@^^@^^@^^@^^@^^@^^@^^@^^@^^@^^@^^@
^^@^^@^^@^^@^^@^^@^^@^^@^^@^^@^^@^^@^^@^^@^^@^^@^^@^^@^^@^^@^^@^^@^^@^^@^^@^^@^
^@^^@^^@^^@^^@^^@^^@^^@^^@^^@OT1/cmr/m/n' @undefined
(Font)              using `^^@^^@^^@^^@^^@^^@^^@^^@^^@^^@^^@^^@^^@^^@^^@^^@^^@^
^@^^@^^@^^@^^@^^@^^@^^@^^@^^@^^@^^@^^@^^@^^@^^@^^@^^@^^@^^@^^@^^@^^@^^@^^@^^@^^
@^^@^^@^^@^^@^^@^^@^^@^^@^^@^^@^^@^^@^^@^^@^^@^^@^^@^^@^^@^^@^^@^^@^^@^^@^^@^^@
^^@^^@^^@^^@^^@^^@^^@^^@^^@^^@^^@^^@^^@^^@^^@^^@^^@^^@^^@^^@^^@^^@^^@^^@^^@^^@^
^@^^@^^@^^@^^@^^@^^@^^@^^@^^@^^@^^@^^@^^@^^@^^@^^@^^@^^@^^@^^@^^@^^@^^@^^@^^@^^
@^^@^^@^^@^^@^^@^^@^^@^^@^^@^^@^^@^^@^^@^^@^^@^^@^^@^^@^^@^^@^^@^^@^^@^^@^^@^^@
^^@^^@^^@^^@^^@^^@^^@OT1/cmr/m/n' instead on input line 414.

LaTeX Font Info:    Trying to load font information for ^^@^^@^^@^^@^^@^^@^^@^^
@^^@^^@^^@^^@^^@^^@^^@^^@^^@^^@^^@^^@^^@^^@^^@^^@^^@^^@^^@^^@^^@^^@^^@^^@^^@^^@
^^@^^@^^@^^@^^@^^@^^@^^@^^@^^@^^@^^@^^@^^@^^@^^@^^@^^@^^@^^@^^@^^@^^@^^@^^@^^@^
^@^^@^^@^^@^^@^^@^^@^^@^^@^^@^^@^^@^^@^^@^^@^^@^^@^^@^^@^^@^^@^^@^^@^^@^^@^^@^^
@^^@^^@^^@^^@^^@^^@^^@^^@^^@^^@^^@^^@^^@^^@^^@^^@^^@^^@^^@^^@^^@^^@^^@^^@^^@^^@
^^@^^@^^@^^@^^@^^@^^@^^@^^@^^@^^@^^@^^@^^@^^@^^@^^@^^@^^@^^@^^@^^@^^@^^@^^@^^@^
^@^^@^^@^^@^^@^^@^^@^^@^^@^^@^^@^^@^^@^^@^^@^^@^^@^^@OT1+cmr on input line 414.

(/usr/share/texlive/texmf-dist/tex/latex/tools/.tex Fileignored)

LaTeX Font Warning: Font shape `^^@^^@^^@^^@^^@^^@^^@^^@^^@^^@^^@^^@^^@^^@^^@^^
@^^@^^@^^@^^@^^@^^@^^@^^@^^@^^@^^@^^@^^@^^@^^@^^@^^@^^@^^@^^@^^@^^@^^@^^@^^@^^@
^^@^^@^^@^^@^^@^^@^^@^^@^^@^^@^^@^^@^^@^^@^^@^^@^^@^^@^^@^^@^^@^^@^^@^^@^^@^^@^
^@^^@^^@^^@^^@^^@^^@^^@^^@^^@^^@^^@^^@^^@^^@^^@^^@^^@^^@^^@^^@^^@^^@^^@^^@^^@^^
@^^@^^@^^@^^@^^@^^@^^@^^@^^@^^@^^@^^@^^@^^@^^@^^@^^@^^@^^@^^@^^@^^@^^@^^@^^@^^@
^^@^^@^^@^^@^^@^^@^^@^^@^^@^^@^^@^^@^^@^^@^^@^^@^^@^^@^^@^^@^^@^^@^^@^^@^^@^^@^
^@^^@^^@^^@^^@^^@^^@^^@^^@^^@^^@OT1/cmr/m/n' @undefined
(Font)              using `^^@^^@^^@^^@^^@^^@^^@^^@^^@^^@^^@^^@^^@^^@^^@^^@^^@^
^@^^@^^@^^@^^@^^@^^@^^@^^@^^@^^@^^@^^@^^@^^@^^@^^@^^@^^@^^@^^@^^@^^@^^@^^@^^@^^
@^^@^^@^^@^^@^^@^^@^^@^^@^^@^^@^^@^^@^^@^^@^^@^^@^^@^^@^^@^^@^^@^^@^^@^^@^^@^^@
^^@^^@^^@^^@^^@^^@^^@^^@^^@^^@^^@^^@^^@^^@^^@^^@^^@^^@^^@^^@^^@^^@^^@^^@^^@^^@^
^@^^@^^@^^@^^@^^@^^@^^@^^@^^@^^@^^@^^@^^@^^@^^@^^@^^@^^@^^@^^@^^@^^@^^@^^@^^@^^
@^^@^^@^^@^^@^^@^^@^^@^^@^^@^^@^^@^^@^^@^^@^^@^^@^^@^^@^^@^^@^^@^^@^^@^^@^^@^^@
^^@^^@^^@^^@^^@^^@^^@^^@OT1/cmr/m/n' instead on input line 414.

LaTeX Font Info:    Trying to load font information for ^^@^^@^^@^^@^^@^^@^^@^^
@^^@^^@^^@^^@^^@^^@^^@^^@^^@^^@^^@^^@^^@^^@^^@^^@^^@^^@^^@^^@^^@^^@^^@^^@^^@^^@
^^@^^@^^@^^@^^@^^@^^@^^@^^@^^@^^@^^@^^@^^@^^@^^@^^@^^@^^@^^@^^@^^@^^@^^@^^@^^@^
^@^^@^^@^^@^^@^^@^^@^^@^^@^^@^^@^^@^^@^^@^^@^^@^^@^^@^^@^^@^^@^^@^^@^^@^^@^^@^^
@^^@^^@^^@^^@^^@^^@^^@^^@^^@^^@^^@^^@^^@^^@^^@^^@^^@^^@^^@^^@^^@^^@^^@^^@^^@^^@
^^@^^@^^@^^@^^@^^@^^@^^@^^@^^@^^@^^@^^@^^@^^@^^@^^@^^@^^@^^@^^@^^@^^@^^@^^@^^@^
^@^^@^^@^^@^^@^^@^^@^^@^^@^^@^^@^^@^^@^^@^^@^^@^^@^^@^^@OT1+cmr on input line 4
14.
(/usr/share/texlive/texmf-dist/tex/latex/tools/.tex Fileignored)

LaTeX Font Warning: Font shape `^^@^^@^^@^^@^^@^^@^^@^^@^^@^^@^^@^^@^^@^^@^^@^^
@^^@^^@^^@^^@^^@^^@^^@^^@^^@^^@^^@^^@^^@^^@^^@^^@^^@^^@^^@^^@^^@^^@^^@^^@^^@^^@
^^@^^@^^@^^@^^@^^@^^@^^@^^@^^@^^@^^@^^@^^@^^@^^@^^@^^@^^@^^@^^@^^@^^@^^@^^@^^@^
^@^^@^^@^^@^^@^^@^^@^^@^^@^^@^^@^^@^^@^^@^^@^^@^^@^^@^^@^^@^^@^^@^^@^^@^^@^^@^^
@^^@^^@^^@^^@^^@^^@^^@^^@^^@^^@^^@^^@^^@^^@^^@^^@^^@^^@^^@^^@^^@^^@^^@^^@^^@^^@
^^@^^@^^@^^@^^@^^@^^@^^@^^@^^@^^@^^@^^@^^@^^@^^@^^@^^@^^@^^@^^@^^@^^@^^@^^@^^@^
^@^^@^^@^^@^^@^^@^^@^^@^^@^^@^^@^^@OT1/cmr/m/n' @undefined
(Font)              using `^^@^^@^^@^^@^^@^^@^^@^^@^^@^^@^^@^^@^^@^^@^^@^^@^^@^
^@^^@^^@^^@^^@^^@^^@^^@^^@^^@^^@^^@^^@^^@^^@^^@^^@^^@^^@^^@^^@^^@^^@^^@^^@^^@^^
@^^@^^@^^@^^@^^@^^@^^@^^@^^@^^@^^@^^@^^@^^@^^@^^@^^@^^@^^@^^@^^@^^@^^@^^@^^@^^@
^^@^^@^^@^^@^^@^^@^^@^^@^^@^^@^^@^^@^^@^^@^^@^^@^^@^^@^^@^^@^^@^^@^^@^^@^^@^^@^
^@^^@^^@^^@^^@^^@^^@^^@^^@^^@^^@^^@^^@^^@^^@^^@^^@^^@^^@^^@^^@^^@^^@^^@^^@^^@^^
@^^@^^@^^@^^@^^@^^@^^@^^@^^@^^@^^@^^@^^@^^@^^@^^@^^@^^@^^@^^@^^@^^@^^@^^@^^@^^@
^^@^^@^^@^^@^^@^^@^^@^^@^^@OT1/cmr/m/n' instead on input line 414.

LaTeX Font Info:    Trying to load font information for ^^@^^@^^@^^@^^@^^@^^@^^
@^^@^^@^^@^^@^^@^^@^^@^^@^^@^^@^^@^^@^^@^^@^^@^^@^^@^^@^^@^^@^^@^^@^^@^^@^^@^^@
^^@^^@^^@^^@^^@^^@^^@^^@^^@^^@^^@^^@^^@^^@^^@^^@^^@^^@^^@^^@^^@^^@^^@^^@^^@^^@^
^@^^@^^@^^@^^@^^@^^@^^@^^@^^@^^@^^@^^@^^@^^@^^@^^@^^@^^@^^@^^@^^@^^@^^@^^@^^@^^
@^^@^^@^^@^^@^^@^^@^^@^^@^^@^^@^^@^^@^^@^^@^^@^^@^^@^^@^^@^^@^^@^^@^^@^^@^^@^^@
^^@^^@^^@^^@^^@^^@^^@^^@^^@^^@^^@^^@^^@^^@^^@^^@^^@^^@^^@^^@^^@^^@^^@^^@^^@^^@^
^@^^@^^@^^@^^@^^@^^@^^@^^@^^@^^@^^@^^@^^@^^@^^@^^@^^@^^@^^@OT1+cmr on input lin
e 414.
(/usr/share/texlive/texmf-dist/tex/latex/tools/.tex Fileignored)

LaTeX Font Warning: Font shape `^^@^^@^^@^^@^^@^^@^^@^^@^^@^^@^^@^^@^^@^^@^^@^^
@^^@^^@^^@^^@^^@^^@^^@^^@^^@^^@^^@^^@^^@^^@^^@^^@^^@^^@^^@^^@^^@^^@^^@^^@^^@^^@
^^@^^@^^@^^@^^@^^@^^@^^@^^@^^@^^@^^@^^@^^@^^@^^@^^@^^@^^@^^@^^@^^@^^@^^@^^@^^@^
^@^^@^^@^^@^^@^^@^^@^^@^^@^^@^^@^^@^^@^^@^^@^^@^^@^^@^^@^^@^^@^^@^^@^^@^^@^^@^^
@^^@^^@^^@^^@^^@^^@^^@^^@^^@^^@^^@^^@^^@^^@^^@^^@^^@^^@^^@^^@^^@^^@^^@^^@^^@^^@
^^@^^@^^@^^@^^@^^@^^@^^@^^@^^@^^@^^@^^@^^@^^@^^@^^@^^@^^@^^@^^@^^@^^@^^@^^@^^@^
^@^^@^^@^^@^^@^^@^^@^^@^^@^^@^^@^^@^^@OT1/cmr/m/n' @undefined
(Font)              using `^^@^^@^^@^^@^^@^^@^^@^^@^^@^^@^^@^^@^^@^^@^^@^^@^^@^
^@^^@^^@^^@^^@^^@^^@^^@^^@^^@^^@^^@^^@^^@^^@^^@^^@^^@^^@^^@^^@^^@^^@^^@^^@^^@^^
@^^@^^@^^@^^@^^@^^@^^@^^@^^@^^@^^@^^@^^@^^@^^@^^@^^@^^@^^@^^@^^@^^@^^@^^@^^@^^@
^^@^^@^^@^^@^^@^^@^^@^^@^^@^^@^^@^^@^^@^^@^^@^^@^^@^^@^^@^^@^^@^^@^^@^^@^^@^^@^
^@^^@^^@^^@^^@^^@^^@^^@^^@^^@^^@^^@^^@^^@^^@^^@^^@^^@^^@^^@^^@^^@^^@^^@^^@^^@^^
@^^@^^@^^@^^@^^@^^@^^@^^@^^@^^@^^@^^@^^@^^@^^@^^@^^@^^@^^@^^@^^@^^@^^@^^@^^@^^@
^^@^^@^^@^^@^^@^^@^^@^^@^^@^^@OT1/cmr/m/n' instead on input line 414.

LaTeX Font Info:    Trying to load font information for ^^@^^@^^@^^@^^@^^@^^@^^
@^^@^^@^^@^^@^^@^^@^^@^^@^^@^^@^^@^^@^^@^^@^^@^^@^^@^^@^^@^^@^^@^^@^^@^^@^^@^^@
^^@^^@^^@^^@^^@^^@^^@^^@^^@^^@^^@^^@^^@^^@^^@^^@^^@^^@^^@^^@^^@^^@^^@^^@^^@^^@^
^@^^@^^@^^@^^@^^@^^@^^@^^@^^@^^@^^@^^@^^@^^@^^@^^@^^@^^@^^@^^@^^@^^@^^@^^@^^@^^
@^^@^^@^^@^^@^^@^^@^^@^^@^^@^^@^^@^^@^^@^^@^^@^^@^^@^^@^^@^^@^^@^^@^^@^^@^^@^^@
^^@^^@^^@^^@^^@^^@^^@^^@^^@^^@^^@^^@^^@^^@^^@^^@^^@^^@^^@^^@^^@^^@^^@^^@^^@^^@^
^@^^@^^@^^@^^@^^@^^@^^@^^@^^@^^@^^@^^@^^@^^@^^@^^@^^@^^@^^@^^@OT1+cmr on input 
line 414.
(/usr/share/texlive/texmf-dist/tex/latex/tools/.tex Fileignored)

LaTeX Font Warning: Font shape `^^@^^@^^@^^@^^@^^@^^@^^@^^@^^@^^@^^@^^@^^@^^@^^
@^^@^^@^^@^^@^^@^^@^^@^^@^^@^^@^^@^^@^^@^^@^^@^^@^^@^^@^^@^^@^^@^^@^^@^^@^^@^^@
^^@^^@^^@^^@^^@^^@^^@^^@^^@^^@^^@^^@^^@^^@^^@^^@^^@^^@^^@^^@^^@^^@^^@^^@^^@^^@^
^@^^@^^@^^@^^@^^@^^@^^@^^@^^@^^@^^@^^@^^@^^@^^@^^@^^@^^@^^@^^@^^@^^@^^@^^@^^@^^
@^^@^^@^^@^^@^^@^^@^^@^^@^^@^^@^^@^^@^^@^^@^^@^^@^^@^^@^^@^^@^^@^^@^^@^^@^^@^^@
^^@^^@^^@^^@^^@^^@^^@^^@^^@^^@^^@^^@^^@^^@^^@^^@^^@^^@^^@^^@^^@^^@^^@^^@^^@^^@^
^@^^@^^@^^@^^@^^@^^@^^@^^@^^@^^@^^@^^@^^@OT1/cmr/m/n' @undefined
(Font)              using `^^@^^@^^@^^@^^@^^@^^@^^@^^@^^@^^@^^@^^@^^@^^@^^@^^@^
^@^^@^^@^^@^^@^^@^^@^^@^^@^^@^^@^^@^^@^^@^^@^^@^^@^^@^^@^^@^^@^^@^^@^^@^^@^^@^^
@^^@^^@^^@^^@^^@^^@^^@^^@^^@^^@^^@^^@^^@^^@^^@^^@^^@^^@^^@^^@^^@^^@^^@^^@^^@^^@
^^@^^@^^@^^@^^@^^@^^@^^@^^@^^@^^@^^@^^@^^@^^@^^@^^@^^@^^@^^@^^@^^@^^@^^@^^@^^@^
^@^^@^^@^^@^^@^^@^^@^^@^^@^^@^^@^^@^^@^^@^^@^^@^^@^^@^^@^^@^^@^^@^^@^^@^^@^^@^^
@^^@^^@^^@^^@^^@^^@^^@^^@^^@^^@^^@^^@^^@^^@^^@^^@^^@^^@^^@^^@^^@^^@^^@^^@^^@^^@
^^@^^@^^@^^@^^@^^@^^@^^@^^@^^@^^@OT1/cmr/m/n' instead on input line 414.

LaTeX Font Info:    Trying to load font information for ^^@^^@^^@^^@^^@^^@^^@^^
@^^@^^@^^@^^@^^@^^@^^@^^@^^@^^@^^@^^@^^@^^@^^@^^@^^@^^@^^@^^@^^@^^@^^@^^@^^@^^@
^^@^^@^^@^^@^^@^^@^^@^^@^^@^^@^^@^^@^^@^^@^^@^^@^^@^^@^^@^^@^^@^^@^^@^^@^^@^^@^
^@^^@^^@^^@^^@^^@^^@^^@^^@^^@^^@^^@^^@^^@^^@^^@^^@^^@^^@^^@^^@^^@^^@^^@^^@^^@^^
@^^@^^@^^@^^@^^@^^@^^@^^@^^@^^@^^@^^@^^@^^@^^@^^@^^@^^@^^@^^@^^@^^@^^@^^@^^@^^@
^^@^^@^^@^^@^^@^^@^^@^^@^^@^^@^^@^^@^^@^^@^^@^^@^^@^^@^^@^^@^^@^^@^^@^^@^^@^^@^
^@^^@^^@^^@^^@^^@^^@^^@^^@^^@^^@^^@^^@^^@^^@^^@^^@^^@^^@^^@^^@^^@OT1+cmr on inp
ut line 414.
(/usr/share/texlive/texmf-dist/tex/latex/tools/.tex Fileignored)

LaTeX Font Warning: Font shape `^^@^^@^^@^^@^^@^^@^^@^^@^^@^^@^^@^^@^^@^^@^^@^^
@^^@^^@^^@^^@^^@^^@^^@^^@^^@^^@^^@^^@^^@^^@^^@^^@^^@^^@^^@^^@^^@^^@^^@^^@^^@^^@
^^@^^@^^@^^@^^@^^@^^@^^@^^@^^@^^@^^@^^@^^@^^@^^@^^@^^@^^@^^@^^@^^@^^@^^@^^@^^@^
^@^^@^^@^^@^^@^^@^^@^^@^^@^^@^^@^^@^^@^^@^^@^^@^^@^^@^^@^^@^^@^^@^^@^^@^^@^^@^^
@^^@^^@^^@^^@^^@^^@^^@^^@^^@^^@^^@^^@^^@^^@^^@^^@^^@^^@^^@^^@^^@^^@^^@^^@^^@^^@
^^@^^@^^@^^@^^@^^@^^@^^@^^@^^@^^@^^@^^@^^@^^@^^@^^@^^@^^@^^@^^@^^@^^@^^@^^@^^@^
^@^^@^^@^^@^^@^^@^^@^^@^^@^^@^^@^^@^^@^^@^^@OT1/cmr/m/n' @undefined
(Font)              using `^^@^^@^^@^^@^^@^^@^^@^^@^^@^^@^^@^^@^^@^^@^^@^^@^^@^
^@^^@^^@^^@^^@^^@^^@^^@^^@^^@^^@^^@^^@^^@^^@^^@^^@^^@^^@^^@^^@^^@^^@^^@^^@^^@^^
@^^@^^@^^@^^@^^@^^@^^@^^@^^@^^@^^@^^@^^@^^@^^@^^@^^@^^@^^@^^@^^@^^@^^@^^@^^@^^@
^^@^^@^^@^^@^^@^^@^^@^^@^^@^^@^^@^^@^^@^^@^^@^^@^^@^^@^^@^^@^^@^^@^^@^^@^^@^^@^
^@^^@^^@^^@^^@^^@^^@^^@^^@^^@^^@^^@^^@^^@^^@^^@^^@^^@^^@^^@^^@^^@^^@^^@^^@^^@^^
@^^@^^@^^@^^@^^@^^@^^@^^@^^@^^@^^@^^@^^@^^@^^@^^@^^@^^@^^@^^@^^@^^@^^@^^@^^@^^@
^^@^^@^^@^^@^^@^^@^^@^^@^^@^^@^^@^^@OT1/cmr/m/n' instead on input line 414.

LaTeX Font Info:    Trying to load font information for ^^@^^@^^@^^@^^@^^@^^@^^
@^^@^^@^^@^^@^^@^^@^^@^^@^^@^^@^^@^^@^^@^^@^^@^^@^^@^^@^^@^^@^^@^^@^^@^^@^^@^^@
^^@^^@^^@^^@^^@^^@^^@^^@^^@^^@^^@^^@^^@^^@^^@^^@^^@^^@^^@^^@^^@^^@^^@^^@^^@^^@^
^@^^@^^@^^@^^@^^@^^@^^@^^@^^@^^@^^@^^@^^@^^@^^@^^@^^@^^@^^@^^@^^@^^@^^@^^@^^@^^
@^^@^^@^^@^^@^^@^^@^^@^^@^^@^^@^^@^^@^^@^^@^^@^^@^^@^^@^^@^^@^^@^^@^^@^^@^^@^^@
^^@^^@^^@^^@^^@^^@^^@^^@^^@^^@^^@^^@^^@^^@^^@^^@^^@^^@^^@^^@^^@^^@^^@^^@^^@^^@^
^@^^@^^@^^@^^@^^@^^@^^@^^@^^@^^@^^@^^@^^@^^@^^@^^@^^@^^@^^@^^@^^@^^@OT1+cmr on 
input line 414.
(/usr/share/texlive/texmf-dist/tex/latex/tools/.tex Fileignored)

LaTeX Font Warning: Font shape `^^@^^@^^@^^@^^@^^@^^@^^@^^@^^@^^@^^@^^@^^@^^@^^
@^^@^^@^^@^^@^^@^^@^^@^^@^^@^^@^^@^^@^^@^^@^^@^^@^^@^^@^^@^^@^^@^^@^^@^^@^^@^^@
^^@^^@^^@^^@^^@^^@^^@^^@^^@^^@^^@^^@^^@^^@^^@^^@^^@^^@^^@^^@^^@^^@^^@^^@^^@^^@^
^@^^@^^@^^@^^@^^@^^@^^@^^@^^@^^@^^@^^@^^@^^@^^@^^@^^@^^@^^@^^@^^@^^@^^@^^@^^@^^
@^^@^^@^^@^^@^^@^^@^^@^^@^^@^^@^^@^^@^^@^^@^^@^^@^^@^^@^^@^^@^^@^^@^^@^^@^^@^^@
^^@^^@^^@^^@^^@^^@^^@^^@^^@^^@^^@^^@^^@^^@^^@^^@^^@^^@^^@^^@^^@^^@^^@^^@^^@^^@^
^@^^@^^@^^@^^@^^@^^@^^@^^@^^@^^@^^@^^@^^@^^@^^@OT1/cmr/m/n' @undefined
(Font)              using `^^@^^@^^@^^@^^@^^@^^@^^@^^@^^@^^@^^@^^@^^@^^@^^@^^@^
^@^^@^^@^^@^^@^^@^^@^^@^^@^^@^^@^^@^^@^^@^^@^^@^^@^^@^^@^^@^^@^^@^^@^^@^^@^^@^^
@^^@^^@^^@^^@^^@^^@^^@^^@^^@^^@^^@^^@^^@^^@^^@^^@^^@^^@^^@^^@^^@^^@^^@^^@^^@^^@
^^@^^@^^@^^@^^@^^@^^@^^@^^@^^@^^@^^@^^@^^@^^@^^@^^@^^@^^@^^@^^@^^@^^@^^@^^@^^@^
^@^^@^^@^^@^^@^^@^^@^^@^^@^^@^^@^^@^^@^^@^^@^^@^^@^^@^^@^^@^^@^^@^^@^^@^^@^^@^^
@^^@^^@^^@^^@^^@^^@^^@^^@^^@^^@^^@^^@^^@^^@^^@^^@^^@^^@^^@^^@^^@^^@^^@^^@^^@^^@
^^@^^@^^@^^@^^@^^@^^@^^@^^@^^@^^@^^@^^@OT1/cmr/m/n' instead on input line 414.

LaTeX Font Info:    Trying to load font information for ^^@^^@^^@^^@^^@^^@^^@^^
@^^@^^@^^@^^@^^@^^@^^@^^@^^@^^@^^@^^@^^@^^@^^@^^@^^@^^@^^@^^@^^@^^@^^@^^@^^@^^@
^^@^^@^^@^^@^^@^^@^^@^^@^^@^^@^^@^^@^^@^^@^^@^^@^^@^^@^^@^^@^^@^^@^^@^^@^^@^^@^
^@^^@^^@^^@^^@^^@^^@^^@^^@^^@^^@^^@^^@^^@^^@^^@^^@^^@^^@^^@^^@^^@^^@^^@^^@^^@^^
@^^@^^@^^@^^@^^@^^@^^@^^@^^@^^@^^@^^@^^@^^@^^@^^@^^@^^@^^@^^@^^@^^@^^@^^@^^@^^@
^^@^^@^^@^^@^^@^^@^^@^^@^^@^^@^^@^^@^^@^^@^^@^^@^^@^^@^^@^^@^^@^^@^^@^^@^^@^^@^
^@^^@^^@^^@^^@^^@^^@^^@^^@^^@^^@^^@^^@^^@^^@^^@^^@^^@^^@^^@^^@^^@^^@^^@OT1+cmr 
on input line 414.
(/usr/share/texlive/texmf-dist/tex/latex/tools/.tex Fileignored)

LaTeX Font Warning: Font shape `^^@^^@^^@^^@^^@^^@^^@^^@^^@^^@^^@^^@^^@^^@^^@^^
@^^@^^@^^@^^@^^@^^@^^@^^@^^@^^@^^@^^@^^@^^@^^@^^@^^@^^@^^@^^@^^@^^@^^@^^@^^@^^@
^^@^^@^^@^^@^^@^^@^^@^^@^^@^^@^^@^^@^^@^^@^^@^^@^^@^^@^^@^^@^^@^^@^^@^^@^^@^^@^
^@^^@^^@^^@^^@^^@^^@^^@^^@^^@^^@^^@^^@^^@^^@^^@^^@^^@^^@^^@^^@^^@^^@^^@^^@^^@^^
@^^@^^@^^@^^@^^@^^@^^@^^@^^@^^@^^@^^@^^@^^@^^@^^@^^@^^@^^@^^@^^@^^@^^@^^@^^@^^@
^^@^^@^^@^^@^^@^^@^^@^^@^^@^^@^^@^^@^^@^^@^^@^^@^^@^^@^^@^^@^^@^^@^^@^^@^^@^^@^
^@^^@^^@^^@^^@^^@^^@^^@^^@^^@^^@^^@^^@^^@^^@^^@^^@OT1/cmr/m/n' @undefined
(Font)              using `^^@^^@^^@^^@^^@^^@^^@^^@^^@^^@^^@^^@^^@^^@^^@^^@^^@^
^@^^@^^@^^@^^@^^@^^@^^@^^@^^@^^@^^@^^@^^@^^@^^@^^@^^@^^@^^@^^@^^@^^@^^@^^@^^@^^
@^^@^^@^^@^^@^^@^^@^^@^^@^^@^^@^^@^^@^^@^^@^^@^^@^^@^^@^^@^^@^^@^^@^^@^^@^^@^^@
^^@^^@^^@^^@^^@^^@^^@^^@^^@^^@^^@^^@^^@^^@^^@^^@^^@^^@^^@^^@^^@^^@^^@^^@^^@^^@^
^@^^@^^@^^@^^@^^@^^@^^@^^@^^@^^@^^@^^@^^@^^@^^@^^@^^@^^@^^@^^@^^@^^@^^@^^@^^@^^
@^^@^^@^^@^^@^^@^^@^^@^^@^^@^^@^^@^^@^^@^^@^^@^^@^^@^^@^^@^^@^^@^^@^^@^^@^^@^^@
^^@^^@^^@^^@^^@^^@^^@^^@^^@^^@^^@^^@^^@^^@OT1/cmr/m/n' instead on input line 41
4.

LaTeX Font Info:    Trying to load font information for ^^@^^@^^@^^@^^@^^@^^@^^
@^^@^^@^^@^^@^^@^^@^^@^^@^^@^^@^^@^^@^^@^^@^^@^^@^^@^^@^^@^^@^^@^^@^^@^^@^^@^^@
^^@^^@^^@^^@^^@^^@^^@^^@^^@^^@^^@^^@^^@^^@^^@^^@^^@^^@^^@^^@^^@^^@^^@^^@^^@^^@^
^@^^@^^@^^@^^@^^@^^@^^@^^@^^@^^@^^@^^@^^@^^@^^@^^@^^@^^@^^@^^@^^@^^@^^@^^@^^@^^
@^^@^^@^^@^^@^^@^^@^^@^^@^^@^^@^^@^^@^^@^^@^^@^^@^^@^^@^^@^^@^^@^^@^^@^^@^^@^^@
^^@^^@^^@^^@^^@^^@^^@^^@^^@^^@^^@^^@^^@^^@^^@^^@^^@^^@^^@^^@^^@^^@^^@^^@^^@^^@^
^@^^@^^@^^@^^@^^@^^@^^@^^@^^@^^@^^@^^@^^@^^@^^@^^@^^@^^@^^@^^@^^@^^@^^@^^@OT1+c
mr on input line 414.
(/usr/share/texlive/texmf-dist/tex/latex/tools/.tex Fileignored)

LaTeX Font Warning: Font shape `^^@^^@^^@^^@^^@^^@^^@^^@^^@^^@^^@^^@^^@^^@^^@^^
@^^@^^@^^@^^@^^@^^@^^@^^@^^@^^@^^@^^@^^@^^@^^@^^@^^@^^@^^@^^@^^@^^@^^@^^@^^@^^@
^^@^^@^^@^^@^^@^^@^^@^^@^^@^^@^^@^^@^^@^^@^^@^^@^^@^^@^^@^^@^^@^^@^^@^^@^^@^^@^
^@^^@^^@^^@^^@^^@^^@^^@^^@^^@^^@^^@^^@^^@^^@^^@^^@^^@^^@^^@^^@^^@^^@^^@^^@^^@^^
@^^@^^@^^@^^@^^@^^@^^@^^@^^@^^@^^@^^@^^@^^@^^@^^@^^@^^@^^@^^@^^@^^@^^@^^@^^@^^@
^^@^^@^^@^^@^^@^^@^^@^^@^^@^^@^^@^^@^^@^^@^^@^^@^^@^^@^^@^^@^^@^^@^^@^^@^^@^^@^
^@^^@^^@^^@^^@^^@^^@^^@^^@^^@^^@^^@^^@^^@^^@^^@^^@^^@OT1/cmr/m/n' @undefined
(Font)              using `^^@^^@^^@^^@^^@^^@^^@^^@^^@^^@^^@^^@^^@^^@^^@^^@^^@^
^@^^@^^@^^@^^@^^@^^@^^@^^@^^@^^@^^@^^@^^@^^@^^@^^@^^@^^@^^@^^@^^@^^@^^@^^@^^@^^
@^^@^^@^^@^^@^^@^^@^^@^^@^^@^^@^^@^^@^^@^^@^^@^^@^^@^^@^^@^^@^^@^^@^^@^^@^^@^^@
^^@^^@^^@^^@^^@^^@^^@^^@^^@^^@^^@^^@^^@^^@^^@^^@^^@^^@^^@^^@^^@^^@^^@^^@^^@^^@^
^@^^@^^@^^@^^@^^@^^@^^@^^@^^@^^@^^@^^@^^@^^@^^@^^@^^@^^@^^@^^@^^@^^@^^@^^@^^@^^
@^^@^^@^^@^^@^^@^^@^^@^^@^^@^^@^^@^^@^^@^^@^^@^^@^^@^^@^^@^^@^^@^^@^^@^^@^^@^^@
^^@^^@^^@^^@^^@^^@^^@^^@^^@^^@^^@^^@^^@^^@^^@OT1/cmr/m/n' instead on input line
 414.

LaTeX Font Info:    Trying to load font information for ^^@^^@^^@^^@^^@^^@^^@^^
@^^@^^@^^@^^@^^@^^@^^@^^@^^@^^@^^@^^@^^@^^@^^@^^@^^@^^@^^@^^@^^@^^@^^@^^@^^@^^@
^^@^^@^^@^^@^^@^^@^^@^^@^^@^^@^^@^^@^^@^^@^^@^^@^^@^^@^^@^^@^^@^^@^^@^^@^^@^^@^
^@^^@^^@^^@^^@^^@^^@^^@^^@^^@^^@^^@^^@^^@^^@^^@^^@^^@^^@^^@^^@^^@^^@^^@^^@^^@^^
@^^@^^@^^@^^@^^@^^@^^@^^@^^@^^@^^@^^@^^@^^@^^@^^@^^@^^@^^@^^@^^@^^@^^@^^@^^@^^@
^^@^^@^^@^^@^^@^^@^^@^^@^^@^^@^^@^^@^^@^^@^^@^^@^^@^^@^^@^^@^^@^^@^^@^^@^^@^^@^
^@^^@^^@^^@^^@^^@^^@^^@^^@^^@^^@^^@^^@^^@^^@^^@^^@^^@^^@^^@^^@^^@^^@^^@^^@^^@OT
1+cmr on input line 414.
(/usr/share/texlive/texmf-dist/tex/latex/tools/.tex Fileignored)

LaTeX Font Warning: Font shape `^^@^^@^^@^^@^^@^^@^^@^^@^^@^^@^^@^^@^^@^^@^^@^^
@^^@^^@^^@^^@^^@^^@^^@^^@^^@^^@^^@^^@^^@^^@^^@^^@^^@^^@^^@^^@^^@^^@^^@^^@^^@^^@
^^@^^@^^@^^@^^@^^@^^@^^@^^@^^@^^@^^@^^@^^@^^@^^@^^@^^@^^@^^@^^@^^@^^@^^@^^@^^@^
^@^^@^^@^^@^^@^^@^^@^^@^^@^^@^^@^^@^^@^^@^^@^^@^^@^^@^^@^^@^^@^^@^^@^^@^^@^^@^^
@^^@^^@^^@^^@^^@^^@^^@^^@^^@^^@^^@^^@^^@^^@^^@^^@^^@^^@^^@^^@^^@^^@^^@^^@^^@^^@
^^@^^@^^@^^@^^@^^@^^@^^@^^@^^@^^@^^@^^@^^@^^@^^@^^@^^@^^@^^@^^@^^@^^@^^@^^@^^@^
^@^^@^^@^^@^^@^^@^^@^^@^^@^^@^^@^^@^^@^^@^^@^^@^^@^^@^^@OT1/cmr/m/n' @undefined

(Font)              using `^^@^^@^^@^^@^^@^^@^^@^^@^^@^^@^^@^^@^^@^^@^^@^^@^^@^
^@^^@^^@^^@^^@^^@^^@^^@^^@^^@^^@^^@^^@^^@^^@^^@^^@^^@^^@^^@^^@^^@^^@^^@^^@^^@^^
@^^@^^@^^@^^@^^@^^@^^@^^@^^@^^@^^@^^@^^@^^@^^@^^@^^@^^@^^@^^@^^@^^@^^@^^@^^@^^@
^^@^^@^^@^^@^^@^^@^^@^^@^^@^^@^^@^^@^^@^^@^^@^^@^^@^^@^^@^^@^^@^^@^^@^^@^^@^^@^
^@^^@^^@^^@^^@^^@^^@^^@^^@^^@^^@^^@^^@^^@^^@^^@^^@^^@^^@^^@^^@^^@^^@^^@^^@^^@^^
@^^@^^@^^@^^@^^@^^@^^@^^@^^@^^@^^@^^@^^@^^@^^@^^@^^@^^@^^@^^@^^@^^@^^@^^@^^@^^@
^^@^^@^^@^^@^^@^^@^^@^^@^^@^^@^^@^^@^^@^^@^^@^^@OT1/cmr/m/n' instead on input l
ine 414.

LaTeX Font Info:    Trying to load font information for ^^@^^@^^@^^@^^@^^@^^@^^
@^^@^^@^^@^^@^^@^^@^^@^^@^^@^^@^^@^^@^^@^^@^^@^^@^^@^^@^^@^^@^^@^^@^^@^^@^^@^^@
^^@^^@^^@^^@^^@^^@^^@^^@^^@^^@^^@^^@^^@^^@^^@^^@^^@^^@^^@^^@^^@^^@^^@^^@^^@^^@^
^@^^@^^@^^@^^@^^@^^@^^@^^@^^@^^@^^@^^@^^@^^@^^@^^@^^@^^@^^@^^@^^@^^@^^@^^@^^@^^
@^^@^^@^^@^^@^^@^^@^^@^^@^^@^^@^^@^^@^^@^^@^^@^^@^^@^^@^^@^^@^^@^^@^^@^^@^^@^^@
^^@^^@^^@^^@^^@^^@^^@^^@^^@^^@^^@^^@^^@^^@^^@^^@^^@^^@^^@^^@^^@^^@^^@^^@^^@^^@^
^@^^@^^@^^@^^@^^@^^@^^@^^@^^@^^@^^@^^@^^@^^@^^@^^@^^@^^@^^@^^@^^@^^@^^@^^@^^@^^
@OT1+cmr on input line 414.
(/usr/share/texlive/texmf-dist/tex/latex/tools/.tex Fileignored)

LaTeX Font Warning: Font shape `^^@^^@^^@^^@^^@^^@^^@^^@^^@^^@^^@^^@^^@^^@^^@^^
@^^@^^@^^@^^@^^@^^@^^@^^@^^@^^@^^@^^@^^@^^@^^@^^@^^@^^@^^@^^@^^@^^@^^@^^@^^@^^@
^^@^^@^^@^^@^^@^^@^^@^^@^^@^^@^^@^^@^^@^^@^^@^^@^^@^^@^^@^^@^^@^^@^^@^^@^^@^^@^
^@^^@^^@^^@^^@^^@^^@^^@^^@^^@^^@^^@^^@^^@^^@^^@^^@^^@^^@^^@^^@^^@^^@^^@^^@^^@^^
@^^@^^@^^@^^@^^@^^@^^@^^@^^@^^@^^@^^@^^@^^@^^@^^@^^@^^@^^@^^@^^@^^@^^@^^@^^@^^@
^^@^^@^^@^^@^^@^^@^^@^^@^^@^^@^^@^^@^^@^^@^^@^^@^^@^^@^^@^^@^^@^^@^^@^^@^^@^^@^
^@^^@^^@^^@^^@^^@^^@^^@^^@^^@^^@^^@^^@^^@^^@^^@^^@^^@^^@^^@OT1/cmr/m/n' @undefi
ned
(Font)              using `^^@^^@^^@^^@^^@^^@^^@^^@^^@^^@^^@^^@^^@^^@^^@^^@^^@^
^@^^@^^@^^@^^@^^@^^@^^@^^@^^@^^@^^@^^@^^@^^@^^@^^@^^@^^@^^@^^@^^@^^@^^@^^@^^@^^
@^^@^^@^^@^^@^^@^^@^^@^^@^^@^^@^^@^^@^^@^^@^^@^^@^^@^^@^^@^^@^^@^^@^^@^^@^^@^^@
^^@^^@^^@^^@^^@^^@^^@^^@^^@^^@^^@^^@^^@^^@^^@^^@^^@^^@^^@^^@^^@^^@^^@^^@^^@^^@^
^@^^@^^@^^@^^@^^@^^@^^@^^@^^@^^@^^@^^@^^@^^@^^@^^@^^@^^@^^@^^@^^@^^@^^@^^@^^@^^
@^^@^^@^^@^^@^^@^^@^^@^^@^^@^^@^^@^^@^^@^^@^^@^^@^^@^^@^^@^^@^^@^^@^^@^^@^^@^^@
^^@^^@^^@^^@^^@^^@^^@^^@^^@^^@^^@^^@^^@^^@^^@^^@^^@OT1/cmr/m/n' instead on inpu
t line 414.

LaTeX Font Info:    Trying to load font information for ^^@^^@^^@^^@^^@^^@^^@^^
@^^@^^@^^@^^@^^@^^@^^@^^@^^@^^@^^@^^@^^@^^@^^@^^@^^@^^@^^@^^@^^@^^@^^@^^@^^@^^@
^^@^^@^^@^^@^^@^^@^^@^^@^^@^^@^^@^^@^^@^^@^^@^^@^^@^^@^^@^^@^^@^^@^^@^^@^^@^^@^
^@^^@^^@^^@^^@^^@^^@^^@^^@^^@^^@^^@^^@^^@^^@^^@^^@^^@^^@^^@^^@^^@^^@^^@^^@^^@^^
@^^@^^@^^@^^@^^@^^@^^@^^@^^@^^@^^@^^@^^@^^@^^@^^@^^@^^@^^@^^@^^@^^@^^@^^@^^@^^@
^^@^^@^^@^^@^^@^^@^^@^^@^^@^^@^^@^^@^^@^^@^^@^^@^^@^^@^^@^^@^^@^^@^^@^^@^^@^^@^
^@^^@^^@^^@^^@^^@^^@^^@^^@^^@^^@^^@^^@^^@^^@^^@^^@^^@^^@^^@^^@^^@^^@^^@^^@^^@^^
@^^@OT1+cmr on input line 414.
(/usr/share/texlive/texmf-dist/tex/latex/tools/.tex Fileignored)

LaTeX Font Warning: Font shape `^^@^^@^^@^^@^^@^^@^^@^^@^^@^^@^^@^^@^^@^^@^^@^^
@^^@^^@^^@^^@^^@^^@^^@^^@^^@^^@^^@^^@^^@^^@^^@^^@^^@^^@^^@^^@^^@^^@^^@^^@^^@^^@
^^@^^@^^@^^@^^@^^@^^@^^@^^@^^@^^@^^@^^@^^@^^@^^@^^@^^@^^@^^@^^@^^@^^@^^@^^@^^@^
^@^^@^^@^^@^^@^^@^^@^^@^^@^^@^^@^^@^^@^^@^^@^^@^^@^^@^^@^^@^^@^^@^^@^^@^^@^^@^^
@^^@^^@^^@^^@^^@^^@^^@^^@^^@^^@^^@^^@^^@^^@^^@^^@^^@^^@^^@^^@^^@^^@^^@^^@^^@^^@
^^@^^@^^@^^@^^@^^@^^@^^@^^@^^@^^@^^@^^@^^@^^@^^@^^@^^@^^@^^@^^@^^@^^@^^@^^@^^@^
^@^^@^^@^^@^^@^^@^^@^^@^^@^^@^^@^^@^^@^^@^^@^^@^^@^^@^^@^^@^^@OT1/cmr/m/n' @und
efined
(Font)              using `^^@^^@^^@^^@^^@^^@^^@^^@^^@^^@^^@^^@^^@^^@^^@^^@^^@^
^@^^@^^@^^@^^@^^@^^@^^@^^@^^@^^@^^@^^@^^@^^@^^@^^@^^@^^@^^@^^@^^@^^@^^@^^@^^@^^
@^^@^^@^^@^^@^^@^^@^^@^^@^^@^^@^^@^^@^^@^^@^^@^^@^^@^^@^^@^^@^^@^^@^^@^^@^^@^^@
^^@^^@^^@^^@^^@^^@^^@^^@^^@^^@^^@^^@^^@^^@^^@^^@^^@^^@^^@^^@^^@^^@^^@^^@^^@^^@^
^@^^@^^@^^@^^@^^@^^@^^@^^@^^@^^@^^@^^@^^@^^@^^@^^@^^@^^@^^@^^@^^@^^@^^@^^@^^@^^
@^^@^^@^^@^^@^^@^^@^^@^^@^^@^^@^^@^^@^^@^^@^^@^^@^^@^^@^^@^^@^^@^^@^^@^^@^^@^^@
^^@^^@^^@^^@^^@^^@^^@^^@^^@^^@^^@^^@^^@^^@^^@^^@^^@^^@OT1/cmr/m/n' instead on i
nput line 414.

LaTeX Font Info:    Trying to load font information for ^^@^^@^^@^^@^^@^^@^^@^^
@^^@^^@^^@^^@^^@^^@^^@^^@^^@^^@^^@^^@^^@^^@^^@^^@^^@^^@^^@^^@^^@^^@^^@^^@^^@^^@
^^@^^@^^@^^@^^@^^@^^@^^@^^@^^@^^@^^@^^@^^@^^@^^@^^@^^@^^@^^@^^@^^@^^@^^@^^@^^@^
^@^^@^^@^^@^^@^^@^^@^^@^^@^^@^^@^^@^^@^^@^^@^^@^^@^^@^^@^^@^^@^^@^^@^^@^^@^^@^^
@^^@^^@^^@^^@^^@^^@^^@^^@^^@^^@^^@^^@^^@^^@^^@^^@^^@^^@^^@^^@^^@^^@^^@^^@^^@^^@
^^@^^@^^@^^@^^@^^@^^@^^@^^@^^@^^@^^@^^@^^@^^@^^@^^@^^@^^@^^@^^@^^@^^@^^@^^@^^@^
^@^^@^^@^^@^^@^^@^^@^^@^^@^^@^^@^^@^^@^^@^^@^^@^^@^^@^^@^^@^^@^^@^^@^^@^^@^^@^^
@^^@^^@OT1+cmr on input line 414.
(/usr/share/texlive/texmf-dist/tex/latex/tools/.tex Fileignored)

LaTeX Font Warning: Font shape `^^@^^@^^@^^@^^@^^@^^@^^@^^@^^@^^@^^@^^@^^@^^@^^
@^^@^^@^^@^^@^^@^^@^^@^^@^^@^^@^^@^^@^^@^^@^^@^^@^^@^^@^^@^^@^^@^^@^^@^^@^^@^^@
^^@^^@^^@^^@^^@^^@^^@^^@^^@^^@^^@^^@^^@^^@^^@^^@^^@^^@^^@^^@^^@^^@^^@^^@^^@^^@^
^@^^@^^@^^@^^@^^@^^@^^@^^@^^@^^@^^@^^@^^@^^@^^@^^@^^@^^@^^@^^@^^@^^@^^@^^@^^@^^
@^^@^^@^^@^^@^^@^^@^^@^^@^^@^^@^^@^^@^^@^^@^^@^^@^^@^^@^^@^^@^^@^^@^^@^^@^^@^^@
^^@^^@^^@^^@^^@^^@^^@^^@^^@^^@^^@^^@^^@^^@^^@^^@^^@^^@^^@^^@^^@^^@^^@^^@^^@^^@^
^@^^@^^@^^@^^@^^@^^@^^@^^@^^@^^@^^@^^@^^@^^@^^@^^@^^@^^@^^@^^@^^@OT1/cmr/m/n' @
undefined
(Font)              using `^^@^^@^^@^^@^^@^^@^^@^^@^^@^^@^^@^^@^^@^^@^^@^^@^^@^
^@^^@^^@^^@^^@^^@^^@^^@^^@^^@^^@^^@^^@^^@^^@^^@^^@^^@^^@^^@^^@^^@^^@^^@^^@^^@^^
@^^@^^@^^@^^@^^@^^@^^@^^@^^@^^@^^@^^@^^@^^@^^@^^@^^@^^@^^@^^@^^@^^@^^@^^@^^@^^@
^^@^^@^^@^^@^^@^^@^^@^^@^^@^^@^^@^^@^^@^^@^^@^^@^^@^^@^^@^^@^^@^^@^^@^^@^^@^^@^
^@^^@^^@^^@^^@^^@^^@^^@^^@^^@^^@^^@^^@^^@^^@^^@^^@^^@^^@^^@^^@^^@^^@^^@^^@^^@^^
@^^@^^@^^@^^@^^@^^@^^@^^@^^@^^@^^@^^@^^@^^@^^@^^@^^@^^@^^@^^@^^@^^@^^@^^@^^@^^@
^^@^^@^^@^^@^^@^^@^^@^^@^^@^^@^^@^^@^^@^^@^^@^^@^^@^^@^^@OT1/cmr/m/n' instead o
n input line 414.

LaTeX Font Info:    Trying to load font information for ^^@^^@^^@^^@^^@^^@^^@^^
@^^@^^@^^@^^@^^@^^@^^@^^@^^@^^@^^@^^@^^@^^@^^@^^@^^@^^@^^@^^@^^@^^@^^@^^@^^@^^@
^^@^^@^^@^^@^^@^^@^^@^^@^^@^^@^^@^^@^^@^^@^^@^^@^^@^^@^^@^^@^^@^^@^^@^^@^^@^^@^
^@^^@^^@^^@^^@^^@^^@^^@^^@^^@^^@^^@^^@^^@^^@^^@^^@^^@^^@^^@^^@^^@^^@^^@^^@^^@^^
@^^@^^@^^@^^@^^@^^@^^@^^@^^@^^@^^@^^@^^@^^@^^@^^@^^@^^@^^@^^@^^@^^@^^@^^@^^@^^@
^^@^^@^^@^^@^^@^^@^^@^^@^^@^^@^^@^^@^^@^^@^^@^^@^^@^^@^^@^^@^^@^^@^^@^^@^^@^^@^
^@^^@^^@^^@^^@^^@^^@^^@^^@^^@^^@^^@^^@^^@^^@^^@^^@^^@^^@^^@^^@^^@^^@^^@^^@^^@^^
@^^@^^@^^@OT1+cmr on input line 414.
(/usr/share/texlive/texmf-dist/tex/latex/tools/.tex Fileignored)

LaTeX Font Warning: Font shape `^^@^^@^^@^^@^^@^^@^^@^^@^^@^^@^^@^^@^^@^^@^^@^^
@^^@^^@^^@^^@^^@^^@^^@^^@^^@^^@^^@^^@^^@^^@^^@^^@^^@^^@^^@^^@^^@^^@^^@^^@^^@^^@
^^@^^@^^@^^@^^@^^@^^@^^@^^@^^@^^@^^@^^@^^@^^@^^@^^@^^@^^@^^@^^@^^@^^@^^@^^@^^@^
^@^^@^^@^^@^^@^^@^^@^^@^^@^^@^^@^^@^^@^^@^^@^^@^^@^^@^^@^^@^^@^^@^^@^^@^^@^^@^^
@^^@^^@^^@^^@^^@^^@^^@^^@^^@^^@^^@^^@^^@^^@^^@^^@^^@^^@^^@^^@^^@^^@^^@^^@^^@^^@
^^@^^@^^@^^@^^@^^@^^@^^@^^@^^@^^@^^@^^@^^@^^@^^@^^@^^@^^@^^@^^@^^@^^@^^@^^@^^@^
^@^^@^^@^^@^^@^^@^^@^^@^^@^^@^^@^^@^^@^^@^^@^^@^^@^^@^^@^^@^^@^^@^^@OT1/cmr/m/n
' @undefined
(Font)              using `^^@^^@^^@^^@^^@^^@^^@^^@^^@^^@^^@^^@^^@^^@^^@^^@^^@^
^@^^@^^@^^@^^@^^@^^@^^@^^@^^@^^@^^@^^@^^@^^@^^@^^@^^@^^@^^@^^@^^@^^@^^@^^@^^@^^
@^^@^^@^^@^^@^^@^^@^^@^^@^^@^^@^^@^^@^^@^^@^^@^^@^^@^^@^^@^^@^^@^^@^^@^^@^^@^^@
^^@^^@^^@^^@^^@^^@^^@^^@^^@^^@^^@^^@^^@^^@^^@^^@^^@^^@^^@^^@^^@^^@^^@^^@^^@^^@^
^@^^@^^@^^@^^@^^@^^@^^@^^@^^@^^@^^@^^@^^@^^@^^@^^@^^@^^@^^@^^@^^@^^@^^@^^@^^@^^
@^^@^^@^^@^^@^^@^^@^^@^^@^^@^^@^^@^^@^^@^^@^^@^^@^^@^^@^^@^^@^^@^^@^^@^^@^^@^^@
^^@^^@^^@^^@^^@^^@^^@^^@^^@^^@^^@^^@^^@^^@^^@^^@^^@^^@^^@^^@OT1/cmr/m/n' instea
d on input line 414.

LaTeX Font Info:    Trying to load font information for ^^@^^@^^@^^@^^@^^@^^@^^
@^^@^^@^^@^^@^^@^^@^^@^^@^^@^^@^^@^^@^^@^^@^^@^^@^^@^^@^^@^^@^^@^^@^^@^^@^^@^^@
^^@^^@^^@^^@^^@^^@^^@^^@^^@^^@^^@^^@^^@^^@^^@^^@^^@^^@^^@^^@^^@^^@^^@^^@^^@^^@^
^@^^@^^@^^@^^@^^@^^@^^@^^@^^@^^@^^@^^@^^@^^@^^@^^@^^@^^@^^@^^@^^@^^@^^@^^@^^@^^
@^^@^^@^^@^^@^^@^^@^^@^^@^^@^^@^^@^^@^^@^^@^^@^^@^^@^^@^^@^^@^^@^^@^^@^^@^^@^^@
^^@^^@^^@^^@^^@^^@^^@^^@^^@^^@^^@^^@^^@^^@^^@^^@^^@^^@^^@^^@^^@^^@^^@^^@^^@^^@^
^@^^@^^@^^@^^@^^@^^@^^@^^@^^@^^@^^@^^@^^@^^@^^@^^@^^@^^@^^@^^@^^@^^@^^@^^@^^@^^
@^^@^^@^^@^^@OT1+cmr on input line 414.
(/usr/share/texlive/texmf-dist/tex/latex/tools/.tex Fileignored)

LaTeX Font Warning: Font shape `^^@^^@^^@^^@^^@^^@^^@^^@^^@^^@^^@^^@^^@^^@^^@^^
@^^@^^@^^@^^@^^@^^@^^@^^@^^@^^@^^@^^@^^@^^@^^@^^@^^@^^@^^@^^@^^@^^@^^@^^@^^@^^@
^^@^^@^^@^^@^^@^^@^^@^^@^^@^^@^^@^^@^^@^^@^^@^^@^^@^^@^^@^^@^^@^^@^^@^^@^^@^^@^
^@^^@^^@^^@^^@^^@^^@^^@^^@^^@^^@^^@^^@^^@^^@^^@^^@^^@^^@^^@^^@^^@^^@^^@^^@^^@^^
@^^@^^@^^@^^@^^@^^@^^@^^@^^@^^@^^@^^@^^@^^@^^@^^@^^@^^@^^@^^@^^@^^@^^@^^@^^@^^@
^^@^^@^^@^^@^^@^^@^^@^^@^^@^^@^^@^^@^^@^^@^^@^^@^^@^^@^^@^^@^^@^^@^^@^^@^^@^^@^
^@^^@^^@^^@^^@^^@^^@^^@^^@^^@^^@^^@^^@^^@^^@^^@^^@^^@^^@^^@^^@^^@^^@^^@OT1/cmr/
m/n' @undefined
(Font)              using `^^@^^@^^@^^@^^@^^@^^@^^@^^@^^@^^@^^@^^@^^@^^@^^@^^@^
^@^^@^^@^^@^^@^^@^^@^^@^^@^^@^^@^^@^^@^^@^^@^^@^^@^^@^^@^^@^^@^^@^^@^^@^^@^^@^^
@^^@^^@^^@^^@^^@^^@^^@^^@^^@^^@^^@^^@^^@^^@^^@^^@^^@^^@^^@^^@^^@^^@^^@^^@^^@^^@
^^@^^@^^@^^@^^@^^@^^@^^@^^@^^@^^@^^@^^@^^@^^@^^@^^@^^@^^@^^@^^@^^@^^@^^@^^@^^@^
^@^^@^^@^^@^^@^^@^^@^^@^^@^^@^^@^^@^^@^^@^^@^^@^^@^^@^^@^^@^^@^^@^^@^^@^^@^^@^^
@^^@^^@^^@^^@^^@^^@^^@^^@^^@^^@^^@^^@^^@^^@^^@^^@^^@^^@^^@^^@^^@^^@^^@^^@^^@^^@
^^@^^@^^@^^@^^@^^@^^@^^@^^@^^@^^@^^@^^@^^@^^@^^@^^@^^@^^@^^@^^@OT1/cmr/m/n' ins
tead on input line 414.

LaTeX Font Info:    Trying to load font information for ^^@^^@^^@^^@^^@^^@^^@^^
@^^@^^@^^@^^@^^@^^@^^@^^@^^@^^@^^@^^@^^@^^@^^@^^@^^@^^@^^@^^@^^@^^@^^@^^@^^@^^@
^^@^^@^^@^^@^^@^^@^^@^^@^^@^^@^^@^^@^^@^^@^^@^^@^^@^^@^^@^^@^^@^^@^^@^^@^^@^^@^
^@^^@^^@^^@^^@^^@^^@^^@^^@^^@^^@^^@^^@^^@^^@^^@^^@^^@^^@^^@^^@^^@^^@^^@^^@^^@^^
@^^@^^@^^@^^@^^@^^@^^@^^@^^@^^@^^@^^@^^@^^@^^@^^@^^@^^@^^@^^@^^@^^@^^@^^@^^@^^@
^^@^^@^^@^^@^^@^^@^^@^^@^^@^^@^^@^^@^^@^^@^^@^^@^^@^^@^^@^^@^^@^^@^^@^^@^^@^^@^
^@^^@^^@^^@^^@^^@^^@^^@^^@^^@^^@^^@^^@^^@^^@^^@^^@^^@^^@^^@^^@^^@^^@^^@^^@^^@^^
@^^@^^@^^@^^@^^@OT1+cmr on input line 414.
(/usr/share/texlive/texmf-dist/tex/latex/tools/.tex Fileignored)

LaTeX Font Warning: Font shape `^^@^^@^^@^^@^^@^^@^^@^^@^^@^^@^^@^^@^^@^^@^^@^^
@^^@^^@^^@^^@^^@^^@^^@^^@^^@^^@^^@^^@^^@^^@^^@^^@^^@^^@^^@^^@^^@^^@^^@^^@^^@^^@
^^@^^@^^@^^@^^@^^@^^@^^@^^@^^@^^@^^@^^@^^@^^@^^@^^@^^@^^@^^@^^@^^@^^@^^@^^@^^@^
^@^^@^^@^^@^^@^^@^^@^^@^^@^^@^^@^^@^^@^^@^^@^^@^^@^^@^^@^^@^^@^^@^^@^^@^^@^^@^^
@^^@^^@^^@^^@^^@^^@^^@^^@^^@^^@^^@^^@^^@^^@^^@^^@^^@^^@^^@^^@^^@^^@^^@^^@^^@^^@
^^@^^@^^@^^@^^@^^@^^@^^@^^@^^@^^@^^@^^@^^@^^@^^@^^@^^@^^@^^@^^@^^@^^@^^@^^@^^@^
^@^^@^^@^^@^^@^^@^^@^^@^^@^^@^^@^^@^^@^^@^^@^^@^^@^^@^^@^^@^^@^^@^^@^^@^^@OT1/c
mr/m/n' @undefined
(Font)              using `^^@^^@^^@^^@^^@^^@^^@^^@^^@^^@^^@^^@^^@^^@^^@^^@^^@^
^@^^@^^@^^@^^@^^@^^@^^@^^@^^@^^@^^@^^@^^@^^@^^@^^@^^@^^@^^@^^@^^@^^@^^@^^@^^@^^
@^^@^^@^^@^^@^^@^^@^^@^^@^^@^^@^^@^^@^^@^^@^^@^^@^^@^^@^^@^^@^^@^^@^^@^^@^^@^^@
^^@^^@^^@^^@^^@^^@^^@^^@^^@^^@^^@^^@^^@^^@^^@^^@^^@^^@^^@^^@^^@^^@^^@^^@^^@^^@^
^@^^@^^@^^@^^@^^@^^@^^@^^@^^@^^@^^@^^@^^@^^@^^@^^@^^@^^@^^@^^@^^@^^@^^@^^@^^@^^
@^^@^^@^^@^^@^^@^^@^^@^^@^^@^^@^^@^^@^^@^^@^^@^^@^^@^^@^^@^^@^^@^^@^^@^^@^^@^^@
^^@^^@^^@^^@^^@^^@^^@^^@^^@^^@^^@^^@^^@^^@^^@^^@^^@^^@^^@^^@^^@^^@OT1/cmr/m/n' 
instead on input line 414.

LaTeX Font Info:    Trying to load font information for ^^@^^@^^@^^@^^@^^@^^@^^
@^^@^^@^^@^^@^^@^^@^^@^^@^^@^^@^^@^^@^^@^^@^^@^^@^^@^^@^^@^^@^^@^^@^^@^^@^^@^^@
^^@^^@^^@^^@^^@^^@^^@^^@^^@^^@^^@^^@^^@^^@^^@^^@^^@^^@^^@^^@^^@^^@^^@^^@^^@^^@^
^@^^@^^@^^@^^@^^@^^@^^@^^@^^@^^@^^@^^@^^@^^@^^@^^@^^@^^@^^@^^@^^@^^@^^@^^@^^@^^
@^^@^^@^^@^^@^^@^^@^^@^^@^^@^^@^^@^^@^^@^^@^^@^^@^^@^^@^^@^^@^^@^^@^^@^^@^^@^^@
^^@^^@^^@^^@^^@^^@^^@^^@^^@^^@^^@^^@^^@^^@^^@^^@^^@^^@^^@^^@^^@^^@^^@^^@^^@^^@^
^@^^@^^@^^@^^@^^@^^@^^@^^@^^@^^@^^@^^@^^@^^@^^@^^@^^@^^@^^@^^@^^@^^@^^@^^@^^@^^
@^^@^^@^^@^^@^^@^^@OT1+cmr on input line 414.
(/usr/share/texlive/texmf-dist/tex/latex/tools/.tex Fileignored)

LaTeX Font Warning: Font shape `^^@^^@^^@^^@^^@^^@^^@^^@^^@^^@^^@^^@^^@^^@^^@^^
@^^@^^@^^@^^@^^@^^@^^@^^@^^@^^@^^@^^@^^@^^@^^@^^@^^@^^@^^@^^@^^@^^@^^@^^@^^@^^@
^^@^^@^^@^^@^^@^^@^^@^^@^^@^^@^^@^^@^^@^^@^^@^^@^^@^^@^^@^^@^^@^^@^^@^^@^^@^^@^
^@^^@^^@^^@^^@^^@^^@^^@^^@^^@^^@^^@^^@^^@^^@^^@^^@^^@^^@^^@^^@^^@^^@^^@^^@^^@^^
@^^@^^@^^@^^@^^@^^@^^@^^@^^@^^@^^@^^@^^@^^@^^@^^@^^@^^@^^@^^@^^@^^@^^@^^@^^@^^@
^^@^^@^^@^^@^^@^^@^^@^^@^^@^^@^^@^^@^^@^^@^^@^^@^^@^^@^^@^^@^^@^^@^^@^^@^^@^^@^
^@^^@^^@^^@^^@^^@^^@^^@^^@^^@^^@^^@^^@^^@^^@^^@^^@^^@^^@^^@^^@^^@^^@^^@^^@^^@OT
1/cmr/m/n' @undefined
(Font)              using `^^@^^@^^@^^@^^@^^@^^@^^@^^@^^@^^@^^@^^@^^@^^@^^@^^@^
^@^^@^^@^^@^^@^^@^^@^^@^^@^^@^^@^^@^^@^^@^^@^^@^^@^^@^^@^^@^^@^^@^^@^^@^^@^^@^^
@^^@^^@^^@^^@^^@^^@^^@^^@^^@^^@^^@^^@^^@^^@^^@^^@^^@^^@^^@^^@^^@^^@^^@^^@^^@^^@
^^@^^@^^@^^@^^@^^@^^@^^@^^@^^@^^@^^@^^@^^@^^@^^@^^@^^@^^@^^@^^@^^@^^@^^@^^@^^@^
^@^^@^^@^^@^^@^^@^^@^^@^^@^^@^^@^^@^^@^^@^^@^^@^^@^^@^^@^^@^^@^^@^^@^^@^^@^^@^^
@^^@^^@^^@^^@^^@^^@^^@^^@^^@^^@^^@^^@^^@^^@^^@^^@^^@^^@^^@^^@^^@^^@^^@^^@^^@^^@
^^@^^@^^@^^@^^@^^@^^@^^@^^@^^@^^@^^@^^@^^@^^@^^@^^@^^@^^@^^@^^@^^@^^@OT1/cmr/m/
n' instead on input line 414.

LaTeX Font Info:    Trying to load font information for ^^@^^@^^@^^@^^@^^@^^@^^
@^^@^^@^^@^^@^^@^^@^^@^^@^^@^^@^^@^^@^^@^^@^^@^^@^^@^^@^^@^^@^^@^^@^^@^^@^^@^^@
^^@^^@^^@^^@^^@^^@^^@^^@^^@^^@^^@^^@^^@^^@^^@^^@^^@^^@^^@^^@^^@^^@^^@^^@^^@^^@^
^@^^@^^@^^@^^@^^@^^@^^@^^@^^@^^@^^@^^@^^@^^@^^@^^@^^@^^@^^@^^@^^@^^@^^@^^@^^@^^
@^^@^^@^^@^^@^^@^^@^^@^^@^^@^^@^^@^^@^^@^^@^^@^^@^^@^^@^^@^^@^^@^^@^^@^^@^^@^^@
^^@^^@^^@^^@^^@^^@^^@^^@^^@^^@^^@^^@^^@^^@^^@^^@^^@^^@^^@^^@^^@^^@^^@^^@^^@^^@^
^@^^@^^@^^@^^@^^@^^@^^@^^@^^@^^@^^@^^@^^@^^@^^@^^@^^@^^@^^@^^@^^@^^@^^@^^@^^@^^
@^^@^^@^^@^^@^^@^^@^^@OT1+cmr on input line 414.
(/usr/share/texlive/texmf-dist/tex/latex/tools/.tex Fileignored)

LaTeX Font Warning: Font shape `^^@^^@^^@^^@^^@^^@^^@^^@^^@^^@^^@^^@^^@^^@^^@^^
@^^@^^@^^@^^@^^@^^@^^@^^@^^@^^@^^@^^@^^@^^@^^@^^@^^@^^@^^@^^@^^@^^@^^@^^@^^@^^@
^^@^^@^^@^^@^^@^^@^^@^^@^^@^^@^^@^^@^^@^^@^^@^^@^^@^^@^^@^^@^^@^^@^^@^^@^^@^^@^
^@^^@^^@^^@^^@^^@^^@^^@^^@^^@^^@^^@^^@^^@^^@^^@^^@^^@^^@^^@^^@^^@^^@^^@^^@^^@^^
@^^@^^@^^@^^@^^@^^@^^@^^@^^@^^@^^@^^@^^@^^@^^@^^@^^@^^@^^@^^@^^@^^@^^@^^@^^@^^@
^^@^^@^^@^^@^^@^^@^^@^^@^^@^^@^^@^^@^^@^^@^^@^^@^^@^^@^^@^^@^^@^^@^^@^^@^^@^^@^
^@^^@^^@^^@^^@^^@^^@^^@^^@^^@^^@^^@^^@^^@^^@^^@^^@^^@^^@^^@^^@^^@^^@^^@^^@^^@^^
@OT1/cmr/m/n' @undefined
(Font)              using `^^@^^@^^@^^@^^@^^@^^@^^@^^@^^@^^@^^@^^@^^@^^@^^@^^@^
^@^^@^^@^^@^^@^^@^^@^^@^^@^^@^^@^^@^^@^^@^^@^^@^^@^^@^^@^^@^^@^^@^^@^^@^^@^^@^^
@^^@^^@^^@^^@^^@^^@^^@^^@^^@^^@^^@^^@^^@^^@^^@^^@^^@^^@^^@^^@^^@^^@^^@^^@^^@^^@
^^@^^@^^@^^@^^@^^@^^@^^@^^@^^@^^@^^@^^@^^@^^@^^@^^@^^@^^@^^@^^@^^@^^@^^@^^@^^@^
^@^^@^^@^^@^^@^^@^^@^^@^^@^^@^^@^^@^^@^^@^^@^^@^^@^^@^^@^^@^^@^^@^^@^^@^^@^^@^^
@^^@^^@^^@^^@^^@^^@^^@^^@^^@^^@^^@^^@^^@^^@^^@^^@^^@^^@^^@^^@^^@^^@^^@^^@^^@^^@
^^@^^@^^@^^@^^@^^@^^@^^@^^@^^@^^@^^@^^@^^@^^@^^@^^@^^@^^@^^@^^@^^@^^@^^@OT1/cmr
/m/n' instead on input line 414.

LaTeX Font Info:    Trying to load font information for ^^@^^@^^@^^@^^@^^@^^@^^
@^^@^^@^^@^^@^^@^^@^^@^^@^^@^^@^^@^^@^^@^^@^^@^^@^^@^^@^^@^^@^^@^^@^^@^^@^^@^^@
^^@^^@^^@^^@^^@^^@^^@^^@^^@^^@^^@^^@^^@^^@^^@^^@^^@^^@^^@^^@^^@^^@^^@^^@^^@^^@^
^@^^@^^@^^@^^@^^@^^@^^@^^@^^@^^@^^@^^@^^@^^@^^@^^@^^@^^@^^@^^@^^@^^@^^@^^@^^@^^
@^^@^^@^^@^^@^^@^^@^^@^^@^^@^^@^^@^^@^^@^^@^^@^^@^^@^^@^^@^^@^^@^^@^^@^^@^^@^^@
^^@^^@^^@^^@^^@^^@^^@^^@^^@^^@^^@^^@^^@^^@^^@^^@^^@^^@^^@^^@^^@^^@^^@^^@^^@^^@^
^@^^@^^@^^@^^@^^@^^@^^@^^@^^@^^@^^@^^@^^@^^@^^@^^@^^@^^@^^@^^@^^@^^@^^@^^@^^@^^
@^^@^^@^^@^^@^^@^^@^^@^^@OT1+cmr on input line 414.
(/usr/share/texlive/texmf-dist/tex/latex/tools/.tex Fileignored)

LaTeX Font Warning: Font shape `^^@^^@^^@^^@^^@^^@^^@^^@^^@^^@^^@^^@^^@^^@^^@^^
@^^@^^@^^@^^@^^@^^@^^@^^@^^@^^@^^@^^@^^@^^@^^@^^@^^@^^@^^@^^@^^@^^@^^@^^@^^@^^@
^^@^^@^^@^^@^^@^^@^^@^^@^^@^^@^^@^^@^^@^^@^^@^^@^^@^^@^^@^^@^^@^^@^^@^^@^^@^^@^
^@^^@^^@^^@^^@^^@^^@^^@^^@^^@^^@^^@^^@^^@^^@^^@^^@^^@^^@^^@^^@^^@^^@^^@^^@^^@^^
@^^@^^@^^@^^@^^@^^@^^@^^@^^@^^@^^@^^@^^@^^@^^@^^@^^@^^@^^@^^@^^@^^@^^@^^@^^@^^@
^^@^^@^^@^^@^^@^^@^^@^^@^^@^^@^^@^^@^^@^^@^^@^^@^^@^^@^^@^^@^^@^^@^^@^^@^^@^^@^
^@^^@^^@^^@^^@^^@^^@^^@^^@^^@^^@^^@^^@^^@^^@^^@^^@^^@^^@^^@^^@^^@^^@^^@^^@^^@^^
@^^@OT1/cmr/m/n' @undefined
(Font)              using `^^@^^@^^@^^@^^@^^@^^@^^@^^@^^@^^@^^@^^@^^@^^@^^@^^@^
^@^^@^^@^^@^^@^^@^^@^^@^^@^^@^^@^^@^^@^^@^^@^^@^^@^^@^^@^^@^^@^^@^^@^^@^^@^^@^^
@^^@^^@^^@^^@^^@^^@^^@^^@^^@^^@^^@^^@^^@^^@^^@^^@^^@^^@^^@^^@^^@^^@^^@^^@^^@^^@
^^@^^@^^@^^@^^@^^@^^@^^@^^@^^@^^@^^@^^@^^@^^@^^@^^@^^@^^@^^@^^@^^@^^@^^@^^@^^@^
^@^^@^^@^^@^^@^^@^^@^^@^^@^^@^^@^^@^^@^^@^^@^^@^^@^^@^^@^^@^^@^^@^^@^^@^^@^^@^^
@^^@^^@^^@^^@^^@^^@^^@^^@^^@^^@^^@^^@^^@^^@^^@^^@^^@^^@^^@^^@^^@^^@^^@^^@^^@^^@
^^@^^@^^@^^@^^@^^@^^@^^@^^@^^@^^@^^@^^@^^@^^@^^@^^@^^@^^@^^@^^@^^@^^@^^@^^@OT1/
cmr/m/n' instead on input line 414.

LaTeX Font Info:    Trying to load font information for ^^@^^@^^@^^@^^@^^@^^@^^
@^^@^^@^^@^^@^^@^^@^^@^^@^^@^^@^^@^^@^^@^^@^^@^^@^^@^^@^^@^^@^^@^^@^^@^^@^^@^^@
^^@^^@^^@^^@^^@^^@^^@^^@^^@^^@^^@^^@^^@^^@^^@^^@^^@^^@^^@^^@^^@^^@^^@^^@^^@^^@^
^@^^@^^@^^@^^@^^@^^@^^@^^@^^@^^@^^@^^@^^@^^@^^@^^@^^@^^@^^@^^@^^@^^@^^@^^@^^@^^
@^^@^^@^^@^^@^^@^^@^^@^^@^^@^^@^^@^^@^^@^^@^^@^^@^^@^^@^^@^^@^^@^^@^^@^^@^^@^^@
^^@^^@^^@^^@^^@^^@^^@^^@^^@^^@^^@^^@^^@^^@^^@^^@^^@^^@^^@^^@^^@^^@^^@^^@^^@^^@^
^@^^@^^@^^@^^@^^@^^@^^@^^@^^@^^@^^@^^@^^@^^@^^@^^@^^@^^@^^@^^@^^@^^@^^@^^@^^@^^
@^^@^^@^^@^^@^^@^^@^^@^^@^^@OT1+cmr on input line 414.
(/usr/share/texlive/texmf-dist/tex/latex/tools/.tex Fileignored)

LaTeX Font Warning: Font shape `^^@^^@^^@^^@^^@^^@^^@^^@^^@^^@^^@^^@^^@^^@^^@^^
@^^@^^@^^@^^@^^@^^@^^@^^@^^@^^@^^@^^@^^@^^@^^@^^@^^@^^@^^@^^@^^@^^@^^@^^@^^@^^@
^^@^^@^^@^^@^^@^^@^^@^^@^^@^^@^^@^^@^^@^^@^^@^^@^^@^^@^^@^^@^^@^^@^^@^^@^^@^^@^
^@^^@^^@^^@^^@^^@^^@^^@^^@^^@^^@^^@^^@^^@^^@^^@^^@^^@^^@^^@^^@^^@^^@^^@^^@^^@^^
@^^@^^@^^@^^@^^@^^@^^@^^@^^@^^@^^@^^@^^@^^@^^@^^@^^@^^@^^@^^@^^@^^@^^@^^@^^@^^@
^^@^^@^^@^^@^^@^^@^^@^^@^^@^^@^^@^^@^^@^^@^^@^^@^^@^^@^^@^^@^^@^^@^^@^^@^^@^^@^
^@^^@^^@^^@^^@^^@^^@^^@^^@^^@^^@^^@^^@^^@^^@^^@^^@^^@^^@^^@^^@^^@^^@^^@^^@^^@^^
@^^@^^@OT1/cmr/m/n' @undefined
(Font)              using `^^@^^@^^@^^@^^@^^@^^@^^@^^@^^@^^@^^@^^@^^@^^@^^@^^@^
^@^^@^^@^^@^^@^^@^^@^^@^^@^^@^^@^^@^^@^^@^^@^^@^^@^^@^^@^^@^^@^^@^^@^^@^^@^^@^^
@^^@^^@^^@^^@^^@^^@^^@^^@^^@^^@^^@^^@^^@^^@^^@^^@^^@^^@^^@^^@^^@^^@^^@^^@^^@^^@
^^@^^@^^@^^@^^@^^@^^@^^@^^@^^@^^@^^@^^@^^@^^@^^@^^@^^@^^@^^@^^@^^@^^@^^@^^@^^@^
^@^^@^^@^^@^^@^^@^^@^^@^^@^^@^^@^^@^^@^^@^^@^^@^^@^^@^^@^^@^^@^^@^^@^^@^^@^^@^^
@^^@^^@^^@^^@^^@^^@^^@^^@^^@^^@^^@^^@^^@^^@^^@^^@^^@^^@^^@^^@^^@^^@^^@^^@^^@^^@
^^@^^@^^@^^@^^@^^@^^@^^@^^@^^@^^@^^@^^@^^@^^@^^@^^@^^@^^@^^@^^@^^@^^@^^@^^@^^@O
T1/cmr/m/n' instead on input line 414.

LaTeX Font Info:    Trying to load font information for ^^@^^@^^@^^@^^@^^@^^@^^
@^^@^^@^^@^^@^^@^^@^^@^^@^^@^^@^^@^^@^^@^^@^^@^^@^^@^^@^^@^^@^^@^^@^^@^^@^^@^^@
^^@^^@^^@^^@^^@^^@^^@^^@^^@^^@^^@^^@^^@^^@^^@^^@^^@^^@^^@^^@^^@^^@^^@^^@^^@^^@^
^@^^@^^@^^@^^@^^@^^@^^@^^@^^@^^@^^@^^@^^@^^@^^@^^@^^@^^@^^@^^@^^@^^@^^@^^@^^@^^
@^^@^^@^^@^^@^^@^^@^^@^^@^^@^^@^^@^^@^^@^^@^^@^^@^^@^^@^^@^^@^^@^^@^^@^^@^^@^^@
^^@^^@^^@^^@^^@^^@^^@^^@^^@^^@^^@^^@^^@^^@^^@^^@^^@^^@^^@^^@^^@^^@^^@^^@^^@^^@^
^@^^@^^@^^@^^@^^@^^@^^@^^@^^@^^@^^@^^@^^@^^@^^@^^@^^@^^@^^@^^@^^@^^@^^@^^@^^@^^
@^^@^^@^^@^^@^^@^^@^^@^^@^^@^^@OT1+cmr on input line 414.
(/usr/share/texlive/texmf-dist/tex/latex/tools/.tex Fileignored)

LaTeX Font Warning: Font shape `^^@^^@^^@^^@^^@^^@^^@^^@^^@^^@^^@^^@^^@^^@^^@^^
@^^@^^@^^@^^@^^@^^@^^@^^@^^@^^@^^@^^@^^@^^@^^@^^@^^@^^@^^@^^@^^@^^@^^@^^@^^@^^@
^^@^^@^^@^^@^^@^^@^^@^^@^^@^^@^^@^^@^^@^^@^^@^^@^^@^^@^^@^^@^^@^^@^^@^^@^^@^^@^
^@^^@^^@^^@^^@^^@^^@^^@^^@^^@^^@^^@^^@^^@^^@^^@^^@^^@^^@^^@^^@^^@^^@^^@^^@^^@^^
@^^@^^@^^@^^@^^@^^@^^@^^@^^@^^@^^@^^@^^@^^@^^@^^@^^@^^@^^@^^@^^@^^@^^@^^@^^@^^@
^^@^^@^^@^^@^^@^^@^^@^^@^^@^^@^^@^^@^^@^^@^^@^^@^^@^^@^^@^^@^^@^^@^^@^^@^^@^^@^
^@^^@^^@^^@^^@^^@^^@^^@^^@^^@^^@^^@^^@^^@^^@^^@^^@^^@^^@^^@^^@^^@^^@^^@^^@^^@^^
@^^@^^@^^@OT1/cmr/m/n' @undefined
(Font)              using `^^@^^@^^@^^@^^@^^@^^@^^@^^@^^@^^@^^@^^@^^@^^@^^@^^@^
^@^^@^^@^^@^^@^^@^^@^^@^^@^^@^^@^^@^^@^^@^^@^^@^^@^^@^^@^^@^^@^^@^^@^^@^^@^^@^^
@^^@^^@^^@^^@^^@^^@^^@^^@^^@^^@^^@^^@^^@^^@^^@^^@^^@^^@^^@^^@^^@^^@^^@^^@^^@^^@
^^@^^@^^@^^@^^@^^@^^@^^@^^@^^@^^@^^@^^@^^@^^@^^@^^@^^@^^@^^@^^@^^@^^@^^@^^@^^@^
^@^^@^^@^^@^^@^^@^^@^^@^^@^^@^^@^^@^^@^^@^^@^^@^^@^^@^^@^^@^^@^^@^^@^^@^^@^^@^^
@^^@^^@^^@^^@^^@^^@^^@^^@^^@^^@^^@^^@^^@^^@^^@^^@^^@^^@^^@^^@^^@^^@^^@^^@^^@^^@
^^@^^@^^@^^@^^@^^@^^@^^@^^@^^@^^@^^@^^@^^@^^@^^@^^@^^@^^@^^@^^@^^@^^@^^@^^@^^@^
^@OT1/cmr/m/n' instead on input line 414.

LaTeX Font Info:    Trying to load font information for ^^@^^@^^@^^@^^@^^@^^@^^
@^^@^^@^^@^^@^^@^^@^^@^^@^^@^^@^^@^^@^^@^^@^^@^^@^^@^^@^^@^^@^^@^^@^^@^^@^^@^^@
^^@^^@^^@^^@^^@^^@^^@^^@^^@^^@^^@^^@^^@^^@^^@^^@^^@^^@^^@^^@^^@^^@^^@^^@^^@^^@^
^@^^@^^@^^@^^@^^@^^@^^@^^@^^@^^@^^@^^@^^@^^@^^@^^@^^@^^@^^@^^@^^@^^@^^@^^@^^@^^
@^^@^^@^^@^^@^^@^^@^^@^^@^^@^^@^^@^^@^^@^^@^^@^^@^^@^^@^^@^^@^^@^^@^^@^^@^^@^^@
^^@^^@^^@^^@^^@^^@^^@^^@^^@^^@^^@^^@^^@^^@^^@^^@^^@^^@^^@^^@^^@^^@^^@^^@^^@^^@^
^@^^@^^@^^@^^@^^@^^@^^@^^@^^@^^@^^@^^@^^@^^@^^@^^@^^@^^@^^@^^@^^@^^@^^@^^@^^@^^
@^^@^^@^^@^^@^^@^^@^^@^^@^^@^^@^^@OT1+cmr on input line 414.
(/usr/share/texlive/texmf-dist/tex/latex/tools/.tex Fileignored)

LaTeX Font Warning: Font shape `^^@^^@^^@^^@^^@^^@^^@^^@^^@^^@^^@^^@^^@^^@^^@^^
@^^@^^@^^@^^@^^@^^@^^@^^@^^@^^@^^@^^@^^@^^@^^@^^@^^@^^@^^@^^@^^@^^@^^@^^@^^@^^@
^^@^^@^^@^^@^^@^^@^^@^^@^^@^^@^^@^^@^^@^^@^^@^^@^^@^^@^^@^^@^^@^^@^^@^^@^^@^^@^
^@^^@^^@^^@^^@^^@^^@^^@^^@^^@^^@^^@^^@^^@^^@^^@^^@^^@^^@^^@^^@^^@^^@^^@^^@^^@^^
@^^@^^@^^@^^@^^@^^@^^@^^@^^@^^@^^@^^@^^@^^@^^@^^@^^@^^@^^@^^@^^@^^@^^@^^@^^@^^@
^^@^^@^^@^^@^^@^^@^^@^^@^^@^^@^^@^^@^^@^^@^^@^^@^^@^^@^^@^^@^^@^^@^^@^^@^^@^^@^
^@^^@^^@^^@^^@^^@^^@^^@^^@^^@^^@^^@^^@^^@^^@^^@^^@^^@^^@^^@^^@^^@^^@^^@^^@^^@^^
@^^@^^@^^@^^@OT1/cmr/m/n' @undefined
(Font)              using `^^@^^@^^@^^@^^@^^@^^@^^@^^@^^@^^@^^@^^@^^@^^@^^@^^@^
^@^^@^^@^^@^^@^^@^^@^^@^^@^^@^^@^^@^^@^^@^^@^^@^^@^^@^^@^^@^^@^^@^^@^^@^^@^^@^^
@^^@^^@^^@^^@^^@^^@^^@^^@^^@^^@^^@^^@^^@^^@^^@^^@^^@^^@^^@^^@^^@^^@^^@^^@^^@^^@
^^@^^@^^@^^@^^@^^@^^@^^@^^@^^@^^@^^@^^@^^@^^@^^@^^@^^@^^@^^@^^@^^@^^@^^@^^@^^@^
^@^^@^^@^^@^^@^^@^^@^^@^^@^^@^^@^^@^^@^^@^^@^^@^^@^^@^^@^^@^^@^^@^^@^^@^^@^^@^^
@^^@^^@^^@^^@^^@^^@^^@^^@^^@^^@^^@^^@^^@^^@^^@^^@^^@^^@^^@^^@^^@^^@^^@^^@^^@^^@
^^@^^@^^@^^@^^@^^@^^@^^@^^@^^@^^@^^@^^@^^@^^@^^@^^@^^@^^@^^@^^@^^@^^@^^@^^@^^@^
^@^^@OT1/cmr/m/n' instead on input line 414.

LaTeX Font Info:    Trying to load font information for ^^@^^@^^@^^@^^@^^@^^@^^
@^^@^^@^^@^^@^^@^^@^^@^^@^^@^^@^^@^^@^^@^^@^^@^^@^^@^^@^^@^^@^^@^^@^^@^^@^^@^^@
^^@^^@^^@^^@^^@^^@^^@^^@^^@^^@^^@^^@^^@^^@^^@^^@^^@^^@^^@^^@^^@^^@^^@^^@^^@^^@^
^@^^@^^@^^@^^@^^@^^@^^@^^@^^@^^@^^@^^@^^@^^@^^@^^@^^@^^@^^@^^@^^@^^@^^@^^@^^@^^
@^^@^^@^^@^^@^^@^^@^^@^^@^^@^^@^^@^^@^^@^^@^^@^^@^^@^^@^^@^^@^^@^^@^^@^^@^^@^^@
^^@^^@^^@^^@^^@^^@^^@^^@^^@^^@^^@^^@^^@^^@^^@^^@^^@^^@^^@^^@^^@^^@^^@^^@^^@^^@^
^@^^@^^@^^@^^@^^@^^@^^@^^@^^@^^@^^@^^@^^@^^@^^@^^@^^@^^@^^@^^@^^@^^@^^@^^@^^@^^
@^^@^^@^^@^^@^^@^^@^^@^^@^^@^^@^^@^^@OT1+cmr on input line 414.
(/usr/share/texlive/texmf-dist/tex/latex/tools/.tex Fileignored)

LaTeX Font Warning: Font shape `^^@^^@^^@^^@^^@^^@^^@^^@^^@^^@^^@^^@^^@^^@^^@^^
@^^@^^@^^@^^@^^@^^@^^@^^@^^@^^@^^@^^@^^@^^@^^@^^@^^@^^@^^@^^@^^@^^@^^@^^@^^@^^@
^^@^^@^^@^^@^^@^^@^^@^^@^^@^^@^^@^^@^^@^^@^^@^^@^^@^^@^^@^^@^^@^^@^^@^^@^^@^^@^
^@^^@^^@^^@^^@^^@^^@^^@^^@^^@^^@^^@^^@^^@^^@^^@^^@^^@^^@^^@^^@^^@^^@^^@^^@^^@^^
@^^@^^@^^@^^@^^@^^@^^@^^@^^@^^@^^@^^@^^@^^@^^@^^@^^@^^@^^@^^@^^@^^@^^@^^@^^@^^@
^^@^^@^^@^^@^^@^^@^^@^^@^^@^^@^^@^^@^^@^^@^^@^^@^^@^^@^^@^^@^^@^^@^^@^^@^^@^^@^
^@^^@^^@^^@^^@^^@^^@^^@^^@^^@^^@^^@^^@^^@^^@^^@^^@^^@^^@^^@^^@^^@^^@^^@^^@^^@^^
@^^@^^@^^@^^@^^@OT1/cmr/m/n' @undefined
(Font)              using `^^@^^@^^@^^@^^@^^@^^@^^@^^@^^@^^@^^@^^@^^@^^@^^@^^@^
^@^^@^^@^^@^^@^^@^^@^^@^^@^^@^^@^^@^^@^^@^^@^^@^^@^^@^^@^^@^^@^^@^^@^^@^^@^^@^^
@^^@^^@^^@^^@^^@^^@^^@^^@^^@^^@^^@^^@^^@^^@^^@^^@^^@^^@^^@^^@^^@^^@^^@^^@^^@^^@
^^@^^@^^@^^@^^@^^@^^@^^@^^@^^@^^@^^@^^@^^@^^@^^@^^@^^@^^@^^@^^@^^@^^@^^@^^@^^@^
^@^^@^^@^^@^^@^^@^^@^^@^^@^^@^^@^^@^^@^^@^^@^^@^^@^^@^^@^^@^^@^^@^^@^^@^^@^^@^^
@^^@^^@^^@^^@^^@^^@^^@^^@^^@^^@^^@^^@^^@^^@^^@^^@^^@^^@^^@^^@^^@^^@^^@^^@^^@^^@
^^@^^@^^@^^@^^@^^@^^@^^@^^@^^@^^@^^@^^@^^@^^@^^@^^@^^@^^@^^@^^@^^@^^@^^@^^@^^@^
^@^^@^^@OT1/cmr/m/n' instead on input line 414.

LaTeX Font Info:    Trying to load font information for ^^@^^@^^@^^@^^@^^@^^@^^
@^^@^^@^^@^^@^^@^^@^^@^^@^^@^^@^^@^^@^^@^^@^^@^^@^^@^^@^^@^^@^^@^^@^^@^^@^^@^^@
^^@^^@^^@^^@^^@^^@^^@^^@^^@^^@^^@^^@^^@^^@^^@^^@^^@^^@^^@^^@^^@^^@^^@^^@^^@^^@^
^@^^@^^@^^@^^@^^@^^@^^@^^@^^@^^@^^@^^@^^@^^@^^@^^@^^@^^@^^@^^@^^@^^@^^@^^@^^@^^
@^^@^^@^^@^^@^^@^^@^^@^^@^^@^^@^^@^^@^^@^^@^^@^^@^^@^^@^^@^^@^^@^^@^^@^^@^^@^^@
^^@^^@^^@^^@^^@^^@^^@^^@^^@^^@^^@^^@^^@^^@^^@^^@^^@^^@^^@^^@^^@^^@^^@^^@^^@^^@^
^@^^@^^@^^@^^@^^@^^@^^@^^@^^@^^@^^@^^@^^@^^@^^@^^@^^@^^@^^@^^@^^@^^@^^@^^@^^@^^
@^^@^^@^^@^^@^^@^^@^^@^^@^^@^^@^^@^^@^^@OT1+cmr on input line 414.
(/usr/share/texlive/texmf-dist/tex/latex/tools/.tex Fileignored)

LaTeX Font Warning: Font shape `^^@^^@^^@^^@^^@^^@^^@^^@^^@^^@^^@^^@^^@^^@^^@^^
@^^@^^@^^@^^@^^@^^@^^@^^@^^@^^@^^@^^@^^@^^@^^@^^@^^@^^@^^@^^@^^@^^@^^@^^@^^@^^@
^^@^^@^^@^^@^^@^^@^^@^^@^^@^^@^^@^^@^^@^^@^^@^^@^^@^^@^^@^^@^^@^^@^^@^^@^^@^^@^
^@^^@^^@^^@^^@^^@^^@^^@^^@^^@^^@^^@^^@^^@^^@^^@^^@^^@^^@^^@^^@^^@^^@^^@^^@^^@^^
@^^@^^@^^@^^@^^@^^@^^@^^@^^@^^@^^@^^@^^@^^@^^@^^@^^@^^@^^@^^@^^@^^@^^@^^@^^@^^@
^^@^^@^^@^^@^^@^^@^^@^^@^^@^^@^^@^^@^^@^^@^^@^^@^^@^^@^^@^^@^^@^^@^^@^^@^^@^^@^
^@^^@^^@^^@^^@^^@^^@^^@^^@^^@^^@^^@^^@^^@^^@^^@^^@^^@^^@^^@^^@^^@^^@^^@^^@^^@^^
@^^@^^@^^@^^@^^@^^@OT1/cmr/m/n' @undefined
(Font)              using `^^@^^@^^@^^@^^@^^@^^@^^@^^@^^@^^@^^@^^@^^@^^@^^@^^@^
^@^^@^^@^^@^^@^^@^^@^^@^^@^^@^^@^^@^^@^^@^^@^^@^^@^^@^^@^^@^^@^^@^^@^^@^^@^^@^^
@^^@^^@^^@^^@^^@^^@^^@^^@^^@^^@^^@^^@^^@^^@^^@^^@^^@^^@^^@^^@^^@^^@^^@^^@^^@^^@
^^@^^@^^@^^@^^@^^@^^@^^@^^@^^@^^@^^@^^@^^@^^@^^@^^@^^@^^@^^@^^@^^@^^@^^@^^@^^@^
^@^^@^^@^^@^^@^^@^^@^^@^^@^^@^^@^^@^^@^^@^^@^^@^^@^^@^^@^^@^^@^^@^^@^^@^^@^^@^^
@^^@^^@^^@^^@^^@^^@^^@^^@^^@^^@^^@^^@^^@^^@^^@^^@^^@^^@^^@^^@^^@^^@^^@^^@^^@^^@
^^@^^@^^@^^@^^@^^@^^@^^@^^@^^@^^@^^@^^@^^@^^@^^@^^@^^@^^@^^@^^@^^@^^@^^@^^@^^@^
^@^^@^^@^^@OT1/cmr/m/n' instead on input line 414.

LaTeX Font Info:    Trying to load font information for ^^@^^@^^@^^@^^@^^@^^@^^
@^^@^^@^^@^^@^^@^^@^^@^^@^^@^^@^^@^^@^^@^^@^^@^^@^^@^^@^^@^^@^^@^^@^^@^^@^^@^^@
^^@^^@^^@^^@^^@^^@^^@^^@^^@^^@^^@^^@^^@^^@^^@^^@^^@^^@^^@^^@^^@^^@^^@^^@^^@^^@^
^@^^@^^@^^@^^@^^@^^@^^@^^@^^@^^@^^@^^@^^@^^@^^@^^@^^@^^@^^@^^@^^@^^@^^@^^@^^@^^
@^^@^^@^^@^^@^^@^^@^^@^^@^^@^^@^^@^^@^^@^^@^^@^^@^^@^^@^^@^^@^^@^^@^^@^^@^^@^^@
^^@^^@^^@^^@^^@^^@^^@^^@^^@^^@^^@^^@^^@^^@^^@^^@^^@^^@^^@^^@^^@^^@^^@^^@^^@^^@^
^@^^@^^@^^@^^@^^@^^@^^@^^@^^@^^@^^@^^@^^@^^@^^@^^@^^@^^@^^@^^@^^@^^@^^@^^@^^@^^
@^^@^^@^^@^^@^^@^^@^^@^^@^^@^^@^^@^^@^^@^^@OT1+cmr on input line 414.
(/usr/share/texlive/texmf-dist/tex/latex/tools/.tex Fileignored)

LaTeX Font Warning: Font shape `^^@^^@^^@^^@^^@^^@^^@^^@^^@^^@^^@^^@^^@^^@^^@^^
@^^@^^@^^@^^@^^@^^@^^@^^@^^@^^@^^@^^@^^@^^@^^@^^@^^@^^@^^@^^@^^@^^@^^@^^@^^@^^@
^^@^^@^^@^^@^^@^^@^^@^^@^^@^^@^^@^^@^^@^^@^^@^^@^^@^^@^^@^^@^^@^^@^^@^^@^^@^^@^
^@^^@^^@^^@^^@^^@^^@^^@^^@^^@^^@^^@^^@^^@^^@^^@^^@^^@^^@^^@^^@^^@^^@^^@^^@^^@^^
@^^@^^@^^@^^@^^@^^@^^@^^@^^@^^@^^@^^@^^@^^@^^@^^@^^@^^@^^@^^@^^@^^@^^@^^@^^@^^@
^^@^^@^^@^^@^^@^^@^^@^^@^^@^^@^^@^^@^^@^^@^^@^^@^^@^^@^^@^^@^^@^^@^^@^^@^^@^^@^
^@^^@^^@^^@^^@^^@^^@^^@^^@^^@^^@^^@^^@^^@^^@^^@^^@^^@^^@^^@^^@^^@^^@^^@^^@^^@^^
@^^@^^@^^@^^@^^@^^@^^@OT1/cmr/m/n' @undefined
(Font)              using `^^@^^@^^@^^@^^@^^@^^@^^@^^@^^@^^@^^@^^@^^@^^@^^@^^@^
^@^^@^^@^^@^^@^^@^^@^^@^^@^^@^^@^^@^^@^^@^^@^^@^^@^^@^^@^^@^^@^^@^^@^^@^^@^^@^^
@^^@^^@^^@^^@^^@^^@^^@^^@^^@^^@^^@^^@^^@^^@^^@^^@^^@^^@^^@^^@^^@^^@^^@^^@^^@^^@
^^@^^@^^@^^@^^@^^@^^@^^@^^@^^@^^@^^@^^@^^@^^@^^@^^@^^@^^@^^@^^@^^@^^@^^@^^@^^@^
^@^^@^^@^^@^^@^^@^^@^^@^^@^^@^^@^^@^^@^^@^^@^^@^^@^^@^^@^^@^^@^^@^^@^^@^^@^^@^^
@^^@^^@^^@^^@^^@^^@^^@^^@^^@^^@^^@^^@^^@^^@^^@^^@^^@^^@^^@^^@^^@^^@^^@^^@^^@^^@
^^@^^@^^@^^@^^@^^@^^@^^@^^@^^@^^@^^@^^@^^@^^@^^@^^@^^@^^@^^@^^@^^@^^@^^@^^@^^@^
^@^^@^^@^^@^^@OT1/cmr/m/n' instead on input line 414.

LaTeX Font Info:    Trying to load font information for ^^@^^@^^@^^@^^@^^@^^@^^
@^^@^^@^^@^^@^^@^^@^^@^^@^^@^^@^^@^^@^^@^^@^^@^^@^^@^^@^^@^^@^^@^^@^^@^^@^^@^^@
^^@^^@^^@^^@^^@^^@^^@^^@^^@^^@^^@^^@^^@^^@^^@^^@^^@^^@^^@^^@^^@^^@^^@^^@^^@^^@^
^@^^@^^@^^@^^@^^@^^@^^@^^@^^@^^@^^@^^@^^@^^@^^@^^@^^@^^@^^@^^@^^@^^@^^@^^@^^@^^
@^^@^^@^^@^^@^^@^^@^^@^^@^^@^^@^^@^^@^^@^^@^^@^^@^^@^^@^^@^^@^^@^^@^^@^^@^^@^^@
^^@^^@^^@^^@^^@^^@^^@^^@^^@^^@^^@^^@^^@^^@^^@^^@^^@^^@^^@^^@^^@^^@^^@^^@^^@^^@^
^@^^@^^@^^@^^@^^@^^@^^@^^@^^@^^@^^@^^@^^@^^@^^@^^@^^@^^@^^@^^@^^@^^@^^@^^@^^@^^
@^^@^^@^^@^^@^^@^^@^^@^^@^^@^^@^^@^^@^^@^^@^^@OT1+cmr on input line 414.
(/usr/share/texlive/texmf-dist/tex/latex/tools/.tex Fileignored)

LaTeX Font Warning: Font shape `^^@^^@^^@^^@^^@^^@^^@^^@^^@^^@^^@^^@^^@^^@^^@^^
@^^@^^@^^@^^@^^@^^@^^@^^@^^@^^@^^@^^@^^@^^@^^@^^@^^@^^@^^@^^@^^@^^@^^@^^@^^@^^@
^^@^^@^^@^^@^^@^^@^^@^^@^^@^^@^^@^^@^^@^^@^^@^^@^^@^^@^^@^^@^^@^^@^^@^^@^^@^^@^
^@^^@^^@^^@^^@^^@^^@^^@^^@^^@^^@^^@^^@^^@^^@^^@^^@^^@^^@^^@^^@^^@^^@^^@^^@^^@^^
@^^@^^@^^@^^@^^@^^@^^@^^@^^@^^@^^@^^@^^@^^@^^@^^@^^@^^@^^@^^@^^@^^@^^@^^@^^@^^@
^^@^^@^^@^^@^^@^^@^^@^^@^^@^^@^^@^^@^^@^^@^^@^^@^^@^^@^^@^^@^^@^^@^^@^^@^^@^^@^
^@^^@^^@^^@^^@^^@^^@^^@^^@^^@^^@^^@^^@^^@^^@^^@^^@^^@^^@^^@^^@^^@^^@^^@^^@^^@^^
@^^@^^@^^@^^@^^@^^@^^@^^@OT1/cmr/m/n' @undefined
(Font)              using `^^@^^@^^@^^@^^@^^@^^@^^@^^@^^@^^@^^@^^@^^@^^@^^@^^@^
^@^^@^^@^^@^^@^^@^^@^^@^^@^^@^^@^^@^^@^^@^^@^^@^^@^^@^^@^^@^^@^^@^^@^^@^^@^^@^^
@^^@^^@^^@^^@^^@^^@^^@^^@^^@^^@^^@^^@^^@^^@^^@^^@^^@^^@^^@^^@^^@^^@^^@^^@^^@^^@
^^@^^@^^@^^@^^@^^@^^@^^@^^@^^@^^@^^@^^@^^@^^@^^@^^@^^@^^@^^@^^@^^@^^@^^@^^@^^@^
^@^^@^^@^^@^^@^^@^^@^^@^^@^^@^^@^^@^^@^^@^^@^^@^^@^^@^^@^^@^^@^^@^^@^^@^^@^^@^^
@^^@^^@^^@^^@^^@^^@^^@^^@^^@^^@^^@^^@^^@^^@^^@^^@^^@^^@^^@^^@^^@^^@^^@^^@^^@^^@
^^@^^@^^@^^@^^@^^@^^@^^@^^@^^@^^@^^@^^@^^@^^@^^@^^@^^@^^@^^@^^@^^@^^@^^@^^@^^@^
^@^^@^^@^^@^^@^^@OT1/cmr/m/n' instead on input line 414.

LaTeX Font Info:    Trying to load font information for ^^@^^@^^@^^@^^@^^@^^@^^
@^^@^^@^^@^^@^^@^^@^^@^^@^^@^^@^^@^^@^^@^^@^^@^^@^^@^^@^^@^^@^^@^^@^^@^^@^^@^^@
^^@^^@^^@^^@^^@^^@^^@^^@^^@^^@^^@^^@^^@^^@^^@^^@^^@^^@^^@^^@^^@^^@^^@^^@^^@^^@^
^@^^@^^@^^@^^@^^@^^@^^@^^@^^@^^@^^@^^@^^@^^@^^@^^@^^@^^@^^@^^@^^@^^@^^@^^@^^@^^
@^^@^^@^^@^^@^^@^^@^^@^^@^^@^^@^^@^^@^^@^^@^^@^^@^^@^^@^^@^^@^^@^^@^^@^^@^^@^^@
^^@^^@^^@^^@^^@^^@^^@^^@^^@^^@^^@^^@^^@^^@^^@^^@^^@^^@^^@^^@^^@^^@^^@^^@^^@^^@^
^@^^@^^@^^@^^@^^@^^@^^@^^@^^@^^@^^@^^@^^@^^@^^@^^@^^@^^@^^@^^@^^@^^@^^@^^@^^@^^
@^^@^^@^^@^^@^^@^^@^^@^^@^^@^^@^^@^^@^^@^^@^^@^^@OT1+cmr on input line 414.
(/usr/share/texlive/texmf-dist/tex/latex/tools/.tex Fileignored)

LaTeX Font Warning: Font shape `^^@^^@^^@^^@^^@^^@^^@^^@^^@^^@^^@^^@^^@^^@^^@^^
@^^@^^@^^@^^@^^@^^@^^@^^@^^@^^@^^@^^@^^@^^@^^@^^@^^@^^@^^@^^@^^@^^@^^@^^@^^@^^@
^^@^^@^^@^^@^^@^^@^^@^^@^^@^^@^^@^^@^^@^^@^^@^^@^^@^^@^^@^^@^^@^^@^^@^^@^^@^^@^
^@^^@^^@^^@^^@^^@^^@^^@^^@^^@^^@^^@^^@^^@^^@^^@^^@^^@^^@^^@^^@^^@^^@^^@^^@^^@^^
@^^@^^@^^@^^@^^@^^@^^@^^@^^@^^@^^@^^@^^@^^@^^@^^@^^@^^@^^@^^@^^@^^@^^@^^@^^@^^@
^^@^^@^^@^^@^^@^^@^^@^^@^^@^^@^^@^^@^^@^^@^^@^^@^^@^^@^^@^^@^^@^^@^^@^^@^^@^^@^
^@^^@^^@^^@^^@^^@^^@^^@^^@^^@^^@^^@^^@^^@^^@^^@^^@^^@^^@^^@^^@^^@^^@^^@^^@^^@^^
@^^@^^@^^@^^@^^@^^@^^@^^@^^@OT1/cmr/m/n' @undefined
(Font)              using `^^@^^@^^@^^@^^@^^@^^@^^@^^@^^@^^@^^@^^@^^@^^@^^@^^@^
^@^^@^^@^^@^^@^^@^^@^^@^^@^^@^^@^^@^^@^^@^^@^^@^^@^^@^^@^^@^^@^^@^^@^^@^^@^^@^^
@^^@^^@^^@^^@^^@^^@^^@^^@^^@^^@^^@^^@^^@^^@^^@^^@^^@^^@^^@^^@^^@^^@^^@^^@^^@^^@
^^@^^@^^@^^@^^@^^@^^@^^@^^@^^@^^@^^@^^@^^@^^@^^@^^@^^@^^@^^@^^@^^@^^@^^@^^@^^@^
^@^^@^^@^^@^^@^^@^^@^^@^^@^^@^^@^^@^^@^^@^^@^^@^^@^^@^^@^^@^^@^^@^^@^^@^^@^^@^^
@^^@^^@^^@^^@^^@^^@^^@^^@^^@^^@^^@^^@^^@^^@^^@^^@^^@^^@^^@^^@^^@^^@^^@^^@^^@^^@
^^@^^@^^@^^@^^@^^@^^@^^@^^@^^@^^@^^@^^@^^@^^@^^@^^@^^@^^@^^@^^@^^@^^@^^@^^@^^@^
^@^^@^^@^^@^^@^^@^^@OT1/cmr/m/n' instead on input line 414.

LaTeX Font Info:    Trying to load font information for ^^@^^@^^@^^@^^@^^@^^@^^
@^^@^^@^^@^^@^^@^^@^^@^^@^^@^^@^^@^^@^^@^^@^^@^^@^^@^^@^^@^^@^^@^^@^^@^^@^^@^^@
^^@^^@^^@^^@^^@^^@^^@^^@^^@^^@^^@^^@^^@^^@^^@^^@^^@^^@^^@^^@^^@^^@^^@^^@^^@^^@^
^@^^@^^@^^@^^@^^@^^@^^@^^@^^@^^@^^@^^@^^@^^@^^@^^@^^@^^@^^@^^@^^@^^@^^@^^@^^@^^
@^^@^^@^^@^^@^^@^^@^^@^^@^^@^^@^^@^^@^^@^^@^^@^^@^^@^^@^^@^^@^^@^^@^^@^^@^^@^^@
^^@^^@^^@^^@^^@^^@^^@^^@^^@^^@^^@^^@^^@^^@^^@^^@^^@^^@^^@^^@^^@^^@^^@^^@^^@^^@^
^@^^@^^@^^@^^@^^@^^@^^@^^@^^@^^@^^@^^@^^@^^@^^@^^@^^@^^@^^@^^@^^@^^@^^@^^@^^@^^
@^^@^^@^^@^^@^^@^^@^^@^^@^^@^^@^^@^^@^^@^^@^^@^^@^^@OT1+cmr on input line 414.
(/usr/share/texlive/texmf-dist/tex/latex/tools/.tex Fileignored)

LaTeX Font Warning: Font shape `^^@^^@^^@^^@^^@^^@^^@^^@^^@^^@^^@^^@^^@^^@^^@^^
@^^@^^@^^@^^@^^@^^@^^@^^@^^@^^@^^@^^@^^@^^@^^@^^@^^@^^@^^@^^@^^@^^@^^@^^@^^@^^@
^^@^^@^^@^^@^^@^^@^^@^^@^^@^^@^^@^^@^^@^^@^^@^^@^^@^^@^^@^^@^^@^^@^^@^^@^^@^^@^
^@^^@^^@^^@^^@^^@^^@^^@^^@^^@^^@^^@^^@^^@^^@^^@^^@^^@^^@^^@^^@^^@^^@^^@^^@^^@^^
@^^@^^@^^@^^@^^@^^@^^@^^@^^@^^@^^@^^@^^@^^@^^@^^@^^@^^@^^@^^@^^@^^@^^@^^@^^@^^@
^^@^^@^^@^^@^^@^^@^^@^^@^^@^^@^^@^^@^^@^^@^^@^^@^^@^^@^^@^^@^^@^^@^^@^^@^^@^^@^
^@^^@^^@^^@^^@^^@^^@^^@^^@^^@^^@^^@^^@^^@^^@^^@^^@^^@^^@^^@^^@^^@^^@^^@^^@^^@^^
@^^@^^@^^@^^@^^@^^@^^@^^@^^@^^@OT1/cmr/m/n' @undefined
(Font)              using `^^@^^@^^@^^@^^@^^@^^@^^@^^@^^@^^@^^@^^@^^@^^@^^@^^@^
^@^^@^^@^^@^^@^^@^^@^^@^^@^^@^^@^^@^^@^^@^^@^^@^^@^^@^^@^^@^^@^^@^^@^^@^^@^^@^^
@^^@^^@^^@^^@^^@^^@^^@^^@^^@^^@^^@^^@^^@^^@^^@^^@^^@^^@^^@^^@^^@^^@^^@^^@^^@^^@
^^@^^@^^@^^@^^@^^@^^@^^@^^@^^@^^@^^@^^@^^@^^@^^@^^@^^@^^@^^@^^@^^@^^@^^@^^@^^@^
^@^^@^^@^^@^^@^^@^^@^^@^^@^^@^^@^^@^^@^^@^^@^^@^^@^^@^^@^^@^^@^^@^^@^^@^^@^^@^^
@^^@^^@^^@^^@^^@^^@^^@^^@^^@^^@^^@^^@^^@^^@^^@^^@^^@^^@^^@^^@^^@^^@^^@^^@^^@^^@
^^@^^@^^@^^@^^@^^@^^@^^@^^@^^@^^@^^@^^@^^@^^@^^@^^@^^@^^@^^@^^@^^@^^@^^@^^@^^@^
^@^^@^^@^^@^^@^^@^^@^^@OT1/cmr/m/n' instead on input line 414.

LaTeX Font Info:    Trying to load font information for ^^@^^@^^@^^@^^@^^@^^@^^
@^^@^^@^^@^^@^^@^^@^^@^^@^^@^^@^^@^^@^^@^^@^^@^^@^^@^^@^^@^^@^^@^^@^^@^^@^^@^^@
^^@^^@^^@^^@^^@^^@^^@^^@^^@^^@^^@^^@^^@^^@^^@^^@^^@^^@^^@^^@^^@^^@^^@^^@^^@^^@^
^@^^@^^@^^@^^@^^@^^@^^@^^@^^@^^@^^@^^@^^@^^@^^@^^@^^@^^@^^@^^@^^@^^@^^@^^@^^@^^
@^^@^^@^^@^^@^^@^^@^^@^^@^^@^^@^^@^^@^^@^^@^^@^^@^^@^^@^^@^^@^^@^^@^^@^^@^^@^^@
^^@^^@^^@^^@^^@^^@^^@^^@^^@^^@^^@^^@^^@^^@^^@^^@^^@^^@^^@^^@^^@^^@^^@^^@^^@^^@^
^@^^@^^@^^@^^@^^@^^@^^@^^@^^@^^@^^@^^@^^@^^@^^@^^@^^@^^@^^@^^@^^@^^@^^@^^@^^@^^
@^^@^^@^^@^^@^^@^^@^^@^^@^^@^^@^^@^^@^^@^^@^^@^^@^^@^^@OT1+cmr on input line 41
4.
(/usr/share/texlive/texmf-dist/tex/latex/tools/.tex Fileignored)

LaTeX Font Warning: Font shape `^^@^^@^^@^^@^^@^^@^^@^^@^^@^^@^^@^^@^^@^^@^^@^^
@^^@^^@^^@^^@^^@^^@^^@^^@^^@^^@^^@^^@^^@^^@^^@^^@^^@^^@^^@^^@^^@^^@^^@^^@^^@^^@
^^@^^@^^@^^@^^@^^@^^@^^@^^@^^@^^@^^@^^@^^@^^@^^@^^@^^@^^@^^@^^@^^@^^@^^@^^@^^@^
^@^^@^^@^^@^^@^^@^^@^^@^^@^^@^^@^^@^^@^^@^^@^^@^^@^^@^^@^^@^^@^^@^^@^^@^^@^^@^^
@^^@^^@^^@^^@^^@^^@^^@^^@^^@^^@^^@^^@^^@^^@^^@^^@^^@^^@^^@^^@^^@^^@^^@^^@^^@^^@
^^@^^@^^@^^@^^@^^@^^@^^@^^@^^@^^@^^@^^@^^@^^@^^@^^@^^@^^@^^@^^@^^@^^@^^@^^@^^@^
^@^^@^^@^^@^^@^^@^^@^^@^^@^^@^^@^^@^^@^^@^^@^^@^^@^^@^^@^^@^^@^^@^^@^^@^^@^^@^^
@^^@^^@^^@^^@^^@^^@^^@^^@^^@^^@^^@OT1/cmr/m/n' @undefined
(Font)              using `^^@^^@^^@^^@^^@^^@^^@^^@^^@^^@^^@^^@^^@^^@^^@^^@^^@^
^@^^@^^@^^@^^@^^@^^@^^@^^@^^@^^@^^@^^@^^@^^@^^@^^@^^@^^@^^@^^@^^@^^@^^@^^@^^@^^
@^^@^^@^^@^^@^^@^^@^^@^^@^^@^^@^^@^^@^^@^^@^^@^^@^^@^^@^^@^^@^^@^^@^^@^^@^^@^^@
^^@^^@^^@^^@^^@^^@^^@^^@^^@^^@^^@^^@^^@^^@^^@^^@^^@^^@^^@^^@^^@^^@^^@^^@^^@^^@^
^@^^@^^@^^@^^@^^@^^@^^@^^@^^@^^@^^@^^@^^@^^@^^@^^@^^@^^@^^@^^@^^@^^@^^@^^@^^@^^
@^^@^^@^^@^^@^^@^^@^^@^^@^^@^^@^^@^^@^^@^^@^^@^^@^^@^^@^^@^^@^^@^^@^^@^^@^^@^^@
^^@^^@^^@^^@^^@^^@^^@^^@^^@^^@^^@^^@^^@^^@^^@^^@^^@^^@^^@^^@^^@^^@^^@^^@^^@^^@^
^@^^@^^@^^@^^@^^@^^@^^@^^@OT1/cmr/m/n' instead on input line 414.

LaTeX Font Info:    Trying to load font information for ^^@^^@^^@^^@^^@^^@^^@^^
@^^@^^@^^@^^@^^@^^@^^@^^@^^@^^@^^@^^@^^@^^@^^@^^@^^@^^@^^@^^@^^@^^@^^@^^@^^@^^@
^^@^^@^^@^^@^^@^^@^^@^^@^^@^^@^^@^^@^^@^^@^^@^^@^^@^^@^^@^^@^^@^^@^^@^^@^^@^^@^
^@^^@^^@^^@^^@^^@^^@^^@^^@^^@^^@^^@^^@^^@^^@^^@^^@^^@^^@^^@^^@^^@^^@^^@^^@^^@^^
@^^@^^@^^@^^@^^@^^@^^@^^@^^@^^@^^@^^@^^@^^@^^@^^@^^@^^@^^@^^@^^@^^@^^@^^@^^@^^@
^^@^^@^^@^^@^^@^^@^^@^^@^^@^^@^^@^^@^^@^^@^^@^^@^^@^^@^^@^^@^^@^^@^^@^^@^^@^^@^
^@^^@^^@^^@^^@^^@^^@^^@^^@^^@^^@^^@^^@^^@^^@^^@^^@^^@^^@^^@^^@^^@^^@^^@^^@^^@^^
@^^@^^@^^@^^@^^@^^@^^@^^@^^@^^@^^@^^@^^@^^@^^@^^@^^@^^@^^@OT1+cmr on input line
 414.
(/usr/share/texlive/texmf-dist/tex/latex/tools/.tex Fileignored)

LaTeX Font Warning: Font shape `^^@^^@^^@^^@^^@^^@^^@^^@^^@^^@^^@^^@^^@^^@^^@^^
@^^@^^@^^@^^@^^@^^@^^@^^@^^@^^@^^@^^@^^@^^@^^@^^@^^@^^@^^@^^@^^@^^@^^@^^@^^@^^@
^^@^^@^^@^^@^^@^^@^^@^^@^^@^^@^^@^^@^^@^^@^^@^^@^^@^^@^^@^^@^^@^^@^^@^^@^^@^^@^
^@^^@^^@^^@^^@^^@^^@^^@^^@^^@^^@^^@^^@^^@^^@^^@^^@^^@^^@^^@^^@^^@^^@^^@^^@^^@^^
@^^@^^@^^@^^@^^@^^@^^@^^@^^@^^@^^@^^@^^@^^@^^@^^@^^@^^@^^@^^@^^@^^@^^@^^@^^@^^@
^^@^^@^^@^^@^^@^^@^^@^^@^^@^^@^^@^^@^^@^^@^^@^^@^^@^^@^^@^^@^^@^^@^^@^^@^^@^^@^
^@^^@^^@^^@^^@^^@^^@^^@^^@^^@^^@^^@^^@^^@^^@^^@^^@^^@^^@^^@^^@^^@^^@^^@^^@^^@^^
@^^@^^@^^@^^@^^@^^@^^@^^@^^@^^@^^@^^@OT1/cmr/m/n' @undefined
(Font)              using `^^@^^@^^@^^@^^@^^@^^@^^@^^@^^@^^@^^@^^@^^@^^@^^@^^@^
^@^^@^^@^^@^^@^^@^^@^^@^^@^^@^^@^^@^^@^^@^^@^^@^^@^^@^^@^^@^^@^^@^^@^^@^^@^^@^^
@^^@^^@^^@^^@^^@^^@^^@^^@^^@^^@^^@^^@^^@^^@^^@^^@^^@^^@^^@^^@^^@^^@^^@^^@^^@^^@
^^@^^@^^@^^@^^@^^@^^@^^@^^@^^@^^@^^@^^@^^@^^@^^@^^@^^@^^@^^@^^@^^@^^@^^@^^@^^@^
^@^^@^^@^^@^^@^^@^^@^^@^^@^^@^^@^^@^^@^^@^^@^^@^^@^^@^^@^^@^^@^^@^^@^^@^^@^^@^^
@^^@^^@^^@^^@^^@^^@^^@^^@^^@^^@^^@^^@^^@^^@^^@^^@^^@^^@^^@^^@^^@^^@^^@^^@^^@^^@
^^@^^@^^@^^@^^@^^@^^@^^@^^@^^@^^@^^@^^@^^@^^@^^@^^@^^@^^@^^@^^@^^@^^@^^@^^@^^@^
^@^^@^^@^^@^^@^^@^^@^^@^^@^^@OT1/cmr/m/n' instead on input line 414.

LaTeX Font Info:    Trying to load font information for ^^@^^@^^@^^@^^@^^@^^@^^
@^^@^^@^^@^^@^^@^^@^^@^^@^^@^^@^^@^^@^^@^^@^^@^^@^^@^^@^^@^^@^^@^^@^^@^^@^^@^^@
^^@^^@^^@^^@^^@^^@^^@^^@^^@^^@^^@^^@^^@^^@^^@^^@^^@^^@^^@^^@^^@^^@^^@^^@^^@^^@^
^@^^@^^@^^@^^@^^@^^@^^@^^@^^@^^@^^@^^@^^@^^@^^@^^@^^@^^@^^@^^@^^@^^@^^@^^@^^@^^
@^^@^^@^^@^^@^^@^^@^^@^^@^^@^^@^^@^^@^^@^^@^^@^^@^^@^^@^^@^^@^^@^^@^^@^^@^^@^^@
^^@^^@^^@^^@^^@^^@^^@^^@^^@^^@^^@^^@^^@^^@^^@^^@^^@^^@^^@^^@^^@^^@^^@^^@^^@^^@^
^@^^@^^@^^@^^@^^@^^@^^@^^@^^@^^@^^@^^@^^@^^@^^@^^@^^@^^@^^@^^@^^@^^@^^@^^@^^@^^
@^^@^^@^^@^^@^^@^^@^^@^^@^^@^^@^^@^^@^^@^^@^^@^^@^^@^^@^^@^^@OT1+cmr on input l
ine 414.
(/usr/share/texlive/texmf-dist/tex/latex/tools/.tex Fileignored)

LaTeX Font Warning: Font shape `^^@^^@^^@^^@^^@^^@^^@^^@^^@^^@^^@^^@^^@^^@^^@^^
@^^@^^@^^@^^@^^@^^@^^@^^@^^@^^@^^@^^@^^@^^@^^@^^@^^@^^@^^@^^@^^@^^@^^@^^@^^@^^@
^^@^^@^^@^^@^^@^^@^^@^^@^^@^^@^^@^^@^^@^^@^^@^^@^^@^^@^^@^^@^^@^^@^^@^^@^^@^^@^
^@^^@^^@^^@^^@^^@^^@^^@^^@^^@^^@^^@^^@^^@^^@^^@^^@^^@^^@^^@^^@^^@^^@^^@^^@^^@^^
@^^@^^@^^@^^@^^@^^@^^@^^@^^@^^@^^@^^@^^@^^@^^@^^@^^@^^@^^@^^@^^@^^@^^@^^@^^@^^@
^^@^^@^^@^^@^^@^^@^^@^^@^^@^^@^^@^^@^^@^^@^^@^^@^^@^^@^^@^^@^^@^^@^^@^^@^^@^^@^
^@^^@^^@^^@^^@^^@^^@^^@^^@^^@^^@^^@^^@^^@^^@^^@^^@^^@^^@^^@^^@^^@^^@^^@^^@^^@^^
@^^@^^@^^@^^@^^@^^@^^@^^@^^@^^@^^@^^@^^@OT1/cmr/m/n' @undefined
(Font)              using `^^@^^@^^@^^@^^@^^@^^@^^@^^@^^@^^@^^@^^@^^@^^@^^@^^@^
^@^^@^^@^^@^^@^^@^^@^^@^^@^^@^^@^^@^^@^^@^^@^^@^^@^^@^^@^^@^^@^^@^^@^^@^^@^^@^^
@^^@^^@^^@^^@^^@^^@^^@^^@^^@^^@^^@^^@^^@^^@^^@^^@^^@^^@^^@^^@^^@^^@^^@^^@^^@^^@
^^@^^@^^@^^@^^@^^@^^@^^@^^@^^@^^@^^@^^@^^@^^@^^@^^@^^@^^@^^@^^@^^@^^@^^@^^@^^@^
^@^^@^^@^^@^^@^^@^^@^^@^^@^^@^^@^^@^^@^^@^^@^^@^^@^^@^^@^^@^^@^^@^^@^^@^^@^^@^^
@^^@^^@^^@^^@^^@^^@^^@^^@^^@^^@^^@^^@^^@^^@^^@^^@^^@^^@^^@^^@^^@^^@^^@^^@^^@^^@
^^@^^@^^@^^@^^@^^@^^@^^@^^@^^@^^@^^@^^@^^@^^@^^@^^@^^@^^@^^@^^@^^@^^@^^@^^@^^@^
^@^^@^^@^^@^^@^^@^^@^^@^^@^^@^^@OT1/cmr/m/n' instead on input line 414.

LaTeX Font Info:    Trying to load font information for ^^@^^@^^@^^@^^@^^@^^@^^
@^^@^^@^^@^^@^^@^^@^^@^^@^^@^^@^^@^^@^^@^^@^^@^^@^^@^^@^^@^^@^^@^^@^^@^^@^^@^^@
^^@^^@^^@^^@^^@^^@^^@^^@^^@^^@^^@^^@^^@^^@^^@^^@^^@^^@^^@^^@^^@^^@^^@^^@^^@^^@^
^@^^@^^@^^@^^@^^@^^@^^@^^@^^@^^@^^@^^@^^@^^@^^@^^@^^@^^@^^@^^@^^@^^@^^@^^@^^@^^
@^^@^^@^^@^^@^^@^^@^^@^^@^^@^^@^^@^^@^^@^^@^^@^^@^^@^^@^^@^^@^^@^^@^^@^^@^^@^^@
^^@^^@^^@^^@^^@^^@^^@^^@^^@^^@^^@^^@^^@^^@^^@^^@^^@^^@^^@^^@^^@^^@^^@^^@^^@^^@^
^@^^@^^@^^@^^@^^@^^@^^@^^@^^@^^@^^@^^@^^@^^@^^@^^@^^@^^@^^@^^@^^@^^@^^@^^@^^@^^
@^^@^^@^^@^^@^^@^^@^^@^^@^^@^^@^^@^^@^^@^^@^^@^^@^^@^^@^^@^^@^^@OT1+cmr on inpu
t line 414.
(/usr/share/texlive/texmf-dist/tex/latex/tools/.tex Fileignored)

LaTeX Font Warning: Font shape `^^@^^@^^@^^@^^@^^@^^@^^@^^@^^@^^@^^@^^@^^@^^@^^
@^^@^^@^^@^^@^^@^^@^^@^^@^^@^^@^^@^^@^^@^^@^^@^^@^^@^^@^^@^^@^^@^^@^^@^^@^^@^^@
^^@^^@^^@^^@^^@^^@^^@^^@^^@^^@^^@^^@^^@^^@^^@^^@^^@^^@^^@^^@^^@^^@^^@^^@^^@^^@^
^@^^@^^@^^@^^@^^@^^@^^@^^@^^@^^@^^@^^@^^@^^@^^@^^@^^@^^@^^@^^@^^@^^@^^@^^@^^@^^
@^^@^^@^^@^^@^^@^^@^^@^^@^^@^^@^^@^^@^^@^^@^^@^^@^^@^^@^^@^^@^^@^^@^^@^^@^^@^^@
^^@^^@^^@^^@^^@^^@^^@^^@^^@^^@^^@^^@^^@^^@^^@^^@^^@^^@^^@^^@^^@^^@^^@^^@^^@^^@^
^@^^@^^@^^@^^@^^@^^@^^@^^@^^@^^@^^@^^@^^@^^@^^@^^@^^@^^@^^@^^@^^@^^@^^@^^@^^@^^
@^^@^^@^^@^^@^^@^^@^^@^^@^^@^^@^^@^^@^^@^^@OT1/cmr/m/n' @undefined
(Font)              using `^^@^^@^^@^^@^^@^^@^^@^^@^^@^^@^^@^^@^^@^^@^^@^^@^^@^
^@^^@^^@^^@^^@^^@^^@^^@^^@^^@^^@^^@^^@^^@^^@^^@^^@^^@^^@^^@^^@^^@^^@^^@^^@^^@^^
@^^@^^@^^@^^@^^@^^@^^@^^@^^@^^@^^@^^@^^@^^@^^@^^@^^@^^@^^@^^@^^@^^@^^@^^@^^@^^@
^^@^^@^^@^^@^^@^^@^^@^^@^^@^^@^^@^^@^^@^^@^^@^^@^^@^^@^^@^^@^^@^^@^^@^^@^^@^^@^
^@^^@^^@^^@^^@^^@^^@^^@^^@^^@^^@^^@^^@^^@^^@^^@^^@^^@^^@^^@^^@^^@^^@^^@^^@^^@^^
@^^@^^@^^@^^@^^@^^@^^@^^@^^@^^@^^@^^@^^@^^@^^@^^@^^@^^@^^@^^@^^@^^@^^@^^@^^@^^@
^^@^^@^^@^^@^^@^^@^^@^^@^^@^^@^^@^^@^^@^^@^^@^^@^^@^^@^^@^^@^^@^^@^^@^^@^^@^^@^
^@^^@^^@^^@^^@^^@^^@^^@^^@^^@^^@^^@OT1/cmr/m/n' instead on input line 414.

LaTeX Font Info:    Trying to load font information for ^^@^^@^^@^^@^^@^^@^^@^^
@^^@^^@^^@^^@^^@^^@^^@^^@^^@^^@^^@^^@^^@^^@^^@^^@^^@^^@^^@^^@^^@^^@^^@^^@^^@^^@
^^@^^@^^@^^@^^@^^@^^@^^@^^@^^@^^@^^@^^@^^@^^@^^@^^@^^@^^@^^@^^@^^@^^@^^@^^@^^@^
^@^^@^^@^^@^^@^^@^^@^^@^^@^^@^^@^^@^^@^^@^^@^^@^^@^^@^^@^^@^^@^^@^^@^^@^^@^^@^^
@^^@^^@^^@^^@^^@^^@^^@^^@^^@^^@^^@^^@^^@^^@^^@^^@^^@^^@^^@^^@^^@^^@^^@^^@^^@^^@
^^@^^@^^@^^@^^@^^@^^@^^@^^@^^@^^@^^@^^@^^@^^@^^@^^@^^@^^@^^@^^@^^@^^@^^@^^@^^@^
^@^^@^^@^^@^^@^^@^^@^^@^^@^^@^^@^^@^^@^^@^^@^^@^^@^^@^^@^^@^^@^^@^^@^^@^^@^^@^^
@^^@^^@^^@^^@^^@^^@^^@^^@^^@^^@^^@^^@^^@^^@^^@^^@^^@^^@^^@^^@^^@^^@OT1+cmr on i
nput line 414.
(/usr/share/texlive/texmf-dist/tex/latex/tools/.tex Fileignored)

LaTeX Font Warning: Font shape `^^@^^@^^@^^@^^@^^@^^@^^@^^@^^@^^@^^@^^@^^@^^@^^
@^^@^^@^^@^^@^^@^^@^^@^^@^^@^^@^^@^^@^^@^^@^^@^^@^^@^^@^^@^^@^^@^^@^^@^^@^^@^^@
^^@^^@^^@^^@^^@^^@^^@^^@^^@^^@^^@^^@^^@^^@^^@^^@^^@^^@^^@^^@^^@^^@^^@^^@^^@^^@^
^@^^@^^@^^@^^@^^@^^@^^@^^@^^@^^@^^@^^@^^@^^@^^@^^@^^@^^@^^@^^@^^@^^@^^@^^@^^@^^
@^^@^^@^^@^^@^^@^^@^^@^^@^^@^^@^^@^^@^^@^^@^^@^^@^^@^^@^^@^^@^^@^^@^^@^^@^^@^^@
^^@^^@^^@^^@^^@^^@^^@^^@^^@^^@^^@^^@^^@^^@^^@^^@^^@^^@^^@^^@^^@^^@^^@^^@^^@^^@^
^@^^@^^@^^@^^@^^@^^@^^@^^@^^@^^@^^@^^@^^@^^@^^@^^@^^@^^@^^@^^@^^@^^@^^@^^@^^@^^
@^^@^^@^^@^^@^^@^^@^^@^^@^^@^^@^^@^^@^^@^^@^^@OT1/cmr/m/n' @undefined
(Font)              using `^^@^^@^^@^^@^^@^^@^^@^^@^^@^^@^^@^^@^^@^^@^^@^^@^^@^
^@^^@^^@^^@^^@^^@^^@^^@^^@^^@^^@^^@^^@^^@^^@^^@^^@^^@^^@^^@^^@^^@^^@^^@^^@^^@^^
@^^@^^@^^@^^@^^@^^@^^@^^@^^@^^@^^@^^@^^@^^@^^@^^@^^@^^@^^@^^@^^@^^@^^@^^@^^@^^@
^^@^^@^^@^^@^^@^^@^^@^^@^^@^^@^^@^^@^^@^^@^^@^^@^^@^^@^^@^^@^^@^^@^^@^^@^^@^^@^
^@^^@^^@^^@^^@^^@^^@^^@^^@^^@^^@^^@^^@^^@^^@^^@^^@^^@^^@^^@^^@^^@^^@^^@^^@^^@^^
@^^@^^@^^@^^@^^@^^@^^@^^@^^@^^@^^@^^@^^@^^@^^@^^@^^@^^@^^@^^@^^@^^@^^@^^@^^@^^@
^^@^^@^^@^^@^^@^^@^^@^^@^^@^^@^^@^^@^^@^^@^^@^^@^^@^^@^^@^^@^^@^^@^^@^^@^^@^^@^
^@^^@^^@^^@^^@^^@^^@^^@^^@^^@^^@^^@^^@OT1/cmr/m/n' instead on input line 414.

LaTeX Font Info:    Trying to load font information for ^^@^^@^^@^^@^^@^^@^^@^^
@^^@^^@^^@^^@^^@^^@^^@^^@^^@^^@^^@^^@^^@^^@^^@^^@^^@^^@^^@^^@^^@^^@^^@^^@^^@^^@
^^@^^@^^@^^@^^@^^@^^@^^@^^@^^@^^@^^@^^@^^@^^@^^@^^@^^@^^@^^@^^@^^@^^@^^@^^@^^@^
^@^^@^^@^^@^^@^^@^^@^^@^^@^^@^^@^^@^^@^^@^^@^^@^^@^^@^^@^^@^^@^^@^^@^^@^^@^^@^^
@^^@^^@^^@^^@^^@^^@^^@^^@^^@^^@^^@^^@^^@^^@^^@^^@^^@^^@^^@^^@^^@^^@^^@^^@^^@^^@
^^@^^@^^@^^@^^@^^@^^@^^@^^@^^@^^@^^@^^@^^@^^@^^@^^@^^@^^@^^@^^@^^@^^@^^@^^@^^@^
^@^^@^^@^^@^^@^^@^^@^^@^^@^^@^^@^^@^^@^^@^^@^^@^^@^^@^^@^^@^^@^^@^^@^^@^^@^^@^^
@^^@^^@^^@^^@^^@^^@^^@^^@^^@^^@^^@^^@^^@^^@^^@^^@^^@^^@^^@^^@^^@^^@^^@OT1+cmr o
n input line 414.
(/usr/share/texlive/texmf-dist/tex/latex/tools/.tex Fileignored)

LaTeX Font Warning: Font shape `^^@^^@^^@^^@^^@^^@^^@^^@^^@^^@^^@^^@^^@^^@^^@^^
@^^@^^@^^@^^@^^@^^@^^@^^@^^@^^@^^@^^@^^@^^@^^@^^@^^@^^@^^@^^@^^@^^@^^@^^@^^@^^@
^^@^^@^^@^^@^^@^^@^^@^^@^^@^^@^^@^^@^^@^^@^^@^^@^^@^^@^^@^^@^^@^^@^^@^^@^^@^^@^
^@^^@^^@^^@^^@^^@^^@^^@^^@^^@^^@^^@^^@^^@^^@^^@^^@^^@^^@^^@^^@^^@^^@^^@^^@^^@^^
@^^@^^@^^@^^@^^@^^@^^@^^@^^@^^@^^@^^@^^@^^@^^@^^@^^@^^@^^@^^@^^@^^@^^@^^@^^@^^@
^^@^^@^^@^^@^^@^^@^^@^^@^^@^^@^^@^^@^^@^^@^^@^^@^^@^^@^^@^^@^^@^^@^^@^^@^^@^^@^
^@^^@^^@^^@^^@^^@^^@^^@^^@^^@^^@^^@^^@^^@^^@^^@^^@^^@^^@^^@^^@^^@^^@^^@^^@^^@^^
@^^@^^@^^@^^@^^@^^@^^@^^@^^@^^@^^@^^@^^@^^@^^@^^@OT1/cmr/m/n' @undefined
(Font)              using `^^@^^@^^@^^@^^@^^@^^@^^@^^@^^@^^@^^@^^@^^@^^@^^@^^@^
^@^^@^^@^^@^^@^^@^^@^^@^^@^^@^^@^^@^^@^^@^^@^^@^^@^^@^^@^^@^^@^^@^^@^^@^^@^^@^^
@^^@^^@^^@^^@^^@^^@^^@^^@^^@^^@^^@^^@^^@^^@^^@^^@^^@^^@^^@^^@^^@^^@^^@^^@^^@^^@
^^@^^@^^@^^@^^@^^@^^@^^@^^@^^@^^@^^@^^@^^@^^@^^@^^@^^@^^@^^@^^@^^@^^@^^@^^@^^@^
^@^^@^^@^^@^^@^^@^^@^^@^^@^^@^^@^^@^^@^^@^^@^^@^^@^^@^^@^^@^^@^^@^^@^^@^^@^^@^^
@^^@^^@^^@^^@^^@^^@^^@^^@^^@^^@^^@^^@^^@^^@^^@^^@^^@^^@^^@^^@^^@^^@^^@^^@^^@^^@
^^@^^@^^@^^@^^@^^@^^@^^@^^@^^@^^@^^@^^@^^@^^@^^@^^@^^@^^@^^@^^@^^@^^@^^@^^@^^@^
^@^^@^^@^^@^^@^^@^^@^^@^^@^^@^^@^^@^^@^^@OT1/cmr/m/n' instead on input line 414
.

LaTeX Font Info:    Trying to load font information for ^^@^^@^^@^^@^^@^^@^^@^^
@^^@^^@^^@^^@^^@^^@^^@^^@^^@^^@^^@^^@^^@^^@^^@^^@^^@^^@^^@^^@^^@^^@^^@^^@^^@^^@
^^@^^@^^@^^@^^@^^@^^@^^@^^@^^@^^@^^@^^@^^@^^@^^@^^@^^@^^@^^@^^@^^@^^@^^@^^@^^@^
^@^^@^^@^^@^^@^^@^^@^^@^^@^^@^^@^^@^^@^^@^^@^^@^^@^^@^^@^^@^^@^^@^^@^^@^^@^^@^^
@^^@^^@^^@^^@^^@^^@^^@^^@^^@^^@^^@^^@^^@^^@^^@^^@^^@^^@^^@^^@^^@^^@^^@^^@^^@^^@
^^@^^@^^@^^@^^@^^@^^@^^@^^@^^@^^@^^@^^@^^@^^@^^@^^@^^@^^@^^@^^@^^@^^@^^@^^@^^@^
^@^^@^^@^^@^^@^^@^^@^^@^^@^^@^^@^^@^^@^^@^^@^^@^^@^^@^^@^^@^^@^^@^^@^^@^^@^^@^^
@^^@^^@^^@^^@^^@^^@^^@^^@^^@^^@^^@^^@^^@^^@^^@^^@^^@^^@^^@^^@^^@^^@^^@^^@OT1+cm
r on input line 414.
(/usr/share/texlive/texmf-dist/tex/latex/tools/.tex Fileignored)

LaTeX Font Warning: Font shape `^^@^^@^^@^^@^^@^^@^^@^^@^^@^^@^^@^^@^^@^^@^^@^^
@^^@^^@^^@^^@^^@^^@^^@^^@^^@^^@^^@^^@^^@^^@^^@^^@^^@^^@^^@^^@^^@^^@^^@^^@^^@^^@
^^@^^@^^@^^@^^@^^@^^@^^@^^@^^@^^@^^@^^@^^@^^@^^@^^@^^@^^@^^@^^@^^@^^@^^@^^@^^@^
^@^^@^^@^^@^^@^^@^^@^^@^^@^^@^^@^^@^^@^^@^^@^^@^^@^^@^^@^^@^^@^^@^^@^^@^^@^^@^^
@^^@^^@^^@^^@^^@^^@^^@^^@^^@^^@^^@^^@^^@^^@^^@^^@^^@^^@^^@^^@^^@^^@^^@^^@^^@^^@
^^@^^@^^@^^@^^@^^@^^@^^@^^@^^@^^@^^@^^@^^@^^@^^@^^@^^@^^@^^@^^@^^@^^@^^@^^@^^@^
^@^^@^^@^^@^^@^^@^^@^^@^^@^^@^^@^^@^^@^^@^^@^^@^^@^^@^^@^^@^^@^^@^^@^^@^^@^^@^^
@^^@^^@^^@^^@^^@^^@^^@^^@^^@^^@^^@^^@^^@^^@^^@^^@^^@OT1/cmr/m/n' @undefined
(Font)              using `^^@^^@^^@^^@^^@^^@^^@^^@^^@^^@^^@^^@^^@^^@^^@^^@^^@^
^@^^@^^@^^@^^@^^@^^@^^@^^@^^@^^@^^@^^@^^@^^@^^@^^@^^@^^@^^@^^@^^@^^@^^@^^@^^@^^
@^^@^^@^^@^^@^^@^^@^^@^^@^^@^^@^^@^^@^^@^^@^^@^^@^^@^^@^^@^^@^^@^^@^^@^^@^^@^^@
^^@^^@^^@^^@^^@^^@^^@^^@^^@^^@^^@^^@^^@^^@^^@^^@^^@^^@^^@^^@^^@^^@^^@^^@^^@^^@^
^@^^@^^@^^@^^@^^@^^@^^@^^@^^@^^@^^@^^@^^@^^@^^@^^@^^@^^@^^@^^@^^@^^@^^@^^@^^@^^
@^^@^^@^^@^^@^^@^^@^^@^^@^^@^^@^^@^^@^^@^^@^^@^^@^^@^^@^^@^^@^^@^^@^^@^^@^^@^^@
^^@^^@^^@^^@^^@^^@^^@^^@^^@^^@^^@^^@^^@^^@^^@^^@^^@^^@^^@^^@^^@^^@^^@^^@^^@^^@^
^@^^@^^@^^@^^@^^@^^@^^@^^@^^@^^@^^@^^@^^@^^@OT1/cmr/m/n' instead on input line 
414.

LaTeX Font Info:    Trying to load font information for ^^@^^@^^@^^@^^@^^@^^@^^
@^^@^^@^^@^^@^^@^^@^^@^^@^^@^^@^^@^^@^^@^^@^^@^^@^^@^^@^^@^^@^^@^^@^^@^^@^^@^^@
^^@^^@^^@^^@^^@^^@^^@^^@^^@^^@^^@^^@^^@^^@^^@^^@^^@^^@^^@^^@^^@^^@^^@^^@^^@^^@^
^@^^@^^@^^@^^@^^@^^@^^@^^@^^@^^@^^@^^@^^@^^@^^@^^@^^@^^@^^@^^@^^@^^@^^@^^@^^@^^
@^^@^^@^^@^^@^^@^^@^^@^^@^^@^^@^^@^^@^^@^^@^^@^^@^^@^^@^^@^^@^^@^^@^^@^^@^^@^^@
^^@^^@^^@^^@^^@^^@^^@^^@^^@^^@^^@^^@^^@^^@^^@^^@^^@^^@^^@^^@^^@^^@^^@^^@^^@^^@^
^@^^@^^@^^@^^@^^@^^@^^@^^@^^@^^@^^@^^@^^@^^@^^@^^@^^@^^@^^@^^@^^@^^@^^@^^@^^@^^
@^^@^^@^^@^^@^^@^^@^^@^^@^^@^^@^^@^^@^^@^^@^^@^^@^^@^^@^^@^^@^^@^^@^^@^^@^^@OT1
+cmr on input line 414.
(/usr/share/texlive/texmf-dist/tex/latex/tools/.tex Fileignored)

LaTeX Font Warning: Font shape `^^@^^@^^@^^@^^@^^@^^@^^@^^@^^@^^@^^@^^@^^@^^@^^
@^^@^^@^^@^^@^^@^^@^^@^^@^^@^^@^^@^^@^^@^^@^^@^^@^^@^^@^^@^^@^^@^^@^^@^^@^^@^^@
^^@^^@^^@^^@^^@^^@^^@^^@^^@^^@^^@^^@^^@^^@^^@^^@^^@^^@^^@^^@^^@^^@^^@^^@^^@^^@^
^@^^@^^@^^@^^@^^@^^@^^@^^@^^@^^@^^@^^@^^@^^@^^@^^@^^@^^@^^@^^@^^@^^@^^@^^@^^@^^
@^^@^^@^^@^^@^^@^^@^^@^^@^^@^^@^^@^^@^^@^^@^^@^^@^^@^^@^^@^^@^^@^^@^^@^^@^^@^^@
^^@^^@^^@^^@^^@^^@^^@^^@^^@^^@^^@^^@^^@^^@^^@^^@^^@^^@^^@^^@^^@^^@^^@^^@^^@^^@^
^@^^@^^@^^@^^@^^@^^@^^@^^@^^@^^@^^@^^@^^@^^@^^@^^@^^@^^@^^@^^@^^@^^@^^@^^@^^@^^
@^^@^^@^^@^^@^^@^^@^^@^^@^^@^^@^^@^^@^^@^^@^^@^^@^^@^^@OT1/cmr/m/n' @undefined
(Font)              using `^^@^^@^^@^^@^^@^^@^^@^^@^^@^^@^^@^^@^^@^^@^^@^^@^^@^
^@^^@^^@^^@^^@^^@^^@^^@^^@^^@^^@^^@^^@^^@^^@^^@^^@^^@^^@^^@^^@^^@^^@^^@^^@^^@^^
@^^@^^@^^@^^@^^@^^@^^@^^@^^@^^@^^@^^@^^@^^@^^@^^@^^@^^@^^@^^@^^@^^@^^@^^@^^@^^@
^^@^^@^^@^^@^^@^^@^^@^^@^^@^^@^^@^^@^^@^^@^^@^^@^^@^^@^^@^^@^^@^^@^^@^^@^^@^^@^
^@^^@^^@^^@^^@^^@^^@^^@^^@^^@^^@^^@^^@^^@^^@^^@^^@^^@^^@^^@^^@^^@^^@^^@^^@^^@^^
@^^@^^@^^@^^@^^@^^@^^@^^@^^@^^@^^@^^@^^@^^@^^@^^@^^@^^@^^@^^@^^@^^@^^@^^@^^@^^@
^^@^^@^^@^^@^^@^^@^^@^^@^^@^^@^^@^^@^^@^^@^^@^^@^^@^^@^^@^^@^^@^^@^^@^^@^^@^^@^
^@^^@^^@^^@^^@^^@^^@^^@^^@^^@^^@^^@^^@^^@^^@^^@OT1/cmr/m/n' instead on input li
ne 414.

LaTeX Font Info:    Trying to load font information for ^^@^^@^^@^^@^^@^^@^^@^^
@^^@^^@^^@^^@^^@^^@^^@^^@^^@^^@^^@^^@^^@^^@^^@^^@^^@^^@^^@^^@^^@^^@^^@^^@^^@^^@
^^@^^@^^@^^@^^@^^@^^@^^@^^@^^@^^@^^@^^@^^@^^@^^@^^@^^@^^@^^@^^@^^@^^@^^@^^@^^@^
^@^^@^^@^^@^^@^^@^^@^^@^^@^^@^^@^^@^^@^^@^^@^^@^^@^^@^^@^^@^^@^^@^^@^^@^^@^^@^^
@^^@^^@^^@^^@^^@^^@^^@^^@^^@^^@^^@^^@^^@^^@^^@^^@^^@^^@^^@^^@^^@^^@^^@^^@^^@^^@
^^@^^@^^@^^@^^@^^@^^@^^@^^@^^@^^@^^@^^@^^@^^@^^@^^@^^@^^@^^@^^@^^@^^@^^@^^@^^@^
^@^^@^^@^^@^^@^^@^^@^^@^^@^^@^^@^^@^^@^^@^^@^^@^^@^^@^^@^^@^^@^^@^^@^^@^^@^^@^^
@^^@^^@^^@^^@^^@^^@^^@^^@^^@^^@^^@^^@^^@^^@^^@^^@^^@^^@^^@^^@^^@^^@^^@^^@^^@^^@
OT1+cmr on input line 414.
(/usr/share/texlive/texmf-dist/tex/latex/tools/.tex Fileignored)

LaTeX Font Warning: Font shape `^^@^^@^^@^^@^^@^^@^^@^^@^^@^^@^^@^^@^^@^^@^^@^^
@^^@^^@^^@^^@^^@^^@^^@^^@^^@^^@^^@^^@^^@^^@^^@^^@^^@^^@^^@^^@^^@^^@^^@^^@^^@^^@
^^@^^@^^@^^@^^@^^@^^@^^@^^@^^@^^@^^@^^@^^@^^@^^@^^@^^@^^@^^@^^@^^@^^@^^@^^@^^@^
^@^^@^^@^^@^^@^^@^^@^^@^^@^^@^^@^^@^^@^^@^^@^^@^^@^^@^^@^^@^^@^^@^^@^^@^^@^^@^^
@^^@^^@^^@^^@^^@^^@^^@^^@^^@^^@^^@^^@^^@^^@^^@^^@^^@^^@^^@^^@^^@^^@^^@^^@^^@^^@
^^@^^@^^@^^@^^@^^@^^@^^@^^@^^@^^@^^@^^@^^@^^@^^@^^@^^@^^@^^@^^@^^@^^@^^@^^@^^@^
^@^^@^^@^^@^^@^^@^^@^^@^^@^^@^^@^^@^^@^^@^^@^^@^^@^^@^^@^^@^^@^^@^^@^^@^^@^^@^^
@^^@^^@^^@^^@^^@^^@^^@^^@^^@^^@^^@^^@^^@^^@^^@^^@^^@^^@^^@OT1/cmr/m/n' @undefin
ed
(Font)              using `^^@^^@^^@^^@^^@^^@^^@^^@^^@^^@^^@^^@^^@^^@^^@^^@^^@^
^@^^@^^@^^@^^@^^@^^@^^@^^@^^@^^@^^@^^@^^@^^@^^@^^@^^@^^@^^@^^@^^@^^@^^@^^@^^@^^
@^^@^^@^^@^^@^^@^^@^^@^^@^^@^^@^^@^^@^^@^^@^^@^^@^^@^^@^^@^^@^^@^^@^^@^^@^^@^^@
^^@^^@^^@^^@^^@^^@^^@^^@^^@^^@^^@^^@^^@^^@^^@^^@^^@^^@^^@^^@^^@^^@^^@^^@^^@^^@^
^@^^@^^@^^@^^@^^@^^@^^@^^@^^@^^@^^@^^@^^@^^@^^@^^@^^@^^@^^@^^@^^@^^@^^@^^@^^@^^
@^^@^^@^^@^^@^^@^^@^^@^^@^^@^^@^^@^^@^^@^^@^^@^^@^^@^^@^^@^^@^^@^^@^^@^^@^^@^^@
^^@^^@^^@^^@^^@^^@^^@^^@^^@^^@^^@^^@^^@^^@^^@^^@^^@^^@^^@^^@^^@^^@^^@^^@^^@^^@^
^@^^@^^@^^@^^@^^@^^@^^@^^@^^@^^@^^@^^@^^@^^@^^@^^@OT1/cmr/m/n' instead on input
 line 414.

LaTeX Font Info:    Trying to load font information for ^^@^^@^^@^^@^^@^^@^^@^^
@^^@^^@^^@^^@^^@^^@^^@^^@^^@^^@^^@^^@^^@^^@^^@^^@^^@^^@^^@^^@^^@^^@^^@^^@^^@^^@
^^@^^@^^@^^@^^@^^@^^@^^@^^@^^@^^@^^@^^@^^@^^@^^@^^@^^@^^@^^@^^@^^@^^@^^@^^@^^@^
^@^^@^^@^^@^^@^^@^^@^^@^^@^^@^^@^^@^^@^^@^^@^^@^^@^^@^^@^^@^^@^^@^^@^^@^^@^^@^^
@^^@^^@^^@^^@^^@^^@^^@^^@^^@^^@^^@^^@^^@^^@^^@^^@^^@^^@^^@^^@^^@^^@^^@^^@^^@^^@
^^@^^@^^@^^@^^@^^@^^@^^@^^@^^@^^@^^@^^@^^@^^@^^@^^@^^@^^@^^@^^@^^@^^@^^@^^@^^@^
^@^^@^^@^^@^^@^^@^^@^^@^^@^^@^^@^^@^^@^^@^^@^^@^^@^^@^^@^^@^^@^^@^^@^^@^^@^^@^^
@^^@^^@^^@^^@^^@^^@^^@^^@^^@^^@^^@^^@^^@^^@^^@^^@^^@^^@^^@^^@^^@^^@^^@^^@^^@^^@
^^@OT1+cmr on input line 414.
(/usr/share/texlive/texmf-dist/tex/latex/tools/.tex Fileignored)

LaTeX Font Warning: Font shape `^^@^^@^^@^^@^^@^^@^^@^^@^^@^^@^^@^^@^^@^^@^^@^^
@^^@^^@^^@^^@^^@^^@^^@^^@^^@^^@^^@^^@^^@^^@^^@^^@^^@^^@^^@^^@^^@^^@^^@^^@^^@^^@
^^@^^@^^@^^@^^@^^@^^@^^@^^@^^@^^@^^@^^@^^@^^@^^@^^@^^@^^@^^@^^@^^@^^@^^@^^@^^@^
^@^^@^^@^^@^^@^^@^^@^^@^^@^^@^^@^^@^^@^^@^^@^^@^^@^^@^^@^^@^^@^^@^^@^^@^^@^^@^^
@^^@^^@^^@^^@^^@^^@^^@^^@^^@^^@^^@^^@^^@^^@^^@^^@^^@^^@^^@^^@^^@^^@^^@^^@^^@^^@
^^@^^@^^@^^@^^@^^@^^@^^@^^@^^@^^@^^@^^@^^@^^@^^@^^@^^@^^@^^@^^@^^@^^@^^@^^@^^@^
^@^^@^^@^^@^^@^^@^^@^^@^^@^^@^^@^^@^^@^^@^^@^^@^^@^^@^^@^^@^^@^^@^^@^^@^^@^^@^^
@^^@^^@^^@^^@^^@^^@^^@^^@^^@^^@^^@^^@^^@^^@^^@^^@^^@^^@^^@^^@OT1/cmr/m/n' @unde
fined
(Font)              using `^^@^^@^^@^^@^^@^^@^^@^^@^^@^^@^^@^^@^^@^^@^^@^^@^^@^
^@^^@^^@^^@^^@^^@^^@^^@^^@^^@^^@^^@^^@^^@^^@^^@^^@^^@^^@^^@^^@^^@^^@^^@^^@^^@^^
@^^@^^@^^@^^@^^@^^@^^@^^@^^@^^@^^@^^@^^@^^@^^@^^@^^@^^@^^@^^@^^@^^@^^@^^@^^@^^@
^^@^^@^^@^^@^^@^^@^^@^^@^^@^^@^^@^^@^^@^^@^^@^^@^^@^^@^^@^^@^^@^^@^^@^^@^^@^^@^
^@^^@^^@^^@^^@^^@^^@^^@^^@^^@^^@^^@^^@^^@^^@^^@^^@^^@^^@^^@^^@^^@^^@^^@^^@^^@^^
@^^@^^@^^@^^@^^@^^@^^@^^@^^@^^@^^@^^@^^@^^@^^@^^@^^@^^@^^@^^@^^@^^@^^@^^@^^@^^@
^^@^^@^^@^^@^^@^^@^^@^^@^^@^^@^^@^^@^^@^^@^^@^^@^^@^^@^^@^^@^^@^^@^^@^^@^^@^^@^
^@^^@^^@^^@^^@^^@^^@^^@^^@^^@^^@^^@^^@^^@^^@^^@^^@^^@OT1/cmr/m/n' instead on in
put line 414.

LaTeX Font Info:    Trying to load font information for ^^@^^@^^@^^@^^@^^@^^@^^
@^^@^^@^^@^^@^^@^^@^^@^^@^^@^^@^^@^^@^^@^^@^^@^^@^^@^^@^^@^^@^^@^^@^^@^^@^^@^^@
^^@^^@^^@^^@^^@^^@^^@^^@^^@^^@^^@^^@^^@^^@^^@^^@^^@^^@^^@^^@^^@^^@^^@^^@^^@^^@^
^@^^@^^@^^@^^@^^@^^@^^@^^@^^@^^@^^@^^@^^@^^@^^@^^@^^@^^@^^@^^@^^@^^@^^@^^@^^@^^
@^^@^^@^^@^^@^^@^^@^^@^^@^^@^^@^^@^^@^^@^^@^^@^^@^^@^^@^^@^^@^^@^^@^^@^^@^^@^^@
^^@^^@^^@^^@^^@^^@^^@^^@^^@^^@^^@^^@^^@^^@^^@^^@^^@^^@^^@^^@^^@^^@^^@^^@^^@^^@^
^@^^@^^@^^@^^@^^@^^@^^@^^@^^@^^@^^@^^@^^@^^@^^@^^@^^@^^@^^@^^@^^@^^@^^@^^@^^@^^
@^^@^^@^^@^^@^^@^^@^^@^^@^^@^^@^^@^^@^^@^^@^^@^^@^^@^^@^^@^^@^^@^^@^^@^^@^^@^^@
^^@^^@OT1+cmr on input line 414.
(/usr/share/texlive/texmf-dist/tex/latex/tools/.tex Fileignored)

LaTeX Font Warning: Font shape `^^@^^@^^@^^@^^@^^@^^@^^@^^@^^@^^@^^@^^@^^@^^@^^
@^^@^^@^^@^^@^^@^^@^^@^^@^^@^^@^^@^^@^^@^^@^^@^^@^^@^^@^^@^^@^^@^^@^^@^^@^^@^^@
^^@^^@^^@^^@^^@^^@^^@^^@^^@^^@^^@^^@^^@^^@^^@^^@^^@^^@^^@^^@^^@^^@^^@^^@^^@^^@^
^@^^@^^@^^@^^@^^@^^@^^@^^@^^@^^@^^@^^@^^@^^@^^@^^@^^@^^@^^@^^@^^@^^@^^@^^@^^@^^
@^^@^^@^^@^^@^^@^^@^^@^^@^^@^^@^^@^^@^^@^^@^^@^^@^^@^^@^^@^^@^^@^^@^^@^^@^^@^^@
^^@^^@^^@^^@^^@^^@^^@^^@^^@^^@^^@^^@^^@^^@^^@^^@^^@^^@^^@^^@^^@^^@^^@^^@^^@^^@^
^@^^@^^@^^@^^@^^@^^@^^@^^@^^@^^@^^@^^@^^@^^@^^@^^@^^@^^@^^@^^@^^@^^@^^@^^@^^@^^
@^^@^^@^^@^^@^^@^^@^^@^^@^^@^^@^^@^^@^^@^^@^^@^^@^^@^^@^^@^^@^^@OT1/cmr/m/n' @u
ndefined
(Font)              using `^^@^^@^^@^^@^^@^^@^^@^^@^^@^^@^^@^^@^^@^^@^^@^^@^^@^
^@^^@^^@^^@^^@^^@^^@^^@^^@^^@^^@^^@^^@^^@^^@^^@^^@^^@^^@^^@^^@^^@^^@^^@^^@^^@^^
@^^@^^@^^@^^@^^@^^@^^@^^@^^@^^@^^@^^@^^@^^@^^@^^@^^@^^@^^@^^@^^@^^@^^@^^@^^@^^@
^^@^^@^^@^^@^^@^^@^^@^^@^^@^^@^^@^^@^^@^^@^^@^^@^^@^^@^^@^^@^^@^^@^^@^^@^^@^^@^
^@^^@^^@^^@^^@^^@^^@^^@^^@^^@^^@^^@^^@^^@^^@^^@^^@^^@^^@^^@^^@^^@^^@^^@^^@^^@^^
@^^@^^@^^@^^@^^@^^@^^@^^@^^@^^@^^@^^@^^@^^@^^@^^@^^@^^@^^@^^@^^@^^@^^@^^@^^@^^@
^^@^^@^^@^^@^^@^^@^^@^^@^^@^^@^^@^^@^^@^^@^^@^^@^^@^^@^^@^^@^^@^^@^^@^^@^^@^^@^
^@^^@^^@^^@^^@^^@^^@^^@^^@^^@^^@^^@^^@^^@^^@^^@^^@^^@^^@OT1/cmr/m/n' instead on
 input line 414.

LaTeX Font Info:    Trying to load font information for ^^@^^@^^@^^@^^@^^@^^@^^
@^^@^^@^^@^^@^^@^^@^^@^^@^^@^^@^^@^^@^^@^^@^^@^^@^^@^^@^^@^^@^^@^^@^^@^^@^^@^^@
^^@^^@^^@^^@^^@^^@^^@^^@^^@^^@^^@^^@^^@^^@^^@^^@^^@^^@^^@^^@^^@^^@^^@^^@^^@^^@^
^@^^@^^@^^@^^@^^@^^@^^@^^@^^@^^@^^@^^@^^@^^@^^@^^@^^@^^@^^@^^@^^@^^@^^@^^@^^@^^
@^^@^^@^^@^^@^^@^^@^^@^^@^^@^^@^^@^^@^^@^^@^^@^^@^^@^^@^^@^^@^^@^^@^^@^^@^^@^^@
^^@^^@^^@^^@^^@^^@^^@^^@^^@^^@^^@^^@^^@^^@^^@^^@^^@^^@^^@^^@^^@^^@^^@^^@^^@^^@^
^@^^@^^@^^@^^@^^@^^@^^@^^@^^@^^@^^@^^@^^@^^@^^@^^@^^@^^@^^@^^@^^@^^@^^@^^@^^@^^
@^^@^^@^^@^^@^^@^^@^^@^^@^^@^^@^^@^^@^^@^^@^^@^^@^^@^^@^^@^^@^^@^^@^^@^^@^^@^^@
^^@^^@^^@OT1+cmr on input line 414.
(/usr/share/texlive/texmf-dist/tex/latex/tools/.tex Fileignored)

LaTeX Font Warning: Font shape `^^@^^@^^@^^@^^@^^@^^@^^@^^@^^@^^@^^@^^@^^@^^@^^
@^^@^^@^^@^^@^^@^^@^^@^^@^^@^^@^^@^^@^^@^^@^^@^^@^^@^^@^^@^^@^^@^^@^^@^^@^^@^^@
^^@^^@^^@^^@^^@^^@^^@^^@^^@^^@^^@^^@^^@^^@^^@^^@^^@^^@^^@^^@^^@^^@^^@^^@^^@^^@^
^@^^@^^@^^@^^@^^@^^@^^@^^@^^@^^@^^@^^@^^@^^@^^@^^@^^@^^@^^@^^@^^@^^@^^@^^@^^@^^
@^^@^^@^^@^^@^^@^^@^^@^^@^^@^^@^^@^^@^^@^^@^^@^^@^^@^^@^^@^^@^^@^^@^^@^^@^^@^^@
^^@^^@^^@^^@^^@^^@^^@^^@^^@^^@^^@^^@^^@^^@^^@^^@^^@^^@^^@^^@^^@^^@^^@^^@^^@^^@^
^@^^@^^@^^@^^@^^@^^@^^@^^@^^@^^@^^@^^@^^@^^@^^@^^@^^@^^@^^@^^@^^@^^@^^@^^@^^@^^
@^^@^^@^^@^^@^^@^^@^^@^^@^^@^^@^^@^^@^^@^^@^^@^^@^^@^^@^^@^^@^^@^^@OT1/cmr/m/n'
 @undefined
(Font)              using `^^@^^@^^@^^@^^@^^@^^@^^@^^@^^@^^@^^@^^@^^@^^@^^@^^@^
^@^^@^^@^^@^^@^^@^^@^^@^^@^^@^^@^^@^^@^^@^^@^^@^^@^^@^^@^^@^^@^^@^^@^^@^^@^^@^^
@^^@^^@^^@^^@^^@^^@^^@^^@^^@^^@^^@^^@^^@^^@^^@^^@^^@^^@^^@^^@^^@^^@^^@^^@^^@^^@
^^@^^@^^@^^@^^@^^@^^@^^@^^@^^@^^@^^@^^@^^@^^@^^@^^@^^@^^@^^@^^@^^@^^@^^@^^@^^@^
^@^^@^^@^^@^^@^^@^^@^^@^^@^^@^^@^^@^^@^^@^^@^^@^^@^^@^^@^^@^^@^^@^^@^^@^^@^^@^^
@^^@^^@^^@^^@^^@^^@^^@^^@^^@^^@^^@^^@^^@^^@^^@^^@^^@^^@^^@^^@^^@^^@^^@^^@^^@^^@
^^@^^@^^@^^@^^@^^@^^@^^@^^@^^@^^@^^@^^@^^@^^@^^@^^@^^@^^@^^@^^@^^@^^@^^@^^@^^@^
^@^^@^^@^^@^^@^^@^^@^^@^^@^^@^^@^^@^^@^^@^^@^^@^^@^^@^^@^^@OT1/cmr/m/n' instead
 on input line 414.

LaTeX Font Info:    Trying to load font information for ^^@^^@^^@^^@^^@^^@^^@^^
@^^@^^@^^@^^@^^@^^@^^@^^@^^@^^@^^@^^@^^@^^@^^@^^@^^@^^@^^@^^@^^@^^@^^@^^@^^@^^@
^^@^^@^^@^^@^^@^^@^^@^^@^^@^^@^^@^^@^^@^^@^^@^^@^^@^^@^^@^^@^^@^^@^^@^^@^^@^^@^
^@^^@^^@^^@^^@^^@^^@^^@^^@^^@^^@^^@^^@^^@^^@^^@^^@^^@^^@^^@^^@^^@^^@^^@^^@^^@^^
@^^@^^@^^@^^@^^@^^@^^@^^@^^@^^@^^@^^@^^@^^@^^@^^@^^@^^@^^@^^@^^@^^@^^@^^@^^@^^@
^^@^^@^^@^^@^^@^^@^^@^^@^^@^^@^^@^^@^^@^^@^^@^^@^^@^^@^^@^^@^^@^^@^^@^^@^^@^^@^
^@^^@^^@^^@^^@^^@^^@^^@^^@^^@^^@^^@^^@^^@^^@^^@^^@^^@^^@^^@^^@^^@^^@^^@^^@^^@^^
@^^@^^@^^@^^@^^@^^@^^@^^@^^@^^@^^@^^@^^@^^@^^@^^@^^@^^@^^@^^@^^@^^@^^@^^@^^@^^@
^^@^^@^^@^^@OT1+cmr on input line 414.
(/usr/share/texlive/texmf-dist/tex/latex/tools/.tex Fileignored)

LaTeX Font Warning: Font shape `^^@^^@^^@^^@^^@^^@^^@^^@^^@^^@^^@^^@^^@^^@^^@^^
@^^@^^@^^@^^@^^@^^@^^@^^@^^@^^@^^@^^@^^@^^@^^@^^@^^@^^@^^@^^@^^@^^@^^@^^@^^@^^@
^^@^^@^^@^^@^^@^^@^^@^^@^^@^^@^^@^^@^^@^^@^^@^^@^^@^^@^^@^^@^^@^^@^^@^^@^^@^^@^
^@^^@^^@^^@^^@^^@^^@^^@^^@^^@^^@^^@^^@^^@^^@^^@^^@^^@^^@^^@^^@^^@^^@^^@^^@^^@^^
@^^@^^@^^@^^@^^@^^@^^@^^@^^@^^@^^@^^@^^@^^@^^@^^@^^@^^@^^@^^@^^@^^@^^@^^@^^@^^@
^^@^^@^^@^^@^^@^^@^^@^^@^^@^^@^^@^^@^^@^^@^^@^^@^^@^^@^^@^^@^^@^^@^^@^^@^^@^^@^
^@^^@^^@^^@^^@^^@^^@^^@^^@^^@^^@^^@^^@^^@^^@^^@^^@^^@^^@^^@^^@^^@^^@^^@^^@^^@^^
@^^@^^@^^@^^@^^@^^@^^@^^@^^@^^@^^@^^@^^@^^@^^@^^@^^@^^@^^@^^@^^@^^@^^@OT1/cmr/m
/n' @undefined
(Font)              using `^^@^^@^^@^^@^^@^^@^^@^^@^^@^^@^^@^^@^^@^^@^^@^^@^^@^
^@^^@^^@^^@^^@^^@^^@^^@^^@^^@^^@^^@^^@^^@^^@^^@^^@^^@^^@^^@^^@^^@^^@^^@^^@^^@^^
@^^@^^@^^@^^@^^@^^@^^@^^@^^@^^@^^@^^@^^@^^@^^@^^@^^@^^@^^@^^@^^@^^@^^@^^@^^@^^@
^^@^^@^^@^^@^^@^^@^^@^^@^^@^^@^^@^^@^^@^^@^^@^^@^^@^^@^^@^^@^^@^^@^^@^^@^^@^^@^
^@^^@^^@^^@^^@^^@^^@^^@^^@^^@^^@^^@^^@^^@^^@^^@^^@^^@^^@^^@^^@^^@^^@^^@^^@^^@^^
@^^@^^@^^@^^@^^@^^@^^@^^@^^@^^@^^@^^@^^@^^@^^@^^@^^@^^@^^@^^@^^@^^@^^@^^@^^@^^@
^^@^^@^^@^^@^^@^^@^^@^^@^^@^^@^^@^^@^^@^^@^^@^^@^^@^^@^^@^^@^^@^^@^^@^^@^^@^^@^
^@^^@^^@^^@^^@^^@^^@^^@^^@^^@^^@^^@^^@^^@^^@^^@^^@^^@^^@^^@^^@OT1/cmr/m/n' inst
ead on input line 414.

LaTeX Font Info:    Trying to load font information for ^^@^^@^^@^^@^^@^^@^^@^^
@^^@^^@^^@^^@^^@^^@^^@^^@^^@^^@^^@^^@^^@^^@^^@^^@^^@^^@^^@^^@^^@^^@^^@^^@^^@^^@
^^@^^@^^@^^@^^@^^@^^@^^@^^@^^@^^@^^@^^@^^@^^@^^@^^@^^@^^@^^@^^@^^@^^@^^@^^@^^@^
^@^^@^^@^^@^^@^^@^^@^^@^^@^^@^^@^^@^^@^^@^^@^^@^^@^^@^^@^^@^^@^^@^^@^^@^^@^^@^^
@^^@^^@^^@^^@^^@^^@^^@^^@^^@^^@^^@^^@^^@^^@^^@^^@^^@^^@^^@^^@^^@^^@^^@^^@^^@^^@
^^@^^@^^@^^@^^@^^@^^@^^@^^@^^@^^@^^@^^@^^@^^@^^@^^@^^@^^@^^@^^@^^@^^@^^@^^@^^@^
^@^^@^^@^^@^^@^^@^^@^^@^^@^^@^^@^^@^^@^^@^^@^^@^^@^^@^^@^^@^^@^^@^^@^^@^^@^^@^^
@^^@^^@^^@^^@^^@^^@^^@^^@^^@^^@^^@^^@^^@^^@^^@^^@^^@^^@^^@^^@^^@^^@^^@^^@^^@^^@
^^@^^@^^@^^@^^@OT1+cmr on input line 414.
(/usr/share/texlive/texmf-dist/tex/latex/tools/.tex Fileignored)

LaTeX Font Warning: Font shape `^^@^^@^^@^^@^^@^^@^^@^^@^^@^^@^^@^^@^^@^^@^^@^^
@^^@^^@^^@^^@^^@^^@^^@^^@^^@^^@^^@^^@^^@^^@^^@^^@^^@^^@^^@^^@^^@^^@^^@^^@^^@^^@
^^@^^@^^@^^@^^@^^@^^@^^@^^@^^@^^@^^@^^@^^@^^@^^@^^@^^@^^@^^@^^@^^@^^@^^@^^@^^@^
^@^^@^^@^^@^^@^^@^^@^^@^^@^^@^^@^^@^^@^^@^^@^^@^^@^^@^^@^^@^^@^^@^^@^^@^^@^^@^^
@^^@^^@^^@^^@^^@^^@^^@^^@^^@^^@^^@^^@^^@^^@^^@^^@^^@^^@^^@^^@^^@^^@^^@^^@^^@^^@
^^@^^@^^@^^@^^@^^@^^@^^@^^@^^@^^@^^@^^@^^@^^@^^@^^@^^@^^@^^@^^@^^@^^@^^@^^@^^@^
^@^^@^^@^^@^^@^^@^^@^^@^^@^^@^^@^^@^^@^^@^^@^^@^^@^^@^^@^^@^^@^^@^^@^^@^^@^^@^^
@^^@^^@^^@^^@^^@^^@^^@^^@^^@^^@^^@^^@^^@^^@^^@^^@^^@^^@^^@^^@^^@^^@^^@^^@OT1/cm
r/m/n' @undefined
(Font)              using `^^@^^@^^@^^@^^@^^@^^@^^@^^@^^@^^@^^@^^@^^@^^@^^@^^@^
^@^^@^^@^^@^^@^^@^^@^^@^^@^^@^^@^^@^^@^^@^^@^^@^^@^^@^^@^^@^^@^^@^^@^^@^^@^^@^^
@^^@^^@^^@^^@^^@^^@^^@^^@^^@^^@^^@^^@^^@^^@^^@^^@^^@^^@^^@^^@^^@^^@^^@^^@^^@^^@
^^@^^@^^@^^@^^@^^@^^@^^@^^@^^@^^@^^@^^@^^@^^@^^@^^@^^@^^@^^@^^@^^@^^@^^@^^@^^@^
^@^^@^^@^^@^^@^^@^^@^^@^^@^^@^^@^^@^^@^^@^^@^^@^^@^^@^^@^^@^^@^^@^^@^^@^^@^^@^^
@^^@^^@^^@^^@^^@^^@^^@^^@^^@^^@^^@^^@^^@^^@^^@^^@^^@^^@^^@^^@^^@^^@^^@^^@^^@^^@
^^@^^@^^@^^@^^@^^@^^@^^@^^@^^@^^@^^@^^@^^@^^@^^@^^@^^@^^@^^@^^@^^@^^@^^@^^@^^@^
^@^^@^^@^^@^^@^^@^^@^^@^^@^^@^^@^^@^^@^^@^^@^^@^^@^^@^^@^^@^^@^^@OT1/cmr/m/n' i
nstead on input line 414.

LaTeX Font Info:    Trying to load font information for ^^@^^@^^@^^@^^@^^@^^@^^
@^^@^^@^^@^^@^^@^^@^^@^^@^^@^^@^^@^^@^^@^^@^^@^^@^^@^^@^^@^^@^^@^^@^^@^^@^^@^^@
^^@^^@^^@^^@^^@^^@^^@^^@^^@^^@^^@^^@^^@^^@^^@^^@^^@^^@^^@^^@^^@^^@^^@^^@^^@^^@^
^@^^@^^@^^@^^@^^@^^@^^@^^@^^@^^@^^@^^@^^@^^@^^@^^@^^@^^@^^@^^@^^@^^@^^@^^@^^@^^
@^^@^^@^^@^^@^^@^^@^^@^^@^^@^^@^^@^^@^^@^^@^^@^^@^^@^^@^^@^^@^^@^^@^^@^^@^^@^^@
^^@^^@^^@^^@^^@^^@^^@^^@^^@^^@^^@^^@^^@^^@^^@^^@^^@^^@^^@^^@^^@^^@^^@^^@^^@^^@^
^@^^@^^@^^@^^@^^@^^@^^@^^@^^@^^@^^@^^@^^@^^@^^@^^@^^@^^@^^@^^@^^@^^@^^@^^@^^@^^
@^^@^^@^^@^^@^^@^^@^^@^^@^^@^^@^^@^^@^^@^^@^^@^^@^^@^^@^^@^^@^^@^^@^^@^^@^^@^^@
^^@^^@^^@^^@^^@^^@OT1+cmr on input line 414.
(/usr/share/texlive/texmf-dist/tex/latex/tools/.tex Fileignored)

LaTeX Font Warning: Font shape `^^@^^@^^@^^@^^@^^@^^@^^@^^@^^@^^@^^@^^@^^@^^@^^
@^^@^^@^^@^^@^^@^^@^^@^^@^^@^^@^^@^^@^^@^^@^^@^^@^^@^^@^^@^^@^^@^^@^^@^^@^^@^^@
^^@^^@^^@^^@^^@^^@^^@^^@^^@^^@^^@^^@^^@^^@^^@^^@^^@^^@^^@^^@^^@^^@^^@^^@^^@^^@^
^@^^@^^@^^@^^@^^@^^@^^@^^@^^@^^@^^@^^@^^@^^@^^@^^@^^@^^@^^@^^@^^@^^@^^@^^@^^@^^
@^^@^^@^^@^^@^^@^^@^^@^^@^^@^^@^^@^^@^^@^^@^^@^^@^^@^^@^^@^^@^^@^^@^^@^^@^^@^^@
^^@^^@^^@^^@^^@^^@^^@^^@^^@^^@^^@^^@^^@^^@^^@^^@^^@^^@^^@^^@^^@^^@^^@^^@^^@^^@^
^@^^@^^@^^@^^@^^@^^@^^@^^@^^@^^@^^@^^@^^@^^@^^@^^@^^@^^@^^@^^@^^@^^@^^@^^@^^@^^
@^^@^^@^^@^^@^^@^^@^^@^^@^^@^^@^^@^^@^^@^^@^^@^^@^^@^^@^^@^^@^^@^^@^^@^^@^^@OT1
/cmr/m/n' @undefined
(Font)              using `^^@^^@^^@^^@^^@^^@^^@^^@^^@^^@^^@^^@^^@^^@^^@^^@^^@^
^@^^@^^@^^@^^@^^@^^@^^@^^@^^@^^@^^@^^@^^@^^@^^@^^@^^@^^@^^@^^@^^@^^@^^@^^@^^@^^
@^^@^^@^^@^^@^^@^^@^^@^^@^^@^^@^^@^^@^^@^^@^^@^^@^^@^^@^^@^^@^^@^^@^^@^^@^^@^^@
^^@^^@^^@^^@^^@^^@^^@^^@^^@^^@^^@^^@^^@^^@^^@^^@^^@^^@^^@^^@^^@^^@^^@^^@^^@^^@^
^@^^@^^@^^@^^@^^@^^@^^@^^@^^@^^@^^@^^@^^@^^@^^@^^@^^@^^@^^@^^@^^@^^@^^@^^@^^@^^
@^^@^^@^^@^^@^^@^^@^^@^^@^^@^^@^^@^^@^^@^^@^^@^^@^^@^^@^^@^^@^^@^^@^^@^^@^^@^^@
^^@^^@^^@^^@^^@^^@^^@^^@^^@^^@^^@^^@^^@^^@^^@^^@^^@^^@^^@^^@^^@^^@^^@^^@^^@^^@^
^@^^@^^@^^@^^@^^@^^@^^@^^@^^@^^@^^@^^@^^@^^@^^@^^@^^@^^@^^@^^@^^@^^@OT1/cmr/m/n
' instead on input line 414.

LaTeX Font Info:    Trying to load font information for ^^@^^@^^@^^@^^@^^@^^@^^
@^^@^^@^^@^^@^^@^^@^^@^^@^^@^^@^^@^^@^^@^^@^^@^^@^^@^^@^^@^^@^^@^^@^^@^^@^^@^^@
^^@^^@^^@^^@^^@^^@^^@^^@^^@^^@^^@^^@^^@^^@^^@^^@^^@^^@^^@^^@^^@^^@^^@^^@^^@^^@^
^@^^@^^@^^@^^@^^@^^@^^@^^@^^@^^@^^@^^@^^@^^@^^@^^@^^@^^@^^@^^@^^@^^@^^@^^@^^@^^
@^^@^^@^^@^^@^^@^^@^^@^^@^^@^^@^^@^^@^^@^^@^^@^^@^^@^^@^^@^^@^^@^^@^^@^^@^^@^^@
^^@^^@^^@^^@^^@^^@^^@^^@^^@^^@^^@^^@^^@^^@^^@^^@^^@^^@^^@^^@^^@^^@^^@^^@^^@^^@^
^@^^@^^@^^@^^@^^@^^@^^@^^@^^@^^@^^@^^@^^@^^@^^@^^@^^@^^@^^@^^@^^@^^@^^@^^@^^@^^
@^^@^^@^^@^^@^^@^^@^^@^^@^^@^^@^^@^^@^^@^^@^^@^^@^^@^^@^^@^^@^^@^^@^^@^^@^^@^^@
^^@^^@^^@^^@^^@^^@^^@OT1+cmr on input line 414.
(/usr/share/texlive/texmf-dist/tex/latex/tools/.tex Fileignored)

LaTeX Font Warning: Font shape `^^@^^@^^@^^@^^@^^@^^@^^@^^@^^@^^@^^@^^@^^@^^@^^
@^^@^^@^^@^^@^^@^^@^^@^^@^^@^^@^^@^^@^^@^^@^^@^^@^^@^^@^^@^^@^^@^^@^^@^^@^^@^^@
^^@^^@^^@^^@^^@^^@^^@^^@^^@^^@^^@^^@^^@^^@^^@^^@^^@^^@^^@^^@^^@^^@^^@^^@^^@^^@^
^@^^@^^@^^@^^@^^@^^@^^@^^@^^@^^@^^@^^@^^@^^@^^@^^@^^@^^@^^@^^@^^@^^@^^@^^@^^@^^
@^^@^^@^^@^^@^^@^^@^^@^^@^^@^^@^^@^^@^^@^^@^^@^^@^^@^^@^^@^^@^^@^^@^^@^^@^^@^^@
^^@^^@^^@^^@^^@^^@^^@^^@^^@^^@^^@^^@^^@^^@^^@^^@^^@^^@^^@^^@^^@^^@^^@^^@^^@^^@^
^@^^@^^@^^@^^@^^@^^@^^@^^@^^@^^@^^@^^@^^@^^@^^@^^@^^@^^@^^@^^@^^@^^@^^@^^@^^@^^
@^^@^^@^^@^^@^^@^^@^^@^^@^^@^^@^^@^^@^^@^^@^^@^^@^^@^^@^^@^^@^^@^^@^^@^^@^^@^^@
OT1/cmr/m/n' @undefined
(Font)              using `^^@^^@^^@^^@^^@^^@^^@^^@^^@^^@^^@^^@^^@^^@^^@^^@^^@^
^@^^@^^@^^@^^@^^@^^@^^@^^@^^@^^@^^@^^@^^@^^@^^@^^@^^@^^@^^@^^@^^@^^@^^@^^@^^@^^
@^^@^^@^^@^^@^^@^^@^^@^^@^^@^^@^^@^^@^^@^^@^^@^^@^^@^^@^^@^^@^^@^^@^^@^^@^^@^^@
^^@^^@^^@^^@^^@^^@^^@^^@^^@^^@^^@^^@^^@^^@^^@^^@^^@^^@^^@^^@^^@^^@^^@^^@^^@^^@^
^@^^@^^@^^@^^@^^@^^@^^@^^@^^@^^@^^@^^@^^@^^@^^@^^@^^@^^@^^@^^@^^@^^@^^@^^@^^@^^
@^^@^^@^^@^^@^^@^^@^^@^^@^^@^^@^^@^^@^^@^^@^^@^^@^^@^^@^^@^^@^^@^^@^^@^^@^^@^^@
^^@^^@^^@^^@^^@^^@^^@^^@^^@^^@^^@^^@^^@^^@^^@^^@^^@^^@^^@^^@^^@^^@^^@^^@^^@^^@^
^@^^@^^@^^@^^@^^@^^@^^@^^@^^@^^@^^@^^@^^@^^@^^@^^@^^@^^@^^@^^@^^@^^@^^@OT1/cmr/
m/n' instead on input line 414.

LaTeX Font Info:    Trying to load font information for ^^@^^@^^@^^@^^@^^@^^@^^
@^^@^^@^^@^^@^^@^^@^^@^^@^^@^^@^^@^^@^^@^^@^^@^^@^^@^^@^^@^^@^^@^^@^^@^^@^^@^^@
^^@^^@^^@^^@^^@^^@^^@^^@^^@^^@^^@^^@^^@^^@^^@^^@^^@^^@^^@^^@^^@^^@^^@^^@^^@^^@^
^@^^@^^@^^@^^@^^@^^@^^@^^@^^@^^@^^@^^@^^@^^@^^@^^@^^@^^@^^@^^@^^@^^@^^@^^@^^@^^
@^^@^^@^^@^^@^^@^^@^^@^^@^^@^^@^^@^^@^^@^^@^^@^^@^^@^^@^^@^^@^^@^^@^^@^^@^^@^^@
^^@^^@^^@^^@^^@^^@^^@^^@^^@^^@^^@^^@^^@^^@^^@^^@^^@^^@^^@^^@^^@^^@^^@^^@^^@^^@^
^@^^@^^@^^@^^@^^@^^@^^@^^@^^@^^@^^@^^@^^@^^@^^@^^@^^@^^@^^@^^@^^@^^@^^@^^@^^@^^
@^^@^^@^^@^^@^^@^^@^^@^^@^^@^^@^^@^^@^^@^^@^^@^^@^^@^^@^^@^^@^^@^^@^^@^^@^^@^^@
^^@^^@^^@^^@^^@^^@^^@^^@OT1+cmr on input line 414.
(/usr/share/texlive/texmf-dist/tex/latex/tools/.tex Fileignored)

LaTeX Font Warning: Font shape `^^@^^@^^@^^@^^@^^@^^@^^@^^@^^@^^@^^@^^@^^@^^@^^
@^^@^^@^^@^^@^^@^^@^^@^^@^^@^^@^^@^^@^^@^^@^^@^^@^^@^^@^^@^^@^^@^^@^^@^^@^^@^^@
^^@^^@^^@^^@^^@^^@^^@^^@^^@^^@^^@^^@^^@^^@^^@^^@^^@^^@^^@^^@^^@^^@^^@^^@^^@^^@^
^@^^@^^@^^@^^@^^@^^@^^@^^@^^@^^@^^@^^@^^@^^@^^@^^@^^@^^@^^@^^@^^@^^@^^@^^@^^@^^
@^^@^^@^^@^^@^^@^^@^^@^^@^^@^^@^^@^^@^^@^^@^^@^^@^^@^^@^^@^^@^^@^^@^^@^^@^^@^^@
^^@^^@^^@^^@^^@^^@^^@^^@^^@^^@^^@^^@^^@^^@^^@^^@^^@^^@^^@^^@^^@^^@^^@^^@^^@^^@^
^@^^@^^@^^@^^@^^@^^@^^@^^@^^@^^@^^@^^@^^@^^@^^@^^@^^@^^@^^@^^@^^@^^@^^@^^@^^@^^
@^^@^^@^^@^^@^^@^^@^^@^^@^^@^^@^^@^^@^^@^^@^^@^^@^^@^^@^^@^^@^^@^^@^^@^^@^^@^^@
^^@OT1/cmr/m/n' @undefined
(Font)              using `^^@^^@^^@^^@^^@^^@^^@^^@^^@^^@^^@^^@^^@^^@^^@^^@^^@^
^@^^@^^@^^@^^@^^@^^@^^@^^@^^@^^@^^@^^@^^@^^@^^@^^@^^@^^@^^@^^@^^@^^@^^@^^@^^@^^
@^^@^^@^^@^^@^^@^^@^^@^^@^^@^^@^^@^^@^^@^^@^^@^^@^^@^^@^^@^^@^^@^^@^^@^^@^^@^^@
^^@^^@^^@^^@^^@^^@^^@^^@^^@^^@^^@^^@^^@^^@^^@^^@^^@^^@^^@^^@^^@^^@^^@^^@^^@^^@^
^@^^@^^@^^@^^@^^@^^@^^@^^@^^@^^@^^@^^@^^@^^@^^@^^@^^@^^@^^@^^@^^@^^@^^@^^@^^@^^
@^^@^^@^^@^^@^^@^^@^^@^^@^^@^^@^^@^^@^^@^^@^^@^^@^^@^^@^^@^^@^^@^^@^^@^^@^^@^^@
^^@^^@^^@^^@^^@^^@^^@^^@^^@^^@^^@^^@^^@^^@^^@^^@^^@^^@^^@^^@^^@^^@^^@^^@^^@^^@^
^@^^@^^@^^@^^@^^@^^@^^@^^@^^@^^@^^@^^@^^@^^@^^@^^@^^@^^@^^@^^@^^@^^@^^@^^@OT1/c
mr/m/n' instead on input line 414.

LaTeX Font Info:    Trying to load font information for ^^@^^@^^@^^@^^@^^@^^@^^
@^^@^^@^^@^^@^^@^^@^^@^^@^^@^^@^^@^^@^^@^^@^^@^^@^^@^^@^^@^^@^^@^^@^^@^^@^^@^^@
^^@^^@^^@^^@^^@^^@^^@^^@^^@^^@^^@^^@^^@^^@^^@^^@^^@^^@^^@^^@^^@^^@^^@^^@^^@^^@^
^@^^@^^@^^@^^@^^@^^@^^@^^@^^@^^@^^@^^@^^@^^@^^@^^@^^@^^@^^@^^@^^@^^@^^@^^@^^@^^
@^^@^^@^^@^^@^^@^^@^^@^^@^^@^^@^^@^^@^^@^^@^^@^^@^^@^^@^^@^^@^^@^^@^^@^^@^^@^^@
^^@^^@^^@^^@^^@^^@^^@^^@^^@^^@^^@^^@^^@^^@^^@^^@^^@^^@^^@^^@^^@^^@^^@^^@^^@^^@^
^@^^@^^@^^@^^@^^@^^@^^@^^@^^@^^@^^@^^@^^@^^@^^@^^@^^@^^@^^@^^@^^@^^@^^@^^@^^@^^
@^^@^^@^^@^^@^^@^^@^^@^^@^^@^^@^^@^^@^^@^^@^^@^^@^^@^^@^^@^^@^^@^^@^^@^^@^^@^^@
^^@^^@^^@^^@^^@^^@^^@^^@^^@OT1+cmr on input line 414.
(/usr/share/texlive/texmf-dist/tex/latex/tools/.tex Fileignored)

LaTeX Font Warning: Font shape `^^@^^@^^@^^@^^@^^@^^@^^@^^@^^@^^@^^@^^@^^@^^@^^
@^^@^^@^^@^^@^^@^^@^^@^^@^^@^^@^^@^^@^^@^^@^^@^^@^^@^^@^^@^^@^^@^^@^^@^^@^^@^^@
^^@^^@^^@^^@^^@^^@^^@^^@^^@^^@^^@^^@^^@^^@^^@^^@^^@^^@^^@^^@^^@^^@^^@^^@^^@^^@^
^@^^@^^@^^@^^@^^@^^@^^@^^@^^@^^@^^@^^@^^@^^@^^@^^@^^@^^@^^@^^@^^@^^@^^@^^@^^@^^
@^^@^^@^^@^^@^^@^^@^^@^^@^^@^^@^^@^^@^^@^^@^^@^^@^^@^^@^^@^^@^^@^^@^^@^^@^^@^^@
^^@^^@^^@^^@^^@^^@^^@^^@^^@^^@^^@^^@^^@^^@^^@^^@^^@^^@^^@^^@^^@^^@^^@^^@^^@^^@^
^@^^@^^@^^@^^@^^@^^@^^@^^@^^@^^@^^@^^@^^@^^@^^@^^@^^@^^@^^@^^@^^@^^@^^@^^@^^@^^
@^^@^^@^^@^^@^^@^^@^^@^^@^^@^^@^^@^^@^^@^^@^^@^^@^^@^^@^^@^^@^^@^^@^^@^^@^^@^^@
^^@^^@OT1/cmr/m/n' @undefined
(Font)              using `^^@^^@^^@^^@^^@^^@^^@^^@^^@^^@^^@^^@^^@^^@^^@^^@^^@^
^@^^@^^@^^@^^@^^@^^@^^@^^@^^@^^@^^@^^@^^@^^@^^@^^@^^@^^@^^@^^@^^@^^@^^@^^@^^@^^
@^^@^^@^^@^^@^^@^^@^^@^^@^^@^^@^^@^^@^^@^^@^^@^^@^^@^^@^^@^^@^^@^^@^^@^^@^^@^^@
^^@^^@^^@^^@^^@^^@^^@^^@^^@^^@^^@^^@^^@^^@^^@^^@^^@^^@^^@^^@^^@^^@^^@^^@^^@^^@^
^@^^@^^@^^@^^@^^@^^@^^@^^@^^@^^@^^@^^@^^@^^@^^@^^@^^@^^@^^@^^@^^@^^@^^@^^@^^@^^
@^^@^^@^^@^^@^^@^^@^^@^^@^^@^^@^^@^^@^^@^^@^^@^^@^^@^^@^^@^^@^^@^^@^^@^^@^^@^^@
^^@^^@^^@^^@^^@^^@^^@^^@^^@^^@^^@^^@^^@^^@^^@^^@^^@^^@^^@^^@^^@^^@^^@^^@^^@^^@^
^@^^@^^@^^@^^@^^@^^@^^@^^@^^@^^@^^@^^@^^@^^@^^@^^@^^@^^@^^@^^@^^@^^@^^@^^@^^@OT
1/cmr/m/n' instead on input line 414.

LaTeX Font Info:    Trying to load font information for ^^@^^@^^@^^@^^@^^@^^@^^
@^^@^^@^^@^^@^^@^^@^^@^^@^^@^^@^^@^^@^^@^^@^^@^^@^^@^^@^^@^^@^^@^^@^^@^^@^^@^^@
^^@^^@^^@^^@^^@^^@^^@^^@^^@^^@^^@^^@^^@^^@^^@^^@^^@^^@^^@^^@^^@^^@^^@^^@^^@^^@^
^@^^@^^@^^@^^@^^@^^@^^@^^@^^@^^@^^@^^@^^@^^@^^@^^@^^@^^@^^@^^@^^@^^@^^@^^@^^@^^
@^^@^^@^^@^^@^^@^^@^^@^^@^^@^^@^^@^^@^^@^^@^^@^^@^^@^^@^^@^^@^^@^^@^^@^^@^^@^^@
^^@^^@^^@^^@^^@^^@^^@^^@^^@^^@^^@^^@^^@^^@^^@^^@^^@^^@^^@^^@^^@^^@^^@^^@^^@^^@^
^@^^@^^@^^@^^@^^@^^@^^@^^@^^@^^@^^@^^@^^@^^@^^@^^@^^@^^@^^@^^@^^@^^@^^@^^@^^@^^
@^^@^^@^^@^^@^^@^^@^^@^^@^^@^^@^^@^^@^^@^^@^^@^^@^^@^^@^^@^^@^^@^^@^^@^^@^^@^^@
^^@^^@^^@^^@^^@^^@^^@^^@^^@^^@OT1+cmr on input line 414.
(/usr/share/texlive/texmf-dist/tex/latex/tools/.tex Fileignored)

LaTeX Font Warning: Font shape `^^@^^@^^@^^@^^@^^@^^@^^@^^@^^@^^@^^@^^@^^@^^@^^
@^^@^^@^^@^^@^^@^^@^^@^^@^^@^^@^^@^^@^^@^^@^^@^^@^^@^^@^^@^^@^^@^^@^^@^^@^^@^^@
^^@^^@^^@^^@^^@^^@^^@^^@^^@^^@^^@^^@^^@^^@^^@^^@^^@^^@^^@^^@^^@^^@^^@^^@^^@^^@^
^@^^@^^@^^@^^@^^@^^@^^@^^@^^@^^@^^@^^@^^@^^@^^@^^@^^@^^@^^@^^@^^@^^@^^@^^@^^@^^
@^^@^^@^^@^^@^^@^^@^^@^^@^^@^^@^^@^^@^^@^^@^^@^^@^^@^^@^^@^^@^^@^^@^^@^^@^^@^^@
^^@^^@^^@^^@^^@^^@^^@^^@^^@^^@^^@^^@^^@^^@^^@^^@^^@^^@^^@^^@^^@^^@^^@^^@^^@^^@^
^@^^@^^@^^@^^@^^@^^@^^@^^@^^@^^@^^@^^@^^@^^@^^@^^@^^@^^@^^@^^@^^@^^@^^@^^@^^@^^
@^^@^^@^^@^^@^^@^^@^^@^^@^^@^^@^^@^^@^^@^^@^^@^^@^^@^^@^^@^^@^^@^^@^^@^^@^^@^^@
^^@^^@^^@OT1/cmr/m/n' @undefined
(Font)              using `^^@^^@^^@^^@^^@^^@^^@^^@^^@^^@^^@^^@^^@^^@^^@^^@^^@^
^@^^@^^@^^@^^@^^@^^@^^@^^@^^@^^@^^@^^@^^@^^@^^@^^@^^@^^@^^@^^@^^@^^@^^@^^@^^@^^
@^^@^^@^^@^^@^^@^^@^^@^^@^^@^^@^^@^^@^^@^^@^^@^^@^^@^^@^^@^^@^^@^^@^^@^^@^^@^^@
^^@^^@^^@^^@^^@^^@^^@^^@^^@^^@^^@^^@^^@^^@^^@^^@^^@^^@^^@^^@^^@^^@^^@^^@^^@^^@^
^@^^@^^@^^@^^@^^@^^@^^@^^@^^@^^@^^@^^@^^@^^@^^@^^@^^@^^@^^@^^@^^@^^@^^@^^@^^@^^
@^^@^^@^^@^^@^^@^^@^^@^^@^^@^^@^^@^^@^^@^^@^^@^^@^^@^^@^^@^^@^^@^^@^^@^^@^^@^^@
^^@^^@^^@^^@^^@^^@^^@^^@^^@^^@^^@^^@^^@^^@^^@^^@^^@^^@^^@^^@^^@^^@^^@^^@^^@^^@^
^@^^@^^@^^@^^@^^@^^@^^@^^@^^@^^@^^@^^@^^@^^@^^@^^@^^@^^@^^@^^@^^@^^@^^@^^@^^@^^
@OT1/cmr/m/n' instead on input line 414.

LaTeX Font Info:    Trying to load font information for ^^@^^@^^@^^@^^@^^@^^@^^
@^^@^^@^^@^^@^^@^^@^^@^^@^^@^^@^^@^^@^^@^^@^^@^^@^^@^^@^^@^^@^^@^^@^^@^^@^^@^^@
^^@^^@^^@^^@^^@^^@^^@^^@^^@^^@^^@^^@^^@^^@^^@^^@^^@^^@^^@^^@^^@^^@^^@^^@^^@^^@^
^@^^@^^@^^@^^@^^@^^@^^@^^@^^@^^@^^@^^@^^@^^@^^@^^@^^@^^@^^@^^@^^@^^@^^@^^@^^@^^
@^^@^^@^^@^^@^^@^^@^^@^^@^^@^^@^^@^^@^^@^^@^^@^^@^^@^^@^^@^^@^^@^^@^^@^^@^^@^^@
^^@^^@^^@^^@^^@^^@^^@^^@^^@^^@^^@^^@^^@^^@^^@^^@^^@^^@^^@^^@^^@^^@^^@^^@^^@^^@^
^@^^@^^@^^@^^@^^@^^@^^@^^@^^@^^@^^@^^@^^@^^@^^@^^@^^@^^@^^@^^@^^@^^@^^@^^@^^@^^
@^^@^^@^^@^^@^^@^^@^^@^^@^^@^^@^^@^^@^^@^^@^^@^^@^^@^^@^^@^^@^^@^^@^^@^^@^^@^^@
^^@^^@^^@^^@^^@^^@^^@^^@^^@^^@^^@OT1+cmr on input line 414.
(/usr/share/texlive/texmf-dist/tex/latex/tools/.tex Fileignored)

LaTeX Font Warning: Font shape `^^@^^@^^@^^@^^@^^@^^@^^@^^@^^@^^@^^@^^@^^@^^@^^
@^^@^^@^^@^^@^^@^^@^^@^^@^^@^^@^^@^^@^^@^^@^^@^^@^^@^^@^^@^^@^^@^^@^^@^^@^^@^^@
^^@^^@^^@^^@^^@^^@^^@^^@^^@^^@^^@^^@^^@^^@^^@^^@^^@^^@^^@^^@^^@^^@^^@^^@^^@^^@^
^@^^@^^@^^@^^@^^@^^@^^@^^@^^@^^@^^@^^@^^@^^@^^@^^@^^@^^@^^@^^@^^@^^@^^@^^@^^@^^
@^^@^^@^^@^^@^^@^^@^^@^^@^^@^^@^^@^^@^^@^^@^^@^^@^^@^^@^^@^^@^^@^^@^^@^^@^^@^^@
^^@^^@^^@^^@^^@^^@^^@^^@^^@^^@^^@^^@^^@^^@^^@^^@^^@^^@^^@^^@^^@^^@^^@^^@^^@^^@^
^@^^@^^@^^@^^@^^@^^@^^@^^@^^@^^@^^@^^@^^@^^@^^@^^@^^@^^@^^@^^@^^@^^@^^@^^@^^@^^
@^^@^^@^^@^^@^^@^^@^^@^^@^^@^^@^^@^^@^^@^^@^^@^^@^^@^^@^^@^^@^^@^^@^^@^^@^^@^^@
^^@^^@^^@^^@OT1/cmr/m/n' @undefined
(Font)              using `^^@^^@^^@^^@^^@^^@^^@^^@^^@^^@^^@^^@^^@^^@^^@^^@^^@^
^@^^@^^@^^@^^@^^@^^@^^@^^@^^@^^@^^@^^@^^@^^@^^@^^@^^@^^@^^@^^@^^@^^@^^@^^@^^@^^
@^^@^^@^^@^^@^^@^^@^^@^^@^^@^^@^^@^^@^^@^^@^^@^^@^^@^^@^^@^^@^^@^^@^^@^^@^^@^^@
^^@^^@^^@^^@^^@^^@^^@^^@^^@^^@^^@^^@^^@^^@^^@^^@^^@^^@^^@^^@^^@^^@^^@^^@^^@^^@^
^@^^@^^@^^@^^@^^@^^@^^@^^@^^@^^@^^@^^@^^@^^@^^@^^@^^@^^@^^@^^@^^@^^@^^@^^@^^@^^
@^^@^^@^^@^^@^^@^^@^^@^^@^^@^^@^^@^^@^^@^^@^^@^^@^^@^^@^^@^^@^^@^^@^^@^^@^^@^^@
^^@^^@^^@^^@^^@^^@^^@^^@^^@^^@^^@^^@^^@^^@^^@^^@^^@^^@^^@^^@^^@^^@^^@^^@^^@^^@^
^@^^@^^@^^@^^@^^@^^@^^@^^@^^@^^@^^@^^@^^@^^@^^@^^@^^@^^@^^@^^@^^@^^@^^@^^@^^@^^
@^^@OT1/cmr/m/n' instead on input line 414.

LaTeX Font Info:    Trying to load font information for ^^@^^@^^@^^@^^@^^@^^@^^
@^^@^^@^^@^^@^^@^^@^^@^^@^^@^^@^^@^^@^^@^^@^^@^^@^^@^^@^^@^^@^^@^^@^^@^^@^^@^^@
^^@^^@^^@^^@^^@^^@^^@^^@^^@^^@^^@^^@^^@^^@^^@^^@^^@^^@^^@^^@^^@^^@^^@^^@^^@^^@^
^@^^@^^@^^@^^@^^@^^@^^@^^@^^@^^@^^@^^@^^@^^@^^@^^@^^@^^@^^@^^@^^@^^@^^@^^@^^@^^
@^^@^^@^^@^^@^^@^^@^^@^^@^^@^^@^^@^^@^^@^^@^^@^^@^^@^^@^^@^^@^^@^^@^^@^^@^^@^^@
^^@^^@^^@^^@^^@^^@^^@^^@^^@^^@^^@^^@^^@^^@^^@^^@^^@^^@^^@^^@^^@^^@^^@^^@^^@^^@^
^@^^@^^@^^@^^@^^@^^@^^@^^@^^@^^@^^@^^@^^@^^@^^@^^@^^@^^@^^@^^@^^@^^@^^@^^@^^@^^
@^^@^^@^^@^^@^^@^^@^^@^^@^^@^^@^^@^^@^^@^^@^^@^^@^^@^^@^^@^^@^^@^^@^^@^^@^^@^^@
^^@^^@^^@^^@^^@^^@^^@^^@^^@^^@^^@^^@OT1+cmr on input line 414.
(/usr/share/texlive/texmf-dist/tex/latex/tools/.tex Fileignored)

LaTeX Font Warning: Font shape `^^@^^@^^@^^@^^@^^@^^@^^@^^@^^@^^@^^@^^@^^@^^@^^
@^^@^^@^^@^^@^^@^^@^^@^^@^^@^^@^^@^^@^^@^^@^^@^^@^^@^^@^^@^^@^^@^^@^^@^^@^^@^^@
^^@^^@^^@^^@^^@^^@^^@^^@^^@^^@^^@^^@^^@^^@^^@^^@^^@^^@^^@^^@^^@^^@^^@^^@^^@^^@^
^@^^@^^@^^@^^@^^@^^@^^@^^@^^@^^@^^@^^@^^@^^@^^@^^@^^@^^@^^@^^@^^@^^@^^@^^@^^@^^
@^^@^^@^^@^^@^^@^^@^^@^^@^^@^^@^^@^^@^^@^^@^^@^^@^^@^^@^^@^^@^^@^^@^^@^^@^^@^^@
^^@^^@^^@^^@^^@^^@^^@^^@^^@^^@^^@^^@^^@^^@^^@^^@^^@^^@^^@^^@^^@^^@^^@^^@^^@^^@^
^@^^@^^@^^@^^@^^@^^@^^@^^@^^@^^@^^@^^@^^@^^@^^@^^@^^@^^@^^@^^@^^@^^@^^@^^@^^@^^
@^^@^^@^^@^^@^^@^^@^^@^^@^^@^^@^^@^^@^^@^^@^^@^^@^^@^^@^^@^^@^^@^^@^^@^^@^^@^^@
^^@^^@^^@^^@^^@OT1/cmr/m/n' @undefined
(Font)              using `^^@^^@^^@^^@^^@^^@^^@^^@^^@^^@^^@^^@^^@^^@^^@^^@^^@^
^@^^@^^@^^@^^@^^@^^@^^@^^@^^@^^@^^@^^@^^@^^@^^@^^@^^@^^@^^@^^@^^@^^@^^@^^@^^@^^
@^^@^^@^^@^^@^^@^^@^^@^^@^^@^^@^^@^^@^^@^^@^^@^^@^^@^^@^^@^^@^^@^^@^^@^^@^^@^^@
^^@^^@^^@^^@^^@^^@^^@^^@^^@^^@^^@^^@^^@^^@^^@^^@^^@^^@^^@^^@^^@^^@^^@^^@^^@^^@^
^@^^@^^@^^@^^@^^@^^@^^@^^@^^@^^@^^@^^@^^@^^@^^@^^@^^@^^@^^@^^@^^@^^@^^@^^@^^@^^
@^^@^^@^^@^^@^^@^^@^^@^^@^^@^^@^^@^^@^^@^^@^^@^^@^^@^^@^^@^^@^^@^^@^^@^^@^^@^^@
^^@^^@^^@^^@^^@^^@^^@^^@^^@^^@^^@^^@^^@^^@^^@^^@^^@^^@^^@^^@^^@^^@^^@^^@^^@^^@^
^@^^@^^@^^@^^@^^@^^@^^@^^@^^@^^@^^@^^@^^@^^@^^@^^@^^@^^@^^@^^@^^@^^@^^@^^@^^@^^
@^^@^^@OT1/cmr/m/n' instead on input line 414.

LaTeX Font Info:    Trying to load font information for ^^@^^@^^@^^@^^@^^@^^@^^
@^^@^^@^^@^^@^^@^^@^^@^^@^^@^^@^^@^^@^^@^^@^^@^^@^^@^^@^^@^^@^^@^^@^^@^^@^^@^^@
^^@^^@^^@^^@^^@^^@^^@^^@^^@^^@^^@^^@^^@^^@^^@^^@^^@^^@^^@^^@^^@^^@^^@^^@^^@^^@^
^@^^@^^@^^@^^@^^@^^@^^@^^@^^@^^@^^@^^@^^@^^@^^@^^@^^@^^@^^@^^@^^@^^@^^@^^@^^@^^
@^^@^^@^^@^^@^^@^^@^^@^^@^^@^^@^^@^^@^^@^^@^^@^^@^^@^^@^^@^^@^^@^^@^^@^^@^^@^^@
^^@^^@^^@^^@^^@^^@^^@^^@^^@^^@^^@^^@^^@^^@^^@^^@^^@^^@^^@^^@^^@^^@^^@^^@^^@^^@^
^@^^@^^@^^@^^@^^@^^@^^@^^@^^@^^@^^@^^@^^@^^@^^@^^@^^@^^@^^@^^@^^@^^@^^@^^@^^@^^
@^^@^^@^^@^^@^^@^^@^^@^^@^^@^^@^^@^^@^^@^^@^^@^^@^^@^^@^^@^^@^^@^^@^^@^^@^^@^^@
^^@^^@^^@^^@^^@^^@^^@^^@^^@^^@^^@^^@^^@OT1+cmr on input line 414.
(/usr/share/texlive/texmf-dist/tex/latex/tools/.tex Fileignored)

LaTeX Font Warning: Font shape `^^@^^@^^@^^@^^@^^@^^@^^@^^@^^@^^@^^@^^@^^@^^@^^
@^^@^^@^^@^^@^^@^^@^^@^^@^^@^^@^^@^^@^^@^^@^^@^^@^^@^^@^^@^^@^^@^^@^^@^^@^^@^^@
^^@^^@^^@^^@^^@^^@^^@^^@^^@^^@^^@^^@^^@^^@^^@^^@^^@^^@^^@^^@^^@^^@^^@^^@^^@^^@^
^@^^@^^@^^@^^@^^@^^@^^@^^@^^@^^@^^@^^@^^@^^@^^@^^@^^@^^@^^@^^@^^@^^@^^@^^@^^@^^
@^^@^^@^^@^^@^^@^^@^^@^^@^^@^^@^^@^^@^^@^^@^^@^^@^^@^^@^^@^^@^^@^^@^^@^^@^^@^^@
^^@^^@^^@^^@^^@^^@^^@^^@^^@^^@^^@^^@^^@^^@^^@^^@^^@^^@^^@^^@^^@^^@^^@^^@^^@^^@^
^@^^@^^@^^@^^@^^@^^@^^@^^@^^@^^@^^@^^@^^@^^@^^@^^@^^@^^@^^@^^@^^@^^@^^@^^@^^@^^
@^^@^^@^^@^^@^^@^^@^^@^^@^^@^^@^^@^^@^^@^^@^^@^^@^^@^^@^^@^^@^^@^^@^^@^^@^^@^^@
^^@^^@^^@^^@^^@^^@OT1/cmr/m/n' @undefined
(Font)              using `^^@^^@^^@^^@^^@^^@^^@^^@^^@^^@^^@^^@^^@^^@^^@^^@^^@^
^@^^@^^@^^@^^@^^@^^@^^@^^@^^@^^@^^@^^@^^@^^@^^@^^@^^@^^@^^@^^@^^@^^@^^@^^@^^@^^
@^^@^^@^^@^^@^^@^^@^^@^^@^^@^^@^^@^^@^^@^^@^^@^^@^^@^^@^^@^^@^^@^^@^^@^^@^^@^^@
^^@^^@^^@^^@^^@^^@^^@^^@^^@^^@^^@^^@^^@^^@^^@^^@^^@^^@^^@^^@^^@^^@^^@^^@^^@^^@^
^@^^@^^@^^@^^@^^@^^@^^@^^@^^@^^@^^@^^@^^@^^@^^@^^@^^@^^@^^@^^@^^@^^@^^@^^@^^@^^
@^^@^^@^^@^^@^^@^^@^^@^^@^^@^^@^^@^^@^^@^^@^^@^^@^^@^^@^^@^^@^^@^^@^^@^^@^^@^^@
^^@^^@^^@^^@^^@^^@^^@^^@^^@^^@^^@^^@^^@^^@^^@^^@^^@^^@^^@^^@^^@^^@^^@^^@^^@^^@^
^@^^@^^@^^@^^@^^@^^@^^@^^@^^@^^@^^@^^@^^@^^@^^@^^@^^@^^@^^@^^@^^@^^@^^@^^@^^@^^
@^^@^^@^^@OT1/cmr/m/n' instead on input line 414.

LaTeX Font Info:    Trying to load font information for ^^@^^@^^@^^@^^@^^@^^@^^
@^^@^^@^^@^^@^^@^^@^^@^^@^^@^^@^^@^^@^^@^^@^^@^^@^^@^^@^^@^^@^^@^^@^^@^^@^^@^^@
^^@^^@^^@^^@^^@^^@^^@^^@^^@^^@^^@^^@^^@^^@^^@^^@^^@^^@^^@^^@^^@^^@^^@^^@^^@^^@^
^@^^@^^@^^@^^@^^@^^@^^@^^@^^@^^@^^@^^@^^@^^@^^@^^@^^@^^@^^@^^@^^@^^@^^@^^@^^@^^
@^^@^^@^^@^^@^^@^^@^^@^^@^^@^^@^^@^^@^^@^^@^^@^^@^^@^^@^^@^^@^^@^^@^^@^^@^^@^^@
^^@^^@^^@^^@^^@^^@^^@^^@^^@^^@^^@^^@^^@^^@^^@^^@^^@^^@^^@^^@^^@^^@^^@^^@^^@^^@^
^@^^@^^@^^@^^@^^@^^@^^@^^@^^@^^@^^@^^@^^@^^@^^@^^@^^@^^@^^@^^@^^@^^@^^@^^@^^@^^
@^^@^^@^^@^^@^^@^^@^^@^^@^^@^^@^^@^^@^^@^^@^^@^^@^^@^^@^^@^^@^^@^^@^^@^^@^^@^^@
^^@^^@^^@^^@^^@^^@^^@^^@^^@^^@^^@^^@^^@^^@OT1+cmr on input line 414.
(/usr/share/texlive/texmf-dist/tex/latex/tools/.tex Fileignored)

LaTeX Font Warning: Font shape `^^@^^@^^@^^@^^@^^@^^@^^@^^@^^@^^@^^@^^@^^@^^@^^
@^^@^^@^^@^^@^^@^^@^^@^^@^^@^^@^^@^^@^^@^^@^^@^^@^^@^^@^^@^^@^^@^^@^^@^^@^^@^^@
^^@^^@^^@^^@^^@^^@^^@^^@^^@^^@^^@^^@^^@^^@^^@^^@^^@^^@^^@^^@^^@^^@^^@^^@^^@^^@^
^@^^@^^@^^@^^@^^@^^@^^@^^@^^@^^@^^@^^@^^@^^@^^@^^@^^@^^@^^@^^@^^@^^@^^@^^@^^@^^
@^^@^^@^^@^^@^^@^^@^^@^^@^^@^^@^^@^^@^^@^^@^^@^^@^^@^^@^^@^^@^^@^^@^^@^^@^^@^^@
^^@^^@^^@^^@^^@^^@^^@^^@^^@^^@^^@^^@^^@^^@^^@^^@^^@^^@^^@^^@^^@^^@^^@^^@^^@^^@^
^@^^@^^@^^@^^@^^@^^@^^@^^@^^@^^@^^@^^@^^@^^@^^@^^@^^@^^@^^@^^@^^@^^@^^@^^@^^@^^
@^^@^^@^^@^^@^^@^^@^^@^^@^^@^^@^^@^^@^^@^^@^^@^^@^^@^^@^^@^^@^^@^^@^^@^^@^^@^^@
^^@^^@^^@^^@^^@^^@^^@OT1/cmr/m/n' @undefined
(Font)              using `^^@^^@^^@^^@^^@^^@^^@^^@^^@^^@^^@^^@^^@^^@^^@^^@^^@^
^@^^@^^@^^@^^@^^@^^@^^@^^@^^@^^@^^@^^@^^@^^@^^@^^@^^@^^@^^@^^@^^@^^@^^@^^@^^@^^
@^^@^^@^^@^^@^^@^^@^^@^^@^^@^^@^^@^^@^^@^^@^^@^^@^^@^^@^^@^^@^^@^^@^^@^^@^^@^^@
^^@^^@^^@^^@^^@^^@^^@^^@^^@^^@^^@^^@^^@^^@^^@^^@^^@^^@^^@^^@^^@^^@^^@^^@^^@^^@^
^@^^@^^@^^@^^@^^@^^@^^@^^@^^@^^@^^@^^@^^@^^@^^@^^@^^@^^@^^@^^@^^@^^@^^@^^@^^@^^
@^^@^^@^^@^^@^^@^^@^^@^^@^^@^^@^^@^^@^^@^^@^^@^^@^^@^^@^^@^^@^^@^^@^^@^^@^^@^^@
^^@^^@^^@^^@^^@^^@^^@^^@^^@^^@^^@^^@^^@^^@^^@^^@^^@^^@^^@^^@^^@^^@^^@^^@^^@^^@^
^@^^@^^@^^@^^@^^@^^@^^@^^@^^@^^@^^@^^@^^@^^@^^@^^@^^@^^@^^@^^@^^@^^@^^@^^@^^@^^
@^^@^^@^^@^^@OT1/cmr/m/n' instead on input line 414.

LaTeX Font Info:    Trying to load font information for ^^@^^@^^@^^@^^@^^@^^@^^
@^^@^^@^^@^^@^^@^^@^^@^^@^^@^^@^^@^^@^^@^^@^^@^^@^^@^^@^^@^^@^^@^^@^^@^^@^^@^^@
^^@^^@^^@^^@^^@^^@^^@^^@^^@^^@^^@^^@^^@^^@^^@^^@^^@^^@^^@^^@^^@^^@^^@^^@^^@^^@^
^@^^@^^@^^@^^@^^@^^@^^@^^@^^@^^@^^@^^@^^@^^@^^@^^@^^@^^@^^@^^@^^@^^@^^@^^@^^@^^
@^^@^^@^^@^^@^^@^^@^^@^^@^^@^^@^^@^^@^^@^^@^^@^^@^^@^^@^^@^^@^^@^^@^^@^^@^^@^^@
^^@^^@^^@^^@^^@^^@^^@^^@^^@^^@^^@^^@^^@^^@^^@^^@^^@^^@^^@^^@^^@^^@^^@^^@^^@^^@^
^@^^@^^@^^@^^@^^@^^@^^@^^@^^@^^@^^@^^@^^@^^@^^@^^@^^@^^@^^@^^@^^@^^@^^@^^@^^@^^
@^^@^^@^^@^^@^^@^^@^^@^^@^^@^^@^^@^^@^^@^^@^^@^^@^^@^^@^^@^^@^^@^^@^^@^^@^^@^^@
^^@^^@^^@^^@^^@^^@^^@^^@^^@^^@^^@^^@^^@^^@^^@OT1+cmr on input line 414.
(/usr/share/texlive/texmf-dist/tex/latex/tools/.tex Fileignored)

LaTeX Font Warning: Font shape `^^@^^@^^@^^@^^@^^@^^@^^@^^@^^@^^@^^@^^@^^@^^@^^
@^^@^^@^^@^^@^^@^^@^^@^^@^^@^^@^^@^^@^^@^^@^^@^^@^^@^^@^^@^^@^^@^^@^^@^^@^^@^^@
^^@^^@^^@^^@^^@^^@^^@^^@^^@^^@^^@^^@^^@^^@^^@^^@^^@^^@^^@^^@^^@^^@^^@^^@^^@^^@^
^@^^@^^@^^@^^@^^@^^@^^@^^@^^@^^@^^@^^@^^@^^@^^@^^@^^@^^@^^@^^@^^@^^@^^@^^@^^@^^
@^^@^^@^^@^^@^^@^^@^^@^^@^^@^^@^^@^^@^^@^^@^^@^^@^^@^^@^^@^^@^^@^^@^^@^^@^^@^^@
^^@^^@^^@^^@^^@^^@^^@^^@^^@^^@^^@^^@^^@^^@^^@^^@^^@^^@^^@^^@^^@^^@^^@^^@^^@^^@^
^@^^@^^@^^@^^@^^@^^@^^@^^@^^@^^@^^@^^@^^@^^@^^@^^@^^@^^@^^@^^@^^@^^@^^@^^@^^@^^
@^^@^^@^^@^^@^^@^^@^^@^^@^^@^^@^^@^^@^^@^^@^^@^^@^^@^^@^^@^^@^^@^^@^^@^^@^^@^^@
^^@^^@^^@^^@^^@^^@^^@^^@OT1/cmr/m/n' @undefined
(Font)              using `^^@^^@^^@^^@^^@^^@^^@^^@^^@^^@^^@^^@^^@^^@^^@^^@^^@^
^@^^@^^@^^@^^@^^@^^@^^@^^@^^@^^@^^@^^@^^@^^@^^@^^@^^@^^@^^@^^@^^@^^@^^@^^@^^@^^
@^^@^^@^^@^^@^^@^^@^^@^^@^^@^^@^^@^^@^^@^^@^^@^^@^^@^^@^^@^^@^^@^^@^^@^^@^^@^^@
^^@^^@^^@^^@^^@^^@^^@^^@^^@^^@^^@^^@^^@^^@^^@^^@^^@^^@^^@^^@^^@^^@^^@^^@^^@^^@^
^@^^@^^@^^@^^@^^@^^@^^@^^@^^@^^@^^@^^@^^@^^@^^@^^@^^@^^@^^@^^@^^@^^@^^@^^@^^@^^
@^^@^^@^^@^^@^^@^^@^^@^^@^^@^^@^^@^^@^^@^^@^^@^^@^^@^^@^^@^^@^^@^^@^^@^^@^^@^^@
^^@^^@^^@^^@^^@^^@^^@^^@^^@^^@^^@^^@^^@^^@^^@^^@^^@^^@^^@^^@^^@^^@^^@^^@^^@^^@^
^@^^@^^@^^@^^@^^@^^@^^@^^@^^@^^@^^@^^@^^@^^@^^@^^@^^@^^@^^@^^@^^@^^@^^@^^@^^@^^
@^^@^^@^^@^^@^^@OT1/cmr/m/n' instead on input line 414.

LaTeX Font Info:    Trying to load font information for ^^@^^@^^@^^@^^@^^@^^@^^
@^^@^^@^^@^^@^^@^^@^^@^^@^^@^^@^^@^^@^^@^^@^^@^^@^^@^^@^^@^^@^^@^^@^^@^^@^^@^^@
^^@^^@^^@^^@^^@^^@^^@^^@^^@^^@^^@^^@^^@^^@^^@^^@^^@^^@^^@^^@^^@^^@^^@^^@^^@^^@^
^@^^@^^@^^@^^@^^@^^@^^@^^@^^@^^@^^@^^@^^@^^@^^@^^@^^@^^@^^@^^@^^@^^@^^@^^@^^@^^
@^^@^^@^^@^^@^^@^^@^^@^^@^^@^^@^^@^^@^^@^^@^^@^^@^^@^^@^^@^^@^^@^^@^^@^^@^^@^^@
^^@^^@^^@^^@^^@^^@^^@^^@^^@^^@^^@^^@^^@^^@^^@^^@^^@^^@^^@^^@^^@^^@^^@^^@^^@^^@^
^@^^@^^@^^@^^@^^@^^@^^@^^@^^@^^@^^@^^@^^@^^@^^@^^@^^@^^@^^@^^@^^@^^@^^@^^@^^@^^
@^^@^^@^^@^^@^^@^^@^^@^^@^^@^^@^^@^^@^^@^^@^^@^^@^^@^^@^^@^^@^^@^^@^^@^^@^^@^^@
^^@^^@^^@^^@^^@^^@^^@^^@^^@^^@^^@^^@^^@^^@^^@^^@OT1+cmr on input line 414.
(/usr/share/texlive/texmf-dist/tex/latex/tools/.tex Fileignored)

LaTeX Font Warning: Font shape `^^@^^@^^@^^@^^@^^@^^@^^@^^@^^@^^@^^@^^@^^@^^@^^
@^^@^^@^^@^^@^^@^^@^^@^^@^^@^^@^^@^^@^^@^^@^^@^^@^^@^^@^^@^^@^^@^^@^^@^^@^^@^^@
^^@^^@^^@^^@^^@^^@^^@^^@^^@^^@^^@^^@^^@^^@^^@^^@^^@^^@^^@^^@^^@^^@^^@^^@^^@^^@^
^@^^@^^@^^@^^@^^@^^@^^@^^@^^@^^@^^@^^@^^@^^@^^@^^@^^@^^@^^@^^@^^@^^@^^@^^@^^@^^
@^^@^^@^^@^^@^^@^^@^^@^^@^^@^^@^^@^^@^^@^^@^^@^^@^^@^^@^^@^^@^^@^^@^^@^^@^^@^^@
^^@^^@^^@^^@^^@^^@^^@^^@^^@^^@^^@^^@^^@^^@^^@^^@^^@^^@^^@^^@^^@^^@^^@^^@^^@^^@^
^@^^@^^@^^@^^@^^@^^@^^@^^@^^@^^@^^@^^@^^@^^@^^@^^@^^@^^@^^@^^@^^@^^@^^@^^@^^@^^
@^^@^^@^^@^^@^^@^^@^^@^^@^^@^^@^^@^^@^^@^^@^^@^^@^^@^^@^^@^^@^^@^^@^^@^^@^^@^^@
^^@^^@^^@^^@^^@^^@^^@^^@^^@OT1/cmr/m/n' @undefined
(Font)              using `^^@^^@^^@^^@^^@^^@^^@^^@^^@^^@^^@^^@^^@^^@^^@^^@^^@^
^@^^@^^@^^@^^@^^@^^@^^@^^@^^@^^@^^@^^@^^@^^@^^@^^@^^@^^@^^@^^@^^@^^@^^@^^@^^@^^
@^^@^^@^^@^^@^^@^^@^^@^^@^^@^^@^^@^^@^^@^^@^^@^^@^^@^^@^^@^^@^^@^^@^^@^^@^^@^^@
^^@^^@^^@^^@^^@^^@^^@^^@^^@^^@^^@^^@^^@^^@^^@^^@^^@^^@^^@^^@^^@^^@^^@^^@^^@^^@^
^@^^@^^@^^@^^@^^@^^@^^@^^@^^@^^@^^@^^@^^@^^@^^@^^@^^@^^@^^@^^@^^@^^@^^@^^@^^@^^
@^^@^^@^^@^^@^^@^^@^^@^^@^^@^^@^^@^^@^^@^^@^^@^^@^^@^^@^^@^^@^^@^^@^^@^^@^^@^^@
^^@^^@^^@^^@^^@^^@^^@^^@^^@^^@^^@^^@^^@^^@^^@^^@^^@^^@^^@^^@^^@^^@^^@^^@^^@^^@^
^@^^@^^@^^@^^@^^@^^@^^@^^@^^@^^@^^@^^@^^@^^@^^@^^@^^@^^@^^@^^@^^@^^@^^@^^@^^@^^
@^^@^^@^^@^^@^^@^^@OT1/cmr/m/n' instead on input line 414.

LaTeX Font Info:    Trying to load font information for ^^@^^@^^@^^@^^@^^@^^@^^
@^^@^^@^^@^^@^^@^^@^^@^^@^^@^^@^^@^^@^^@^^@^^@^^@^^@^^@^^@^^@^^@^^@^^@^^@^^@^^@
^^@^^@^^@^^@^^@^^@^^@^^@^^@^^@^^@^^@^^@^^@^^@^^@^^@^^@^^@^^@^^@^^@^^@^^@^^@^^@^
^@^^@^^@^^@^^@^^@^^@^^@^^@^^@^^@^^@^^@^^@^^@^^@^^@^^@^^@^^@^^@^^@^^@^^@^^@^^@^^
@^^@^^@^^@^^@^^@^^@^^@^^@^^@^^@^^@^^@^^@^^@^^@^^@^^@^^@^^@^^@^^@^^@^^@^^@^^@^^@
^^@^^@^^@^^@^^@^^@^^@^^@^^@^^@^^@^^@^^@^^@^^@^^@^^@^^@^^@^^@^^@^^@^^@^^@^^@^^@^
^@^^@^^@^^@^^@^^@^^@^^@^^@^^@^^@^^@^^@^^@^^@^^@^^@^^@^^@^^@^^@^^@^^@^^@^^@^^@^^
@^^@^^@^^@^^@^^@^^@^^@^^@^^@^^@^^@^^@^^@^^@^^@^^@^^@^^@^^@^^@^^@^^@^^@^^@^^@^^@
^^@^^@^^@^^@^^@^^@^^@^^@^^@^^@^^@^^@^^@^^@^^@^^@^^@OT1+cmr on input line 414.
(/usr/share/texlive/texmf-dist/tex/latex/tools/.tex Fileignored)

LaTeX Font Warning: Font shape `^^@^^@^^@^^@^^@^^@^^@^^@^^@^^@^^@^^@^^@^^@^^@^^
@^^@^^@^^@^^@^^@^^@^^@^^@^^@^^@^^@^^@^^@^^@^^@^^@^^@^^@^^@^^@^^@^^@^^@^^@^^@^^@
^^@^^@^^@^^@^^@^^@^^@^^@^^@^^@^^@^^@^^@^^@^^@^^@^^@^^@^^@^^@^^@^^@^^@^^@^^@^^@^
^@^^@^^@^^@^^@^^@^^@^^@^^@^^@^^@^^@^^@^^@^^@^^@^^@^^@^^@^^@^^@^^@^^@^^@^^@^^@^^
@^^@^^@^^@^^@^^@^^@^^@^^@^^@^^@^^@^^@^^@^^@^^@^^@^^@^^@^^@^^@^^@^^@^^@^^@^^@^^@
^^@^^@^^@^^@^^@^^@^^@^^@^^@^^@^^@^^@^^@^^@^^@^^@^^@^^@^^@^^@^^@^^@^^@^^@^^@^^@^
^@^^@^^@^^@^^@^^@^^@^^@^^@^^@^^@^^@^^@^^@^^@^^@^^@^^@^^@^^@^^@^^@^^@^^@^^@^^@^^
@^^@^^@^^@^^@^^@^^@^^@^^@^^@^^@^^@^^@^^@^^@^^@^^@^^@^^@^^@^^@^^@^^@^^@^^@^^@^^@
^^@^^@^^@^^@^^@^^@^^@^^@^^@^^@OT1/cmr/m/n' @undefined
(Font)              using `^^@^^@^^@^^@^^@^^@^^@^^@^^@^^@^^@^^@^^@^^@^^@^^@^^@^
^@^^@^^@^^@^^@^^@^^@^^@^^@^^@^^@^^@^^@^^@^^@^^@^^@^^@^^@^^@^^@^^@^^@^^@^^@^^@^^
@^^@^^@^^@^^@^^@^^@^^@^^@^^@^^@^^@^^@^^@^^@^^@^^@^^@^^@^^@^^@^^@^^@^^@^^@^^@^^@
^^@^^@^^@^^@^^@^^@^^@^^@^^@^^@^^@^^@^^@^^@^^@^^@^^@^^@^^@^^@^^@^^@^^@^^@^^@^^@^
^@^^@^^@^^@^^@^^@^^@^^@^^@^^@^^@^^@^^@^^@^^@^^@^^@^^@^^@^^@^^@^^@^^@^^@^^@^^@^^
@^^@^^@^^@^^@^^@^^@^^@^^@^^@^^@^^@^^@^^@^^@^^@^^@^^@^^@^^@^^@^^@^^@^^@^^@^^@^^@
^^@^^@^^@^^@^^@^^@^^@^^@^^@^^@^^@^^@^^@^^@^^@^^@^^@^^@^^@^^@^^@^^@^^@^^@^^@^^@^
^@^^@^^@^^@^^@^^@^^@^^@^^@^^@^^@^^@^^@^^@^^@^^@^^@^^@^^@^^@^^@^^@^^@^^@^^@^^@^^
@^^@^^@^^@^^@^^@^^@^^@OT1/cmr/m/n' instead on input line 414.

LaTeX Font Info:    Trying to load font information for ^^@^^@^^@^^@^^@^^@^^@^^
@^^@^^@^^@^^@^^@^^@^^@^^@^^@^^@^^@^^@^^@^^@^^@^^@^^@^^@^^@^^@^^@^^@^^@^^@^^@^^@
^^@^^@^^@^^@^^@^^@^^@^^@^^@^^@^^@^^@^^@^^@^^@^^@^^@^^@^^@^^@^^@^^@^^@^^@^^@^^@^
^@^^@^^@^^@^^@^^@^^@^^@^^@^^@^^@^^@^^@^^@^^@^^@^^@^^@^^@^^@^^@^^@^^@^^@^^@^^@^^
@^^@^^@^^@^^@^^@^^@^^@^^@^^@^^@^^@^^@^^@^^@^^@^^@^^@^^@^^@^^@^^@^^@^^@^^@^^@^^@
^^@^^@^^@^^@^^@^^@^^@^^@^^@^^@^^@^^@^^@^^@^^@^^@^^@^^@^^@^^@^^@^^@^^@^^@^^@^^@^
^@^^@^^@^^@^^@^^@^^@^^@^^@^^@^^@^^@^^@^^@^^@^^@^^@^^@^^@^^@^^@^^@^^@^^@^^@^^@^^
@^^@^^@^^@^^@^^@^^@^^@^^@^^@^^@^^@^^@^^@^^@^^@^^@^^@^^@^^@^^@^^@^^@^^@^^@^^@^^@
^^@^^@^^@^^@^^@^^@^^@^^@^^@^^@^^@^^@^^@^^@^^@^^@^^@^^@OT1+cmr on input line 414
.
(/usr/share/texlive/texmf-dist/tex/latex/tools/.tex Fileignored)

LaTeX Font Warning: Font shape `^^@^^@^^@^^@^^@^^@^^@^^@^^@^^@^^@^^@^^@^^@^^@^^
@^^@^^@^^@^^@^^@^^@^^@^^@^^@^^@^^@^^@^^@^^@^^@^^@^^@^^@^^@^^@^^@^^@^^@^^@^^@^^@
^^@^^@^^@^^@^^@^^@^^@^^@^^@^^@^^@^^@^^@^^@^^@^^@^^@^^@^^@^^@^^@^^@^^@^^@^^@^^@^
^@^^@^^@^^@^^@^^@^^@^^@^^@^^@^^@^^@^^@^^@^^@^^@^^@^^@^^@^^@^^@^^@^^@^^@^^@^^@^^
@^^@^^@^^@^^@^^@^^@^^@^^@^^@^^@^^@^^@^^@^^@^^@^^@^^@^^@^^@^^@^^@^^@^^@^^@^^@^^@
^^@^^@^^@^^@^^@^^@^^@^^@^^@^^@^^@^^@^^@^^@^^@^^@^^@^^@^^@^^@^^@^^@^^@^^@^^@^^@^
^@^^@^^@^^@^^@^^@^^@^^@^^@^^@^^@^^@^^@^^@^^@^^@^^@^^@^^@^^@^^@^^@^^@^^@^^@^^@^^
@^^@^^@^^@^^@^^@^^@^^@^^@^^@^^@^^@^^@^^@^^@^^@^^@^^@^^@^^@^^@^^@^^@^^@^^@^^@^^@
^^@^^@^^@^^@^^@^^@^^@^^@^^@^^@^^@OT1/cmr/m/n' @undefined
(Font)              using `^^@^^@^^@^^@^^@^^@^^@^^@^^@^^@^^@^^@^^@^^@^^@^^@^^@^
^@^^@^^@^^@^^@^^@^^@^^@^^@^^@^^@^^@^^@^^@^^@^^@^^@^^@^^@^^@^^@^^@^^@^^@^^@^^@^^
@^^@^^@^^@^^@^^@^^@^^@^^@^^@^^@^^@^^@^^@^^@^^@^^@^^@^^@^^@^^@^^@^^@^^@^^@^^@^^@
^^@^^@^^@^^@^^@^^@^^@^^@^^@^^@^^@^^@^^@^^@^^@^^@^^@^^@^^@^^@^^@^^@^^@^^@^^@^^@^
^@^^@^^@^^@^^@^^@^^@^^@^^@^^@^^@^^@^^@^^@^^@^^@^^@^^@^^@^^@^^@^^@^^@^^@^^@^^@^^
@^^@^^@^^@^^@^^@^^@^^@^^@^^@^^@^^@^^@^^@^^@^^@^^@^^@^^@^^@^^@^^@^^@^^@^^@^^@^^@
^^@^^@^^@^^@^^@^^@^^@^^@^^@^^@^^@^^@^^@^^@^^@^^@^^@^^@^^@^^@^^@^^@^^@^^@^^@^^@^
^@^^@^^@^^@^^@^^@^^@^^@^^@^^@^^@^^@^^@^^@^^@^^@^^@^^@^^@^^@^^@^^@^^@^^@^^@^^@^^
@^^@^^@^^@^^@^^@^^@^^@^^@OT1/cmr/m/n' instead on input line 414.

LaTeX Font Info:    Trying to load font information for ^^@^^@^^@^^@^^@^^@^^@^^
@^^@^^@^^@^^@^^@^^@^^@^^@^^@^^@^^@^^@^^@^^@^^@^^@^^@^^@^^@^^@^^@^^@^^@^^@^^@^^@
^^@^^@^^@^^@^^@^^@^^@^^@^^@^^@^^@^^@^^@^^@^^@^^@^^@^^@^^@^^@^^@^^@^^@^^@^^@^^@^
^@^^@^^@^^@^^@^^@^^@^^@^^@^^@^^@^^@^^@^^@^^@^^@^^@^^@^^@^^@^^@^^@^^@^^@^^@^^@^^
@^^@^^@^^@^^@^^@^^@^^@^^@^^@^^@^^@^^@^^@^^@^^@^^@^^@^^@^^@^^@^^@^^@^^@^^@^^@^^@
^^@^^@^^@^^@^^@^^@^^@^^@^^@^^@^^@^^@^^@^^@^^@^^@^^@^^@^^@^^@^^@^^@^^@^^@^^@^^@^
^@^^@^^@^^@^^@^^@^^@^^@^^@^^@^^@^^@^^@^^@^^@^^@^^@^^@^^@^^@^^@^^@^^@^^@^^@^^@^^
@^^@^^@^^@^^@^^@^^@^^@^^@^^@^^@^^@^^@^^@^^@^^@^^@^^@^^@^^@^^@^^@^^@^^@^^@^^@^^@
^^@^^@^^@^^@^^@^^@^^@^^@^^@^^@^^@^^@^^@^^@^^@^^@^^@^^@^^@OT1+cmr on input line 
414.
(/usr/share/texlive/texmf-dist/tex/latex/tools/.tex Fileignored)

LaTeX Font Warning: Font shape `^^@^^@^^@^^@^^@^^@^^@^^@^^@^^@^^@^^@^^@^^@^^@^^
@^^@^^@^^@^^@^^@^^@^^@^^@^^@^^@^^@^^@^^@^^@^^@^^@^^@^^@^^@^^@^^@^^@^^@^^@^^@^^@
^^@^^@^^@^^@^^@^^@^^@^^@^^@^^@^^@^^@^^@^^@^^@^^@^^@^^@^^@^^@^^@^^@^^@^^@^^@^^@^
^@^^@^^@^^@^^@^^@^^@^^@^^@^^@^^@^^@^^@^^@^^@^^@^^@^^@^^@^^@^^@^^@^^@^^@^^@^^@^^
@^^@^^@^^@^^@^^@^^@^^@^^@^^@^^@^^@^^@^^@^^@^^@^^@^^@^^@^^@^^@^^@^^@^^@^^@^^@^^@
^^@^^@^^@^^@^^@^^@^^@^^@^^@^^@^^@^^@^^@^^@^^@^^@^^@^^@^^@^^@^^@^^@^^@^^@^^@^^@^
^@^^@^^@^^@^^@^^@^^@^^@^^@^^@^^@^^@^^@^^@^^@^^@^^@^^@^^@^^@^^@^^@^^@^^@^^@^^@^^
@^^@^^@^^@^^@^^@^^@^^@^^@^^@^^@^^@^^@^^@^^@^^@^^@^^@^^@^^@^^@^^@^^@^^@^^@^^@^^@
^^@^^@^^@^^@^^@^^@^^@^^@^^@^^@^^@^^@OT1/cmr/m/n' @undefined
(Font)              using `^^@^^@^^@^^@^^@^^@^^@^^@^^@^^@^^@^^@^^@^^@^^@^^@^^@^
^@^^@^^@^^@^^@^^@^^@^^@^^@^^@^^@^^@^^@^^@^^@^^@^^@^^@^^@^^@^^@^^@^^@^^@^^@^^@^^
@^^@^^@^^@^^@^^@^^@^^@^^@^^@^^@^^@^^@^^@^^@^^@^^@^^@^^@^^@^^@^^@^^@^^@^^@^^@^^@
^^@^^@^^@^^@^^@^^@^^@^^@^^@^^@^^@^^@^^@^^@^^@^^@^^@^^@^^@^^@^^@^^@^^@^^@^^@^^@^
^@^^@^^@^^@^^@^^@^^@^^@^^@^^@^^@^^@^^@^^@^^@^^@^^@^^@^^@^^@^^@^^@^^@^^@^^@^^@^^
@^^@^^@^^@^^@^^@^^@^^@^^@^^@^^@^^@^^@^^@^^@^^@^^@^^@^^@^^@^^@^^@^^@^^@^^@^^@^^@
^^@^^@^^@^^@^^@^^@^^@^^@^^@^^@^^@^^@^^@^^@^^@^^@^^@^^@^^@^^@^^@^^@^^@^^@^^@^^@^
^@^^@^^@^^@^^@^^@^^@^^@^^@^^@^^@^^@^^@^^@^^@^^@^^@^^@^^@^^@^^@^^@^^@^^@^^@^^@^^
@^^@^^@^^@^^@^^@^^@^^@^^@^^@OT1/cmr/m/n' instead on input line 414.

LaTeX Font Info:    Trying to load font information for ^^@^^@^^@^^@^^@^^@^^@^^
@^^@^^@^^@^^@^^@^^@^^@^^@^^@^^@^^@^^@^^@^^@^^@^^@^^@^^@^^@^^@^^@^^@^^@^^@^^@^^@
^^@^^@^^@^^@^^@^^@^^@^^@^^@^^@^^@^^@^^@^^@^^@^^@^^@^^@^^@^^@^^@^^@^^@^^@^^@^^@^
^@^^@^^@^^@^^@^^@^^@^^@^^@^^@^^@^^@^^@^^@^^@^^@^^@^^@^^@^^@^^@^^@^^@^^@^^@^^@^^
@^^@^^@^^@^^@^^@^^@^^@^^@^^@^^@^^@^^@^^@^^@^^@^^@^^@^^@^^@^^@^^@^^@^^@^^@^^@^^@
^^@^^@^^@^^@^^@^^@^^@^^@^^@^^@^^@^^@^^@^^@^^@^^@^^@^^@^^@^^@^^@^^@^^@^^@^^@^^@^
^@^^@^^@^^@^^@^^@^^@^^@^^@^^@^^@^^@^^@^^@^^@^^@^^@^^@^^@^^@^^@^^@^^@^^@^^@^^@^^
@^^@^^@^^@^^@^^@^^@^^@^^@^^@^^@^^@^^@^^@^^@^^@^^@^^@^^@^^@^^@^^@^^@^^@^^@^^@^^@
^^@^^@^^@^^@^^@^^@^^@^^@^^@^^@^^@^^@^^@^^@^^@^^@^^@^^@^^@^^@OT1+cmr on input li
ne 414.
(/usr/share/texlive/texmf-dist/tex/latex/tools/.tex Fileignored)

LaTeX Font Warning: Font shape `^^@^^@^^@^^@^^@^^@^^@^^@^^@^^@^^@^^@^^@^^@^^@^^
@^^@^^@^^@^^@^^@^^@^^@^^@^^@^^@^^@^^@^^@^^@^^@^^@^^@^^@^^@^^@^^@^^@^^@^^@^^@^^@
^^@^^@^^@^^@^^@^^@^^@^^@^^@^^@^^@^^@^^@^^@^^@^^@^^@^^@^^@^^@^^@^^@^^@^^@^^@^^@^
^@^^@^^@^^@^^@^^@^^@^^@^^@^^@^^@^^@^^@^^@^^@^^@^^@^^@^^@^^@^^@^^@^^@^^@^^@^^@^^
@^^@^^@^^@^^@^^@^^@^^@^^@^^@^^@^^@^^@^^@^^@^^@^^@^^@^^@^^@^^@^^@^^@^^@^^@^^@^^@
^^@^^@^^@^^@^^@^^@^^@^^@^^@^^@^^@^^@^^@^^@^^@^^@^^@^^@^^@^^@^^@^^@^^@^^@^^@^^@^
^@^^@^^@^^@^^@^^@^^@^^@^^@^^@^^@^^@^^@^^@^^@^^@^^@^^@^^@^^@^^@^^@^^@^^@^^@^^@^^
@^^@^^@^^@^^@^^@^^@^^@^^@^^@^^@^^@^^@^^@^^@^^@^^@^^@^^@^^@^^@^^@^^@^^@^^@^^@^^@
^^@^^@^^@^^@^^@^^@^^@^^@^^@^^@^^@^^@^^@OT1/cmr/m/n' @undefined
(Font)              using `^^@^^@^^@^^@^^@^^@^^@^^@^^@^^@^^@^^@^^@^^@^^@^^@^^@^
^@^^@^^@^^@^^@^^@^^@^^@^^@^^@^^@^^@^^@^^@^^@^^@^^@^^@^^@^^@^^@^^@^^@^^@^^@^^@^^
@^^@^^@^^@^^@^^@^^@^^@^^@^^@^^@^^@^^@^^@^^@^^@^^@^^@^^@^^@^^@^^@^^@^^@^^@^^@^^@
^^@^^@^^@^^@^^@^^@^^@^^@^^@^^@^^@^^@^^@^^@^^@^^@^^@^^@^^@^^@^^@^^@^^@^^@^^@^^@^
^@^^@^^@^^@^^@^^@^^@^^@^^@^^@^^@^^@^^@^^@^^@^^@^^@^^@^^@^^@^^@^^@^^@^^@^^@^^@^^
@^^@^^@^^@^^@^^@^^@^^@^^@^^@^^@^^@^^@^^@^^@^^@^^@^^@^^@^^@^^@^^@^^@^^@^^@^^@^^@
^^@^^@^^@^^@^^@^^@^^@^^@^^@^^@^^@^^@^^@^^@^^@^^@^^@^^@^^@^^@^^@^^@^^@^^@^^@^^@^
^@^^@^^@^^@^^@^^@^^@^^@^^@^^@^^@^^@^^@^^@^^@^^@^^@^^@^^@^^@^^@^^@^^@^^@^^@^^@^^
@^^@^^@^^@^^@^^@^^@^^@^^@^^@^^@OT1/cmr/m/n' instead on input line 414.

LaTeX Font Info:    Trying to load font information for ^^@^^@^^@^^@^^@^^@^^@^^
@^^@^^@^^@^^@^^@^^@^^@^^@^^@^^@^^@^^@^^@^^@^^@^^@^^@^^@^^@^^@^^@^^@^^@^^@^^@^^@
^^@^^@^^@^^@^^@^^@^^@^^@^^@^^@^^@^^@^^@^^@^^@^^@^^@^^@^^@^^@^^@^^@^^@^^@^^@^^@^
^@^^@^^@^^@^^@^^@^^@^^@^^@^^@^^@^^@^^@^^@^^@^^@^^@^^@^^@^^@^^@^^@^^@^^@^^@^^@^^
@^^@^^@^^@^^@^^@^^@^^@^^@^^@^^@^^@^^@^^@^^@^^@^^@^^@^^@^^@^^@^^@^^@^^@^^@^^@^^@
^^@^^@^^@^^@^^@^^@^^@^^@^^@^^@^^@^^@^^@^^@^^@^^@^^@^^@^^@^^@^^@^^@^^@^^@^^@^^@^
^@^^@^^@^^@^^@^^@^^@^^@^^@^^@^^@^^@^^@^^@^^@^^@^^@^^@^^@^^@^^@^^@^^@^^@^^@^^@^^
@^^@^^@^^@^^@^^@^^@^^@^^@^^@^^@^^@^^@^^@^^@^^@^^@^^@^^@^^@^^@^^@^^@^^@^^@^^@^^@
^^@^^@^^@^^@^^@^^@^^@^^@^^@^^@^^@^^@^^@^^@^^@^^@^^@^^@^^@^^@^^@OT1+cmr on input
 line 414.
(/usr/share/texlive/texmf-dist/tex/latex/tools/.tex Fileignored)

LaTeX Font Warning: Font shape `^^@^^@^^@^^@^^@^^@^^@^^@^^@^^@^^@^^@^^@^^@^^@^^
@^^@^^@^^@^^@^^@^^@^^@^^@^^@^^@^^@^^@^^@^^@^^@^^@^^@^^@^^@^^@^^@^^@^^@^^@^^@^^@
^^@^^@^^@^^@^^@^^@^^@^^@^^@^^@^^@^^@^^@^^@^^@^^@^^@^^@^^@^^@^^@^^@^^@^^@^^@^^@^
^@^^@^^@^^@^^@^^@^^@^^@^^@^^@^^@^^@^^@^^@^^@^^@^^@^^@^^@^^@^^@^^@^^@^^@^^@^^@^^
@^^@^^@^^@^^@^^@^^@^^@^^@^^@^^@^^@^^@^^@^^@^^@^^@^^@^^@^^@^^@^^@^^@^^@^^@^^@^^@
^^@^^@^^@^^@^^@^^@^^@^^@^^@^^@^^@^^@^^@^^@^^@^^@^^@^^@^^@^^@^^@^^@^^@^^@^^@^^@^
^@^^@^^@^^@^^@^^@^^@^^@^^@^^@^^@^^@^^@^^@^^@^^@^^@^^@^^@^^@^^@^^@^^@^^@^^@^^@^^
@^^@^^@^^@^^@^^@^^@^^@^^@^^@^^@^^@^^@^^@^^@^^@^^@^^@^^@^^@^^@^^@^^@^^@^^@^^@^^@
^^@^^@^^@^^@^^@^^@^^@^^@^^@^^@^^@^^@^^@^^@OT1/cmr/m/n' @undefined
(Font)              using `^^@^^@^^@^^@^^@^^@^^@^^@^^@^^@^^@^^@^^@^^@^^@^^@^^@^
^@^^@^^@^^@^^@^^@^^@^^@^^@^^@^^@^^@^^@^^@^^@^^@^^@^^@^^@^^@^^@^^@^^@^^@^^@^^@^^
@^^@^^@^^@^^@^^@^^@^^@^^@^^@^^@^^@^^@^^@^^@^^@^^@^^@^^@^^@^^@^^@^^@^^@^^@^^@^^@
^^@^^@^^@^^@^^@^^@^^@^^@^^@^^@^^@^^@^^@^^@^^@^^@^^@^^@^^@^^@^^@^^@^^@^^@^^@^^@^
^@^^@^^@^^@^^@^^@^^@^^@^^@^^@^^@^^@^^@^^@^^@^^@^^@^^@^^@^^@^^@^^@^^@^^@^^@^^@^^
@^^@^^@^^@^^@^^@^^@^^@^^@^^@^^@^^@^^@^^@^^@^^@^^@^^@^^@^^@^^@^^@^^@^^@^^@^^@^^@
^^@^^@^^@^^@^^@^^@^^@^^@^^@^^@^^@^^@^^@^^@^^@^^@^^@^^@^^@^^@^^@^^@^^@^^@^^@^^@^
^@^^@^^@^^@^^@^^@^^@^^@^^@^^@^^@^^@^^@^^@^^@^^@^^@^^@^^@^^@^^@^^@^^@^^@^^@^^@^^
@^^@^^@^^@^^@^^@^^@^^@^^@^^@^^@^^@OT1/cmr/m/n' instead on input line 414.

LaTeX Font Info:    Trying to load font information for ^^@^^@^^@^^@^^@^^@^^@^^
@^^@^^@^^@^^@^^@^^@^^@^^@^^@^^@^^@^^@^^@^^@^^@^^@^^@^^@^^@^^@^^@^^@^^@^^@^^@^^@
^^@^^@^^@^^@^^@^^@^^@^^@^^@^^@^^@^^@^^@^^@^^@^^@^^@^^@^^@^^@^^@^^@^^@^^@^^@^^@^
^@^^@^^@^^@^^@^^@^^@^^@^^@^^@^^@^^@^^@^^@^^@^^@^^@^^@^^@^^@^^@^^@^^@^^@^^@^^@^^
@^^@^^@^^@^^@^^@^^@^^@^^@^^@^^@^^@^^@^^@^^@^^@^^@^^@^^@^^@^^@^^@^^@^^@^^@^^@^^@
^^@^^@^^@^^@^^@^^@^^@^^@^^@^^@^^@^^@^^@^^@^^@^^@^^@^^@^^@^^@^^@^^@^^@^^@^^@^^@^
^@^^@^^@^^@^^@^^@^^@^^@^^@^^@^^@^^@^^@^^@^^@^^@^^@^^@^^@^^@^^@^^@^^@^^@^^@^^@^^
@^^@^^@^^@^^@^^@^^@^^@^^@^^@^^@^^@^^@^^@^^@^^@^^@^^@^^@^^@^^@^^@^^@^^@^^@^^@^^@
^^@^^@^^@^^@^^@^^@^^@^^@^^@^^@^^@^^@^^@^^@^^@^^@^^@^^@^^@^^@^^@^^@OT1+cmr on in
put line 414.
(/usr/share/texlive/texmf-dist/tex/latex/tools/.tex Fileignored)

LaTeX Font Warning: Font shape `^^@^^@^^@^^@^^@^^@^^@^^@^^@^^@^^@^^@^^@^^@^^@^^
@^^@^^@^^@^^@^^@^^@^^@^^@^^@^^@^^@^^@^^@^^@^^@^^@^^@^^@^^@^^@^^@^^@^^@^^@^^@^^@
^^@^^@^^@^^@^^@^^@^^@^^@^^@^^@^^@^^@^^@^^@^^@^^@^^@^^@^^@^^@^^@^^@^^@^^@^^@^^@^
^@^^@^^@^^@^^@^^@^^@^^@^^@^^@^^@^^@^^@^^@^^@^^@^^@^^@^^@^^@^^@^^@^^@^^@^^@^^@^^
@^^@^^@^^@^^@^^@^^@^^@^^@^^@^^@^^@^^@^^@^^@^^@^^@^^@^^@^^@^^@^^@^^@^^@^^@^^@^^@
^^@^^@^^@^^@^^@^^@^^@^^@^^@^^@^^@^^@^^@^^@^^@^^@^^@^^@^^@^^@^^@^^@^^@^^@^^@^^@^
^@^^@^^@^^@^^@^^@^^@^^@^^@^^@^^@^^@^^@^^@^^@^^@^^@^^@^^@^^@^^@^^@^^@^^@^^@^^@^^
@^^@^^@^^@^^@^^@^^@^^@^^@^^@^^@^^@^^@^^@^^@^^@^^@^^@^^@^^@^^@^^@^^@^^@^^@^^@^^@
^^@^^@^^@^^@^^@^^@^^@^^@^^@^^@^^@^^@^^@^^@^^@OT1/cmr/m/n' @undefined
(Font)              using `^^@^^@^^@^^@^^@^^@^^@^^@^^@^^@^^@^^@^^@^^@^^@^^@^^@^
^@^^@^^@^^@^^@^^@^^@^^@^^@^^@^^@^^@^^@^^@^^@^^@^^@^^@^^@^^@^^@^^@^^@^^@^^@^^@^^
@^^@^^@^^@^^@^^@^^@^^@^^@^^@^^@^^@^^@^^@^^@^^@^^@^^@^^@^^@^^@^^@^^@^^@^^@^^@^^@
^^@^^@^^@^^@^^@^^@^^@^^@^^@^^@^^@^^@^^@^^@^^@^^@^^@^^@^^@^^@^^@^^@^^@^^@^^@^^@^
^@^^@^^@^^@^^@^^@^^@^^@^^@^^@^^@^^@^^@^^@^^@^^@^^@^^@^^@^^@^^@^^@^^@^^@^^@^^@^^
@^^@^^@^^@^^@^^@^^@^^@^^@^^@^^@^^@^^@^^@^^@^^@^^@^^@^^@^^@^^@^^@^^@^^@^^@^^@^^@
^^@^^@^^@^^@^^@^^@^^@^^@^^@^^@^^@^^@^^@^^@^^@^^@^^@^^@^^@^^@^^@^^@^^@^^@^^@^^@^
^@^^@^^@^^@^^@^^@^^@^^@^^@^^@^^@^^@^^@^^@^^@^^@^^@^^@^^@^^@^^@^^@^^@^^@^^@^^@^^
@^^@^^@^^@^^@^^@^^@^^@^^@^^@^^@^^@^^@OT1/cmr/m/n' instead on input line 414.

LaTeX Font Info:    Trying to load font information for ^^@^^@^^@^^@^^@^^@^^@^^
@^^@^^@^^@^^@^^@^^@^^@^^@^^@^^@^^@^^@^^@^^@^^@^^@^^@^^@^^@^^@^^@^^@^^@^^@^^@^^@
^^@^^@^^@^^@^^@^^@^^@^^@^^@^^@^^@^^@^^@^^@^^@^^@^^@^^@^^@^^@^^@^^@^^@^^@^^@^^@^
^@^^@^^@^^@^^@^^@^^@^^@^^@^^@^^@^^@^^@^^@^^@^^@^^@^^@^^@^^@^^@^^@^^@^^@^^@^^@^^
@^^@^^@^^@^^@^^@^^@^^@^^@^^@^^@^^@^^@^^@^^@^^@^^@^^@^^@^^@^^@^^@^^@^^@^^@^^@^^@
^^@^^@^^@^^@^^@^^@^^@^^@^^@^^@^^@^^@^^@^^@^^@^^@^^@^^@^^@^^@^^@^^@^^@^^@^^@^^@^
^@^^@^^@^^@^^@^^@^^@^^@^^@^^@^^@^^@^^@^^@^^@^^@^^@^^@^^@^^@^^@^^@^^@^^@^^@^^@^^
@^^@^^@^^@^^@^^@^^@^^@^^@^^@^^@^^@^^@^^@^^@^^@^^@^^@^^@^^@^^@^^@^^@^^@^^@^^@^^@
^^@^^@^^@^^@^^@^^@^^@^^@^^@^^@^^@^^@^^@^^@^^@^^@^^@^^@^^@^^@^^@^^@^^@OT1+cmr on
 input line 414.
(/usr/share/texlive/texmf-dist/tex/latex/tools/.tex Fileignored)

LaTeX Font Warning: Font shape `^^@^^@^^@^^@^^@^^@^^@^^@^^@^^@^^@^^@^^@^^@^^@^^
@^^@^^@^^@^^@^^@^^@^^@^^@^^@^^@^^@^^@^^@^^@^^@^^@^^@^^@^^@^^@^^@^^@^^@^^@^^@^^@
^^@^^@^^@^^@^^@^^@^^@^^@^^@^^@^^@^^@^^@^^@^^@^^@^^@^^@^^@^^@^^@^^@^^@^^@^^@^^@^
^@^^@^^@^^@^^@^^@^^@^^@^^@^^@^^@^^@^^@^^@^^@^^@^^@^^@^^@^^@^^@^^@^^@^^@^^@^^@^^
@^^@^^@^^@^^@^^@^^@^^@^^@^^@^^@^^@^^@^^@^^@^^@^^@^^@^^@^^@^^@^^@^^@^^@^^@^^@^^@
^^@^^@^^@^^@^^@^^@^^@^^@^^@^^@^^@^^@^^@^^@^^@^^@^^@^^@^^@^^@^^@^^@^^@^^@^^@^^@^
^@^^@^^@^^@^^@^^@^^@^^@^^@^^@^^@^^@^^@^^@^^@^^@^^@^^@^^@^^@^^@^^@^^@^^@^^@^^@^^
@^^@^^@^^@^^@^^@^^@^^@^^@^^@^^@^^@^^@^^@^^@^^@^^@^^@^^@^^@^^@^^@^^@^^@^^@^^@^^@
^^@^^@^^@^^@^^@^^@^^@^^@^^@^^@^^@^^@^^@^^@^^@^^@OT1/cmr/m/n' @undefined
(Font)              using `^^@^^@^^@^^@^^@^^@^^@^^@^^@^^@^^@^^@^^@^^@^^@^^@^^@^
^@^^@^^@^^@^^@^^@^^@^^@^^@^^@^^@^^@^^@^^@^^@^^@^^@^^@^^@^^@^^@^^@^^@^^@^^@^^@^^
@^^@^^@^^@^^@^^@^^@^^@^^@^^@^^@^^@^^@^^@^^@^^@^^@^^@^^@^^@^^@^^@^^@^^@^^@^^@^^@
^^@^^@^^@^^@^^@^^@^^@^^@^^@^^@^^@^^@^^@^^@^^@^^@^^@^^@^^@^^@^^@^^@^^@^^@^^@^^@^
^@^^@^^@^^@^^@^^@^^@^^@^^@^^@^^@^^@^^@^^@^^@^^@^^@^^@^^@^^@^^@^^@^^@^^@^^@^^@^^
@^^@^^@^^@^^@^^@^^@^^@^^@^^@^^@^^@^^@^^@^^@^^@^^@^^@^^@^^@^^@^^@^^@^^@^^@^^@^^@
^^@^^@^^@^^@^^@^^@^^@^^@^^@^^@^^@^^@^^@^^@^^@^^@^^@^^@^^@^^@^^@^^@^^@^^@^^@^^@^
^@^^@^^@^^@^^@^^@^^@^^@^^@^^@^^@^^@^^@^^@^^@^^@^^@^^@^^@^^@^^@^^@^^@^^@^^@^^@^^
@^^@^^@^^@^^@^^@^^@^^@^^@^^@^^@^^@^^@^^@OT1/cmr/m/n' instead on input line 414.


LaTeX Font Info:    Trying to load font information for ^^@^^@^^@^^@^^@^^@^^@^^
@^^@^^@^^@^^@^^@^^@^^@^^@^^@^^@^^@^^@^^@^^@^^@^^@^^@^^@^^@^^@^^@^^@^^@^^@^^@^^@
^^@^^@^^@^^@^^@^^@^^@^^@^^@^^@^^@^^@^^@^^@^^@^^@^^@^^@^^@^^@^^@^^@^^@^^@^^@^^@^
^@^^@^^@^^@^^@^^@^^@^^@^^@^^@^^@^^@^^@^^@^^@^^@^^@^^@^^@^^@^^@^^@^^@^^@^^@^^@^^
@^^@^^@^^@^^@^^@^^@^^@^^@^^@^^@^^@^^@^^@^^@^^@^^@^^@^^@^^@^^@^^@^^@^^@^^@^^@^^@
^^@^^@^^@^^@^^@^^@^^@^^@^^@^^@^^@^^@^^@^^@^^@^^@^^@^^@^^@^^@^^@^^@^^@^^@^^@^^@^
^@^^@^^@^^@^^@^^@^^@^^@^^@^^@^^@^^@^^@^^@^^@^^@^^@^^@^^@^^@^^@^^@^^@^^@^^@^^@^^
@^^@^^@^^@^^@^^@^^@^^@^^@^^@^^@^^@^^@^^@^^@^^@^^@^^@^^@^^@^^@^^@^^@^^@^^@^^@^^@
^^@^^@^^@^^@^^@^^@^^@^^@^^@^^@^^@^^@^^@^^@^^@^^@^^@^^@^^@^^@^^@^^@^^@^^@OT1+cmr
 on input line 414.
(/usr/share/texlive/texmf-dist/tex/latex/tools/.tex Fileignored)

LaTeX Font Warning: Font shape `^^@^^@^^@^^@^^@^^@^^@^^@^^@^^@^^@^^@^^@^^@^^@^^
@^^@^^@^^@^^@^^@^^@^^@^^@^^@^^@^^@^^@^^@^^@^^@^^@^^@^^@^^@^^@^^@^^@^^@^^@^^@^^@
^^@^^@^^@^^@^^@^^@^^@^^@^^@^^@^^@^^@^^@^^@^^@^^@^^@^^@^^@^^@^^@^^@^^@^^@^^@^^@^
^@^^@^^@^^@^^@^^@^^@^^@^^@^^@^^@^^@^^@^^@^^@^^@^^@^^@^^@^^@^^@^^@^^@^^@^^@^^@^^
@^^@^^@^^@^^@^^@^^@^^@^^@^^@^^@^^@^^@^^@^^@^^@^^@^^@^^@^^@^^@^^@^^@^^@^^@^^@^^@
^^@^^@^^@^^@^^@^^@^^@^^@^^@^^@^^@^^@^^@^^@^^@^^@^^@^^@^^@^^@^^@^^@^^@^^@^^@^^@^
^@^^@^^@^^@^^@^^@^^@^^@^^@^^@^^@^^@^^@^^@^^@^^@^^@^^@^^@^^@^^@^^@^^@^^@^^@^^@^^
@^^@^^@^^@^^@^^@^^@^^@^^@^^@^^@^^@^^@^^@^^@^^@^^@^^@^^@^^@^^@^^@^^@^^@^^@^^@^^@
^^@^^@^^@^^@^^@^^@^^@^^@^^@^^@^^@^^@^^@^^@^^@^^@^^@OT1/cmr/m/n' @undefined
(Font)              using `^^@^^@^^@^^@^^@^^@^^@^^@^^@^^@^^@^^@^^@^^@^^@^^@^^@^
^@^^@^^@^^@^^@^^@^^@^^@^^@^^@^^@^^@^^@^^@^^@^^@^^@^^@^^@^^@^^@^^@^^@^^@^^@^^@^^
@^^@^^@^^@^^@^^@^^@^^@^^@^^@^^@^^@^^@^^@^^@^^@^^@^^@^^@^^@^^@^^@^^@^^@^^@^^@^^@
^^@^^@^^@^^@^^@^^@^^@^^@^^@^^@^^@^^@^^@^^@^^@^^@^^@^^@^^@^^@^^@^^@^^@^^@^^@^^@^
^@^^@^^@^^@^^@^^@^^@^^@^^@^^@^^@^^@^^@^^@^^@^^@^^@^^@^^@^^@^^@^^@^^@^^@^^@^^@^^
@^^@^^@^^@^^@^^@^^@^^@^^@^^@^^@^^@^^@^^@^^@^^@^^@^^@^^@^^@^^@^^@^^@^^@^^@^^@^^@
^^@^^@^^@^^@^^@^^@^^@^^@^^@^^@^^@^^@^^@^^@^^@^^@^^@^^@^^@^^@^^@^^@^^@^^@^^@^^@^
^@^^@^^@^^@^^@^^@^^@^^@^^@^^@^^@^^@^^@^^@^^@^^@^^@^^@^^@^^@^^@^^@^^@^^@^^@^^@^^
@^^@^^@^^@^^@^^@^^@^^@^^@^^@^^@^^@^^@^^@^^@OT1/cmr/m/n' instead on input line 4
14.

LaTeX Font Info:    Trying to load font information for ^^@^^@^^@^^@^^@^^@^^@^^
@^^@^^@^^@^^@^^@^^@^^@^^@^^@^^@^^@^^@^^@^^@^^@^^@^^@^^@^^@^^@^^@^^@^^@^^@^^@^^@
^^@^^@^^@^^@^^@^^@^^@^^@^^@^^@^^@^^@^^@^^@^^@^^@^^@^^@^^@^^@^^@^^@^^@^^@^^@^^@^
^@^^@^^@^^@^^@^^@^^@^^@^^@^^@^^@^^@^^@^^@^^@^^@^^@^^@^^@^^@^^@^^@^^@^^@^^@^^@^^
@^^@^^@^^@^^@^^@^^@^^@^^@^^@^^@^^@^^@^^@^^@^^@^^@^^@^^@^^@^^@^^@^^@^^@^^@^^@^^@
^^@^^@^^@^^@^^@^^@^^@^^@^^@^^@^^@^^@^^@^^@^^@^^@^^@^^@^^@^^@^^@^^@^^@^^@^^@^^@^
^@^^@^^@^^@^^@^^@^^@^^@^^@^^@^^@^^@^^@^^@^^@^^@^^@^^@^^@^^@^^@^^@^^@^^@^^@^^@^^
@^^@^^@^^@^^@^^@^^@^^@^^@^^@^^@^^@^^@^^@^^@^^@^^@^^@^^@^^@^^@^^@^^@^^@^^@^^@^^@
^^@^^@^^@^^@^^@^^@^^@^^@^^@^^@^^@^^@^^@^^@^^@^^@^^@^^@^^@^^@^^@^^@^^@^^@^^@OT1+
cmr on input line 414.
(/usr/share/texlive/texmf-dist/tex/latex/tools/.tex Fileignored)

LaTeX Font Warning: Font shape `^^@^^@^^@^^@^^@^^@^^@^^@^^@^^@^^@^^@^^@^^@^^@^^
@^^@^^@^^@^^@^^@^^@^^@^^@^^@^^@^^@^^@^^@^^@^^@^^@^^@^^@^^@^^@^^@^^@^^@^^@^^@^^@
^^@^^@^^@^^@^^@^^@^^@^^@^^@^^@^^@^^@^^@^^@^^@^^@^^@^^@^^@^^@^^@^^@^^@^^@^^@^^@^
^@^^@^^@^^@^^@^^@^^@^^@^^@^^@^^@^^@^^@^^@^^@^^@^^@^^@^^@^^@^^@^^@^^@^^@^^@^^@^^
@^^@^^@^^@^^@^^@^^@^^@^^@^^@^^@^^@^^@^^@^^@^^@^^@^^@^^@^^@^^@^^@^^@^^@^^@^^@^^@
^^@^^@^^@^^@^^@^^@^^@^^@^^@^^@^^@^^@^^@^^@^^@^^@^^@^^@^^@^^@^^@^^@^^@^^@^^@^^@^
^@^^@^^@^^@^^@^^@^^@^^@^^@^^@^^@^^@^^@^^@^^@^^@^^@^^@^^@^^@^^@^^@^^@^^@^^@^^@^^
@^^@^^@^^@^^@^^@^^@^^@^^@^^@^^@^^@^^@^^@^^@^^@^^@^^@^^@^^@^^@^^@^^@^^@^^@^^@^^@
^^@^^@^^@^^@^^@^^@^^@^^@^^@^^@^^@^^@^^@^^@^^@^^@^^@^^@OT1/cmr/m/n' @undefined
(Font)              using `^^@^^@^^@^^@^^@^^@^^@^^@^^@^^@^^@^^@^^@^^@^^@^^@^^@^
^@^^@^^@^^@^^@^^@^^@^^@^^@^^@^^@^^@^^@^^@^^@^^@^^@^^@^^@^^@^^@^^@^^@^^@^^@^^@^^
@^^@^^@^^@^^@^^@^^@^^@^^@^^@^^@^^@^^@^^@^^@^^@^^@^^@^^@^^@^^@^^@^^@^^@^^@^^@^^@
^^@^^@^^@^^@^^@^^@^^@^^@^^@^^@^^@^^@^^@^^@^^@^^@^^@^^@^^@^^@^^@^^@^^@^^@^^@^^@^
^@^^@^^@^^@^^@^^@^^@^^@^^@^^@^^@^^@^^@^^@^^@^^@^^@^^@^^@^^@^^@^^@^^@^^@^^@^^@^^
@^^@^^@^^@^^@^^@^^@^^@^^@^^@^^@^^@^^@^^@^^@^^@^^@^^@^^@^^@^^@^^@^^@^^@^^@^^@^^@
^^@^^@^^@^^@^^@^^@^^@^^@^^@^^@^^@^^@^^@^^@^^@^^@^^@^^@^^@^^@^^@^^@^^@^^@^^@^^@^
^@^^@^^@^^@^^@^^@^^@^^@^^@^^@^^@^^@^^@^^@^^@^^@^^@^^@^^@^^@^^@^^@^^@^^@^^@^^@^^
@^^@^^@^^@^^@^^@^^@^^@^^@^^@^^@^^@^^@^^@^^@^^@OT1/cmr/m/n' instead on input lin
e 414.

LaTeX Font Info:    Trying to load font information for ^^@^^@^^@^^@^^@^^@^^@^^
@^^@^^@^^@^^@^^@^^@^^@^^@^^@^^@^^@^^@^^@^^@^^@^^@^^@^^@^^@^^@^^@^^@^^@^^@^^@^^@
^^@^^@^^@^^@^^@^^@^^@^^@^^@^^@^^@^^@^^@^^@^^@^^@^^@^^@^^@^^@^^@^^@^^@^^@^^@^^@^
^@^^@^^@^^@^^@^^@^^@^^@^^@^^@^^@^^@^^@^^@^^@^^@^^@^^@^^@^^@^^@^^@^^@^^@^^@^^@^^
@^^@^^@^^@^^@^^@^^@^^@^^@^^@^^@^^@^^@^^@^^@^^@^^@^^@^^@^^@^^@^^@^^@^^@^^@^^@^^@
^^@^^@^^@^^@^^@^^@^^@^^@^^@^^@^^@^^@^^@^^@^^@^^@^^@^^@^^@^^@^^@^^@^^@^^@^^@^^@^
^@^^@^^@^^@^^@^^@^^@^^@^^@^^@^^@^^@^^@^^@^^@^^@^^@^^@^^@^^@^^@^^@^^@^^@^^@^^@^^
@^^@^^@^^@^^@^^@^^@^^@^^@^^@^^@^^@^^@^^@^^@^^@^^@^^@^^@^^@^^@^^@^^@^^@^^@^^@^^@
^^@^^@^^@^^@^^@^^@^^@^^@^^@^^@^^@^^@^^@^^@^^@^^@^^@^^@^^@^^@^^@^^@^^@^^@^^@^^@O
T1+cmr on input line 414.
(/usr/share/texlive/texmf-dist/tex/latex/tools/.tex Fileignored)

LaTeX Font Warning: Font shape `^^@^^@^^@^^@^^@^^@^^@^^@^^@^^@^^@^^@^^@^^@^^@^^
@^^@^^@^^@^^@^^@^^@^^@^^@^^@^^@^^@^^@^^@^^@^^@^^@^^@^^@^^@^^@^^@^^@^^@^^@^^@^^@
^^@^^@^^@^^@^^@^^@^^@^^@^^@^^@^^@^^@^^@^^@^^@^^@^^@^^@^^@^^@^^@^^@^^@^^@^^@^^@^
^@^^@^^@^^@^^@^^@^^@^^@^^@^^@^^@^^@^^@^^@^^@^^@^^@^^@^^@^^@^^@^^@^^@^^@^^@^^@^^
@^^@^^@^^@^^@^^@^^@^^@^^@^^@^^@^^@^^@^^@^^@^^@^^@^^@^^@^^@^^@^^@^^@^^@^^@^^@^^@
^^@^^@^^@^^@^^@^^@^^@^^@^^@^^@^^@^^@^^@^^@^^@^^@^^@^^@^^@^^@^^@^^@^^@^^@^^@^^@^
^@^^@^^@^^@^^@^^@^^@^^@^^@^^@^^@^^@^^@^^@^^@^^@^^@^^@^^@^^@^^@^^@^^@^^@^^@^^@^^
@^^@^^@^^@^^@^^@^^@^^@^^@^^@^^@^^@^^@^^@^^@^^@^^@^^@^^@^^@^^@^^@^^@^^@^^@^^@^^@
^^@^^@^^@^^@^^@^^@^^@^^@^^@^^@^^@^^@^^@^^@^^@^^@^^@^^@^^@OT1/cmr/m/n' @undefine
d
(Font)              using `^^@^^@^^@^^@^^@^^@^^@^^@^^@^^@^^@^^@^^@^^@^^@^^@^^@^
^@^^@^^@^^@^^@^^@^^@^^@^^@^^@^^@^^@^^@^^@^^@^^@^^@^^@^^@^^@^^@^^@^^@^^@^^@^^@^^
@^^@^^@^^@^^@^^@^^@^^@^^@^^@^^@^^@^^@^^@^^@^^@^^@^^@^^@^^@^^@^^@^^@^^@^^@^^@^^@
^^@^^@^^@^^@^^@^^@^^@^^@^^@^^@^^@^^@^^@^^@^^@^^@^^@^^@^^@^^@^^@^^@^^@^^@^^@^^@^
^@^^@^^@^^@^^@^^@^^@^^@^^@^^@^^@^^@^^@^^@^^@^^@^^@^^@^^@^^@^^@^^@^^@^^@^^@^^@^^
@^^@^^@^^@^^@^^@^^@^^@^^@^^@^^@^^@^^@^^@^^@^^@^^@^^@^^@^^@^^@^^@^^@^^@^^@^^@^^@
^^@^^@^^@^^@^^@^^@^^@^^@^^@^^@^^@^^@^^@^^@^^@^^@^^@^^@^^@^^@^^@^^@^^@^^@^^@^^@^
^@^^@^^@^^@^^@^^@^^@^^@^^@^^@^^@^^@^^@^^@^^@^^@^^@^^@^^@^^@^^@^^@^^@^^@^^@^^@^^
@^^@^^@^^@^^@^^@^^@^^@^^@^^@^^@^^@^^@^^@^^@^^@^^@OT1/cmr/m/n' instead on input 
line 414.

LaTeX Font Info:    Trying to load font information for ^^@^^@^^@^^@^^@^^@^^@^^
@^^@^^@^^@^^@^^@^^@^^@^^@^^@^^@^^@^^@^^@^^@^^@^^@^^@^^@^^@^^@^^@^^@^^@^^@^^@^^@
^^@^^@^^@^^@^^@^^@^^@^^@^^@^^@^^@^^@^^@^^@^^@^^@^^@^^@^^@^^@^^@^^@^^@^^@^^@^^@^
^@^^@^^@^^@^^@^^@^^@^^@^^@^^@^^@^^@^^@^^@^^@^^@^^@^^@^^@^^@^^@^^@^^@^^@^^@^^@^^
@^^@^^@^^@^^@^^@^^@^^@^^@^^@^^@^^@^^@^^@^^@^^@^^@^^@^^@^^@^^@^^@^^@^^@^^@^^@^^@
^^@^^@^^@^^@^^@^^@^^@^^@^^@^^@^^@^^@^^@^^@^^@^^@^^@^^@^^@^^@^^@^^@^^@^^@^^@^^@^
^@^^@^^@^^@^^@^^@^^@^^@^^@^^@^^@^^@^^@^^@^^@^^@^^@^^@^^@^^@^^@^^@^^@^^@^^@^^@^^
@^^@^^@^^@^^@^^@^^@^^@^^@^^@^^@^^@^^@^^@^^@^^@^^@^^@^^@^^@^^@^^@^^@^^@^^@^^@^^@
^^@^^@^^@^^@^^@^^@^^@^^@^^@^^@^^@^^@^^@^^@^^@^^@^^@^^@^^@^^@^^@^^@^^@^^@^^@^^@^
^@OT1+cmr on input line 414.
(/usr/share/texlive/texmf-dist/tex/latex/tools/.tex Fileignored)

LaTeX Font Warning: Font shape `^^@^^@^^@^^@^^@^^@^^@^^@^^@^^@^^@^^@^^@^^@^^@^^
@^^@^^@^^@^^@^^@^^@^^@^^@^^@^^@^^@^^@^^@^^@^^@^^@^^@^^@^^@^^@^^@^^@^^@^^@^^@^^@
^^@^^@^^@^^@^^@^^@^^@^^@^^@^^@^^@^^@^^@^^@^^@^^@^^@^^@^^@^^@^^@^^@^^@^^@^^@^^@^
^@^^@^^@^^@^^@^^@^^@^^@^^@^^@^^@^^@^^@^^@^^@^^@^^@^^@^^@^^@^^@^^@^^@^^@^^@^^@^^
@^^@^^@^^@^^@^^@^^@^^@^^@^^@^^@^^@^^@^^@^^@^^@^^@^^@^^@^^@^^@^^@^^@^^@^^@^^@^^@
^^@^^@^^@^^@^^@^^@^^@^^@^^@^^@^^@^^@^^@^^@^^@^^@^^@^^@^^@^^@^^@^^@^^@^^@^^@^^@^
^@^^@^^@^^@^^@^^@^^@^^@^^@^^@^^@^^@^^@^^@^^@^^@^^@^^@^^@^^@^^@^^@^^@^^@^^@^^@^^
@^^@^^@^^@^^@^^@^^@^^@^^@^^@^^@^^@^^@^^@^^@^^@^^@^^@^^@^^@^^@^^@^^@^^@^^@^^@^^@
^^@^^@^^@^^@^^@^^@^^@^^@^^@^^@^^@^^@^^@^^@^^@^^@^^@^^@^^@^^@OT1/cmr/m/n' @undef
ined
(Font)              using `^^@^^@^^@^^@^^@^^@^^@^^@^^@^^@^^@^^@^^@^^@^^@^^@^^@^
^@^^@^^@^^@^^@^^@^^@^^@^^@^^@^^@^^@^^@^^@^^@^^@^^@^^@^^@^^@^^@^^@^^@^^@^^@^^@^^
@^^@^^@^^@^^@^^@^^@^^@^^@^^@^^@^^@^^@^^@^^@^^@^^@^^@^^@^^@^^@^^@^^@^^@^^@^^@^^@
^^@^^@^^@^^@^^@^^@^^@^^@^^@^^@^^@^^@^^@^^@^^@^^@^^@^^@^^@^^@^^@^^@^^@^^@^^@^^@^
^@^^@^^@^^@^^@^^@^^@^^@^^@^^@^^@^^@^^@^^@^^@^^@^^@^^@^^@^^@^^@^^@^^@^^@^^@^^@^^
@^^@^^@^^@^^@^^@^^@^^@^^@^^@^^@^^@^^@^^@^^@^^@^^@^^@^^@^^@^^@^^@^^@^^@^^@^^@^^@
^^@^^@^^@^^@^^@^^@^^@^^@^^@^^@^^@^^@^^@^^@^^@^^@^^@^^@^^@^^@^^@^^@^^@^^@^^@^^@^
^@^^@^^@^^@^^@^^@^^@^^@^^@^^@^^@^^@^^@^^@^^@^^@^^@^^@^^@^^@^^@^^@^^@^^@^^@^^@^^
@^^@^^@^^@^^@^^@^^@^^@^^@^^@^^@^^@^^@^^@^^@^^@^^@^^@OT1/cmr/m/n' instead on inp
ut line 414.

LaTeX Font Info:    Trying to load font information for ^^@^^@^^@^^@^^@^^@^^@^^
@^^@^^@^^@^^@^^@^^@^^@^^@^^@^^@^^@^^@^^@^^@^^@^^@^^@^^@^^@^^@^^@^^@^^@^^@^^@^^@
^^@^^@^^@^^@^^@^^@^^@^^@^^@^^@^^@^^@^^@^^@^^@^^@^^@^^@^^@^^@^^@^^@^^@^^@^^@^^@^
^@^^@^^@^^@^^@^^@^^@^^@^^@^^@^^@^^@^^@^^@^^@^^@^^@^^@^^@^^@^^@^^@^^@^^@^^@^^@^^
@^^@^^@^^@^^@^^@^^@^^@^^@^^@^^@^^@^^@^^@^^@^^@^^@^^@^^@^^@^^@^^@^^@^^@^^@^^@^^@
^^@^^@^^@^^@^^@^^@^^@^^@^^@^^@^^@^^@^^@^^@^^@^^@^^@^^@^^@^^@^^@^^@^^@^^@^^@^^@^
^@^^@^^@^^@^^@^^@^^@^^@^^@^^@^^@^^@^^@^^@^^@^^@^^@^^@^^@^^@^^@^^@^^@^^@^^@^^@^^
@^^@^^@^^@^^@^^@^^@^^@^^@^^@^^@^^@^^@^^@^^@^^@^^@^^@^^@^^@^^@^^@^^@^^@^^@^^@^^@
^^@^^@^^@^^@^^@^^@^^@^^@^^@^^@^^@^^@^^@^^@^^@^^@^^@^^@^^@^^@^^@^^@^^@^^@^^@^^@^
^@^^@OT1+cmr on input line 414.
(/usr/share/texlive/texmf-dist/tex/latex/tools/.tex Fileignored)

LaTeX Font Warning: Font shape `^^@^^@^^@^^@^^@^^@^^@^^@^^@^^@^^@^^@^^@^^@^^@^^
@^^@^^@^^@^^@^^@^^@^^@^^@^^@^^@^^@^^@^^@^^@^^@^^@^^@^^@^^@^^@^^@^^@^^@^^@^^@^^@
^^@^^@^^@^^@^^@^^@^^@^^@^^@^^@^^@^^@^^@^^@^^@^^@^^@^^@^^@^^@^^@^^@^^@^^@^^@^^@^
^@^^@^^@^^@^^@^^@^^@^^@^^@^^@^^@^^@^^@^^@^^@^^@^^@^^@^^@^^@^^@^^@^^@^^@^^@^^@^^
@^^@^^@^^@^^@^^@^^@^^@^^@^^@^^@^^@^^@^^@^^@^^@^^@^^@^^@^^@^^@^^@^^@^^@^^@^^@^^@
^^@^^@^^@^^@^^@^^@^^@^^@^^@^^@^^@^^@^^@^^@^^@^^@^^@^^@^^@^^@^^@^^@^^@^^@^^@^^@^
^@^^@^^@^^@^^@^^@^^@^^@^^@^^@^^@^^@^^@^^@^^@^^@^^@^^@^^@^^@^^@^^@^^@^^@^^@^^@^^
@^^@^^@^^@^^@^^@^^@^^@^^@^^@^^@^^@^^@^^@^^@^^@^^@^^@^^@^^@^^@^^@^^@^^@^^@^^@^^@
^^@^^@^^@^^@^^@^^@^^@^^@^^@^^@^^@^^@^^@^^@^^@^^@^^@^^@^^@^^@^^@OT1/cmr/m/n' @un
defined
(Font)              using `^^@^^@^^@^^@^^@^^@^^@^^@^^@^^@^^@^^@^^@^^@^^@^^@^^@^
^@^^@^^@^^@^^@^^@^^@^^@^^@^^@^^@^^@^^@^^@^^@^^@^^@^^@^^@^^@^^@^^@^^@^^@^^@^^@^^
@^^@^^@^^@^^@^^@^^@^^@^^@^^@^^@^^@^^@^^@^^@^^@^^@^^@^^@^^@^^@^^@^^@^^@^^@^^@^^@
^^@^^@^^@^^@^^@^^@^^@^^@^^@^^@^^@^^@^^@^^@^^@^^@^^@^^@^^@^^@^^@^^@^^@^^@^^@^^@^
^@^^@^^@^^@^^@^^@^^@^^@^^@^^@^^@^^@^^@^^@^^@^^@^^@^^@^^@^^@^^@^^@^^@^^@^^@^^@^^
@^^@^^@^^@^^@^^@^^@^^@^^@^^@^^@^^@^^@^^@^^@^^@^^@^^@^^@^^@^^@^^@^^@^^@^^@^^@^^@
^^@^^@^^@^^@^^@^^@^^@^^@^^@^^@^^@^^@^^@^^@^^@^^@^^@^^@^^@^^@^^@^^@^^@^^@^^@^^@^
^@^^@^^@^^@^^@^^@^^@^^@^^@^^@^^@^^@^^@^^@^^@^^@^^@^^@^^@^^@^^@^^@^^@^^@^^@^^@^^
@^^@^^@^^@^^@^^@^^@^^@^^@^^@^^@^^@^^@^^@^^@^^@^^@^^@^^@OT1/cmr/m/n' instead on 
input line 414.

LaTeX Font Info:    Trying to load font information for ^^@^^@^^@^^@^^@^^@^^@^^
@^^@^^@^^@^^@^^@^^@^^@^^@^^@^^@^^@^^@^^@^^@^^@^^@^^@^^@^^@^^@^^@^^@^^@^^@^^@^^@
^^@^^@^^@^^@^^@^^@^^@^^@^^@^^@^^@^^@^^@^^@^^@^^@^^@^^@^^@^^@^^@^^@^^@^^@^^@^^@^
^@^^@^^@^^@^^@^^@^^@^^@^^@^^@^^@^^@^^@^^@^^@^^@^^@^^@^^@^^@^^@^^@^^@^^@^^@^^@^^
@^^@^^@^^@^^@^^@^^@^^@^^@^^@^^@^^@^^@^^@^^@^^@^^@^^@^^@^^@^^@^^@^^@^^@^^@^^@^^@
^^@^^@^^@^^@^^@^^@^^@^^@^^@^^@^^@^^@^^@^^@^^@^^@^^@^^@^^@^^@^^@^^@^^@^^@^^@^^@^
^@^^@^^@^^@^^@^^@^^@^^@^^@^^@^^@^^@^^@^^@^^@^^@^^@^^@^^@^^@^^@^^@^^@^^@^^@^^@^^
@^^@^^@^^@^^@^^@^^@^^@^^@^^@^^@^^@^^@^^@^^@^^@^^@^^@^^@^^@^^@^^@^^@^^@^^@^^@^^@
^^@^^@^^@^^@^^@^^@^^@^^@^^@^^@^^@^^@^^@^^@^^@^^@^^@^^@^^@^^@^^@^^@^^@^^@^^@^^@^
^@^^@^^@OT1+cmr on input line 414.
(/usr/share/texlive/texmf-dist/tex/latex/tools/.tex Fileignored)

LaTeX Font Warning: Font shape `^^@^^@^^@^^@^^@^^@^^@^^@^^@^^@^^@^^@^^@^^@^^@^^
@^^@^^@^^@^^@^^@^^@^^@^^@^^@^^@^^@^^@^^@^^@^^@^^@^^@^^@^^@^^@^^@^^@^^@^^@^^@^^@
^^@^^@^^@^^@^^@^^@^^@^^@^^@^^@^^@^^@^^@^^@^^@^^@^^@^^@^^@^^@^^@^^@^^@^^@^^@^^@^
^@^^@^^@^^@^^@^^@^^@^^@^^@^^@^^@^^@^^@^^@^^@^^@^^@^^@^^@^^@^^@^^@^^@^^@^^@^^@^^
@^^@^^@^^@^^@^^@^^@^^@^^@^^@^^@^^@^^@^^@^^@^^@^^@^^@^^@^^@^^@^^@^^@^^@^^@^^@^^@
^^@^^@^^@^^@^^@^^@^^@^^@^^@^^@^^@^^@^^@^^@^^@^^@^^@^^@^^@^^@^^@^^@^^@^^@^^@^^@^
^@^^@^^@^^@^^@^^@^^@^^@^^@^^@^^@^^@^^@^^@^^@^^@^^@^^@^^@^^@^^@^^@^^@^^@^^@^^@^^
@^^@^^@^^@^^@^^@^^@^^@^^@^^@^^@^^@^^@^^@^^@^^@^^@^^@^^@^^@^^@^^@^^@^^@^^@^^@^^@
^^@^^@^^@^^@^^@^^@^^@^^@^^@^^@^^@^^@^^@^^@^^@^^@^^@^^@^^@^^@^^@^^@OT1/cmr/m/n' 
@undefined
(Font)              using `^^@^^@^^@^^@^^@^^@^^@^^@^^@^^@^^@^^@^^@^^@^^@^^@^^@^
^@^^@^^@^^@^^@^^@^^@^^@^^@^^@^^@^^@^^@^^@^^@^^@^^@^^@^^@^^@^^@^^@^^@^^@^^@^^@^^
@^^@^^@^^@^^@^^@^^@^^@^^@^^@^^@^^@^^@^^@^^@^^@^^@^^@^^@^^@^^@^^@^^@^^@^^@^^@^^@
^^@^^@^^@^^@^^@^^@^^@^^@^^@^^@^^@^^@^^@^^@^^@^^@^^@^^@^^@^^@^^@^^@^^@^^@^^@^^@^
^@^^@^^@^^@^^@^^@^^@^^@^^@^^@^^@^^@^^@^^@^^@^^@^^@^^@^^@^^@^^@^^@^^@^^@^^@^^@^^
@^^@^^@^^@^^@^^@^^@^^@^^@^^@^^@^^@^^@^^@^^@^^@^^@^^@^^@^^@^^@^^@^^@^^@^^@^^@^^@
^^@^^@^^@^^@^^@^^@^^@^^@^^@^^@^^@^^@^^@^^@^^@^^@^^@^^@^^@^^@^^@^^@^^@^^@^^@^^@^
^@^^@^^@^^@^^@^^@^^@^^@^^@^^@^^@^^@^^@^^@^^@^^@^^@^^@^^@^^@^^@^^@^^@^^@^^@^^@^^
@^^@^^@^^@^^@^^@^^@^^@^^@^^@^^@^^@^^@^^@^^@^^@^^@^^@^^@^^@OT1/cmr/m/n' instead 
on input line 414.

LaTeX Font Info:    Trying to load font information for ^^@^^@^^@^^@^^@^^@^^@^^
@^^@^^@^^@^^@^^@^^@^^@^^@^^@^^@^^@^^@^^@^^@^^@^^@^^@^^@^^@^^@^^@^^@^^@^^@^^@^^@
^^@^^@^^@^^@^^@^^@^^@^^@^^@^^@^^@^^@^^@^^@^^@^^@^^@^^@^^@^^@^^@^^@^^@^^@^^@^^@^
^@^^@^^@^^@^^@^^@^^@^^@^^@^^@^^@^^@^^@^^@^^@^^@^^@^^@^^@^^@^^@^^@^^@^^@^^@^^@^^
@^^@^^@^^@^^@^^@^^@^^@^^@^^@^^@^^@^^@^^@^^@^^@^^@^^@^^@^^@^^@^^@^^@^^@^^@^^@^^@
^^@^^@^^@^^@^^@^^@^^@^^@^^@^^@^^@^^@^^@^^@^^@^^@^^@^^@^^@^^@^^@^^@^^@^^@^^@^^@^
^@^^@^^@^^@^^@^^@^^@^^@^^@^^@^^@^^@^^@^^@^^@^^@^^@^^@^^@^^@^^@^^@^^@^^@^^@^^@^^
@^^@^^@^^@^^@^^@^^@^^@^^@^^@^^@^^@^^@^^@^^@^^@^^@^^@^^@^^@^^@^^@^^@^^@^^@^^@^^@
^^@^^@^^@^^@^^@^^@^^@^^@^^@^^@^^@^^@^^@^^@^^@^^@^^@^^@^^@^^@^^@^^@^^@^^@^^@^^@^
^@^^@^^@^^@OT1+cmr on input line 414.
(/usr/share/texlive/texmf-dist/tex/latex/tools/.tex Fileignored)

LaTeX Font Warning: Font shape `^^@^^@^^@^^@^^@^^@^^@^^@^^@^^@^^@^^@^^@^^@^^@^^
@^^@^^@^^@^^@^^@^^@^^@^^@^^@^^@^^@^^@^^@^^@^^@^^@^^@^^@^^@^^@^^@^^@^^@^^@^^@^^@
^^@^^@^^@^^@^^@^^@^^@^^@^^@^^@^^@^^@^^@^^@^^@^^@^^@^^@^^@^^@^^@^^@^^@^^@^^@^^@^
^@^^@^^@^^@^^@^^@^^@^^@^^@^^@^^@^^@^^@^^@^^@^^@^^@^^@^^@^^@^^@^^@^^@^^@^^@^^@^^
@^^@^^@^^@^^@^^@^^@^^@^^@^^@^^@^^@^^@^^@^^@^^@^^@^^@^^@^^@^^@^^@^^@^^@^^@^^@^^@
^^@^^@^^@^^@^^@^^@^^@^^@^^@^^@^^@^^@^^@^^@^^@^^@^^@^^@^^@^^@^^@^^@^^@^^@^^@^^@^
^@^^@^^@^^@^^@^^@^^@^^@^^@^^@^^@^^@^^@^^@^^@^^@^^@^^@^^@^^@^^@^^@^^@^^@^^@^^@^^
@^^@^^@^^@^^@^^@^^@^^@^^@^^@^^@^^@^^@^^@^^@^^@^^@^^@^^@^^@^^@^^@^^@^^@^^@^^@^^@
^^@^^@^^@^^@^^@^^@^^@^^@^^@^^@^^@^^@^^@^^@^^@^^@^^@^^@^^@^^@^^@^^@^^@OT1/cmr/m/
n' @undefined
(Font)              using `^^@^^@^^@^^@^^@^^@^^@^^@^^@^^@^^@^^@^^@^^@^^@^^@^^@^
^@^^@^^@^^@^^@^^@^^@^^@^^@^^@^^@^^@^^@^^@^^@^^@^^@^^@^^@^^@^^@^^@^^@^^@^^@^^@^^
@^^@^^@^^@^^@^^@^^@^^@^^@^^@^^@^^@^^@^^@^^@^^@^^@^^@^^@^^@^^@^^@^^@^^@^^@^^@^^@
^^@^^@^^@^^@^^@^^@^^@^^@^^@^^@^^@^^@^^@^^@^^@^^@^^@^^@^^@^^@^^@^^@^^@^^@^^@^^@^
^@^^@^^@^^@^^@^^@^^@^^@^^@^^@^^@^^@^^@^^@^^@^^@^^@^^@^^@^^@^^@^^@^^@^^@^^@^^@^^
@^^@^^@^^@^^@^^@^^@^^@^^@^^@^^@^^@^^@^^@^^@^^@^^@^^@^^@^^@^^@^^@^^@^^@^^@^^@^^@
^^@^^@^^@^^@^^@^^@^^@^^@^^@^^@^^@^^@^^@^^@^^@^^@^^@^^@^^@^^@^^@^^@^^@^^@^^@^^@^
^@^^@^^@^^@^^@^^@^^@^^@^^@^^@^^@^^@^^@^^@^^@^^@^^@^^@^^@^^@^^@^^@^^@^^@^^@^^@^^
@^^@^^@^^@^^@^^@^^@^^@^^@^^@^^@^^@^^@^^@^^@^^@^^@^^@^^@^^@^^@OT1/cmr/m/n' inste
ad on input line 414.

LaTeX Font Info:    Trying to load font information for ^^@^^@^^@^^@^^@^^@^^@^^
@^^@^^@^^@^^@^^@^^@^^@^^@^^@^^@^^@^^@^^@^^@^^@^^@^^@^^@^^@^^@^^@^^@^^@^^@^^@^^@
^^@^^@^^@^^@^^@^^@^^@^^@^^@^^@^^@^^@^^@^^@^^@^^@^^@^^@^^@^^@^^@^^@^^@^^@^^@^^@^
^@^^@^^@^^@^^@^^@^^@^^@^^@^^@^^@^^@^^@^^@^^@^^@^^@^^@^^@^^@^^@^^@^^@^^@^^@^^@^^
@^^@^^@^^@^^@^^@^^@^^@^^@^^@^^@^^@^^@^^@^^@^^@^^@^^@^^@^^@^^@^^@^^@^^@^^@^^@^^@
^^@^^@^^@^^@^^@^^@^^@^^@^^@^^@^^@^^@^^@^^@^^@^^@^^@^^@^^@^^@^^@^^@^^@^^@^^@^^@^
^@^^@^^@^^@^^@^^@^^@^^@^^@^^@^^@^^@^^@^^@^^@^^@^^@^^@^^@^^@^^@^^@^^@^^@^^@^^@^^
@^^@^^@^^@^^@^^@^^@^^@^^@^^@^^@^^@^^@^^@^^@^^@^^@^^@^^@^^@^^@^^@^^@^^@^^@^^@^^@
^^@^^@^^@^^@^^@^^@^^@^^@^^@^^@^^@^^@^^@^^@^^@^^@^^@^^@^^@^^@^^@^^@^^@^^@^^@^^@^
^@^^@^^@^^@^^@OT1+cmr on input line 414.
(/usr/share/texlive/texmf-dist/tex/latex/tools/.tex Fileignored)

LaTeX Font Warning: Font shape `^^@^^@^^@^^@^^@^^@^^@^^@^^@^^@^^@^^@^^@^^@^^@^^
@^^@^^@^^@^^@^^@^^@^^@^^@^^@^^@^^@^^@^^@^^@^^@^^@^^@^^@^^@^^@^^@^^@^^@^^@^^@^^@
^^@^^@^^@^^@^^@^^@^^@^^@^^@^^@^^@^^@^^@^^@^^@^^@^^@^^@^^@^^@^^@^^@^^@^^@^^@^^@^
^@^^@^^@^^@^^@^^@^^@^^@^^@^^@^^@^^@^^@^^@^^@^^@^^@^^@^^@^^@^^@^^@^^@^^@^^@^^@^^
@^^@^^@^^@^^@^^@^^@^^@^^@^^@^^@^^@^^@^^@^^@^^@^^@^^@^^@^^@^^@^^@^^@^^@^^@^^@^^@
^^@^^@^^@^^@^^@^^@^^@^^@^^@^^@^^@^^@^^@^^@^^@^^@^^@^^@^^@^^@^^@^^@^^@^^@^^@^^@^
^@^^@^^@^^@^^@^^@^^@^^@^^@^^@^^@^^@^^@^^@^^@^^@^^@^^@^^@^^@^^@^^@^^@^^@^^@^^@^^
@^^@^^@^^@^^@^^@^^@^^@^^@^^@^^@^^@^^@^^@^^@^^@^^@^^@^^@^^@^^@^^@^^@^^@^^@^^@^^@
^^@^^@^^@^^@^^@^^@^^@^^@^^@^^@^^@^^@^^@^^@^^@^^@^^@^^@^^@^^@^^@^^@^^@^^@OT1/cmr
/m/n' @undefined
(Font)              using `^^@^^@^^@^^@^^@^^@^^@^^@^^@^^@^^@^^@^^@^^@^^@^^@^^@^
^@^^@^^@^^@^^@^^@^^@^^@^^@^^@^^@^^@^^@^^@^^@^^@^^@^^@^^@^^@^^@^^@^^@^^@^^@^^@^^
@^^@^^@^^@^^@^^@^^@^^@^^@^^@^^@^^@^^@^^@^^@^^@^^@^^@^^@^^@^^@^^@^^@^^@^^@^^@^^@
^^@^^@^^@^^@^^@^^@^^@^^@^^@^^@^^@^^@^^@^^@^^@^^@^^@^^@^^@^^@^^@^^@^^@^^@^^@^^@^
^@^^@^^@^^@^^@^^@^^@^^@^^@^^@^^@^^@^^@^^@^^@^^@^^@^^@^^@^^@^^@^^@^^@^^@^^@^^@^^
@^^@^^@^^@^^@^^@^^@^^@^^@^^@^^@^^@^^@^^@^^@^^@^^@^^@^^@^^@^^@^^@^^@^^@^^@^^@^^@
^^@^^@^^@^^@^^@^^@^^@^^@^^@^^@^^@^^@^^@^^@^^@^^@^^@^^@^^@^^@^^@^^@^^@^^@^^@^^@^
^@^^@^^@^^@^^@^^@^^@^^@^^@^^@^^@^^@^^@^^@^^@^^@^^@^^@^^@^^@^^@^^@^^@^^@^^@^^@^^
@^^@^^@^^@^^@^^@^^@^^@^^@^^@^^@^^@^^@^^@^^@^^@^^@^^@^^@^^@^^@^^@OT1/cmr/m/n' in
stead on input line 414.

LaTeX Font Info:    Trying to load font information for ^^@^^@^^@^^@^^@^^@^^@^^
@^^@^^@^^@^^@^^@^^@^^@^^@^^@^^@^^@^^@^^@^^@^^@^^@^^@^^@^^@^^@^^@^^@^^@^^@^^@^^@
^^@^^@^^@^^@^^@^^@^^@^^@^^@^^@^^@^^@^^@^^@^^@^^@^^@^^@^^@^^@^^@^^@^^@^^@^^@^^@^
^@^^@^^@^^@^^@^^@^^@^^@^^@^^@^^@^^@^^@^^@^^@^^@^^@^^@^^@^^@^^@^^@^^@^^@^^@^^@^^
@^^@^^@^^@^^@^^@^^@^^@^^@^^@^^@^^@^^@^^@^^@^^@^^@^^@^^@^^@^^@^^@^^@^^@^^@^^@^^@
^^@^^@^^@^^@^^@^^@^^@^^@^^@^^@^^@^^@^^@^^@^^@^^@^^@^^@^^@^^@^^@^^@^^@^^@^^@^^@^
^@^^@^^@^^@^^@^^@^^@^^@^^@^^@^^@^^@^^@^^@^^@^^@^^@^^@^^@^^@^^@^^@^^@^^@^^@^^@^^
@^^@^^@^^@^^@^^@^^@^^@^^@^^@^^@^^@^^@^^@^^@^^@^^@^^@^^@^^@^^@^^@^^@^^@^^@^^@^^@
^^@^^@^^@^^@^^@^^@^^@^^@^^@^^@^^@^^@^^@^^@^^@^^@^^@^^@^^@^^@^^@^^@^^@^^@^^@^^@^
^@^^@^^@^^@^^@^^@OT1+cmr on input line 414.
(/usr/share/texlive/texmf-dist/tex/latex/tools/.tex Fileignored)

LaTeX Font Warning: Font shape `^^@^^@^^@^^@^^@^^@^^@^^@^^@^^@^^@^^@^^@^^@^^@^^
@^^@^^@^^@^^@^^@^^@^^@^^@^^@^^@^^@^^@^^@^^@^^@^^@^^@^^@^^@^^@^^@^^@^^@^^@^^@^^@
^^@^^@^^@^^@^^@^^@^^@^^@^^@^^@^^@^^@^^@^^@^^@^^@^^@^^@^^@^^@^^@^^@^^@^^@^^@^^@^
^@^^@^^@^^@^^@^^@^^@^^@^^@^^@^^@^^@^^@^^@^^@^^@^^@^^@^^@^^@^^@^^@^^@^^@^^@^^@^^
@^^@^^@^^@^^@^^@^^@^^@^^@^^@^^@^^@^^@^^@^^@^^@^^@^^@^^@^^@^^@^^@^^@^^@^^@^^@^^@
^^@^^@^^@^^@^^@^^@^^@^^@^^@^^@^^@^^@^^@^^@^^@^^@^^@^^@^^@^^@^^@^^@^^@^^@^^@^^@^
^@^^@^^@^^@^^@^^@^^@^^@^^@^^@^^@^^@^^@^^@^^@^^@^^@^^@^^@^^@^^@^^@^^@^^@^^@^^@^^
@^^@^^@^^@^^@^^@^^@^^@^^@^^@^^@^^@^^@^^@^^@^^@^^@^^@^^@^^@^^@^^@^^@^^@^^@^^@^^@
^^@^^@^^@^^@^^@^^@^^@^^@^^@^^@^^@^^@^^@^^@^^@^^@^^@^^@^^@^^@^^@^^@^^@^^@^^@OT1/
cmr/m/n' @undefined
(Font)              using `^^@^^@^^@^^@^^@^^@^^@^^@^^@^^@^^@^^@^^@^^@^^@^^@^^@^
^@^^@^^@^^@^^@^^@^^@^^@^^@^^@^^@^^@^^@^^@^^@^^@^^@^^@^^@^^@^^@^^@^^@^^@^^@^^@^^
@^^@^^@^^@^^@^^@^^@^^@^^@^^@^^@^^@^^@^^@^^@^^@^^@^^@^^@^^@^^@^^@^^@^^@^^@^^@^^@
^^@^^@^^@^^@^^@^^@^^@^^@^^@^^@^^@^^@^^@^^@^^@^^@^^@^^@^^@^^@^^@^^@^^@^^@^^@^^@^
^@^^@^^@^^@^^@^^@^^@^^@^^@^^@^^@^^@^^@^^@^^@^^@^^@^^@^^@^^@^^@^^@^^@^^@^^@^^@^^
@^^@^^@^^@^^@^^@^^@^^@^^@^^@^^@^^@^^@^^@^^@^^@^^@^^@^^@^^@^^@^^@^^@^^@^^@^^@^^@
^^@^^@^^@^^@^^@^^@^^@^^@^^@^^@^^@^^@^^@^^@^^@^^@^^@^^@^^@^^@^^@^^@^^@^^@^^@^^@^
^@^^@^^@^^@^^@^^@^^@^^@^^@^^@^^@^^@^^@^^@^^@^^@^^@^^@^^@^^@^^@^^@^^@^^@^^@^^@^^
@^^@^^@^^@^^@^^@^^@^^@^^@^^@^^@^^@^^@^^@^^@^^@^^@^^@^^@^^@^^@^^@^^@OT1/cmr/m/n'
 instead on input line 414.

LaTeX Font Info:    Trying to load font information for ^^@^^@^^@^^@^^@^^@^^@^^
@^^@^^@^^@^^@^^@^^@^^@^^@^^@^^@^^@^^@^^@^^@^^@^^@^^@^^@^^@^^@^^@^^@^^@^^@^^@^^@
^^@^^@^^@^^@^^@^^@^^@^^@^^@^^@^^@^^@^^@^^@^^@^^@^^@^^@^^@^^@^^@^^@^^@^^@^^@^^@^
^@^^@^^@^^@^^@^^@^^@^^@^^@^^@^^@^^@^^@^^@^^@^^@^^@^^@^^@^^@^^@^^@^^@^^@^^@^^@^^
@^^@^^@^^@^^@^^@^^@^^@^^@^^@^^@^^@^^@^^@^^@^^@^^@^^@^^@^^@^^@^^@^^@^^@^^@^^@^^@
^^@^^@^^@^^@^^@^^@^^@^^@^^@^^@^^@^^@^^@^^@^^@^^@^^@^^@^^@^^@^^@^^@^^@^^@^^@^^@^
^@^^@^^@^^@^^@^^@^^@^^@^^@^^@^^@^^@^^@^^@^^@^^@^^@^^@^^@^^@^^@^^@^^@^^@^^@^^@^^
@^^@^^@^^@^^@^^@^^@^^@^^@^^@^^@^^@^^@^^@^^@^^@^^@^^@^^@^^@^^@^^@^^@^^@^^@^^@^^@
^^@^^@^^@^^@^^@^^@^^@^^@^^@^^@^^@^^@^^@^^@^^@^^@^^@^^@^^@^^@^^@^^@^^@^^@^^@^^@^
^@^^@^^@^^@^^@^^@^^@OT1+cmr on input line 414.
(/usr/share/texlive/texmf-dist/tex/latex/tools/.tex Fileignored)

LaTeX Font Warning: Font shape `^^@^^@^^@^^@^^@^^@^^@^^@^^@^^@^^@^^@^^@^^@^^@^^
@^^@^^@^^@^^@^^@^^@^^@^^@^^@^^@^^@^^@^^@^^@^^@^^@^^@^^@^^@^^@^^@^^@^^@^^@^^@^^@
^^@^^@^^@^^@^^@^^@^^@^^@^^@^^@^^@^^@^^@^^@^^@^^@^^@^^@^^@^^@^^@^^@^^@^^@^^@^^@^
^@^^@^^@^^@^^@^^@^^@^^@^^@^^@^^@^^@^^@^^@^^@^^@^^@^^@^^@^^@^^@^^@^^@^^@^^@^^@^^
@^^@^^@^^@^^@^^@^^@^^@^^@^^@^^@^^@^^@^^@^^@^^@^^@^^@^^@^^@^^@^^@^^@^^@^^@^^@^^@
^^@^^@^^@^^@^^@^^@^^@^^@^^@^^@^^@^^@^^@^^@^^@^^@^^@^^@^^@^^@^^@^^@^^@^^@^^@^^@^
^@^^@^^@^^@^^@^^@^^@^^@^^@^^@^^@^^@^^@^^@^^@^^@^^@^^@^^@^^@^^@^^@^^@^^@^^@^^@^^
@^^@^^@^^@^^@^^@^^@^^@^^@^^@^^@^^@^^@^^@^^@^^@^^@^^@^^@^^@^^@^^@^^@^^@^^@^^@^^@
^^@^^@^^@^^@^^@^^@^^@^^@^^@^^@^^@^^@^^@^^@^^@^^@^^@^^@^^@^^@^^@^^@^^@^^@^^@^^@O
T1/cmr/m/n' @undefined
(Font)              using `^^@^^@^^@^^@^^@^^@^^@^^@^^@^^@^^@^^@^^@^^@^^@^^@^^@^
^@^^@^^@^^@^^@^^@^^@^^@^^@^^@^^@^^@^^@^^@^^@^^@^^@^^@^^@^^@^^@^^@^^@^^@^^@^^@^^
@^^@^^@^^@^^@^^@^^@^^@^^@^^@^^@^^@^^@^^@^^@^^@^^@^^@^^@^^@^^@^^@^^@^^@^^@^^@^^@
^^@^^@^^@^^@^^@^^@^^@^^@^^@^^@^^@^^@^^@^^@^^@^^@^^@^^@^^@^^@^^@^^@^^@^^@^^@^^@^
^@^^@^^@^^@^^@^^@^^@^^@^^@^^@^^@^^@^^@^^@^^@^^@^^@^^@^^@^^@^^@^^@^^@^^@^^@^^@^^
@^^@^^@^^@^^@^^@^^@^^@^^@^^@^^@^^@^^@^^@^^@^^@^^@^^@^^@^^@^^@^^@^^@^^@^^@^^@^^@
^^@^^@^^@^^@^^@^^@^^@^^@^^@^^@^^@^^@^^@^^@^^@^^@^^@^^@^^@^^@^^@^^@^^@^^@^^@^^@^
^@^^@^^@^^@^^@^^@^^@^^@^^@^^@^^@^^@^^@^^@^^@^^@^^@^^@^^@^^@^^@^^@^^@^^@^^@^^@^^
@^^@^^@^^@^^@^^@^^@^^@^^@^^@^^@^^@^^@^^@^^@^^@^^@^^@^^@^^@^^@^^@^^@^^@OT1/cmr/m
/n' instead on input line 414.

LaTeX Font Info:    Trying to load font information for ^^@^^@^^@^^@^^@^^@^^@^^
@^^@^^@^^@^^@^^@^^@^^@^^@^^@^^@^^@^^@^^@^^@^^@^^@^^@^^@^^@^^@^^@^^@^^@^^@^^@^^@
^^@^^@^^@^^@^^@^^@^^@^^@^^@^^@^^@^^@^^@^^@^^@^^@^^@^^@^^@^^@^^@^^@^^@^^@^^@^^@^
^@^^@^^@^^@^^@^^@^^@^^@^^@^^@^^@^^@^^@^^@^^@^^@^^@^^@^^@^^@^^@^^@^^@^^@^^@^^@^^
@^^@^^@^^@^^@^^@^^@^^@^^@^^@^^@^^@^^@^^@^^@^^@^^@^^@^^@^^@^^@^^@^^@^^@^^@^^@^^@
^^@^^@^^@^^@^^@^^@^^@^^@^^@^^@^^@^^@^^@^^@^^@^^@^^@^^@^^@^^@^^@^^@^^@^^@^^@^^@^
^@^^@^^@^^@^^@^^@^^@^^@^^@^^@^^@^^@^^@^^@^^@^^@^^@^^@^^@^^@^^@^^@^^@^^@^^@^^@^^
@^^@^^@^^@^^@^^@^^@^^@^^@^^@^^@^^@^^@^^@^^@^^@^^@^^@^^@^^@^^@^^@^^@^^@^^@^^@^^@
^^@^^@^^@^^@^^@^^@^^@^^@^^@^^@^^@^^@^^@^^@^^@^^@^^@^^@^^@^^@^^@^^@^^@^^@^^@^^@^
^@^^@^^@^^@^^@^^@^^@^^@OT1+cmr on input line 414.
(/usr/share/texlive/texmf-dist/tex/latex/tools/.tex Fileignored)

LaTeX Font Warning: Font shape `^^@^^@^^@^^@^^@^^@^^@^^@^^@^^@^^@^^@^^@^^@^^@^^
@^^@^^@^^@^^@^^@^^@^^@^^@^^@^^@^^@^^@^^@^^@^^@^^@^^@^^@^^@^^@^^@^^@^^@^^@^^@^^@
^^@^^@^^@^^@^^@^^@^^@^^@^^@^^@^^@^^@^^@^^@^^@^^@^^@^^@^^@^^@^^@^^@^^@^^@^^@^^@^
^@^^@^^@^^@^^@^^@^^@^^@^^@^^@^^@^^@^^@^^@^^@^^@^^@^^@^^@^^@^^@^^@^^@^^@^^@^^@^^
@^^@^^@^^@^^@^^@^^@^^@^^@^^@^^@^^@^^@^^@^^@^^@^^@^^@^^@^^@^^@^^@^^@^^@^^@^^@^^@
^^@^^@^^@^^@^^@^^@^^@^^@^^@^^@^^@^^@^^@^^@^^@^^@^^@^^@^^@^^@^^@^^@^^@^^@^^@^^@^
^@^^@^^@^^@^^@^^@^^@^^@^^@^^@^^@^^@^^@^^@^^@^^@^^@^^@^^@^^@^^@^^@^^@^^@^^@^^@^^
@^^@^^@^^@^^@^^@^^@^^@^^@^^@^^@^^@^^@^^@^^@^^@^^@^^@^^@^^@^^@^^@^^@^^@^^@^^@^^@
^^@^^@^^@^^@^^@^^@^^@^^@^^@^^@^^@^^@^^@^^@^^@^^@^^@^^@^^@^^@^^@^^@^^@^^@^^@^^@^
^@OT1/cmr/m/n' @undefined
(Font)              using `^^@^^@^^@^^@^^@^^@^^@^^@^^@^^@^^@^^@^^@^^@^^@^^@^^@^
^@^^@^^@^^@^^@^^@^^@^^@^^@^^@^^@^^@^^@^^@^^@^^@^^@^^@^^@^^@^^@^^@^^@^^@^^@^^@^^
@^^@^^@^^@^^@^^@^^@^^@^^@^^@^^@^^@^^@^^@^^@^^@^^@^^@^^@^^@^^@^^@^^@^^@^^@^^@^^@
^^@^^@^^@^^@^^@^^@^^@^^@^^@^^@^^@^^@^^@^^@^^@^^@^^@^^@^^@^^@^^@^^@^^@^^@^^@^^@^
^@^^@^^@^^@^^@^^@^^@^^@^^@^^@^^@^^@^^@^^@^^@^^@^^@^^@^^@^^@^^@^^@^^@^^@^^@^^@^^
@^^@^^@^^@^^@^^@^^@^^@^^@^^@^^@^^@^^@^^@^^@^^@^^@^^@^^@^^@^^@^^@^^@^^@^^@^^@^^@
^^@^^@^^@^^@^^@^^@^^@^^@^^@^^@^^@^^@^^@^^@^^@^^@^^@^^@^^@^^@^^@^^@^^@^^@^^@^^@^
^@^^@^^@^^@^^@^^@^^@^^@^^@^^@^^@^^@^^@^^@^^@^^@^^@^^@^^@^^@^^@^^@^^@^^@^^@^^@^^
@^^@^^@^^@^^@^^@^^@^^@^^@^^@^^@^^@^^@^^@^^@^^@^^@^^@^^@^^@^^@^^@^^@^^@^^@OT1/cm
r/m/n' instead on input line 414.

LaTeX Font Info:    Trying to load font information for ^^@^^@^^@^^@^^@^^@^^@^^
@^^@^^@^^@^^@^^@^^@^^@^^@^^@^^@^^@^^@^^@^^@^^@^^@^^@^^@^^@^^@^^@^^@^^@^^@^^@^^@
^^@^^@^^@^^@^^@^^@^^@^^@^^@^^@^^@^^@^^@^^@^^@^^@^^@^^@^^@^^@^^@^^@^^@^^@^^@^^@^
^@^^@^^@^^@^^@^^@^^@^^@^^@^^@^^@^^@^^@^^@^^@^^@^^@^^@^^@^^@^^@^^@^^@^^@^^@^^@^^
@^^@^^@^^@^^@^^@^^@^^@^^@^^@^^@^^@^^@^^@^^@^^@^^@^^@^^@^^@^^@^^@^^@^^@^^@^^@^^@
^^@^^@^^@^^@^^@^^@^^@^^@^^@^^@^^@^^@^^@^^@^^@^^@^^@^^@^^@^^@^^@^^@^^@^^@^^@^^@^
^@^^@^^@^^@^^@^^@^^@^^@^^@^^@^^@^^@^^@^^@^^@^^@^^@^^@^^@^^@^^@^^@^^@^^@^^@^^@^^
@^^@^^@^^@^^@^^@^^@^^@^^@^^@^^@^^@^^@^^@^^@^^@^^@^^@^^@^^@^^@^^@^^@^^@^^@^^@^^@
^^@^^@^^@^^@^^@^^@^^@^^@^^@^^@^^@^^@^^@^^@^^@^^@^^@^^@^^@^^@^^@^^@^^@^^@^^@^^@^
^@^^@^^@^^@^^@^^@^^@^^@^^@OT1+cmr on input line 414.
(/usr/share/texlive/texmf-dist/tex/latex/tools/.tex Fileignored)

LaTeX Font Warning: Font shape `^^@^^@^^@^^@^^@^^@^^@^^@^^@^^@^^@^^@^^@^^@^^@^^
@^^@^^@^^@^^@^^@^^@^^@^^@^^@^^@^^@^^@^^@^^@^^@^^@^^@^^@^^@^^@^^@^^@^^@^^@^^@^^@
^^@^^@^^@^^@^^@^^@^^@^^@^^@^^@^^@^^@^^@^^@^^@^^@^^@^^@^^@^^@^^@^^@^^@^^@^^@^^@^
^@^^@^^@^^@^^@^^@^^@^^@^^@^^@^^@^^@^^@^^@^^@^^@^^@^^@^^@^^@^^@^^@^^@^^@^^@^^@^^
@^^@^^@^^@^^@^^@^^@^^@^^@^^@^^@^^@^^@^^@^^@^^@^^@^^@^^@^^@^^@^^@^^@^^@^^@^^@^^@
^^@^^@^^@^^@^^@^^@^^@^^@^^@^^@^^@^^@^^@^^@^^@^^@^^@^^@^^@^^@^^@^^@^^@^^@^^@^^@^
^@^^@^^@^^@^^@^^@^^@^^@^^@^^@^^@^^@^^@^^@^^@^^@^^@^^@^^@^^@^^@^^@^^@^^@^^@^^@^^
@^^@^^@^^@^^@^^@^^@^^@^^@^^@^^@^^@^^@^^@^^@^^@^^@^^@^^@^^@^^@^^@^^@^^@^^@^^@^^@
^^@^^@^^@^^@^^@^^@^^@^^@^^@^^@^^@^^@^^@^^@^^@^^@^^@^^@^^@^^@^^@^^@^^@^^@^^@^^@^
^@^^@OT1/cmr/m/n' @undefined
(Font)              using `^^@^^@^^@^^@^^@^^@^^@^^@^^@^^@^^@^^@^^@^^@^^@^^@^^@^
^@^^@^^@^^@^^@^^@^^@^^@^^@^^@^^@^^@^^@^^@^^@^^@^^@^^@^^@^^@^^@^^@^^@^^@^^@^^@^^
@^^@^^@^^@^^@^^@^^@^^@^^@^^@^^@^^@^^@^^@^^@^^@^^@^^@^^@^^@^^@^^@^^@^^@^^@^^@^^@
^^@^^@^^@^^@^^@^^@^^@^^@^^@^^@^^@^^@^^@^^@^^@^^@^^@^^@^^@^^@^^@^^@^^@^^@^^@^^@^
^@^^@^^@^^@^^@^^@^^@^^@^^@^^@^^@^^@^^@^^@^^@^^@^^@^^@^^@^^@^^@^^@^^@^^@^^@^^@^^
@^^@^^@^^@^^@^^@^^@^^@^^@^^@^^@^^@^^@^^@^^@^^@^^@^^@^^@^^@^^@^^@^^@^^@^^@^^@^^@
^^@^^@^^@^^@^^@^^@^^@^^@^^@^^@^^@^^@^^@^^@^^@^^@^^@^^@^^@^^@^^@^^@^^@^^@^^@^^@^
^@^^@^^@^^@^^@^^@^^@^^@^^@^^@^^@^^@^^@^^@^^@^^@^^@^^@^^@^^@^^@^^@^^@^^@^^@^^@^^
@^^@^^@^^@^^@^^@^^@^^@^^@^^@^^@^^@^^@^^@^^@^^@^^@^^@^^@^^@^^@^^@^^@^^@^^@^^@OT1
/cmr/m/n' instead on input line 414.

LaTeX Font Info:    Trying to load font information for ^^@^^@^^@^^@^^@^^@^^@^^
@^^@^^@^^@^^@^^@^^@^^@^^@^^@^^@^^@^^@^^@^^@^^@^^@^^@^^@^^@^^@^^@^^@^^@^^@^^@^^@
^^@^^@^^@^^@^^@^^@^^@^^@^^@^^@^^@^^@^^@^^@^^@^^@^^@^^@^^@^^@^^@^^@^^@^^@^^@^^@^
^@^^@^^@^^@^^@^^@^^@^^@^^@^^@^^@^^@^^@^^@^^@^^@^^@^^@^^@^^@^^@^^@^^@^^@^^@^^@^^
@^^@^^@^^@^^@^^@^^@^^@^^@^^@^^@^^@^^@^^@^^@^^@^^@^^@^^@^^@^^@^^@^^@^^@^^@^^@^^@
^^@^^@^^@^^@^^@^^@^^@^^@^^@^^@^^@^^@^^@^^@^^@^^@^^@^^@^^@^^@^^@^^@^^@^^@^^@^^@^
^@^^@^^@^^@^^@^^@^^@^^@^^@^^@^^@^^@^^@^^@^^@^^@^^@^^@^^@^^@^^@^^@^^@^^@^^@^^@^^
@^^@^^@^^@^^@^^@^^@^^@^^@^^@^^@^^@^^@^^@^^@^^@^^@^^@^^@^^@^^@^^@^^@^^@^^@^^@^^@
^^@^^@^^@^^@^^@^^@^^@^^@^^@^^@^^@^^@^^@^^@^^@^^@^^@^^@^^@^^@^^@^^@^^@^^@^^@^^@^
^@^^@^^@^^@^^@^^@^^@^^@^^@^^@OT1+cmr on input line 414.
(/usr/share/texlive/texmf-dist/tex/latex/tools/.tex Fileignored)

LaTeX Font Warning: Font shape `^^@^^@^^@^^@^^@^^@^^@^^@^^@^^@^^@^^@^^@^^@^^@^^
@^^@^^@^^@^^@^^@^^@^^@^^@^^@^^@^^@^^@^^@^^@^^@^^@^^@^^@^^@^^@^^@^^@^^@^^@^^@^^@
^^@^^@^^@^^@^^@^^@^^@^^@^^@^^@^^@^^@^^@^^@^^@^^@^^@^^@^^@^^@^^@^^@^^@^^@^^@^^@^
^@^^@^^@^^@^^@^^@^^@^^@^^@^^@^^@^^@^^@^^@^^@^^@^^@^^@^^@^^@^^@^^@^^@^^@^^@^^@^^
@^^@^^@^^@^^@^^@^^@^^@^^@^^@^^@^^@^^@^^@^^@^^@^^@^^@^^@^^@^^@^^@^^@^^@^^@^^@^^@
^^@^^@^^@^^@^^@^^@^^@^^@^^@^^@^^@^^@^^@^^@^^@^^@^^@^^@^^@^^@^^@^^@^^@^^@^^@^^@^
^@^^@^^@^^@^^@^^@^^@^^@^^@^^@^^@^^@^^@^^@^^@^^@^^@^^@^^@^^@^^@^^@^^@^^@^^@^^@^^
@^^@^^@^^@^^@^^@^^@^^@^^@^^@^^@^^@^^@^^@^^@^^@^^@^^@^^@^^@^^@^^@^^@^^@^^@^^@^^@
^^@^^@^^@^^@^^@^^@^^@^^@^^@^^@^^@^^@^^@^^@^^@^^@^^@^^@^^@^^@^^@^^@^^@^^@^^@^^@^
^@^^@^^@OT1/cmr/m/n' @undefined
(Font)              using `^^@^^@^^@^^@^^@^^@^^@^^@^^@^^@^^@^^@^^@^^@^^@^^@^^@^
^@^^@^^@^^@^^@^^@^^@^^@^^@^^@^^@^^@^^@^^@^^@^^@^^@^^@^^@^^@^^@^^@^^@^^@^^@^^@^^
@^^@^^@^^@^^@^^@^^@^^@^^@^^@^^@^^@^^@^^@^^@^^@^^@^^@^^@^^@^^@^^@^^@^^@^^@^^@^^@
^^@^^@^^@^^@^^@^^@^^@^^@^^@^^@^^@^^@^^@^^@^^@^^@^^@^^@^^@^^@^^@^^@^^@^^@^^@^^@^
^@^^@^^@^^@^^@^^@^^@^^@^^@^^@^^@^^@^^@^^@^^@^^@^^@^^@^^@^^@^^@^^@^^@^^@^^@^^@^^
@^^@^^@^^@^^@^^@^^@^^@^^@^^@^^@^^@^^@^^@^^@^^@^^@^^@^^@^^@^^@^^@^^@^^@^^@^^@^^@
^^@^^@^^@^^@^^@^^@^^@^^@^^@^^@^^@^^@^^@^^@^^@^^@^^@^^@^^@^^@^^@^^@^^@^^@^^@^^@^
^@^^@^^@^^@^^@^^@^^@^^@^^@^^@^^@^^@^^@^^@^^@^^@^^@^^@^^@^^@^^@^^@^^@^^@^^@^^@^^
@^^@^^@^^@^^@^^@^^@^^@^^@^^@^^@^^@^^@^^@^^@^^@^^@^^@^^@^^@^^@^^@^^@^^@^^@^^@^^@
OT1/cmr/m/n' instead on input line 414.

LaTeX Font Info:    Trying to load font information for ^^@^^@^^@^^@^^@^^@^^@^^
@^^@^^@^^@^^@^^@^^@^^@^^@^^@^^@^^@^^@^^@^^@^^@^^@^^@^^@^^@^^@^^@^^@^^@^^@^^@^^@
^^@^^@^^@^^@^^@^^@^^@^^@^^@^^@^^@^^@^^@^^@^^@^^@^^@^^@^^@^^@^^@^^@^^@^^@^^@^^@^
^@^^@^^@^^@^^@^^@^^@^^@^^@^^@^^@^^@^^@^^@^^@^^@^^@^^@^^@^^@^^@^^@^^@^^@^^@^^@^^
@^^@^^@^^@^^@^^@^^@^^@^^@^^@^^@^^@^^@^^@^^@^^@^^@^^@^^@^^@^^@^^@^^@^^@^^@^^@^^@
^^@^^@^^@^^@^^@^^@^^@^^@^^@^^@^^@^^@^^@^^@^^@^^@^^@^^@^^@^^@^^@^^@^^@^^@^^@^^@^
^@^^@^^@^^@^^@^^@^^@^^@^^@^^@^^@^^@^^@^^@^^@^^@^^@^^@^^@^^@^^@^^@^^@^^@^^@^^@^^
@^^@^^@^^@^^@^^@^^@^^@^^@^^@^^@^^@^^@^^@^^@^^@^^@^^@^^@^^@^^@^^@^^@^^@^^@^^@^^@
^^@^^@^^@^^@^^@^^@^^@^^@^^@^^@^^@^^@^^@^^@^^@^^@^^@^^@^^@^^@^^@^^@^^@^^@^^@^^@^
^@^^@^^@^^@^^@^^@^^@^^@^^@^^@^^@OT1+cmr on input line 414.
(/usr/share/texlive/texmf-dist/tex/latex/tools/.tex Fileignored)

LaTeX Font Warning: Font shape `^^@^^@^^@^^@^^@^^@^^@^^@^^@^^@^^@^^@^^@^^@^^@^^
@^^@^^@^^@^^@^^@^^@^^@^^@^^@^^@^^@^^@^^@^^@^^@^^@^^@^^@^^@^^@^^@^^@^^@^^@^^@^^@
^^@^^@^^@^^@^^@^^@^^@^^@^^@^^@^^@^^@^^@^^@^^@^^@^^@^^@^^@^^@^^@^^@^^@^^@^^@^^@^
^@^^@^^@^^@^^@^^@^^@^^@^^@^^@^^@^^@^^@^^@^^@^^@^^@^^@^^@^^@^^@^^@^^@^^@^^@^^@^^
@^^@^^@^^@^^@^^@^^@^^@^^@^^@^^@^^@^^@^^@^^@^^@^^@^^@^^@^^@^^@^^@^^@^^@^^@^^@^^@
^^@^^@^^@^^@^^@^^@^^@^^@^^@^^@^^@^^@^^@^^@^^@^^@^^@^^@^^@^^@^^@^^@^^@^^@^^@^^@^
^@^^@^^@^^@^^@^^@^^@^^@^^@^^@^^@^^@^^@^^@^^@^^@^^@^^@^^@^^@^^@^^@^^@^^@^^@^^@^^
@^^@^^@^^@^^@^^@^^@^^@^^@^^@^^@^^@^^@^^@^^@^^@^^@^^@^^@^^@^^@^^@^^@^^@^^@^^@^^@
^^@^^@^^@^^@^^@^^@^^@^^@^^@^^@^^@^^@^^@^^@^^@^^@^^@^^@^^@^^@^^@^^@^^@^^@^^@^^@^
^@^^@^^@^^@OT1/cmr/m/n' @undefined
(Font)              using `^^@^^@^^@^^@^^@^^@^^@^^@^^@^^@^^@^^@^^@^^@^^@^^@^^@^
^@^^@^^@^^@^^@^^@^^@^^@^^@^^@^^@^^@^^@^^@^^@^^@^^@^^@^^@^^@^^@^^@^^@^^@^^@^^@^^
@^^@^^@^^@^^@^^@^^@^^@^^@^^@^^@^^@^^@^^@^^@^^@^^@^^@^^@^^@^^@^^@^^@^^@^^@^^@^^@
^^@^^@^^@^^@^^@^^@^^@^^@^^@^^@^^@^^@^^@^^@^^@^^@^^@^^@^^@^^@^^@^^@^^@^^@^^@^^@^
^@^^@^^@^^@^^@^^@^^@^^@^^@^^@^^@^^@^^@^^@^^@^^@^^@^^@^^@^^@^^@^^@^^@^^@^^@^^@^^
@^^@^^@^^@^^@^^@^^@^^@^^@^^@^^@^^@^^@^^@^^@^^@^^@^^@^^@^^@^^@^^@^^@^^@^^@^^@^^@
^^@^^@^^@^^@^^@^^@^^@^^@^^@^^@^^@^^@^^@^^@^^@^^@^^@^^@^^@^^@^^@^^@^^@^^@^^@^^@^
^@^^@^^@^^@^^@^^@^^@^^@^^@^^@^^@^^@^^@^^@^^@^^@^^@^^@^^@^^@^^@^^@^^@^^@^^@^^@^^
@^^@^^@^^@^^@^^@^^@^^@^^@^^@^^@^^@^^@^^@^^@^^@^^@^^@^^@^^@^^@^^@^^@^^@^^@^^@^^@
^^@OT1/cmr/m/n' instead on input line 414.

LaTeX Font Info:    Trying to load font information for ^^@^^@^^@^^@^^@^^@^^@^^
@^^@^^@^^@^^@^^@^^@^^@^^@^^@^^@^^@^^@^^@^^@^^@^^@^^@^^@^^@^^@^^@^^@^^@^^@^^@^^@
^^@^^@^^@^^@^^@^^@^^@^^@^^@^^@^^@^^@^^@^^@^^@^^@^^@^^@^^@^^@^^@^^@^^@^^@^^@^^@^
^@^^@^^@^^@^^@^^@^^@^^@^^@^^@^^@^^@^^@^^@^^@^^@^^@^^@^^@^^@^^@^^@^^@^^@^^@^^@^^
@^^@^^@^^@^^@^^@^^@^^@^^@^^@^^@^^@^^@^^@^^@^^@^^@^^@^^@^^@^^@^^@^^@^^@^^@^^@^^@
^^@^^@^^@^^@^^@^^@^^@^^@^^@^^@^^@^^@^^@^^@^^@^^@^^@^^@^^@^^@^^@^^@^^@^^@^^@^^@^
^@^^@^^@^^@^^@^^@^^@^^@^^@^^@^^@^^@^^@^^@^^@^^@^^@^^@^^@^^@^^@^^@^^@^^@^^@^^@^^
@^^@^^@^^@^^@^^@^^@^^@^^@^^@^^@^^@^^@^^@^^@^^@^^@^^@^^@^^@^^@^^@^^@^^@^^@^^@^^@
^^@^^@^^@^^@^^@^^@^^@^^@^^@^^@^^@^^@^^@^^@^^@^^@^^@^^@^^@^^@^^@^^@^^@^^@^^@^^@^
^@^^@^^@^^@^^@^^@^^@^^@^^@^^@^^@^^@OT1+cmr on input line 414.
(/usr/share/texlive/texmf-dist/tex/latex/tools/.tex Fileignored)

LaTeX Font Warning: Font shape `^^@^^@^^@^^@^^@^^@^^@^^@^^@^^@^^@^^@^^@^^@^^@^^
@^^@^^@^^@^^@^^@^^@^^@^^@^^@^^@^^@^^@^^@^^@^^@^^@^^@^^@^^@^^@^^@^^@^^@^^@^^@^^@
^^@^^@^^@^^@^^@^^@^^@^^@^^@^^@^^@^^@^^@^^@^^@^^@^^@^^@^^@^^@^^@^^@^^@^^@^^@^^@^
^@^^@^^@^^@^^@^^@^^@^^@^^@^^@^^@^^@^^@^^@^^@^^@^^@^^@^^@^^@^^@^^@^^@^^@^^@^^@^^
@^^@^^@^^@^^@^^@^^@^^@^^@^^@^^@^^@^^@^^@^^@^^@^^@^^@^^@^^@^^@^^@^^@^^@^^@^^@^^@
^^@^^@^^@^^@^^@^^@^^@^^@^^@^^@^^@^^@^^@^^@^^@^^@^^@^^@^^@^^@^^@^^@^^@^^@^^@^^@^
^@^^@^^@^^@^^@^^@^^@^^@^^@^^@^^@^^@^^@^^@^^@^^@^^@^^@^^@^^@^^@^^@^^@^^@^^@^^@^^
@^^@^^@^^@^^@^^@^^@^^@^^@^^@^^@^^@^^@^^@^^@^^@^^@^^@^^@^^@^^@^^@^^@^^@^^@^^@^^@
^^@^^@^^@^^@^^@^^@^^@^^@^^@^^@^^@^^@^^@^^@^^@^^@^^@^^@^^@^^@^^@^^@^^@^^@^^@^^@^
^@^^@^^@^^@^^@OT1/cmr/m/n' @undefined
(Font)              using `^^@^^@^^@^^@^^@^^@^^@^^@^^@^^@^^@^^@^^@^^@^^@^^@^^@^
^@^^@^^@^^@^^@^^@^^@^^@^^@^^@^^@^^@^^@^^@^^@^^@^^@^^@^^@^^@^^@^^@^^@^^@^^@^^@^^
@^^@^^@^^@^^@^^@^^@^^@^^@^^@^^@^^@^^@^^@^^@^^@^^@^^@^^@^^@^^@^^@^^@^^@^^@^^@^^@
^^@^^@^^@^^@^^@^^@^^@^^@^^@^^@^^@^^@^^@^^@^^@^^@^^@^^@^^@^^@^^@^^@^^@^^@^^@^^@^
^@^^@^^@^^@^^@^^@^^@^^@^^@^^@^^@^^@^^@^^@^^@^^@^^@^^@^^@^^@^^@^^@^^@^^@^^@^^@^^
@^^@^^@^^@^^@^^@^^@^^@^^@^^@^^@^^@^^@^^@^^@^^@^^@^^@^^@^^@^^@^^@^^@^^@^^@^^@^^@
^^@^^@^^@^^@^^@^^@^^@^^@^^@^^@^^@^^@^^@^^@^^@^^@^^@^^@^^@^^@^^@^^@^^@^^@^^@^^@^
^@^^@^^@^^@^^@^^@^^@^^@^^@^^@^^@^^@^^@^^@^^@^^@^^@^^@^^@^^@^^@^^@^^@^^@^^@^^@^^
@^^@^^@^^@^^@^^@^^@^^@^^@^^@^^@^^@^^@^^@^^@^^@^^@^^@^^@^^@^^@^^@^^@^^@^^@^^@^^@
^^@^^@OT1/cmr/m/n' instead on input line 414.

LaTeX Font Info:    Trying to load font information for ^^@^^@^^@^^@^^@^^@^^@^^
@^^@^^@^^@^^@^^@^^@^^@^^@^^@^^@^^@^^@^^@^^@^^@^^@^^@^^@^^@^^@^^@^^@^^@^^@^^@^^@
^^@^^@^^@^^@^^@^^@^^@^^@^^@^^@^^@^^@^^@^^@^^@^^@^^@^^@^^@^^@^^@^^@^^@^^@^^@^^@^
^@^^@^^@^^@^^@^^@^^@^^@^^@^^@^^@^^@^^@^^@^^@^^@^^@^^@^^@^^@^^@^^@^^@^^@^^@^^@^^
@^^@^^@^^@^^@^^@^^@^^@^^@^^@^^@^^@^^@^^@^^@^^@^^@^^@^^@^^@^^@^^@^^@^^@^^@^^@^^@
^^@^^@^^@^^@^^@^^@^^@^^@^^@^^@^^@^^@^^@^^@^^@^^@^^@^^@^^@^^@^^@^^@^^@^^@^^@^^@^
^@^^@^^@^^@^^@^^@^^@^^@^^@^^@^^@^^@^^@^^@^^@^^@^^@^^@^^@^^@^^@^^@^^@^^@^^@^^@^^
@^^@^^@^^@^^@^^@^^@^^@^^@^^@^^@^^@^^@^^@^^@^^@^^@^^@^^@^^@^^@^^@^^@^^@^^@^^@^^@
^^@^^@^^@^^@^^@^^@^^@^^@^^@^^@^^@^^@^^@^^@^^@^^@^^@^^@^^@^^@^^@^^@^^@^^@^^@^^@^
^@^^@^^@^^@^^@^^@^^@^^@^^@^^@^^@^^@^^@OT1+cmr on input line 414.
(/usr/share/texlive/texmf-dist/tex/latex/tools/.tex Fileignored)

LaTeX Font Warning: Font shape `^^@^^@^^@^^@^^@^^@^^@^^@^^@^^@^^@^^@^^@^^@^^@^^
@^^@^^@^^@^^@^^@^^@^^@^^@^^@^^@^^@^^@^^@^^@^^@^^@^^@^^@^^@^^@^^@^^@^^@^^@^^@^^@
^^@^^@^^@^^@^^@^^@^^@^^@^^@^^@^^@^^@^^@^^@^^@^^@^^@^^@^^@^^@^^@^^@^^@^^@^^@^^@^
^@^^@^^@^^@^^@^^@^^@^^@^^@^^@^^@^^@^^@^^@^^@^^@^^@^^@^^@^^@^^@^^@^^@^^@^^@^^@^^
@^^@^^@^^@^^@^^@^^@^^@^^@^^@^^@^^@^^@^^@^^@^^@^^@^^@^^@^^@^^@^^@^^@^^@^^@^^@^^@
^^@^^@^^@^^@^^@^^@^^@^^@^^@^^@^^@^^@^^@^^@^^@^^@^^@^^@^^@^^@^^@^^@^^@^^@^^@^^@^
^@^^@^^@^^@^^@^^@^^@^^@^^@^^@^^@^^@^^@^^@^^@^^@^^@^^@^^@^^@^^@^^@^^@^^@^^@^^@^^
@^^@^^@^^@^^@^^@^^@^^@^^@^^@^^@^^@^^@^^@^^@^^@^^@^^@^^@^^@^^@^^@^^@^^@^^@^^@^^@
^^@^^@^^@^^@^^@^^@^^@^^@^^@^^@^^@^^@^^@^^@^^@^^@^^@^^@^^@^^@^^@^^@^^@^^@^^@^^@^
^@^^@^^@^^@^^@^^@OT1/cmr/m/n' @undefined
(Font)              using `^^@^^@^^@^^@^^@^^@^^@^^@^^@^^@^^@^^@^^@^^@^^@^^@^^@^
^@^^@^^@^^@^^@^^@^^@^^@^^@^^@^^@^^@^^@^^@^^@^^@^^@^^@^^@^^@^^@^^@^^@^^@^^@^^@^^
@^^@^^@^^@^^@^^@^^@^^@^^@^^@^^@^^@^^@^^@^^@^^@^^@^^@^^@^^@^^@^^@^^@^^@^^@^^@^^@
^^@^^@^^@^^@^^@^^@^^@^^@^^@^^@^^@^^@^^@^^@^^@^^@^^@^^@^^@^^@^^@^^@^^@^^@^^@^^@^
^@^^@^^@^^@^^@^^@^^@^^@^^@^^@^^@^^@^^@^^@^^@^^@^^@^^@^^@^^@^^@^^@^^@^^@^^@^^@^^
@^^@^^@^^@^^@^^@^^@^^@^^@^^@^^@^^@^^@^^@^^@^^@^^@^^@^^@^^@^^@^^@^^@^^@^^@^^@^^@
^^@^^@^^@^^@^^@^^@^^@^^@^^@^^@^^@^^@^^@^^@^^@^^@^^@^^@^^@^^@^^@^^@^^@^^@^^@^^@^
^@^^@^^@^^@^^@^^@^^@^^@^^@^^@^^@^^@^^@^^@^^@^^@^^@^^@^^@^^@^^@^^@^^@^^@^^@^^@^^
@^^@^^@^^@^^@^^@^^@^^@^^@^^@^^@^^@^^@^^@^^@^^@^^@^^@^^@^^@^^@^^@^^@^^@^^@^^@^^@
^^@^^@^^@OT1/cmr/m/n' instead on input line 414.

LaTeX Font Info:    Trying to load font information for ^^@^^@^^@^^@^^@^^@^^@^^
@^^@^^@^^@^^@^^@^^@^^@^^@^^@^^@^^@^^@^^@^^@^^@^^@^^@^^@^^@^^@^^@^^@^^@^^@^^@^^@
^^@^^@^^@^^@^^@^^@^^@^^@^^@^^@^^@^^@^^@^^@^^@^^@^^@^^@^^@^^@^^@^^@^^@^^@^^@^^@^
^@^^@^^@^^@^^@^^@^^@^^@^^@^^@^^@^^@^^@^^@^^@^^@^^@^^@^^@^^@^^@^^@^^@^^@^^@^^@^^
@^^@^^@^^@^^@^^@^^@^^@^^@^^@^^@^^@^^@^^@^^@^^@^^@^^@^^@^^@^^@^^@^^@^^@^^@^^@^^@
^^@^^@^^@^^@^^@^^@^^@^^@^^@^^@^^@^^@^^@^^@^^@^^@^^@^^@^^@^^@^^@^^@^^@^^@^^@^^@^
^@^^@^^@^^@^^@^^@^^@^^@^^@^^@^^@^^@^^@^^@^^@^^@^^@^^@^^@^^@^^@^^@^^@^^@^^@^^@^^
@^^@^^@^^@^^@^^@^^@^^@^^@^^@^^@^^@^^@^^@^^@^^@^^@^^@^^@^^@^^@^^@^^@^^@^^@^^@^^@
^^@^^@^^@^^@^^@^^@^^@^^@^^@^^@^^@^^@^^@^^@^^@^^@^^@^^@^^@^^@^^@^^@^^@^^@^^@^^@^
^@^^@^^@^^@^^@^^@^^@^^@^^@^^@^^@^^@^^@^^@OT1+cmr on input line 414.
(/usr/share/texlive/texmf-dist/tex/latex/tools/.tex Fileignored)

LaTeX Font Warning: Font shape `^^@^^@^^@^^@^^@^^@^^@^^@^^@^^@^^@^^@^^@^^@^^@^^
@^^@^^@^^@^^@^^@^^@^^@^^@^^@^^@^^@^^@^^@^^@^^@^^@^^@^^@^^@^^@^^@^^@^^@^^@^^@^^@
^^@^^@^^@^^@^^@^^@^^@^^@^^@^^@^^@^^@^^@^^@^^@^^@^^@^^@^^@^^@^^@^^@^^@^^@^^@^^@^
^@^^@^^@^^@^^@^^@^^@^^@^^@^^@^^@^^@^^@^^@^^@^^@^^@^^@^^@^^@^^@^^@^^@^^@^^@^^@^^
@^^@^^@^^@^^@^^@^^@^^@^^@^^@^^@^^@^^@^^@^^@^^@^^@^^@^^@^^@^^@^^@^^@^^@^^@^^@^^@
^^@^^@^^@^^@^^@^^@^^@^^@^^@^^@^^@^^@^^@^^@^^@^^@^^@^^@^^@^^@^^@^^@^^@^^@^^@^^@^
^@^^@^^@^^@^^@^^@^^@^^@^^@^^@^^@^^@^^@^^@^^@^^@^^@^^@^^@^^@^^@^^@^^@^^@^^@^^@^^
@^^@^^@^^@^^@^^@^^@^^@^^@^^@^^@^^@^^@^^@^^@^^@^^@^^@^^@^^@^^@^^@^^@^^@^^@^^@^^@
^^@^^@^^@^^@^^@^^@^^@^^@^^@^^@^^@^^@^^@^^@^^@^^@^^@^^@^^@^^@^^@^^@^^@^^@^^@^^@^
^@^^@^^@^^@^^@^^@^^@OT1/cmr/m/n' @undefined
(Font)              using `^^@^^@^^@^^@^^@^^@^^@^^@^^@^^@^^@^^@^^@^^@^^@^^@^^@^
^@^^@^^@^^@^^@^^@^^@^^@^^@^^@^^@^^@^^@^^@^^@^^@^^@^^@^^@^^@^^@^^@^^@^^@^^@^^@^^
@^^@^^@^^@^^@^^@^^@^^@^^@^^@^^@^^@^^@^^@^^@^^@^^@^^@^^@^^@^^@^^@^^@^^@^^@^^@^^@
^^@^^@^^@^^@^^@^^@^^@^^@^^@^^@^^@^^@^^@^^@^^@^^@^^@^^@^^@^^@^^@^^@^^@^^@^^@^^@^
^@^^@^^@^^@^^@^^@^^@^^@^^@^^@^^@^^@^^@^^@^^@^^@^^@^^@^^@^^@^^@^^@^^@^^@^^@^^@^^
@^^@^^@^^@^^@^^@^^@^^@^^@^^@^^@^^@^^@^^@^^@^^@^^@^^@^^@^^@^^@^^@^^@^^@^^@^^@^^@
^^@^^@^^@^^@^^@^^@^^@^^@^^@^^@^^@^^@^^@^^@^^@^^@^^@^^@^^@^^@^^@^^@^^@^^@^^@^^@^
^@^^@^^@^^@^^@^^@^^@^^@^^@^^@^^@^^@^^@^^@^^@^^@^^@^^@^^@^^@^^@^^@^^@^^@^^@^^@^^
@^^@^^@^^@^^@^^@^^@^^@^^@^^@^^@^^@^^@^^@^^@^^@^^@^^@^^@^^@^^@^^@^^@^^@^^@^^@^^@
^^@^^@^^@^^@OT1/cmr/m/n' instead on input line 414.

LaTeX Font Info:    Trying to load font information for ^^@^^@^^@^^@^^@^^@^^@^^
@^^@^^@^^@^^@^^@^^@^^@^^@^^@^^@^^@^^@^^@^^@^^@^^@^^@^^@^^@^^@^^@^^@^^@^^@^^@^^@
^^@^^@^^@^^@^^@^^@^^@^^@^^@^^@^^@^^@^^@^^@^^@^^@^^@^^@^^@^^@^^@^^@^^@^^@^^@^^@^
^@^^@^^@^^@^^@^^@^^@^^@^^@^^@^^@^^@^^@^^@^^@^^@^^@^^@^^@^^@^^@^^@^^@^^@^^@^^@^^
@^^@^^@^^@^^@^^@^^@^^@^^@^^@^^@^^@^^@^^@^^@^^@^^@^^@^^@^^@^^@^^@^^@^^@^^@^^@^^@
^^@^^@^^@^^@^^@^^@^^@^^@^^@^^@^^@^^@^^@^^@^^@^^@^^@^^@^^@^^@^^@^^@^^@^^@^^@^^@^
^@^^@^^@^^@^^@^^@^^@^^@^^@^^@^^@^^@^^@^^@^^@^^@^^@^^@^^@^^@^^@^^@^^@^^@^^@^^@^^
@^^@^^@^^@^^@^^@^^@^^@^^@^^@^^@^^@^^@^^@^^@^^@^^@^^@^^@^^@^^@^^@^^@^^@^^@^^@^^@
^^@^^@^^@^^@^^@^^@^^@^^@^^@^^@^^@^^@^^@^^@^^@^^@^^@^^@^^@^^@^^@^^@^^@^^@^^@^^@^
^@^^@^^@^^@^^@^^@^^@^^@^^@^^@^^@^^@^^@^^@^^@OT1+cmr on input line 414.
(/usr/share/texlive/texmf-dist/tex/latex/tools/.tex Fileignored)

LaTeX Font Warning: Font shape `^^@^^@^^@^^@^^@^^@^^@^^@^^@^^@^^@^^@^^@^^@^^@^^
@^^@^^@^^@^^@^^@^^@^^@^^@^^@^^@^^@^^@^^@^^@^^@^^@^^@^^@^^@^^@^^@^^@^^@^^@^^@^^@
^^@^^@^^@^^@^^@^^@^^@^^@^^@^^@^^@^^@^^@^^@^^@^^@^^@^^@^^@^^@^^@^^@^^@^^@^^@^^@^
^@^^@^^@^^@^^@^^@^^@^^@^^@^^@^^@^^@^^@^^@^^@^^@^^@^^@^^@^^@^^@^^@^^@^^@^^@^^@^^
@^^@^^@^^@^^@^^@^^@^^@^^@^^@^^@^^@^^@^^@^^@^^@^^@^^@^^@^^@^^@^^@^^@^^@^^@^^@^^@
^^@^^@^^@^^@^^@^^@^^@^^@^^@^^@^^@^^@^^@^^@^^@^^@^^@^^@^^@^^@^^@^^@^^@^^@^^@^^@^
^@^^@^^@^^@^^@^^@^^@^^@^^@^^@^^@^^@^^@^^@^^@^^@^^@^^@^^@^^@^^@^^@^^@^^@^^@^^@^^
@^^@^^@^^@^^@^^@^^@^^@^^@^^@^^@^^@^^@^^@^^@^^@^^@^^@^^@^^@^^@^^@^^@^^@^^@^^@^^@
^^@^^@^^@^^@^^@^^@^^@^^@^^@^^@^^@^^@^^@^^@^^@^^@^^@^^@^^@^^@^^@^^@^^@^^@^^@^^@^
^@^^@^^@^^@^^@^^@^^@^^@OT1/cmr/m/n' @undefined
(Font)              using `^^@^^@^^@^^@^^@^^@^^@^^@^^@^^@^^@^^@^^@^^@^^@^^@^^@^
^@^^@^^@^^@^^@^^@^^@^^@^^@^^@^^@^^@^^@^^@^^@^^@^^@^^@^^@^^@^^@^^@^^@^^@^^@^^@^^
@^^@^^@^^@^^@^^@^^@^^@^^@^^@^^@^^@^^@^^@^^@^^@^^@^^@^^@^^@^^@^^@^^@^^@^^@^^@^^@
^^@^^@^^@^^@^^@^^@^^@^^@^^@^^@^^@^^@^^@^^@^^@^^@^^@^^@^^@^^@^^@^^@^^@^^@^^@^^@^
^@^^@^^@^^@^^@^^@^^@^^@^^@^^@^^@^^@^^@^^@^^@^^@^^@^^@^^@^^@^^@^^@^^@^^@^^@^^@^^
@^^@^^@^^@^^@^^@^^@^^@^^@^^@^^@^^@^^@^^@^^@^^@^^@^^@^^@^^@^^@^^@^^@^^@^^@^^@^^@
^^@^^@^^@^^@^^@^^@^^@^^@^^@^^@^^@^^@^^@^^@^^@^^@^^@^^@^^@^^@^^@^^@^^@^^@^^@^^@^
^@^^@^^@^^@^^@^^@^^@^^@^^@^^@^^@^^@^^@^^@^^@^^@^^@^^@^^@^^@^^@^^@^^@^^@^^@^^@^^
@^^@^^@^^@^^@^^@^^@^^@^^@^^@^^@^^@^^@^^@^^@^^@^^@^^@^^@^^@^^@^^@^^@^^@^^@^^@^^@
^^@^^@^^@^^@^^@OT1/cmr/m/n' instead on input line 414.

LaTeX Font Info:    Trying to load font information for ^^@^^@^^@^^@^^@^^@^^@^^
@^^@^^@^^@^^@^^@^^@^^@^^@^^@^^@^^@^^@^^@^^@^^@^^@^^@^^@^^@^^@^^@^^@^^@^^@^^@^^@
^^@^^@^^@^^@^^@^^@^^@^^@^^@^^@^^@^^@^^@^^@^^@^^@^^@^^@^^@^^@^^@^^@^^@^^@^^@^^@^
^@^^@^^@^^@^^@^^@^^@^^@^^@^^@^^@^^@^^@^^@^^@^^@^^@^^@^^@^^@^^@^^@^^@^^@^^@^^@^^
@^^@^^@^^@^^@^^@^^@^^@^^@^^@^^@^^@^^@^^@^^@^^@^^@^^@^^@^^@^^@^^@^^@^^@^^@^^@^^@
^^@^^@^^@^^@^^@^^@^^@^^@^^@^^@^^@^^@^^@^^@^^@^^@^^@^^@^^@^^@^^@^^@^^@^^@^^@^^@^
^@^^@^^@^^@^^@^^@^^@^^@^^@^^@^^@^^@^^@^^@^^@^^@^^@^^@^^@^^@^^@^^@^^@^^@^^@^^@^^
@^^@^^@^^@^^@^^@^^@^^@^^@^^@^^@^^@^^@^^@^^@^^@^^@^^@^^@^^@^^@^^@^^@^^@^^@^^@^^@
^^@^^@^^@^^@^^@^^@^^@^^@^^@^^@^^@^^@^^@^^@^^@^^@^^@^^@^^@^^@^^@^^@^^@^^@^^@^^@^
^@^^@^^@^^@^^@^^@^^@^^@^^@^^@^^@^^@^^@^^@^^@^^@OT1+cmr on input line 414.
(/usr/share/texlive/texmf-dist/tex/latex/tools/.tex Fileignored)

LaTeX Font Warning: Font shape `^^@^^@^^@^^@^^@^^@^^@^^@^^@^^@^^@^^@^^@^^@^^@^^
@^^@^^@^^@^^@^^@^^@^^@^^@^^@^^@^^@^^@^^@^^@^^@^^@^^@^^@^^@^^@^^@^^@^^@^^@^^@^^@
^^@^^@^^@^^@^^@^^@^^@^^@^^@^^@^^@^^@^^@^^@^^@^^@^^@^^@^^@^^@^^@^^@^^@^^@^^@^^@^
^@^^@^^@^^@^^@^^@^^@^^@^^@^^@^^@^^@^^@^^@^^@^^@^^@^^@^^@^^@^^@^^@^^@^^@^^@^^@^^
@^^@^^@^^@^^@^^@^^@^^@^^@^^@^^@^^@^^@^^@^^@^^@^^@^^@^^@^^@^^@^^@^^@^^@^^@^^@^^@
^^@^^@^^@^^@^^@^^@^^@^^@^^@^^@^^@^^@^^@^^@^^@^^@^^@^^@^^@^^@^^@^^@^^@^^@^^@^^@^
^@^^@^^@^^@^^@^^@^^@^^@^^@^^@^^@^^@^^@^^@^^@^^@^^@^^@^^@^^@^^@^^@^^@^^@^^@^^@^^
@^^@^^@^^@^^@^^@^^@^^@^^@^^@^^@^^@^^@^^@^^@^^@^^@^^@^^@^^@^^@^^@^^@^^@^^@^^@^^@
^^@^^@^^@^^@^^@^^@^^@^^@^^@^^@^^@^^@^^@^^@^^@^^@^^@^^@^^@^^@^^@^^@^^@^^@^^@^^@^
^@^^@^^@^^@^^@^^@^^@^^@^^@OT1/cmr/m/n' @undefined
(Font)              using `^^@^^@^^@^^@^^@^^@^^@^^@^^@^^@^^@^^@^^@^^@^^@^^@^^@^
^@^^@^^@^^@^^@^^@^^@^^@^^@^^@^^@^^@^^@^^@^^@^^@^^@^^@^^@^^@^^@^^@^^@^^@^^@^^@^^
@^^@^^@^^@^^@^^@^^@^^@^^@^^@^^@^^@^^@^^@^^@^^@^^@^^@^^@^^@^^@^^@^^@^^@^^@^^@^^@
^^@^^@^^@^^@^^@^^@^^@^^@^^@^^@^^@^^@^^@^^@^^@^^@^^@^^@^^@^^@^^@^^@^^@^^@^^@^^@^
^@^^@^^@^^@^^@^^@^^@^^@^^@^^@^^@^^@^^@^^@^^@^^@^^@^^@^^@^^@^^@^^@^^@^^@^^@^^@^^
@^^@^^@^^@^^@^^@^^@^^@^^@^^@^^@^^@^^@^^@^^@^^@^^@^^@^^@^^@^^@^^@^^@^^@^^@^^@^^@
^^@^^@^^@^^@^^@^^@^^@^^@^^@^^@^^@^^@^^@^^@^^@^^@^^@^^@^^@^^@^^@^^@^^@^^@^^@^^@^
^@^^@^^@^^@^^@^^@^^@^^@^^@^^@^^@^^@^^@^^@^^@^^@^^@^^@^^@^^@^^@^^@^^@^^@^^@^^@^^
@^^@^^@^^@^^@^^@^^@^^@^^@^^@^^@^^@^^@^^@^^@^^@^^@^^@^^@^^@^^@^^@^^@^^@^^@^^@^^@
^^@^^@^^@^^@^^@^^@OT1/cmr/m/n' instead on input line 414.

LaTeX Font Info:    Trying to load font information for ^^@^^@^^@^^@^^@^^@^^@^^
@^^@^^@^^@^^@^^@^^@^^@^^@^^@^^@^^@^^@^^@^^@^^@^^@^^@^^@^^@^^@^^@^^@^^@^^@^^@^^@
^^@^^@^^@^^@^^@^^@^^@^^@^^@^^@^^@^^@^^@^^@^^@^^@^^@^^@^^@^^@^^@^^@^^@^^@^^@^^@^
^@^^@^^@^^@^^@^^@^^@^^@^^@^^@^^@^^@^^@^^@^^@^^@^^@^^@^^@^^@^^@^^@^^@^^@^^@^^@^^
@^^@^^@^^@^^@^^@^^@^^@^^@^^@^^@^^@^^@^^@^^@^^@^^@^^@^^@^^@^^@^^@^^@^^@^^@^^@^^@
^^@^^@^^@^^@^^@^^@^^@^^@^^@^^@^^@^^@^^@^^@^^@^^@^^@^^@^^@^^@^^@^^@^^@^^@^^@^^@^
^@^^@^^@^^@^^@^^@^^@^^@^^@^^@^^@^^@^^@^^@^^@^^@^^@^^@^^@^^@^^@^^@^^@^^@^^@^^@^^
@^^@^^@^^@^^@^^@^^@^^@^^@^^@^^@^^@^^@^^@^^@^^@^^@^^@^^@^^@^^@^^@^^@^^@^^@^^@^^@
^^@^^@^^@^^@^^@^^@^^@^^@^^@^^@^^@^^@^^@^^@^^@^^@^^@^^@^^@^^@^^@^^@^^@^^@^^@^^@^
^@^^@^^@^^@^^@^^@^^@^^@^^@^^@^^@^^@^^@^^@^^@^^@^^@OT1+cmr on input line 414.
(/usr/share/texlive/texmf-dist/tex/latex/tools/.tex Fileignored)

LaTeX Font Warning: Font shape `^^@^^@^^@^^@^^@^^@^^@^^@^^@^^@^^@^^@^^@^^@^^@^^
@^^@^^@^^@^^@^^@^^@^^@^^@^^@^^@^^@^^@^^@^^@^^@^^@^^@^^@^^@^^@^^@^^@^^@^^@^^@^^@
^^@^^@^^@^^@^^@^^@^^@^^@^^@^^@^^@^^@^^@^^@^^@^^@^^@^^@^^@^^@^^@^^@^^@^^@^^@^^@^
^@^^@^^@^^@^^@^^@^^@^^@^^@^^@^^@^^@^^@^^@^^@^^@^^@^^@^^@^^@^^@^^@^^@^^@^^@^^@^^
@^^@^^@^^@^^@^^@^^@^^@^^@^^@^^@^^@^^@^^@^^@^^@^^@^^@^^@^^@^^@^^@^^@^^@^^@^^@^^@
^^@^^@^^@^^@^^@^^@^^@^^@^^@^^@^^@^^@^^@^^@^^@^^@^^@^^@^^@^^@^^@^^@^^@^^@^^@^^@^
^@^^@^^@^^@^^@^^@^^@^^@^^@^^@^^@^^@^^@^^@^^@^^@^^@^^@^^@^^@^^@^^@^^@^^@^^@^^@^^
@^^@^^@^^@^^@^^@^^@^^@^^@^^@^^@^^@^^@^^@^^@^^@^^@^^@^^@^^@^^@^^@^^@^^@^^@^^@^^@
^^@^^@^^@^^@^^@^^@^^@^^@^^@^^@^^@^^@^^@^^@^^@^^@^^@^^@^^@^^@^^@^^@^^@^^@^^@^^@^
^@^^@^^@^^@^^@^^@^^@^^@^^@^^@OT1/cmr/m/n' @undefined
(Font)              using `^^@^^@^^@^^@^^@^^@^^@^^@^^@^^@^^@^^@^^@^^@^^@^^@^^@^
^@^^@^^@^^@^^@^^@^^@^^@^^@^^@^^@^^@^^@^^@^^@^^@^^@^^@^^@^^@^^@^^@^^@^^@^^@^^@^^
@^^@^^@^^@^^@^^@^^@^^@^^@^^@^^@^^@^^@^^@^^@^^@^^@^^@^^@^^@^^@^^@^^@^^@^^@^^@^^@
^^@^^@^^@^^@^^@^^@^^@^^@^^@^^@^^@^^@^^@^^@^^@^^@^^@^^@^^@^^@^^@^^@^^@^^@^^@^^@^
^@^^@^^@^^@^^@^^@^^@^^@^^@^^@^^@^^@^^@^^@^^@^^@^^@^^@^^@^^@^^@^^@^^@^^@^^@^^@^^
@^^@^^@^^@^^@^^@^^@^^@^^@^^@^^@^^@^^@^^@^^@^^@^^@^^@^^@^^@^^@^^@^^@^^@^^@^^@^^@
^^@^^@^^@^^@^^@^^@^^@^^@^^@^^@^^@^^@^^@^^@^^@^^@^^@^^@^^@^^@^^@^^@^^@^^@^^@^^@^
^@^^@^^@^^@^^@^^@^^@^^@^^@^^@^^@^^@^^@^^@^^@^^@^^@^^@^^@^^@^^@^^@^^@^^@^^@^^@^^
@^^@^^@^^@^^@^^@^^@^^@^^@^^@^^@^^@^^@^^@^^@^^@^^@^^@^^@^^@^^@^^@^^@^^@^^@^^@^^@
^^@^^@^^@^^@^^@^^@^^@OT1/cmr/m/n' instead on input line 414.

LaTeX Font Info:    Trying to load font information for ^^@^^@^^@^^@^^@^^@^^@^^
@^^@^^@^^@^^@^^@^^@^^@^^@^^@^^@^^@^^@^^@^^@^^@^^@^^@^^@^^@^^@^^@^^@^^@^^@^^@^^@
^^@^^@^^@^^@^^@^^@^^@^^@^^@^^@^^@^^@^^@^^@^^@^^@^^@^^@^^@^^@^^@^^@^^@^^@^^@^^@^
^@^^@^^@^^@^^@^^@^^@^^@^^@^^@^^@^^@^^@^^@^^@^^@^^@^^@^^@^^@^^@^^@^^@^^@^^@^^@^^
@^^@^^@^^@^^@^^@^^@^^@^^@^^@^^@^^@^^@^^@^^@^^@^^@^^@^^@^^@^^@^^@^^@^^@^^@^^@^^@
^^@^^@^^@^^@^^@^^@^^@^^@^^@^^@^^@^^@^^@^^@^^@^^@^^@^^@^^@^^@^^@^^@^^@^^@^^@^^@^
^@^^@^^@^^@^^@^^@^^@^^@^^@^^@^^@^^@^^@^^@^^@^^@^^@^^@^^@^^@^^@^^@^^@^^@^^@^^@^^
@^^@^^@^^@^^@^^@^^@^^@^^@^^@^^@^^@^^@^^@^^@^^@^^@^^@^^@^^@^^@^^@^^@^^@^^@^^@^^@
^^@^^@^^@^^@^^@^^@^^@^^@^^@^^@^^@^^@^^@^^@^^@^^@^^@^^@^^@^^@^^@^^@^^@^^@^^@^^@^
^@^^@^^@^^@^^@^^@^^@^^@^^@^^@^^@^^@^^@^^@^^@^^@^^@^^@OT1+cmr on input line 414.

(/usr/share/texlive/texmf-dist/tex/latex/tools/.tex Fileignored)

LaTeX Font Warning: Font shape `^^@^^@^^@^^@^^@^^@^^@^^@^^@^^@^^@^^@^^@^^@^^@^^
@^^@^^@^^@^^@^^@^^@^^@^^@^^@^^@^^@^^@^^@^^@^^@^^@^^@^^@^^@^^@^^@^^@^^@^^@^^@^^@
^^@^^@^^@^^@^^@^^@^^@^^@^^@^^@^^@^^@^^@^^@^^@^^@^^@^^@^^@^^@^^@^^@^^@^^@^^@^^@^
^@^^@^^@^^@^^@^^@^^@^^@^^@^^@^^@^^@^^@^^@^^@^^@^^@^^@^^@^^@^^@^^@^^@^^@^^@^^@^^
@^^@^^@^^@^^@^^@^^@^^@^^@^^@^^@^^@^^@^^@^^@^^@^^@^^@^^@^^@^^@^^@^^@^^@^^@^^@^^@
^^@^^@^^@^^@^^@^^@^^@^^@^^@^^@^^@^^@^^@^^@^^@^^@^^@^^@^^@^^@^^@^^@^^@^^@^^@^^@^
^@^^@^^@^^@^^@^^@^^@^^@^^@^^@^^@^^@^^@^^@^^@^^@^^@^^@^^@^^@^^@^^@^^@^^@^^@^^@^^
@^^@^^@^^@^^@^^@^^@^^@^^@^^@^^@^^@^^@^^@^^@^^@^^@^^@^^@^^@^^@^^@^^@^^@^^@^^@^^@
^^@^^@^^@^^@^^@^^@^^@^^@^^@^^@^^@^^@^^@^^@^^@^^@^^@^^@^^@^^@^^@^^@^^@^^@^^@^^@^
^@^^@^^@^^@^^@^^@^^@^^@^^@^^@^^@OT1/cmr/m/n' @undefined
(Font)              using `^^@^^@^^@^^@^^@^^@^^@^^@^^@^^@^^@^^@^^@^^@^^@^^@^^@^
^@^^@^^@^^@^^@^^@^^@^^@^^@^^@^^@^^@^^@^^@^^@^^@^^@^^@^^@^^@^^@^^@^^@^^@^^@^^@^^
@^^@^^@^^@^^@^^@^^@^^@^^@^^@^^@^^@^^@^^@^^@^^@^^@^^@^^@^^@^^@^^@^^@^^@^^@^^@^^@
^^@^^@^^@^^@^^@^^@^^@^^@^^@^^@^^@^^@^^@^^@^^@^^@^^@^^@^^@^^@^^@^^@^^@^^@^^@^^@^
^@^^@^^@^^@^^@^^@^^@^^@^^@^^@^^@^^@^^@^^@^^@^^@^^@^^@^^@^^@^^@^^@^^@^^@^^@^^@^^
@^^@^^@^^@^^@^^@^^@^^@^^@^^@^^@^^@^^@^^@^^@^^@^^@^^@^^@^^@^^@^^@^^@^^@^^@^^@^^@
^^@^^@^^@^^@^^@^^@^^@^^@^^@^^@^^@^^@^^@^^@^^@^^@^^@^^@^^@^^@^^@^^@^^@^^@^^@^^@^
^@^^@^^@^^@^^@^^@^^@^^@^^@^^@^^@^^@^^@^^@^^@^^@^^@^^@^^@^^@^^@^^@^^@^^@^^@^^@^^
@^^@^^@^^@^^@^^@^^@^^@^^@^^@^^@^^@^^@^^@^^@^^@^^@^^@^^@^^@^^@^^@^^@^^@^^@^^@^^@
^^@^^@^^@^^@^^@^^@^^@^^@OT1/cmr/m/n' instead on input line 414.

LaTeX Font Info:    Trying to load font information for ^^@^^@^^@^^@^^@^^@^^@^^
@^^@^^@^^@^^@^^@^^@^^@^^@^^@^^@^^@^^@^^@^^@^^@^^@^^@^^@^^@^^@^^@^^@^^@^^@^^@^^@
^^@^^@^^@^^@^^@^^@^^@^^@^^@^^@^^@^^@^^@^^@^^@^^@^^@^^@^^@^^@^^@^^@^^@^^@^^@^^@^
^@^^@^^@^^@^^@^^@^^@^^@^^@^^@^^@^^@^^@^^@^^@^^@^^@^^@^^@^^@^^@^^@^^@^^@^^@^^@^^
@^^@^^@^^@^^@^^@^^@^^@^^@^^@^^@^^@^^@^^@^^@^^@^^@^^@^^@^^@^^@^^@^^@^^@^^@^^@^^@
^^@^^@^^@^^@^^@^^@^^@^^@^^@^^@^^@^^@^^@^^@^^@^^@^^@^^@^^@^^@^^@^^@^^@^^@^^@^^@^
^@^^@^^@^^@^^@^^@^^@^^@^^@^^@^^@^^@^^@^^@^^@^^@^^@^^@^^@^^@^^@^^@^^@^^@^^@^^@^^
@^^@^^@^^@^^@^^@^^@^^@^^@^^@^^@^^@^^@^^@^^@^^@^^@^^@^^@^^@^^@^^@^^@^^@^^@^^@^^@
^^@^^@^^@^^@^^@^^@^^@^^@^^@^^@^^@^^@^^@^^@^^@^^@^^@^^@^^@^^@^^@^^@^^@^^@^^@^^@^
^@^^@^^@^^@^^@^^@^^@^^@^^@^^@^^@^^@^^@^^@^^@^^@^^@^^@^^@OT1+cmr on input line 4
14.
(/usr/share/texlive/texmf-dist/tex/latex/tools/.tex Fileignored)

LaTeX Font Warning: Font shape `^^@^^@^^@^^@^^@^^@^^@^^@^^@^^@^^@^^@^^@^^@^^@^^
@^^@^^@^^@^^@^^@^^@^^@^^@^^@^^@^^@^^@^^@^^@^^@^^@^^@^^@^^@^^@^^@^^@^^@^^@^^@^^@
^^@^^@^^@^^@^^@^^@^^@^^@^^@^^@^^@^^@^^@^^@^^@^^@^^@^^@^^@^^@^^@^^@^^@^^@^^@^^@^
^@^^@^^@^^@^^@^^@^^@^^@^^@^^@^^@^^@^^@^^@^^@^^@^^@^^@^^@^^@^^@^^@^^@^^@^^@^^@^^
@^^@^^@^^@^^@^^@^^@^^@^^@^^@^^@^^@^^@^^@^^@^^@^^@^^@^^@^^@^^@^^@^^@^^@^^@^^@^^@
^^@^^@^^@^^@^^@^^@^^@^^@^^@^^@^^@^^@^^@^^@^^@^^@^^@^^@^^@^^@^^@^^@^^@^^@^^@^^@^
^@^^@^^@^^@^^@^^@^^@^^@^^@^^@^^@^^@^^@^^@^^@^^@^^@^^@^^@^^@^^@^^@^^@^^@^^@^^@^^
@^^@^^@^^@^^@^^@^^@^^@^^@^^@^^@^^@^^@^^@^^@^^@^^@^^@^^@^^@^^@^^@^^@^^@^^@^^@^^@
^^@^^@^^@^^@^^@^^@^^@^^@^^@^^@^^@^^@^^@^^@^^@^^@^^@^^@^^@^^@^^@^^@^^@^^@^^@^^@^
^@^^@^^@^^@^^@^^@^^@^^@^^@^^@^^@^^@OT1/cmr/m/n' @undefined
(Font)              using `^^@^^@^^@^^@^^@^^@^^@^^@^^@^^@^^@^^@^^@^^@^^@^^@^^@^
^@^^@^^@^^@^^@^^@^^@^^@^^@^^@^^@^^@^^@^^@^^@^^@^^@^^@^^@^^@^^@^^@^^@^^@^^@^^@^^
@^^@^^@^^@^^@^^@^^@^^@^^@^^@^^@^^@^^@^^@^^@^^@^^@^^@^^@^^@^^@^^@^^@^^@^^@^^@^^@
^^@^^@^^@^^@^^@^^@^^@^^@^^@^^@^^@^^@^^@^^@^^@^^@^^@^^@^^@^^@^^@^^@^^@^^@^^@^^@^
^@^^@^^@^^@^^@^^@^^@^^@^^@^^@^^@^^@^^@^^@^^@^^@^^@^^@^^@^^@^^@^^@^^@^^@^^@^^@^^
@^^@^^@^^@^^@^^@^^@^^@^^@^^@^^@^^@^^@^^@^^@^^@^^@^^@^^@^^@^^@^^@^^@^^@^^@^^@^^@
^^@^^@^^@^^@^^@^^@^^@^^@^^@^^@^^@^^@^^@^^@^^@^^@^^@^^@^^@^^@^^@^^@^^@^^@^^@^^@^
^@^^@^^@^^@^^@^^@^^@^^@^^@^^@^^@^^@^^@^^@^^@^^@^^@^^@^^@^^@^^@^^@^^@^^@^^@^^@^^
@^^@^^@^^@^^@^^@^^@^^@^^@^^@^^@^^@^^@^^@^^@^^@^^@^^@^^@^^@^^@^^@^^@^^@^^@^^@^^@
^^@^^@^^@^^@^^@^^@^^@^^@^^@OT1/cmr/m/n' instead on input line 414.

LaTeX Font Info:    Trying to load font information for ^^@^^@^^@^^@^^@^^@^^@^^
@^^@^^@^^@^^@^^@^^@^^@^^@^^@^^@^^@^^@^^@^^@^^@^^@^^@^^@^^@^^@^^@^^@^^@^^@^^@^^@
^^@^^@^^@^^@^^@^^@^^@^^@^^@^^@^^@^^@^^@^^@^^@^^@^^@^^@^^@^^@^^@^^@^^@^^@^^@^^@^
^@^^@^^@^^@^^@^^@^^@^^@^^@^^@^^@^^@^^@^^@^^@^^@^^@^^@^^@^^@^^@^^@^^@^^@^^@^^@^^
@^^@^^@^^@^^@^^@^^@^^@^^@^^@^^@^^@^^@^^@^^@^^@^^@^^@^^@^^@^^@^^@^^@^^@^^@^^@^^@
^^@^^@^^@^^@^^@^^@^^@^^@^^@^^@^^@^^@^^@^^@^^@^^@^^@^^@^^@^^@^^@^^@^^@^^@^^@^^@^
^@^^@^^@^^@^^@^^@^^@^^@^^@^^@^^@^^@^^@^^@^^@^^@^^@^^@^^@^^@^^@^^@^^@^^@^^@^^@^^
@^^@^^@^^@^^@^^@^^@^^@^^@^^@^^@^^@^^@^^@^^@^^@^^@^^@^^@^^@^^@^^@^^@^^@^^@^^@^^@
^^@^^@^^@^^@^^@^^@^^@^^@^^@^^@^^@^^@^^@^^@^^@^^@^^@^^@^^@^^@^^@^^@^^@^^@^^@^^@^
^@^^@^^@^^@^^@^^@^^@^^@^^@^^@^^@^^@^^@^^@^^@^^@^^@^^@^^@^^@OT1+cmr on input lin
e 414.
(/usr/share/texlive/texmf-dist/tex/latex/tools/.tex Fileignored)

LaTeX Font Warning: Font shape `^^@^^@^^@^^@^^@^^@^^@^^@^^@^^@^^@^^@^^@^^@^^@^^
@^^@^^@^^@^^@^^@^^@^^@^^@^^@^^@^^@^^@^^@^^@^^@^^@^^@^^@^^@^^@^^@^^@^^@^^@^^@^^@
^^@^^@^^@^^@^^@^^@^^@^^@^^@^^@^^@^^@^^@^^@^^@^^@^^@^^@^^@^^@^^@^^@^^@^^@^^@^^@^
^@^^@^^@^^@^^@^^@^^@^^@^^@^^@^^@^^@^^@^^@^^@^^@^^@^^@^^@^^@^^@^^@^^@^^@^^@^^@^^
@^^@^^@^^@^^@^^@^^@^^@^^@^^@^^@^^@^^@^^@^^@^^@^^@^^@^^@^^@^^@^^@^^@^^@^^@^^@^^@
^^@^^@^^@^^@^^@^^@^^@^^@^^@^^@^^@^^@^^@^^@^^@^^@^^@^^@^^@^^@^^@^^@^^@^^@^^@^^@^
^@^^@^^@^^@^^@^^@^^@^^@^^@^^@^^@^^@^^@^^@^^@^^@^^@^^@^^@^^@^^@^^@^^@^^@^^@^^@^^
@^^@^^@^^@^^@^^@^^@^^@^^@^^@^^@^^@^^@^^@^^@^^@^^@^^@^^@^^@^^@^^@^^@^^@^^@^^@^^@
^^@^^@^^@^^@^^@^^@^^@^^@^^@^^@^^@^^@^^@^^@^^@^^@^^@^^@^^@^^@^^@^^@^^@^^@^^@^^@^
^@^^@^^@^^@^^@^^@^^@^^@^^@^^@^^@^^@^^@OT1/cmr/m/n' @undefined
(Font)              using `^^@^^@^^@^^@^^@^^@^^@^^@^^@^^@^^@^^@^^@^^@^^@^^@^^@^
^@^^@^^@^^@^^@^^@^^@^^@^^@^^@^^@^^@^^@^^@^^@^^@^^@^^@^^@^^@^^@^^@^^@^^@^^@^^@^^
@^^@^^@^^@^^@^^@^^@^^@^^@^^@^^@^^@^^@^^@^^@^^@^^@^^@^^@^^@^^@^^@^^@^^@^^@^^@^^@
^^@^^@^^@^^@^^@^^@^^@^^@^^@^^@^^@^^@^^@^^@^^@^^@^^@^^@^^@^^@^^@^^@^^@^^@^^@^^@^
^@^^@^^@^^@^^@^^@^^@^^@^^@^^@^^@^^@^^@^^@^^@^^@^^@^^@^^@^^@^^@^^@^^@^^@^^@^^@^^
@^^@^^@^^@^^@^^@^^@^^@^^@^^@^^@^^@^^@^^@^^@^^@^^@^^@^^@^^@^^@^^@^^@^^@^^@^^@^^@
^^@^^@^^@^^@^^@^^@^^@^^@^^@^^@^^@^^@^^@^^@^^@^^@^^@^^@^^@^^@^^@^^@^^@^^@^^@^^@^
^@^^@^^@^^@^^@^^@^^@^^@^^@^^@^^@^^@^^@^^@^^@^^@^^@^^@^^@^^@^^@^^@^^@^^@^^@^^@^^
@^^@^^@^^@^^@^^@^^@^^@^^@^^@^^@^^@^^@^^@^^@^^@^^@^^@^^@^^@^^@^^@^^@^^@^^@^^@^^@
^^@^^@^^@^^@^^@^^@^^@^^@^^@^^@OT1/cmr/m/n' instead on input line 414.

LaTeX Font Info:    Trying to load font information for ^^@^^@^^@^^@^^@^^@^^@^^
@^^@^^@^^@^^@^^@^^@^^@^^@^^@^^@^^@^^@^^@^^@^^@^^@^^@^^@^^@^^@^^@^^@^^@^^@^^@^^@
^^@^^@^^@^^@^^@^^@^^@^^@^^@^^@^^@^^@^^@^^@^^@^^@^^@^^@^^@^^@^^@^^@^^@^^@^^@^^@^
^@^^@^^@^^@^^@^^@^^@^^@^^@^^@^^@^^@^^@^^@^^@^^@^^@^^@^^@^^@^^@^^@^^@^^@^^@^^@^^
@^^@^^@^^@^^@^^@^^@^^@^^@^^@^^@^^@^^@^^@^^@^^@^^@^^@^^@^^@^^@^^@^^@^^@^^@^^@^^@
^^@^^@^^@^^@^^@^^@^^@^^@^^@^^@^^@^^@^^@^^@^^@^^@^^@^^@^^@^^@^^@^^@^^@^^@^^@^^@^
^@^^@^^@^^@^^@^^@^^@^^@^^@^^@^^@^^@^^@^^@^^@^^@^^@^^@^^@^^@^^@^^@^^@^^@^^@^^@^^
@^^@^^@^^@^^@^^@^^@^^@^^@^^@^^@^^@^^@^^@^^@^^@^^@^^@^^@^^@^^@^^@^^@^^@^^@^^@^^@
^^@^^@^^@^^@^^@^^@^^@^^@^^@^^@^^@^^@^^@^^@^^@^^@^^@^^@^^@^^@^^@^^@^^@^^@^^@^^@^
^@^^@^^@^^@^^@^^@^^@^^@^^@^^@^^@^^@^^@^^@^^@^^@^^@^^@^^@^^@^^@OT1+cmr on input 
line 414.
(/usr/share/texlive/texmf-dist/tex/latex/tools/.tex Fileignored)

LaTeX Font Warning: Font shape `^^@^^@^^@^^@^^@^^@^^@^^@^^@^^@^^@^^@^^@^^@^^@^^
@^^@^^@^^@^^@^^@^^@^^@^^@^^@^^@^^@^^@^^@^^@^^@^^@^^@^^@^^@^^@^^@^^@^^@^^@^^@^^@
^^@^^@^^@^^@^^@^^@^^@^^@^^@^^@^^@^^@^^@^^@^^@^^@^^@^^@^^@^^@^^@^^@^^@^^@^^@^^@^
^@^^@^^@^^@^^@^^@^^@^^@^^@^^@^^@^^@^^@^^@^^@^^@^^@^^@^^@^^@^^@^^@^^@^^@^^@^^@^^
@^^@^^@^^@^^@^^@^^@^^@^^@^^@^^@^^@^^@^^@^^@^^@^^@^^@^^@^^@^^@^^@^^@^^@^^@^^@^^@
^^@^^@^^@^^@^^@^^@^^@^^@^^@^^@^^@^^@^^@^^@^^@^^@^^@^^@^^@^^@^^@^^@^^@^^@^^@^^@^
^@^^@^^@^^@^^@^^@^^@^^@^^@^^@^^@^^@^^@^^@^^@^^@^^@^^@^^@^^@^^@^^@^^@^^@^^@^^@^^
@^^@^^@^^@^^@^^@^^@^^@^^@^^@^^@^^@^^@^^@^^@^^@^^@^^@^^@^^@^^@^^@^^@^^@^^@^^@^^@
^^@^^@^^@^^@^^@^^@^^@^^@^^@^^@^^@^^@^^@^^@^^@^^@^^@^^@^^@^^@^^@^^@^^@^^@^^@^^@^
^@^^@^^@^^@^^@^^@^^@^^@^^@^^@^^@^^@^^@^^@OT1/cmr/m/n' @undefined
(Font)              using `^^@^^@^^@^^@^^@^^@^^@^^@^^@^^@^^@^^@^^@^^@^^@^^@^^@^
^@^^@^^@^^@^^@^^@^^@^^@^^@^^@^^@^^@^^@^^@^^@^^@^^@^^@^^@^^@^^@^^@^^@^^@^^@^^@^^
@^^@^^@^^@^^@^^@^^@^^@^^@^^@^^@^^@^^@^^@^^@^^@^^@^^@^^@^^@^^@^^@^^@^^@^^@^^@^^@
^^@^^@^^@^^@^^@^^@^^@^^@^^@^^@^^@^^@^^@^^@^^@^^@^^@^^@^^@^^@^^@^^@^^@^^@^^@^^@^
^@^^@^^@^^@^^@^^@^^@^^@^^@^^@^^@^^@^^@^^@^^@^^@^^@^^@^^@^^@^^@^^@^^@^^@^^@^^@^^
@^^@^^@^^@^^@^^@^^@^^@^^@^^@^^@^^@^^@^^@^^@^^@^^@^^@^^@^^@^^@^^@^^@^^@^^@^^@^^@
^^@^^@^^@^^@^^@^^@^^@^^@^^@^^@^^@^^@^^@^^@^^@^^@^^@^^@^^@^^@^^@^^@^^@^^@^^@^^@^
^@^^@^^@^^@^^@^^@^^@^^@^^@^^@^^@^^@^^@^^@^^@^^@^^@^^@^^@^^@^^@^^@^^@^^@^^@^^@^^
@^^@^^@^^@^^@^^@^^@^^@^^@^^@^^@^^@^^@^^@^^@^^@^^@^^@^^@^^@^^@^^@^^@^^@^^@^^@^^@
^^@^^@^^@^^@^^@^^@^^@^^@^^@^^@^^@OT1/cmr/m/n' instead on input line 414.

LaTeX Font Info:    Trying to load font information for ^^@^^@^^@^^@^^@^^@^^@^^
@^^@^^@^^@^^@^^@^^@^^@^^@^^@^^@^^@^^@^^@^^@^^@^^@^^@^^@^^@^^@^^@^^@^^@^^@^^@^^@
^^@^^@^^@^^@^^@^^@^^@^^@^^@^^@^^@^^@^^@^^@^^@^^@^^@^^@^^@^^@^^@^^@^^@^^@^^@^^@^
^@^^@^^@^^@^^@^^@^^@^^@^^@^^@^^@^^@^^@^^@^^@^^@^^@^^@^^@^^@^^@^^@^^@^^@^^@^^@^^
@^^@^^@^^@^^@^^@^^@^^@^^@^^@^^@^^@^^@^^@^^@^^@^^@^^@^^@^^@^^@^^@^^@^^@^^@^^@^^@
^^@^^@^^@^^@^^@^^@^^@^^@^^@^^@^^@^^@^^@^^@^^@^^@^^@^^@^^@^^@^^@^^@^^@^^@^^@^^@^
^@^^@^^@^^@^^@^^@^^@^^@^^@^^@^^@^^@^^@^^@^^@^^@^^@^^@^^@^^@^^@^^@^^@^^@^^@^^@^^
@^^@^^@^^@^^@^^@^^@^^@^^@^^@^^@^^@^^@^^@^^@^^@^^@^^@^^@^^@^^@^^@^^@^^@^^@^^@^^@
^^@^^@^^@^^@^^@^^@^^@^^@^^@^^@^^@^^@^^@^^@^^@^^@^^@^^@^^@^^@^^@^^@^^@^^@^^@^^@^
^@^^@^^@^^@^^@^^@^^@^^@^^@^^@^^@^^@^^@^^@^^@^^@^^@^^@^^@^^@^^@^^@OT1+cmr on inp
ut line 414.
(/usr/share/texlive/texmf-dist/tex/latex/tools/.tex Fileignored)

LaTeX Font Warning: Font shape `^^@^^@^^@^^@^^@^^@^^@^^@^^@^^@^^@^^@^^@^^@^^@^^
@^^@^^@^^@^^@^^@^^@^^@^^@^^@^^@^^@^^@^^@^^@^^@^^@^^@^^@^^@^^@^^@^^@^^@^^@^^@^^@
^^@^^@^^@^^@^^@^^@^^@^^@^^@^^@^^@^^@^^@^^@^^@^^@^^@^^@^^@^^@^^@^^@^^@^^@^^@^^@^
^@^^@^^@^^@^^@^^@^^@^^@^^@^^@^^@^^@^^@^^@^^@^^@^^@^^@^^@^^@^^@^^@^^@^^@^^@^^@^^
@^^@^^@^^@^^@^^@^^@^^@^^@^^@^^@^^@^^@^^@^^@^^@^^@^^@^^@^^@^^@^^@^^@^^@^^@^^@^^@
^^@^^@^^@^^@^^@^^@^^@^^@^^@^^@^^@^^@^^@^^@^^@^^@^^@^^@^^@^^@^^@^^@^^@^^@^^@^^@^
^@^^@^^@^^@^^@^^@^^@^^@^^@^^@^^@^^@^^@^^@^^@^^@^^@^^@^^@^^@^^@^^@^^@^^@^^@^^@^^
@^^@^^@^^@^^@^^@^^@^^@^^@^^@^^@^^@^^@^^@^^@^^@^^@^^@^^@^^@^^@^^@^^@^^@^^@^^@^^@
^^@^^@^^@^^@^^@^^@^^@^^@^^@^^@^^@^^@^^@^^@^^@^^@^^@^^@^^@^^@^^@^^@^^@^^@^^@^^@^
^@^^@^^@^^@^^@^^@^^@^^@^^@^^@^^@^^@^^@^^@^^@OT1/cmr/m/n' @undefined
(Font)              using `^^@^^@^^@^^@^^@^^@^^@^^@^^@^^@^^@^^@^^@^^@^^@^^@^^@^
^@^^@^^@^^@^^@^^@^^@^^@^^@^^@^^@^^@^^@^^@^^@^^@^^@^^@^^@^^@^^@^^@^^@^^@^^@^^@^^
@^^@^^@^^@^^@^^@^^@^^@^^@^^@^^@^^@^^@^^@^^@^^@^^@^^@^^@^^@^^@^^@^^@^^@^^@^^@^^@
^^@^^@^^@^^@^^@^^@^^@^^@^^@^^@^^@^^@^^@^^@^^@^^@^^@^^@^^@^^@^^@^^@^^@^^@^^@^^@^
^@^^@^^@^^@^^@^^@^^@^^@^^@^^@^^@^^@^^@^^@^^@^^@^^@^^@^^@^^@^^@^^@^^@^^@^^@^^@^^
@^^@^^@^^@^^@^^@^^@^^@^^@^^@^^@^^@^^@^^@^^@^^@^^@^^@^^@^^@^^@^^@^^@^^@^^@^^@^^@
^^@^^@^^@^^@^^@^^@^^@^^@^^@^^@^^@^^@^^@^^@^^@^^@^^@^^@^^@^^@^^@^^@^^@^^@^^@^^@^
^@^^@^^@^^@^^@^^@^^@^^@^^@^^@^^@^^@^^@^^@^^@^^@^^@^^@^^@^^@^^@^^@^^@^^@^^@^^@^^
@^^@^^@^^@^^@^^@^^@^^@^^@^^@^^@^^@^^@^^@^^@^^@^^@^^@^^@^^@^^@^^@^^@^^@^^@^^@^^@
^^@^^@^^@^^@^^@^^@^^@^^@^^@^^@^^@^^@OT1/cmr/m/n' instead on input line 414.

LaTeX Font Info:    Trying to load font information for ^^@^^@^^@^^@^^@^^@^^@^^
@^^@^^@^^@^^@^^@^^@^^@^^@^^@^^@^^@^^@^^@^^@^^@^^@^^@^^@^^@^^@^^@^^@^^@^^@^^@^^@
^^@^^@^^@^^@^^@^^@^^@^^@^^@^^@^^@^^@^^@^^@^^@^^@^^@^^@^^@^^@^^@^^@^^@^^@^^@^^@^
^@^^@^^@^^@^^@^^@^^@^^@^^@^^@^^@^^@^^@^^@^^@^^@^^@^^@^^@^^@^^@^^@^^@^^@^^@^^@^^
@^^@^^@^^@^^@^^@^^@^^@^^@^^@^^@^^@^^@^^@^^@^^@^^@^^@^^@^^@^^@^^@^^@^^@^^@^^@^^@
^^@^^@^^@^^@^^@^^@^^@^^@^^@^^@^^@^^@^^@^^@^^@^^@^^@^^@^^@^^@^^@^^@^^@^^@^^@^^@^
^@^^@^^@^^@^^@^^@^^@^^@^^@^^@^^@^^@^^@^^@^^@^^@^^@^^@^^@^^@^^@^^@^^@^^@^^@^^@^^
@^^@^^@^^@^^@^^@^^@^^@^^@^^@^^@^^@^^@^^@^^@^^@^^@^^@^^@^^@^^@^^@^^@^^@^^@^^@^^@
^^@^^@^^@^^@^^@^^@^^@^^@^^@^^@^^@^^@^^@^^@^^@^^@^^@^^@^^@^^@^^@^^@^^@^^@^^@^^@^
^@^^@^^@^^@^^@^^@^^@^^@^^@^^@^^@^^@^^@^^@^^@^^@^^@^^@^^@^^@^^@^^@^^@OT1+cmr on 
input line 414.
(/usr/share/texlive/texmf-dist/tex/latex/tools/.tex Fileignored)

LaTeX Font Warning: Font shape `^^@^^@^^@^^@^^@^^@^^@^^@^^@^^@^^@^^@^^@^^@^^@^^
@^^@^^@^^@^^@^^@^^@^^@^^@^^@^^@^^@^^@^^@^^@^^@^^@^^@^^@^^@^^@^^@^^@^^@^^@^^@^^@
^^@^^@^^@^^@^^@^^@^^@^^@^^@^^@^^@^^@^^@^^@^^@^^@^^@^^@^^@^^@^^@^^@^^@^^@^^@^^@^
^@^^@^^@^^@^^@^^@^^@^^@^^@^^@^^@^^@^^@^^@^^@^^@^^@^^@^^@^^@^^@^^@^^@^^@^^@^^@^^
@^^@^^@^^@^^@^^@^^@^^@^^@^^@^^@^^@^^@^^@^^@^^@^^@^^@^^@^^@^^@^^@^^@^^@^^@^^@^^@
^^@^^@^^@^^@^^@^^@^^@^^@^^@^^@^^@^^@^^@^^@^^@^^@^^@^^@^^@^^@^^@^^@^^@^^@^^@^^@^
^@^^@^^@^^@^^@^^@^^@^^@^^@^^@^^@^^@^^@^^@^^@^^@^^@^^@^^@^^@^^@^^@^^@^^@^^@^^@^^
@^^@^^@^^@^^@^^@^^@^^@^^@^^@^^@^^@^^@^^@^^@^^@^^@^^@^^@^^@^^@^^@^^@^^@^^@^^@^^@
^^@^^@^^@^^@^^@^^@^^@^^@^^@^^@^^@^^@^^@^^@^^@^^@^^@^^@^^@^^@^^@^^@^^@^^@^^@^^@^
^@^^@^^@^^@^^@^^@^^@^^@^^@^^@^^@^^@^^@^^@^^@^^@OT1/cmr/m/n' @undefined
(Font)              using `^^@^^@^^@^^@^^@^^@^^@^^@^^@^^@^^@^^@^^@^^@^^@^^@^^@^
^@^^@^^@^^@^^@^^@^^@^^@^^@^^@^^@^^@^^@^^@^^@^^@^^@^^@^^@^^@^^@^^@^^@^^@^^@^^@^^
@^^@^^@^^@^^@^^@^^@^^@^^@^^@^^@^^@^^@^^@^^@^^@^^@^^@^^@^^@^^@^^@^^@^^@^^@^^@^^@
^^@^^@^^@^^@^^@^^@^^@^^@^^@^^@^^@^^@^^@^^@^^@^^@^^@^^@^^@^^@^^@^^@^^@^^@^^@^^@^
^@^^@^^@^^@^^@^^@^^@^^@^^@^^@^^@^^@^^@^^@^^@^^@^^@^^@^^@^^@^^@^^@^^@^^@^^@^^@^^
@^^@^^@^^@^^@^^@^^@^^@^^@^^@^^@^^@^^@^^@^^@^^@^^@^^@^^@^^@^^@^^@^^@^^@^^@^^@^^@
^^@^^@^^@^^@^^@^^@^^@^^@^^@^^@^^@^^@^^@^^@^^@^^@^^@^^@^^@^^@^^@^^@^^@^^@^^@^^@^
^@^^@^^@^^@^^@^^@^^@^^@^^@^^@^^@^^@^^@^^@^^@^^@^^@^^@^^@^^@^^@^^@^^@^^@^^@^^@^^
@^^@^^@^^@^^@^^@^^@^^@^^@^^@^^@^^@^^@^^@^^@^^@^^@^^@^^@^^@^^@^^@^^@^^@^^@^^@^^@
^^@^^@^^@^^@^^@^^@^^@^^@^^@^^@^^@^^@^^@OT1/cmr/m/n' instead on input line 414.

LaTeX Font Info:    Trying to load font information for ^^@^^@^^@^^@^^@^^@^^@^^
@^^@^^@^^@^^@^^@^^@^^@^^@^^@^^@^^@^^@^^@^^@^^@^^@^^@^^@^^@^^@^^@^^@^^@^^@^^@^^@
^^@^^@^^@^^@^^@^^@^^@^^@^^@^^@^^@^^@^^@^^@^^@^^@^^@^^@^^@^^@^^@^^@^^@^^@^^@^^@^
^@^^@^^@^^@^^@^^@^^@^^@^^@^^@^^@^^@^^@^^@^^@^^@^^@^^@^^@^^@^^@^^@^^@^^@^^@^^@^^
@^^@^^@^^@^^@^^@^^@^^@^^@^^@^^@^^@^^@^^@^^@^^@^^@^^@^^@^^@^^@^^@^^@^^@^^@^^@^^@
^^@^^@^^@^^@^^@^^@^^@^^@^^@^^@^^@^^@^^@^^@^^@^^@^^@^^@^^@^^@^^@^^@^^@^^@^^@^^@^
^@^^@^^@^^@^^@^^@^^@^^@^^@^^@^^@^^@^^@^^@^^@^^@^^@^^@^^@^^@^^@^^@^^@^^@^^@^^@^^
@^^@^^@^^@^^@^^@^^@^^@^^@^^@^^@^^@^^@^^@^^@^^@^^@^^@^^@^^@^^@^^@^^@^^@^^@^^@^^@
^^@^^@^^@^^@^^@^^@^^@^^@^^@^^@^^@^^@^^@^^@^^@^^@^^@^^@^^@^^@^^@^^@^^@^^@^^@^^@^
^@^^@^^@^^@^^@^^@^^@^^@^^@^^@^^@^^@^^@^^@^^@^^@^^@^^@^^@^^@^^@^^@^^@^^@OT1+cmr 
on input line 414.
(/usr/share/texlive/texmf-dist/tex/latex/tools/.tex Fileignored)

LaTeX Font Warning: Font shape `^^@^^@^^@^^@^^@^^@^^@^^@^^@^^@^^@^^@^^@^^@^^@^^
@^^@^^@^^@^^@^^@^^@^^@^^@^^@^^@^^@^^@^^@^^@^^@^^@^^@^^@^^@^^@^^@^^@^^@^^@^^@^^@
^^@^^@^^@^^@^^@^^@^^@^^@^^@^^@^^@^^@^^@^^@^^@^^@^^@^^@^^@^^@^^@^^@^^@^^@^^@^^@^
^@^^@^^@^^@^^@^^@^^@^^@^^@^^@^^@^^@^^@^^@^^@^^@^^@^^@^^@^^@^^@^^@^^@^^@^^@^^@^^
@^^@^^@^^@^^@^^@^^@^^@^^@^^@^^@^^@^^@^^@^^@^^@^^@^^@^^@^^@^^@^^@^^@^^@^^@^^@^^@
^^@^^@^^@^^@^^@^^@^^@^^@^^@^^@^^@^^@^^@^^@^^@^^@^^@^^@^^@^^@^^@^^@^^@^^@^^@^^@^
^@^^@^^@^^@^^@^^@^^@^^@^^@^^@^^@^^@^^@^^@^^@^^@^^@^^@^^@^^@^^@^^@^^@^^@^^@^^@^^
@^^@^^@^^@^^@^^@^^@^^@^^@^^@^^@^^@^^@^^@^^@^^@^^@^^@^^@^^@^^@^^@^^@^^@^^@^^@^^@
^^@^^@^^@^^@^^@^^@^^@^^@^^@^^@^^@^^@^^@^^@^^@^^@^^@^^@^^@^^@^^@^^@^^@^^@^^@^^@^
^@^^@^^@^^@^^@^^@^^@^^@^^@^^@^^@^^@^^@^^@^^@^^@^^@OT1/cmr/m/n' @undefined
(Font)              using `^^@^^@^^@^^@^^@^^@^^@^^@^^@^^@^^@^^@^^@^^@^^@^^@^^@^
^@^^@^^@^^@^^@^^@^^@^^@^^@^^@^^@^^@^^@^^@^^@^^@^^@^^@^^@^^@^^@^^@^^@^^@^^@^^@^^
@^^@^^@^^@^^@^^@^^@^^@^^@^^@^^@^^@^^@^^@^^@^^@^^@^^@^^@^^@^^@^^@^^@^^@^^@^^@^^@
^^@^^@^^@^^@^^@^^@^^@^^@^^@^^@^^@^^@^^@^^@^^@^^@^^@^^@^^@^^@^^@^^@^^@^^@^^@^^@^
^@^^@^^@^^@^^@^^@^^@^^@^^@^^@^^@^^@^^@^^@^^@^^@^^@^^@^^@^^@^^@^^@^^@^^@^^@^^@^^
@^^@^^@^^@^^@^^@^^@^^@^^@^^@^^@^^@^^@^^@^^@^^@^^@^^@^^@^^@^^@^^@^^@^^@^^@^^@^^@
^^@^^@^^@^^@^^@^^@^^@^^@^^@^^@^^@^^@^^@^^@^^@^^@^^@^^@^^@^^@^^@^^@^^@^^@^^@^^@^
^@^^@^^@^^@^^@^^@^^@^^@^^@^^@^^@^^@^^@^^@^^@^^@^^@^^@^^@^^@^^@^^@^^@^^@^^@^^@^^
@^^@^^@^^@^^@^^@^^@^^@^^@^^@^^@^^@^^@^^@^^@^^@^^@^^@^^@^^@^^@^^@^^@^^@^^@^^@^^@
^^@^^@^^@^^@^^@^^@^^@^^@^^@^^@^^@^^@^^@^^@OT1/cmr/m/n' instead on input line 41
4.

LaTeX Font Info:    Trying to load font information for ^^@^^@^^@^^@^^@^^@^^@^^
@^^@^^@^^@^^@^^@^^@^^@^^@^^@^^@^^@^^@^^@^^@^^@^^@^^@^^@^^@^^@^^@^^@^^@^^@^^@^^@
^^@^^@^^@^^@^^@^^@^^@^^@^^@^^@^^@^^@^^@^^@^^@^^@^^@^^@^^@^^@^^@^^@^^@^^@^^@^^@^
^@^^@^^@^^@^^@^^@^^@^^@^^@^^@^^@^^@^^@^^@^^@^^@^^@^^@^^@^^@^^@^^@^^@^^@^^@^^@^^
@^^@^^@^^@^^@^^@^^@^^@^^@^^@^^@^^@^^@^^@^^@^^@^^@^^@^^@^^@^^@^^@^^@^^@^^@^^@^^@
^^@^^@^^@^^@^^@^^@^^@^^@^^@^^@^^@^^@^^@^^@^^@^^@^^@^^@^^@^^@^^@^^@^^@^^@^^@^^@^
^@^^@^^@^^@^^@^^@^^@^^@^^@^^@^^@^^@^^@^^@^^@^^@^^@^^@^^@^^@^^@^^@^^@^^@^^@^^@^^
@^^@^^@^^@^^@^^@^^@^^@^^@^^@^^@^^@^^@^^@^^@^^@^^@^^@^^@^^@^^@^^@^^@^^@^^@^^@^^@
^^@^^@^^@^^@^^@^^@^^@^^@^^@^^@^^@^^@^^@^^@^^@^^@^^@^^@^^@^^@^^@^^@^^@^^@^^@^^@^
^@^^@^^@^^@^^@^^@^^@^^@^^@^^@^^@^^@^^@^^@^^@^^@^^@^^@^^@^^@^^@^^@^^@^^@^^@OT1+c
mr on input line 414.
(/usr/share/texlive/texmf-dist/tex/latex/tools/.tex Fileignored)

LaTeX Font Warning: Font shape `^^@^^@^^@^^@^^@^^@^^@^^@^^@^^@^^@^^@^^@^^@^^@^^
@^^@^^@^^@^^@^^@^^@^^@^^@^^@^^@^^@^^@^^@^^@^^@^^@^^@^^@^^@^^@^^@^^@^^@^^@^^@^^@
^^@^^@^^@^^@^^@^^@^^@^^@^^@^^@^^@^^@^^@^^@^^@^^@^^@^^@^^@^^@^^@^^@^^@^^@^^@^^@^
^@^^@^^@^^@^^@^^@^^@^^@^^@^^@^^@^^@^^@^^@^^@^^@^^@^^@^^@^^@^^@^^@^^@^^@^^@^^@^^
@^^@^^@^^@^^@^^@^^@^^@^^@^^@^^@^^@^^@^^@^^@^^@^^@^^@^^@^^@^^@^^@^^@^^@^^@^^@^^@
^^@^^@^^@^^@^^@^^@^^@^^@^^@^^@^^@^^@^^@^^@^^@^^@^^@^^@^^@^^@^^@^^@^^@^^@^^@^^@^
^@^^@^^@^^@^^@^^@^^@^^@^^@^^@^^@^^@^^@^^@^^@^^@^^@^^@^^@^^@^^@^^@^^@^^@^^@^^@^^
@^^@^^@^^@^^@^^@^^@^^@^^@^^@^^@^^@^^@^^@^^@^^@^^@^^@^^@^^@^^@^^@^^@^^@^^@^^@^^@
^^@^^@^^@^^@^^@^^@^^@^^@^^@^^@^^@^^@^^@^^@^^@^^@^^@^^@^^@^^@^^@^^@^^@^^@^^@^^@^
^@^^@^^@^^@^^@^^@^^@^^@^^@^^@^^@^^@^^@^^@^^@^^@^^@^^@OT1/cmr/m/n' @undefined
(Font)              using `^^@^^@^^@^^@^^@^^@^^@^^@^^@^^@^^@^^@^^@^^@^^@^^@^^@^
^@^^@^^@^^@^^@^^@^^@^^@^^@^^@^^@^^@^^@^^@^^@^^@^^@^^@^^@^^@^^@^^@^^@^^@^^@^^@^^
@^^@^^@^^@^^@^^@^^@^^@^^@^^@^^@^^@^^@^^@^^@^^@^^@^^@^^@^^@^^@^^@^^@^^@^^@^^@^^@
^^@^^@^^@^^@^^@^^@^^@^^@^^@^^@^^@^^@^^@^^@^^@^^@^^@^^@^^@^^@^^@^^@^^@^^@^^@^^@^
^@^^@^^@^^@^^@^^@^^@^^@^^@^^@^^@^^@^^@^^@^^@^^@^^@^^@^^@^^@^^@^^@^^@^^@^^@^^@^^
@^^@^^@^^@^^@^^@^^@^^@^^@^^@^^@^^@^^@^^@^^@^^@^^@^^@^^@^^@^^@^^@^^@^^@^^@^^@^^@
^^@^^@^^@^^@^^@^^@^^@^^@^^@^^@^^@^^@^^@^^@^^@^^@^^@^^@^^@^^@^^@^^@^^@^^@^^@^^@^
^@^^@^^@^^@^^@^^@^^@^^@^^@^^@^^@^^@^^@^^@^^@^^@^^@^^@^^@^^@^^@^^@^^@^^@^^@^^@^^
@^^@^^@^^@^^@^^@^^@^^@^^@^^@^^@^^@^^@^^@^^@^^@^^@^^@^^@^^@^^@^^@^^@^^@^^@^^@^^@
^^@^^@^^@^^@^^@^^@^^@^^@^^@^^@^^@^^@^^@^^@^^@OT1/cmr/m/n' instead on input line
 414.

LaTeX Font Info:    Trying to load font information for ^^@^^@^^@^^@^^@^^@^^@^^
@^^@^^@^^@^^@^^@^^@^^@^^@^^@^^@^^@^^@^^@^^@^^@^^@^^@^^@^^@^^@^^@^^@^^@^^@^^@^^@
^^@^^@^^@^^@^^@^^@^^@^^@^^@^^@^^@^^@^^@^^@^^@^^@^^@^^@^^@^^@^^@^^@^^@^^@^^@^^@^
^@^^@^^@^^@^^@^^@^^@^^@^^@^^@^^@^^@^^@^^@^^@^^@^^@^^@^^@^^@^^@^^@^^@^^@^^@^^@^^
@^^@^^@^^@^^@^^@^^@^^@^^@^^@^^@^^@^^@^^@^^@^^@^^@^^@^^@^^@^^@^^@^^@^^@^^@^^@^^@
^^@^^@^^@^^@^^@^^@^^@^^@^^@^^@^^@^^@^^@^^@^^@^^@^^@^^@^^@^^@^^@^^@^^@^^@^^@^^@^
^@^^@^^@^^@^^@^^@^^@^^@^^@^^@^^@^^@^^@^^@^^@^^@^^@^^@^^@^^@^^@^^@^^@^^@^^@^^@^^
@^^@^^@^^@^^@^^@^^@^^@^^@^^@^^@^^@^^@^^@^^@^^@^^@^^@^^@^^@^^@^^@^^@^^@^^@^^@^^@
^^@^^@^^@^^@^^@^^@^^@^^@^^@^^@^^@^^@^^@^^@^^@^^@^^@^^@^^@^^@^^@^^@^^@^^@^^@^^@^
^@^^@^^@^^@^^@^^@^^@^^@^^@^^@^^@^^@^^@^^@^^@^^@^^@^^@^^@^^@^^@^^@^^@^^@^^@^^@OT
1+cmr on input line 414.
(/usr/share/texlive/texmf-dist/tex/latex/tools/.tex Fileignored)

LaTeX Font Warning: Font shape `^^@^^@^^@^^@^^@^^@^^@^^@^^@^^@^^@^^@^^@^^@^^@^^
@^^@^^@^^@^^@^^@^^@^^@^^@^^@^^@^^@^^@^^@^^@^^@^^@^^@^^@^^@^^@^^@^^@^^@^^@^^@^^@
^^@^^@^^@^^@^^@^^@^^@^^@^^@^^@^^@^^@^^@^^@^^@^^@^^@^^@^^@^^@^^@^^@^^@^^@^^@^^@^
^@^^@^^@^^@^^@^^@^^@^^@^^@^^@^^@^^@^^@^^@^^@^^@^^@^^@^^@^^@^^@^^@^^@^^@^^@^^@^^
@^^@^^@^^@^^@^^@^^@^^@^^@^^@^^@^^@^^@^^@^^@^^@^^@^^@^^@^^@^^@^^@^^@^^@^^@^^@^^@
^^@^^@^^@^^@^^@^^@^^@^^@^^@^^@^^@^^@^^@^^@^^@^^@^^@^^@^^@^^@^^@^^@^^@^^@^^@^^@^
^@^^@^^@^^@^^@^^@^^@^^@^^@^^@^^@^^@^^@^^@^^@^^@^^@^^@^^@^^@^^@^^@^^@^^@^^@^^@^^
@^^@^^@^^@^^@^^@^^@^^@^^@^^@^^@^^@^^@^^@^^@^^@^^@^^@^^@^^@^^@^^@^^@^^@^^@^^@^^@
^^@^^@^^@^^@^^@^^@^^@^^@^^@^^@^^@^^@^^@^^@^^@^^@^^@^^@^^@^^@^^@^^@^^@^^@^^@^^@^
^@^^@^^@^^@^^@^^@^^@^^@^^@^^@^^@^^@^^@^^@^^@^^@^^@^^@^^@OT1/cmr/m/n' @undefined

(Font)              using `^^@^^@^^@^^@^^@^^@^^@^^@^^@^^@^^@^^@^^@^^@^^@^^@^^@^
^@^^@^^@^^@^^@^^@^^@^^@^^@^^@^^@^^@^^@^^@^^@^^@^^@^^@^^@^^@^^@^^@^^@^^@^^@^^@^^
@^^@^^@^^@^^@^^@^^@^^@^^@^^@^^@^^@^^@^^@^^@^^@^^@^^@^^@^^@^^@^^@^^@^^@^^@^^@^^@
^^@^^@^^@^^@^^@^^@^^@^^@^^@^^@^^@^^@^^@^^@^^@^^@^^@^^@^^@^^@^^@^^@^^@^^@^^@^^@^
^@^^@^^@^^@^^@^^@^^@^^@^^@^^@^^@^^@^^@^^@^^@^^@^^@^^@^^@^^@^^@^^@^^@^^@^^@^^@^^
@^^@^^@^^@^^@^^@^^@^^@^^@^^@^^@^^@^^@^^@^^@^^@^^@^^@^^@^^@^^@^^@^^@^^@^^@^^@^^@
^^@^^@^^@^^@^^@^^@^^@^^@^^@^^@^^@^^@^^@^^@^^@^^@^^@^^@^^@^^@^^@^^@^^@^^@^^@^^@^
^@^^@^^@^^@^^@^^@^^@^^@^^@^^@^^@^^@^^@^^@^^@^^@^^@^^@^^@^^@^^@^^@^^@^^@^^@^^@^^
@^^@^^@^^@^^@^^@^^@^^@^^@^^@^^@^^@^^@^^@^^@^^@^^@^^@^^@^^@^^@^^@^^@^^@^^@^^@^^@
^^@^^@^^@^^@^^@^^@^^@^^@^^@^^@^^@^^@^^@^^@^^@^^@OT1/cmr/m/n' instead on input l
ine 414.

LaTeX Font Info:    Trying to load font information for ^^@^^@^^@^^@^^@^^@^^@^^
@^^@^^@^^@^^@^^@^^@^^@^^@^^@^^@^^@^^@^^@^^@^^@^^@^^@^^@^^@^^@^^@^^@^^@^^@^^@^^@
^^@^^@^^@^^@^^@^^@^^@^^@^^@^^@^^@^^@^^@^^@^^@^^@^^@^^@^^@^^@^^@^^@^^@^^@^^@^^@^
^@^^@^^@^^@^^@^^@^^@^^@^^@^^@^^@^^@^^@^^@^^@^^@^^@^^@^^@^^@^^@^^@^^@^^@^^@^^@^^
@^^@^^@^^@^^@^^@^^@^^@^^@^^@^^@^^@^^@^^@^^@^^@^^@^^@^^@^^@^^@^^@^^@^^@^^@^^@^^@
^^@^^@^^@^^@^^@^^@^^@^^@^^@^^@^^@^^@^^@^^@^^@^^@^^@^^@^^@^^@^^@^^@^^@^^@^^@^^@^
^@^^@^^@^^@^^@^^@^^@^^@^^@^^@^^@^^@^^@^^@^^@^^@^^@^^@^^@^^@^^@^^@^^@^^@^^@^^@^^
@^^@^^@^^@^^@^^@^^@^^@^^@^^@^^@^^@^^@^^@^^@^^@^^@^^@^^@^^@^^@^^@^^@^^@^^@^^@^^@
^^@^^@^^@^^@^^@^^@^^@^^@^^@^^@^^@^^@^^@^^@^^@^^@^^@^^@^^@^^@^^@^^@^^@^^@^^@^^@^
^@^^@^^@^^@^^@^^@^^@^^@^^@^^@^^@^^@^^@^^@^^@^^@^^@^^@^^@^^@^^@^^@^^@^^@^^@^^@^^
@OT1+cmr on input line 414.
(/usr/share/texlive/texmf-dist/tex/latex/tools/.tex Fileignored)

LaTeX Font Warning: Font shape `^^@^^@^^@^^@^^@^^@^^@^^@^^@^^@^^@^^@^^@^^@^^@^^
@^^@^^@^^@^^@^^@^^@^^@^^@^^@^^@^^@^^@^^@^^@^^@^^@^^@^^@^^@^^@^^@^^@^^@^^@^^@^^@
^^@^^@^^@^^@^^@^^@^^@^^@^^@^^@^^@^^@^^@^^@^^@^^@^^@^^@^^@^^@^^@^^@^^@^^@^^@^^@^
^@^^@^^@^^@^^@^^@^^@^^@^^@^^@^^@^^@^^@^^@^^@^^@^^@^^@^^@^^@^^@^^@^^@^^@^^@^^@^^
@^^@^^@^^@^^@^^@^^@^^@^^@^^@^^@^^@^^@^^@^^@^^@^^@^^@^^@^^@^^@^^@^^@^^@^^@^^@^^@
^^@^^@^^@^^@^^@^^@^^@^^@^^@^^@^^@^^@^^@^^@^^@^^@^^@^^@^^@^^@^^@^^@^^@^^@^^@^^@^
^@^^@^^@^^@^^@^^@^^@^^@^^@^^@^^@^^@^^@^^@^^@^^@^^@^^@^^@^^@^^@^^@^^@^^@^^@^^@^^
@^^@^^@^^@^^@^^@^^@^^@^^@^^@^^@^^@^^@^^@^^@^^@^^@^^@^^@^^@^^@^^@^^@^^@^^@^^@^^@
^^@^^@^^@^^@^^@^^@^^@^^@^^@^^@^^@^^@^^@^^@^^@^^@^^@^^@^^@^^@^^@^^@^^@^^@^^@^^@^
^@^^@^^@^^@^^@^^@^^@^^@^^@^^@^^@^^@^^@^^@^^@^^@^^@^^@^^@^^@OT1/cmr/m/n' @undefi
ned
(Font)              using `^^@^^@^^@^^@^^@^^@^^@^^@^^@^^@^^@^^@^^@^^@^^@^^@^^@^
^@^^@^^@^^@^^@^^@^^@^^@^^@^^@^^@^^@^^@^^@^^@^^@^^@^^@^^@^^@^^@^^@^^@^^@^^@^^@^^
@^^@^^@^^@^^@^^@^^@^^@^^@^^@^^@^^@^^@^^@^^@^^@^^@^^@^^@^^@^^@^^@^^@^^@^^@^^@^^@
^^@^^@^^@^^@^^@^^@^^@^^@^^@^^@^^@^^@^^@^^@^^@^^@^^@^^@^^@^^@^^@^^@^^@^^@^^@^^@^
^@^^@^^@^^@^^@^^@^^@^^@^^@^^@^^@^^@^^@^^@^^@^^@^^@^^@^^@^^@^^@^^@^^@^^@^^@^^@^^
@^^@^^@^^@^^@^^@^^@^^@^^@^^@^^@^^@^^@^^@^^@^^@^^@^^@^^@^^@^^@^^@^^@^^@^^@^^@^^@
^^@^^@^^@^^@^^@^^@^^@^^@^^@^^@^^@^^@^^@^^@^^@^^@^^@^^@^^@^^@^^@^^@^^@^^@^^@^^@^
^@^^@^^@^^@^^@^^@^^@^^@^^@^^@^^@^^@^^@^^@^^@^^@^^@^^@^^@^^@^^@^^@^^@^^@^^@^^@^^
@^^@^^@^^@^^@^^@^^@^^@^^@^^@^^@^^@^^@^^@^^@^^@^^@^^@^^@^^@^^@^^@^^@^^@^^@^^@^^@
^^@^^@^^@^^@^^@^^@^^@^^@^^@^^@^^@^^@^^@^^@^^@^^@^^@OT1/cmr/m/n' instead on inpu
t line 414.

LaTeX Font Info:    Trying to load font information for ^^@^^@^^@^^@^^@^^@^^@^^
@^^@^^@^^@^^@^^@^^@^^@^^@^^@^^@^^@^^@^^@^^@^^@^^@^^@^^@^^@^^@^^@^^@^^@^^@^^@^^@
^^@^^@^^@^^@^^@^^@^^@^^@^^@^^@^^@^^@^^@^^@^^@^^@^^@^^@^^@^^@^^@^^@^^@^^@^^@^^@^
^@^^@^^@^^@^^@^^@^^@^^@^^@^^@^^@^^@^^@^^@^^@^^@^^@^^@^^@^^@^^@^^@^^@^^@^^@^^@^^
@^^@^^@^^@^^@^^@^^@^^@^^@^^@^^@^^@^^@^^@^^@^^@^^@^^@^^@^^@^^@^^@^^@^^@^^@^^@^^@
^^@^^@^^@^^@^^@^^@^^@^^@^^@^^@^^@^^@^^@^^@^^@^^@^^@^^@^^@^^@^^@^^@^^@^^@^^@^^@^
^@^^@^^@^^@^^@^^@^^@^^@^^@^^@^^@^^@^^@^^@^^@^^@^^@^^@^^@^^@^^@^^@^^@^^@^^@^^@^^
@^^@^^@^^@^^@^^@^^@^^@^^@^^@^^@^^@^^@^^@^^@^^@^^@^^@^^@^^@^^@^^@^^@^^@^^@^^@^^@
^^@^^@^^@^^@^^@^^@^^@^^@^^@^^@^^@^^@^^@^^@^^@^^@^^@^^@^^@^^@^^@^^@^^@^^@^^@^^@^
^@^^@^^@^^@^^@^^@^^@^^@^^@^^@^^@^^@^^@^^@^^@^^@^^@^^@^^@^^@^^@^^@^^@^^@^^@^^@^^
@^^@OT1+cmr on input line 414.
(/usr/share/texlive/texmf-dist/tex/latex/tools/.tex Fileignored)

LaTeX Font Warning: Font shape `^^@^^@^^@^^@^^@^^@^^@^^@^^@^^@^^@^^@^^@^^@^^@^^
@^^@^^@^^@^^@^^@^^@^^@^^@^^@^^@^^@^^@^^@^^@^^@^^@^^@^^@^^@^^@^^@^^@^^@^^@^^@^^@
^^@^^@^^@^^@^^@^^@^^@^^@^^@^^@^^@^^@^^@^^@^^@^^@^^@^^@^^@^^@^^@^^@^^@^^@^^@^^@^
^@^^@^^@^^@^^@^^@^^@^^@^^@^^@^^@^^@^^@^^@^^@^^@^^@^^@^^@^^@^^@^^@^^@^^@^^@^^@^^
@^^@^^@^^@^^@^^@^^@^^@^^@^^@^^@^^@^^@^^@^^@^^@^^@^^@^^@^^@^^@^^@^^@^^@^^@^^@^^@
^^@^^@^^@^^@^^@^^@^^@^^@^^@^^@^^@^^@^^@^^@^^@^^@^^@^^@^^@^^@^^@^^@^^@^^@^^@^^@^
^@^^@^^@^^@^^@^^@^^@^^@^^@^^@^^@^^@^^@^^@^^@^^@^^@^^@^^@^^@^^@^^@^^@^^@^^@^^@^^
@^^@^^@^^@^^@^^@^^@^^@^^@^^@^^@^^@^^@^^@^^@^^@^^@^^@^^@^^@^^@^^@^^@^^@^^@^^@^^@
^^@^^@^^@^^@^^@^^@^^@^^@^^@^^@^^@^^@^^@^^@^^@^^@^^@^^@^^@^^@^^@^^@^^@^^@^^@^^@^
^@^^@^^@^^@^^@^^@^^@^^@^^@^^@^^@^^@^^@^^@^^@^^@^^@^^@^^@^^@^^@OT1/cmr/m/n' @und
efined
(Font)              using `^^@^^@^^@^^@^^@^^@^^@^^@^^@^^@^^@^^@^^@^^@^^@^^@^^@^
^@^^@^^@^^@^^@^^@^^@^^@^^@^^@^^@^^@^^@^^@^^@^^@^^@^^@^^@^^@^^@^^@^^@^^@^^@^^@^^
@^^@^^@^^@^^@^^@^^@^^@^^@^^@^^@^^@^^@^^@^^@^^@^^@^^@^^@^^@^^@^^@^^@^^@^^@^^@^^@
^^@^^@^^@^^@^^@^^@^^@^^@^^@^^@^^@^^@^^@^^@^^@^^@^^@^^@^^@^^@^^@^^@^^@^^@^^@^^@^
^@^^@^^@^^@^^@^^@^^@^^@^^@^^@^^@^^@^^@^^@^^@^^@^^@^^@^^@^^@^^@^^@^^@^^@^^@^^@^^
@^^@^^@^^@^^@^^@^^@^^@^^@^^@^^@^^@^^@^^@^^@^^@^^@^^@^^@^^@^^@^^@^^@^^@^^@^^@^^@
^^@^^@^^@^^@^^@^^@^^@^^@^^@^^@^^@^^@^^@^^@^^@^^@^^@^^@^^@^^@^^@^^@^^@^^@^^@^^@^
^@^^@^^@^^@^^@^^@^^@^^@^^@^^@^^@^^@^^@^^@^^@^^@^^@^^@^^@^^@^^@^^@^^@^^@^^@^^@^^
@^^@^^@^^@^^@^^@^^@^^@^^@^^@^^@^^@^^@^^@^^@^^@^^@^^@^^@^^@^^@^^@^^@^^@^^@^^@^^@
^^@^^@^^@^^@^^@^^@^^@^^@^^@^^@^^@^^@^^@^^@^^@^^@^^@^^@OT1/cmr/m/n' instead on i
nput line 414.

LaTeX Font Info:    Trying to load font information for ^^@^^@^^@^^@^^@^^@^^@^^
@^^@^^@^^@^^@^^@^^@^^@^^@^^@^^@^^@^^@^^@^^@^^@^^@^^@^^@^^@^^@^^@^^@^^@^^@^^@^^@
^^@^^@^^@^^@^^@^^@^^@^^@^^@^^@^^@^^@^^@^^@^^@^^@^^@^^@^^@^^@^^@^^@^^@^^@^^@^^@^
^@^^@^^@^^@^^@^^@^^@^^@^^@^^@^^@^^@^^@^^@^^@^^@^^@^^@^^@^^@^^@^^@^^@^^@^^@^^@^^
@^^@^^@^^@^^@^^@^^@^^@^^@^^@^^@^^@^^@^^@^^@^^@^^@^^@^^@^^@^^@^^@^^@^^@^^@^^@^^@
^^@^^@^^@^^@^^@^^@^^@^^@^^@^^@^^@^^@^^@^^@^^@^^@^^@^^@^^@^^@^^@^^@^^@^^@^^@^^@^
^@^^@^^@^^@^^@^^@^^@^^@^^@^^@^^@^^@^^@^^@^^@^^@^^@^^@^^@^^@^^@^^@^^@^^@^^@^^@^^
@^^@^^@^^@^^@^^@^^@^^@^^@^^@^^@^^@^^@^^@^^@^^@^^@^^@^^@^^@^^@^^@^^@^^@^^@^^@^^@
^^@^^@^^@^^@^^@^^@^^@^^@^^@^^@^^@^^@^^@^^@^^@^^@^^@^^@^^@^^@^^@^^@^^@^^@^^@^^@^
^@^^@^^@^^@^^@^^@^^@^^@^^@^^@^^@^^@^^@^^@^^@^^@^^@^^@^^@^^@^^@^^@^^@^^@^^@^^@^^
@^^@^^@OT1+cmr on input line 414.
(/usr/share/texlive/texmf-dist/tex/latex/tools/.tex Fileignored)

LaTeX Font Warning: Font shape `^^@^^@^^@^^@^^@^^@^^@^^@^^@^^@^^@^^@^^@^^@^^@^^
@^^@^^@^^@^^@^^@^^@^^@^^@^^@^^@^^@^^@^^@^^@^^@^^@^^@^^@^^@^^@^^@^^@^^@^^@^^@^^@
^^@^^@^^@^^@^^@^^@^^@^^@^^@^^@^^@^^@^^@^^@^^@^^@^^@^^@^^@^^@^^@^^@^^@^^@^^@^^@^
^@^^@^^@^^@^^@^^@^^@^^@^^@^^@^^@^^@^^@^^@^^@^^@^^@^^@^^@^^@^^@^^@^^@^^@^^@^^@^^
@^^@^^@^^@^^@^^@^^@^^@^^@^^@^^@^^@^^@^^@^^@^^@^^@^^@^^@^^@^^@^^@^^@^^@^^@^^@^^@
^^@^^@^^@^^@^^@^^@^^@^^@^^@^^@^^@^^@^^@^^@^^@^^@^^@^^@^^@^^@^^@^^@^^@^^@^^@^^@^
^@^^@^^@^^@^^@^^@^^@^^@^^@^^@^^@^^@^^@^^@^^@^^@^^@^^@^^@^^@^^@^^@^^@^^@^^@^^@^^
@^^@^^@^^@^^@^^@^^@^^@^^@^^@^^@^^@^^@^^@^^@^^@^^@^^@^^@^^@^^@^^@^^@^^@^^@^^@^^@
^^@^^@^^@^^@^^@^^@^^@^^@^^@^^@^^@^^@^^@^^@^^@^^@^^@^^@^^@^^@^^@^^@^^@^^@^^@^^@^
^@^^@^^@^^@^^@^^@^^@^^@^^@^^@^^@^^@^^@^^@^^@^^@^^@^^@^^@^^@^^@^^@OT1/cmr/m/n' @
undefined
(Font)              using `^^@^^@^^@^^@^^@^^@^^@^^@^^@^^@^^@^^@^^@^^@^^@^^@^^@^
^@^^@^^@^^@^^@^^@^^@^^@^^@^^@^^@^^@^^@^^@^^@^^@^^@^^@^^@^^@^^@^^@^^@^^@^^@^^@^^
@^^@^^@^^@^^@^^@^^@^^@^^@^^@^^@^^@^^@^^@^^@^^@^^@^^@^^@^^@^^@^^@^^@^^@^^@^^@^^@
^^@^^@^^@^^@^^@^^@^^@^^@^^@^^@^^@^^@^^@^^@^^@^^@^^@^^@^^@^^@^^@^^@^^@^^@^^@^^@^
^@^^@^^@^^@^^@^^@^^@^^@^^@^^@^^@^^@^^@^^@^^@^^@^^@^^@^^@^^@^^@^^@^^@^^@^^@^^@^^
@^^@^^@^^@^^@^^@^^@^^@^^@^^@^^@^^@^^@^^@^^@^^@^^@^^@^^@^^@^^@^^@^^@^^@^^@^^@^^@
^^@^^@^^@^^@^^@^^@^^@^^@^^@^^@^^@^^@^^@^^@^^@^^@^^@^^@^^@^^@^^@^^@^^@^^@^^@^^@^
^@^^@^^@^^@^^@^^@^^@^^@^^@^^@^^@^^@^^@^^@^^@^^@^^@^^@^^@^^@^^@^^@^^@^^@^^@^^@^^
@^^@^^@^^@^^@^^@^^@^^@^^@^^@^^@^^@^^@^^@^^@^^@^^@^^@^^@^^@^^@^^@^^@^^@^^@^^@^^@
^^@^^@^^@^^@^^@^^@^^@^^@^^@^^@^^@^^@^^@^^@^^@^^@^^@^^@^^@OT1/cmr/m/n' instead o
n input line 414.

LaTeX Font Info:    Trying to load font information for ^^@^^@^^@^^@^^@^^@^^@^^
@^^@^^@^^@^^@^^@^^@^^@^^@^^@^^@^^@^^@^^@^^@^^@^^@^^@^^@^^@^^@^^@^^@^^@^^@^^@^^@
^^@^^@^^@^^@^^@^^@^^@^^@^^@^^@^^@^^@^^@^^@^^@^^@^^@^^@^^@^^@^^@^^@^^@^^@^^@^^@^
^@^^@^^@^^@^^@^^@^^@^^@^^@^^@^^@^^@^^@^^@^^@^^@^^@^^@^^@^^@^^@^^@^^@^^@^^@^^@^^
@^^@^^@^^@^^@^^@^^@^^@^^@^^@^^@^^@^^@^^@^^@^^@^^@^^@^^@^^@^^@^^@^^@^^@^^@^^@^^@
^^@^^@^^@^^@^^@^^@^^@^^@^^@^^@^^@^^@^^@^^@^^@^^@^^@^^@^^@^^@^^@^^@^^@^^@^^@^^@^
^@^^@^^@^^@^^@^^@^^@^^@^^@^^@^^@^^@^^@^^@^^@^^@^^@^^@^^@^^@^^@^^@^^@^^@^^@^^@^^
@^^@^^@^^@^^@^^@^^@^^@^^@^^@^^@^^@^^@^^@^^@^^@^^@^^@^^@^^@^^@^^@^^@^^@^^@^^@^^@
^^@^^@^^@^^@^^@^^@^^@^^@^^@^^@^^@^^@^^@^^@^^@^^@^^@^^@^^@^^@^^@^^@^^@^^@^^@^^@^
^@^^@^^@^^@^^@^^@^^@^^@^^@^^@^^@^^@^^@^^@^^@^^@^^@^^@^^@^^@^^@^^@^^@^^@^^@^^@^^
@^^@^^@^^@OT1+cmr on input line 414.
(/usr/share/texlive/texmf-dist/tex/latex/tools/.tex Fileignored)

LaTeX Font Warning: Font shape `^^@^^@^^@^^@^^@^^@^^@^^@^^@^^@^^@^^@^^@^^@^^@^^
@^^@^^@^^@^^@^^@^^@^^@^^@^^@^^@^^@^^@^^@^^@^^@^^@^^@^^@^^@^^@^^@^^@^^@^^@^^@^^@
^^@^^@^^@^^@^^@^^@^^@^^@^^@^^@^^@^^@^^@^^@^^@^^@^^@^^@^^@^^@^^@^^@^^@^^@^^@^^@^
^@^^@^^@^^@^^@^^@^^@^^@^^@^^@^^@^^@^^@^^@^^@^^@^^@^^@^^@^^@^^@^^@^^@^^@^^@^^@^^
@^^@^^@^^@^^@^^@^^@^^@^^@^^@^^@^^@^^@^^@^^@^^@^^@^^@^^@^^@^^@^^@^^@^^@^^@^^@^^@
^^@^^@^^@^^@^^@^^@^^@^^@^^@^^@^^@^^@^^@^^@^^@^^@^^@^^@^^@^^@^^@^^@^^@^^@^^@^^@^
^@^^@^^@^^@^^@^^@^^@^^@^^@^^@^^@^^@^^@^^@^^@^^@^^@^^@^^@^^@^^@^^@^^@^^@^^@^^@^^
@^^@^^@^^@^^@^^@^^@^^@^^@^^@^^@^^@^^@^^@^^@^^@^^@^^@^^@^^@^^@^^@^^@^^@^^@^^@^^@
^^@^^@^^@^^@^^@^^@^^@^^@^^@^^@^^@^^@^^@^^@^^@^^@^^@^^@^^@^^@^^@^^@^^@^^@^^@^^@^
^@^^@^^@^^@^^@^^@^^@^^@^^@^^@^^@^^@^^@^^@^^@^^@^^@^^@^^@^^@^^@^^@^^@OT1/cmr/m/n
' @undefined
(Font)              using `^^@^^@^^@^^@^^@^^@^^@^^@^^@^^@^^@^^@^^@^^@^^@^^@^^@^
^@^^@^^@^^@^^@^^@^^@^^@^^@^^@^^@^^@^^@^^@^^@^^@^^@^^@^^@^^@^^@^^@^^@^^@^^@^^@^^
@^^@^^@^^@^^@^^@^^@^^@^^@^^@^^@^^@^^@^^@^^@^^@^^@^^@^^@^^@^^@^^@^^@^^@^^@^^@^^@
^^@^^@^^@^^@^^@^^@^^@^^@^^@^^@^^@^^@^^@^^@^^@^^@^^@^^@^^@^^@^^@^^@^^@^^@^^@^^@^
^@^^@^^@^^@^^@^^@^^@^^@^^@^^@^^@^^@^^@^^@^^@^^@^^@^^@^^@^^@^^@^^@^^@^^@^^@^^@^^
@^^@^^@^^@^^@^^@^^@^^@^^@^^@^^@^^@^^@^^@^^@^^@^^@^^@^^@^^@^^@^^@^^@^^@^^@^^@^^@
^^@^^@^^@^^@^^@^^@^^@^^@^^@^^@^^@^^@^^@^^@^^@^^@^^@^^@^^@^^@^^@^^@^^@^^@^^@^^@^
^@^^@^^@^^@^^@^^@^^@^^@^^@^^@^^@^^@^^@^^@^^@^^@^^@^^@^^@^^@^^@^^@^^@^^@^^@^^@^^
@^^@^^@^^@^^@^^@^^@^^@^^@^^@^^@^^@^^@^^@^^@^^@^^@^^@^^@^^@^^@^^@^^@^^@^^@^^@^^@
^^@^^@^^@^^@^^@^^@^^@^^@^^@^^@^^@^^@^^@^^@^^@^^@^^@^^@^^@^^@OT1/cmr/m/n' instea
d on input line 414.

LaTeX Font Info:    Trying to load font information for ^^@^^@^^@^^@^^@^^@^^@^^
@^^@^^@^^@^^@^^@^^@^^@^^@^^@^^@^^@^^@^^@^^@^^@^^@^^@^^@^^@^^@^^@^^@^^@^^@^^@^^@
^^@^^@^^@^^@^^@^^@^^@^^@^^@^^@^^@^^@^^@^^@^^@^^@^^@^^@^^@^^@^^@^^@^^@^^@^^@^^@^
^@^^@^^@^^@^^@^^@^^@^^@^^@^^@^^@^^@^^@^^@^^@^^@^^@^^@^^@^^@^^@^^@^^@^^@^^@^^@^^
@^^@^^@^^@^^@^^@^^@^^@^^@^^@^^@^^@^^@^^@^^@^^@^^@^^@^^@^^@^^@^^@^^@^^@^^@^^@^^@
^^@^^@^^@^^@^^@^^@^^@^^@^^@^^@^^@^^@^^@^^@^^@^^@^^@^^@^^@^^@^^@^^@^^@^^@^^@^^@^
^@^^@^^@^^@^^@^^@^^@^^@^^@^^@^^@^^@^^@^^@^^@^^@^^@^^@^^@^^@^^@^^@^^@^^@^^@^^@^^
@^^@^^@^^@^^@^^@^^@^^@^^@^^@^^@^^@^^@^^@^^@^^@^^@^^@^^@^^@^^@^^@^^@^^@^^@^^@^^@
^^@^^@^^@^^@^^@^^@^^@^^@^^@^^@^^@^^@^^@^^@^^@^^@^^@^^@^^@^^@^^@^^@^^@^^@^^@^^@^
^@^^@^^@^^@^^@^^@^^@^^@^^@^^@^^@^^@^^@^^@^^@^^@^^@^^@^^@^^@^^@^^@^^@^^@^^@^^@^^
@^^@^^@^^@^^@OT1+cmr on input line 414.
(/usr/share/texlive/texmf-dist/tex/latex/tools/.tex Fileignored)

LaTeX Font Warning: Font shape `^^@^^@^^@^^@^^@^^@^^@^^@^^@^^@^^@^^@^^@^^@^^@^^
@^^@^^@^^@^^@^^@^^@^^@^^@^^@^^@^^@^^@^^@^^@^^@^^@^^@^^@^^@^^@^^@^^@^^@^^@^^@^^@
^^@^^@^^@^^@^^@^^@^^@^^@^^@^^@^^@^^@^^@^^@^^@^^@^^@^^@^^@^^@^^@^^@^^@^^@^^@^^@^
^@^^@^^@^^@^^@^^@^^@^^@^^@^^@^^@^^@^^@^^@^^@^^@^^@^^@^^@^^@^^@^^@^^@^^@^^@^^@^^
@^^@^^@^^@^^@^^@^^@^^@^^@^^@^^@^^@^^@^^@^^@^^@^^@^^@^^@^^@^^@^^@^^@^^@^^@^^@^^@
^^@^^@^^@^^@^^@^^@^^@^^@^^@^^@^^@^^@^^@^^@^^@^^@^^@^^@^^@^^@^^@^^@^^@^^@^^@^^@^
^@^^@^^@^^@^^@^^@^^@^^@^^@^^@^^@^^@^^@^^@^^@^^@^^@^^@^^@^^@^^@^^@^^@^^@^^@^^@^^
@^^@^^@^^@^^@^^@^^@^^@^^@^^@^^@^^@^^@^^@^^@^^@^^@^^@^^@^^@^^@^^@^^@^^@^^@^^@^^@
^^@^^@^^@^^@^^@^^@^^@^^@^^@^^@^^@^^@^^@^^@^^@^^@^^@^^@^^@^^@^^@^^@^^@^^@^^@^^@^
^@^^@^^@^^@^^@^^@^^@^^@^^@^^@^^@^^@^^@^^@^^@^^@^^@^^@^^@^^@^^@^^@^^@^^@OT1/cmr/
m/n' @undefined
(Font)              using `^^@^^@^^@^^@^^@^^@^^@^^@^^@^^@^^@^^@^^@^^@^^@^^@^^@^
^@^^@^^@^^@^^@^^@^^@^^@^^@^^@^^@^^@^^@^^@^^@^^@^^@^^@^^@^^@^^@^^@^^@^^@^^@^^@^^
@^^@^^@^^@^^@^^@^^@^^@^^@^^@^^@^^@^^@^^@^^@^^@^^@^^@^^@^^@^^@^^@^^@^^@^^@^^@^^@
^^@^^@^^@^^@^^@^^@^^@^^@^^@^^@^^@^^@^^@^^@^^@^^@^^@^^@^^@^^@^^@^^@^^@^^@^^@^^@^
^@^^@^^@^^@^^@^^@^^@^^@^^@^^@^^@^^@^^@^^@^^@^^@^^@^^@^^@^^@^^@^^@^^@^^@^^@^^@^^
@^^@^^@^^@^^@^^@^^@^^@^^@^^@^^@^^@^^@^^@^^@^^@^^@^^@^^@^^@^^@^^@^^@^^@^^@^^@^^@
^^@^^@^^@^^@^^@^^@^^@^^@^^@^^@^^@^^@^^@^^@^^@^^@^^@^^@^^@^^@^^@^^@^^@^^@^^@^^@^
^@^^@^^@^^@^^@^^@^^@^^@^^@^^@^^@^^@^^@^^@^^@^^@^^@^^@^^@^^@^^@^^@^^@^^@^^@^^@^^
@^^@^^@^^@^^@^^@^^@^^@^^@^^@^^@^^@^^@^^@^^@^^@^^@^^@^^@^^@^^@^^@^^@^^@^^@^^@^^@
^^@^^@^^@^^@^^@^^@^^@^^@^^@^^@^^@^^@^^@^^@^^@^^@^^@^^@^^@^^@^^@OT1/cmr/m/n' ins
tead on input line 414.

LaTeX Font Info:    Trying to load font information for ^^@^^@^^@^^@^^@^^@^^@^^
@^^@^^@^^@^^@^^@^^@^^@^^@^^@^^@^^@^^@^^@^^@^^@^^@^^@^^@^^@^^@^^@^^@^^@^^@^^@^^@
^^@^^@^^@^^@^^@^^@^^@^^@^^@^^@^^@^^@^^@^^@^^@^^@^^@^^@^^@^^@^^@^^@^^@^^@^^@^^@^
^@^^@^^@^^@^^@^^@^^@^^@^^@^^@^^@^^@^^@^^@^^@^^@^^@^^@^^@^^@^^@^^@^^@^^@^^@^^@^^
@^^@^^@^^@^^@^^@^^@^^@^^@^^@^^@^^@^^@^^@^^@^^@^^@^^@^^@^^@^^@^^@^^@^^@^^@^^@^^@
^^@^^@^^@^^@^^@^^@^^@^^@^^@^^@^^@^^@^^@^^@^^@^^@^^@^^@^^@^^@^^@^^@^^@^^@^^@^^@^
^@^^@^^@^^@^^@^^@^^@^^@^^@^^@^^@^^@^^@^^@^^@^^@^^@^^@^^@^^@^^@^^@^^@^^@^^@^^@^^
@^^@^^@^^@^^@^^@^^@^^@^^@^^@^^@^^@^^@^^@^^@^^@^^@^^@^^@^^@^^@^^@^^@^^@^^@^^@^^@
^^@^^@^^@^^@^^@^^@^^@^^@^^@^^@^^@^^@^^@^^@^^@^^@^^@^^@^^@^^@^^@^^@^^@^^@^^@^^@^
^@^^@^^@^^@^^@^^@^^@^^@^^@^^@^^@^^@^^@^^@^^@^^@^^@^^@^^@^^@^^@^^@^^@^^@^^@^^@^^
@^^@^^@^^@^^@^^@OT1+cmr on input line 414.
(/usr/share/texlive/texmf-dist/tex/latex/tools/.tex Fileignored)

LaTeX Font Warning: Font shape `^^@^^@^^@^^@^^@^^@^^@^^@^^@^^@^^@^^@^^@^^@^^@^^
@^^@^^@^^@^^@^^@^^@^^@^^@^^@^^@^^@^^@^^@^^@^^@^^@^^@^^@^^@^^@^^@^^@^^@^^@^^@^^@
^^@^^@^^@^^@^^@^^@^^@^^@^^@^^@^^@^^@^^@^^@^^@^^@^^@^^@^^@^^@^^@^^@^^@^^@^^@^^@^
^@^^@^^@^^@^^@^^@^^@^^@^^@^^@^^@^^@^^@^^@^^@^^@^^@^^@^^@^^@^^@^^@^^@^^@^^@^^@^^
@^^@^^@^^@^^@^^@^^@^^@^^@^^@^^@^^@^^@^^@^^@^^@^^@^^@^^@^^@^^@^^@^^@^^@^^@^^@^^@
^^@^^@^^@^^@^^@^^@^^@^^@^^@^^@^^@^^@^^@^^@^^@^^@^^@^^@^^@^^@^^@^^@^^@^^@^^@^^@^
^@^^@^^@^^@^^@^^@^^@^^@^^@^^@^^@^^@^^@^^@^^@^^@^^@^^@^^@^^@^^@^^@^^@^^@^^@^^@^^
@^^@^^@^^@^^@^^@^^@^^@^^@^^@^^@^^@^^@^^@^^@^^@^^@^^@^^@^^@^^@^^@^^@^^@^^@^^@^^@
^^@^^@^^@^^@^^@^^@^^@^^@^^@^^@^^@^^@^^@^^@^^@^^@^^@^^@^^@^^@^^@^^@^^@^^@^^@^^@^
^@^^@^^@^^@^^@^^@^^@^^@^^@^^@^^@^^@^^@^^@^^@^^@^^@^^@^^@^^@^^@^^@^^@^^@^^@OT1/c
mr/m/n' @undefined
(Font)              using `^^@^^@^^@^^@^^@^^@^^@^^@^^@^^@^^@^^@^^@^^@^^@^^@^^@^
^@^^@^^@^^@^^@^^@^^@^^@^^@^^@^^@^^@^^@^^@^^@^^@^^@^^@^^@^^@^^@^^@^^@^^@^^@^^@^^
@^^@^^@^^@^^@^^@^^@^^@^^@^^@^^@^^@^^@^^@^^@^^@^^@^^@^^@^^@^^@^^@^^@^^@^^@^^@^^@
^^@^^@^^@^^@^^@^^@^^@^^@^^@^^@^^@^^@^^@^^@^^@^^@^^@^^@^^@^^@^^@^^@^^@^^@^^@^^@^
^@^^@^^@^^@^^@^^@^^@^^@^^@^^@^^@^^@^^@^^@^^@^^@^^@^^@^^@^^@^^@^^@^^@^^@^^@^^@^^
@^^@^^@^^@^^@^^@^^@^^@^^@^^@^^@^^@^^@^^@^^@^^@^^@^^@^^@^^@^^@^^@^^@^^@^^@^^@^^@
^^@^^@^^@^^@^^@^^@^^@^^@^^@^^@^^@^^@^^@^^@^^@^^@^^@^^@^^@^^@^^@^^@^^@^^@^^@^^@^
^@^^@^^@^^@^^@^^@^^@^^@^^@^^@^^@^^@^^@^^@^^@^^@^^@^^@^^@^^@^^@^^@^^@^^@^^@^^@^^
@^^@^^@^^@^^@^^@^^@^^@^^@^^@^^@^^@^^@^^@^^@^^@^^@^^@^^@^^@^^@^^@^^@^^@^^@^^@^^@
^^@^^@^^@^^@^^@^^@^^@^^@^^@^^@^^@^^@^^@^^@^^@^^@^^@^^@^^@^^@^^@^^@OT1/cmr/m/n' 
instead on input line 414.

LaTeX Font Info:    Trying to load font information for ^^@^^@^^@^^@^^@^^@^^@^^
@^^@^^@^^@^^@^^@^^@^^@^^@^^@^^@^^@^^@^^@^^@^^@^^@^^@^^@^^@^^@^^@^^@^^@^^@^^@^^@
^^@^^@^^@^^@^^@^^@^^@^^@^^@^^@^^@^^@^^@^^@^^@^^@^^@^^@^^@^^@^^@^^@^^@^^@^^@^^@^
^@^^@^^@^^@^^@^^@^^@^^@^^@^^@^^@^^@^^@^^@^^@^^@^^@^^@^^@^^@^^@^^@^^@^^@^^@^^@^^
@^^@^^@^^@^^@^^@^^@^^@^^@^^@^^@^^@^^@^^@^^@^^@^^@^^@^^@^^@^^@^^@^^@^^@^^@^^@^^@
^^@^^@^^@^^@^^@^^@^^@^^@^^@^^@^^@^^@^^@^^@^^@^^@^^@^^@^^@^^@^^@^^@^^@^^@^^@^^@^
^@^^@^^@^^@^^@^^@^^@^^@^^@^^@^^@^^@^^@^^@^^@^^@^^@^^@^^@^^@^^@^^@^^@^^@^^@^^@^^
@^^@^^@^^@^^@^^@^^@^^@^^@^^@^^@^^@^^@^^@^^@^^@^^@^^@^^@^^@^^@^^@^^@^^@^^@^^@^^@
^^@^^@^^@^^@^^@^^@^^@^^@^^@^^@^^@^^@^^@^^@^^@^^@^^@^^@^^@^^@^^@^^@^^@^^@^^@^^@^
^@^^@^^@^^@^^@^^@^^@^^@^^@^^@^^@^^@^^@^^@^^@^^@^^@^^@^^@^^@^^@^^@^^@^^@^^@^^@^^
@^^@^^@^^@^^@^^@^^@OT1+cmr on input line 414.
(/usr/share/texlive/texmf-dist/tex/latex/tools/.tex Fileignored)

LaTeX Font Warning: Font shape `^^@^^@^^@^^@^^@^^@^^@^^@^^@^^@^^@^^@^^@^^@^^@^^
@^^@^^@^^@^^@^^@^^@^^@^^@^^@^^@^^@^^@^^@^^@^^@^^@^^@^^@^^@^^@^^@^^@^^@^^@^^@^^@
^^@^^@^^@^^@^^@^^@^^@^^@^^@^^@^^@^^@^^@^^@^^@^^@^^@^^@^^@^^@^^@^^@^^@^^@^^@^^@^
^@^^@^^@^^@^^@^^@^^@^^@^^@^^@^^@^^@^^@^^@^^@^^@^^@^^@^^@^^@^^@^^@^^@^^@^^@^^@^^
@^^@^^@^^@^^@^^@^^@^^@^^@^^@^^@^^@^^@^^@^^@^^@^^@^^@^^@^^@^^@^^@^^@^^@^^@^^@^^@
^^@^^@^^@^^@^^@^^@^^@^^@^^@^^@^^@^^@^^@^^@^^@^^@^^@^^@^^@^^@^^@^^@^^@^^@^^@^^@^
^@^^@^^@^^@^^@^^@^^@^^@^^@^^@^^@^^@^^@^^@^^@^^@^^@^^@^^@^^@^^@^^@^^@^^@^^@^^@^^
@^^@^^@^^@^^@^^@^^@^^@^^@^^@^^@^^@^^@^^@^^@^^@^^@^^@^^@^^@^^@^^@^^@^^@^^@^^@^^@
^^@^^@^^@^^@^^@^^@^^@^^@^^@^^@^^@^^@^^@^^@^^@^^@^^@^^@^^@^^@^^@^^@^^@^^@^^@^^@^
^@^^@^^@^^@^^@^^@^^@^^@^^@^^@^^@^^@^^@^^@^^@^^@^^@^^@^^@^^@^^@^^@^^@^^@^^@^^@OT
1/cmr/m/n' @undefined
(Font)              using `^^@^^@^^@^^@^^@^^@^^@^^@^^@^^@^^@^^@^^@^^@^^@^^@^^@^
^@^^@^^@^^@^^@^^@^^@^^@^^@^^@^^@^^@^^@^^@^^@^^@^^@^^@^^@^^@^^@^^@^^@^^@^^@^^@^^
@^^@^^@^^@^^@^^@^^@^^@^^@^^@^^@^^@^^@^^@^^@^^@^^@^^@^^@^^@^^@^^@^^@^^@^^@^^@^^@
^^@^^@^^@^^@^^@^^@^^@^^@^^@^^@^^@^^@^^@^^@^^@^^@^^@^^@^^@^^@^^@^^@^^@^^@^^@^^@^
^@^^@^^@^^@^^@^^@^^@^^@^^@^^@^^@^^@^^@^^@^^@^^@^^@^^@^^@^^@^^@^^@^^@^^@^^@^^@^^
@^^@^^@^^@^^@^^@^^@^^@^^@^^@^^@^^@^^@^^@^^@^^@^^@^^@^^@^^@^^@^^@^^@^^@^^@^^@^^@
^^@^^@^^@^^@^^@^^@^^@^^@^^@^^@^^@^^@^^@^^@^^@^^@^^@^^@^^@^^@^^@^^@^^@^^@^^@^^@^
^@^^@^^@^^@^^@^^@^^@^^@^^@^^@^^@^^@^^@^^@^^@^^@^^@^^@^^@^^@^^@^^@^^@^^@^^@^^@^^
@^^@^^@^^@^^@^^@^^@^^@^^@^^@^^@^^@^^@^^@^^@^^@^^@^^@^^@^^@^^@^^@^^@^^@^^@^^@^^@
^^@^^@^^@^^@^^@^^@^^@^^@^^@^^@^^@^^@^^@^^@^^@^^@^^@^^@^^@^^@^^@^^@^^@OT1/cmr/m/
n' instead on input line 414.

LaTeX Font Info:    Trying to load font information for ^^@^^@^^@^^@^^@^^@^^@^^
@^^@^^@^^@^^@^^@^^@^^@^^@^^@^^@^^@^^@^^@^^@^^@^^@^^@^^@^^@^^@^^@^^@^^@^^@^^@^^@
^^@^^@^^@^^@^^@^^@^^@^^@^^@^^@^^@^^@^^@^^@^^@^^@^^@^^@^^@^^@^^@^^@^^@^^@^^@^^@^
^@^^@^^@^^@^^@^^@^^@^^@^^@^^@^^@^^@^^@^^@^^@^^@^^@^^@^^@^^@^^@^^@^^@^^@^^@^^@^^
@^^@^^@^^@^^@^^@^^@^^@^^@^^@^^@^^@^^@^^@^^@^^@^^@^^@^^@^^@^^@^^@^^@^^@^^@^^@^^@
^^@^^@^^@^^@^^@^^@^^@^^@^^@^^@^^@^^@^^@^^@^^@^^@^^@^^@^^@^^@^^@^^@^^@^^@^^@^^@^
^@^^@^^@^^@^^@^^@^^@^^@^^@^^@^^@^^@^^@^^@^^@^^@^^@^^@^^@^^@^^@^^@^^@^^@^^@^^@^^
@^^@^^@^^@^^@^^@^^@^^@^^@^^@^^@^^@^^@^^@^^@^^@^^@^^@^^@^^@^^@^^@^^@^^@^^@^^@^^@
^^@^^@^^@^^@^^@^^@^^@^^@^^@^^@^^@^^@^^@^^@^^@^^@^^@^^@^^@^^@^^@^^@^^@^^@^^@^^@^
^@^^@^^@^^@^^@^^@^^@^^@^^@^^@^^@^^@^^@^^@^^@^^@^^@^^@^^@^^@^^@^^@^^@^^@^^@^^@^^
@^^@^^@^^@^^@^^@^^@^^@OT1+cmr on input line 414.
(/usr/share/texlive/texmf-dist/tex/latex/tools/.tex Fileignored)

LaTeX Font Warning: Font shape `^^@^^@^^@^^@^^@^^@^^@^^@^^@^^@^^@^^@^^@^^@^^@^^
@^^@^^@^^@^^@^^@^^@^^@^^@^^@^^@^^@^^@^^@^^@^^@^^@^^@^^@^^@^^@^^@^^@^^@^^@^^@^^@
^^@^^@^^@^^@^^@^^@^^@^^@^^@^^@^^@^^@^^@^^@^^@^^@^^@^^@^^@^^@^^@^^@^^@^^@^^@^^@^
^@^^@^^@^^@^^@^^@^^@^^@^^@^^@^^@^^@^^@^^@^^@^^@^^@^^@^^@^^@^^@^^@^^@^^@^^@^^@^^
@^^@^^@^^@^^@^^@^^@^^@^^@^^@^^@^^@^^@^^@^^@^^@^^@^^@^^@^^@^^@^^@^^@^^@^^@^^@^^@
^^@^^@^^@^^@^^@^^@^^@^^@^^@^^@^^@^^@^^@^^@^^@^^@^^@^^@^^@^^@^^@^^@^^@^^@^^@^^@^
^@^^@^^@^^@^^@^^@^^@^^@^^@^^@^^@^^@^^@^^@^^@^^@^^@^^@^^@^^@^^@^^@^^@^^@^^@^^@^^
@^^@^^@^^@^^@^^@^^@^^@^^@^^@^^@^^@^^@^^@^^@^^@^^@^^@^^@^^@^^@^^@^^@^^@^^@^^@^^@
^^@^^@^^@^^@^^@^^@^^@^^@^^@^^@^^@^^@^^@^^@^^@^^@^^@^^@^^@^^@^^@^^@^^@^^@^^@^^@^
^@^^@^^@^^@^^@^^@^^@^^@^^@^^@^^@^^@^^@^^@^^@^^@^^@^^@^^@^^@^^@^^@^^@^^@^^@^^@^^
@OT1/cmr/m/n' @undefined
(Font)              using `^^@^^@^^@^^@^^@^^@^^@^^@^^@^^@^^@^^@^^@^^@^^@^^@^^@^
^@^^@^^@^^@^^@^^@^^@^^@^^@^^@^^@^^@^^@^^@^^@^^@^^@^^@^^@^^@^^@^^@^^@^^@^^@^^@^^
@^^@^^@^^@^^@^^@^^@^^@^^@^^@^^@^^@^^@^^@^^@^^@^^@^^@^^@^^@^^@^^@^^@^^@^^@^^@^^@
^^@^^@^^@^^@^^@^^@^^@^^@^^@^^@^^@^^@^^@^^@^^@^^@^^@^^@^^@^^@^^@^^@^^@^^@^^@^^@^
^@^^@^^@^^@^^@^^@^^@^^@^^@^^@^^@^^@^^@^^@^^@^^@^^@^^@^^@^^@^^@^^@^^@^^@^^@^^@^^
@^^@^^@^^@^^@^^@^^@^^@^^@^^@^^@^^@^^@^^@^^@^^@^^@^^@^^@^^@^^@^^@^^@^^@^^@^^@^^@
^^@^^@^^@^^@^^@^^@^^@^^@^^@^^@^^@^^@^^@^^@^^@^^@^^@^^@^^@^^@^^@^^@^^@^^@^^@^^@^
^@^^@^^@^^@^^@^^@^^@^^@^^@^^@^^@^^@^^@^^@^^@^^@^^@^^@^^@^^@^^@^^@^^@^^@^^@^^@^^
@^^@^^@^^@^^@^^@^^@^^@^^@^^@^^@^^@^^@^^@^^@^^@^^@^^@^^@^^@^^@^^@^^@^^@^^@^^@^^@
^^@^^@^^@^^@^^@^^@^^@^^@^^@^^@^^@^^@^^@^^@^^@^^@^^@^^@^^@^^@^^@^^@^^@^^@OT1/cmr
/m/n' instead on input line 414.

LaTeX Font Info:    Trying to load font information for ^^@^^@^^@^^@^^@^^@^^@^^
@^^@^^@^^@^^@^^@^^@^^@^^@^^@^^@^^@^^@^^@^^@^^@^^@^^@^^@^^@^^@^^@^^@^^@^^@^^@^^@
^^@^^@^^@^^@^^@^^@^^@^^@^^@^^@^^@^^@^^@^^@^^@^^@^^@^^@^^@^^@^^@^^@^^@^^@^^@^^@^
^@^^@^^@^^@^^@^^@^^@^^@^^@^^@^^@^^@^^@^^@^^@^^@^^@^^@^^@^^@^^@^^@^^@^^@^^@^^@^^
@^^@^^@^^@^^@^^@^^@^^@^^@^^@^^@^^@^^@^^@^^@^^@^^@^^@^^@^^@^^@^^@^^@^^@^^@^^@^^@
^^@^^@^^@^^@^^@^^@^^@^^@^^@^^@^^@^^@^^@^^@^^@^^@^^@^^@^^@^^@^^@^^@^^@^^@^^@^^@^
^@^^@^^@^^@^^@^^@^^@^^@^^@^^@^^@^^@^^@^^@^^@^^@^^@^^@^^@^^@^^@^^@^^@^^@^^@^^@^^
@^^@^^@^^@^^@^^@^^@^^@^^@^^@^^@^^@^^@^^@^^@^^@^^@^^@^^@^^@^^@^^@^^@^^@^^@^^@^^@
^^@^^@^^@^^@^^@^^@^^@^^@^^@^^@^^@^^@^^@^^@^^@^^@^^@^^@^^@^^@^^@^^@^^@^^@^^@^^@^
^@^^@^^@^^@^^@^^@^^@^^@^^@^^@^^@^^@^^@^^@^^@^^@^^@^^@^^@^^@^^@^^@^^@^^@^^@^^@^^
@^^@^^@^^@^^@^^@^^@^^@^^@OT1+cmr on input line 414.
(/usr/share/texlive/texmf-dist/tex/latex/tools/.tex Fileignored)

LaTeX Font Warning: Font shape `^^@^^@^^@^^@^^@^^@^^@^^@^^@^^@^^@^^@^^@^^@^^@^^
@^^@^^@^^@^^@^^@^^@^^@^^@^^@^^@^^@^^@^^@^^@^^@^^@^^@^^@^^@^^@^^@^^@^^@^^@^^@^^@
^^@^^@^^@^^@^^@^^@^^@^^@^^@^^@^^@^^@^^@^^@^^@^^@^^@^^@^^@^^@^^@^^@^^@^^@^^@^^@^
^@^^@^^@^^@^^@^^@^^@^^@^^@^^@^^@^^@^^@^^@^^@^^@^^@^^@^^@^^@^^@^^@^^@^^@^^@^^@^^
@^^@^^@^^@^^@^^@^^@^^@^^@^^@^^@^^@^^@^^@^^@^^@^^@^^@^^@^^@^^@^^@^^@^^@^^@^^@^^@
^^@^^@^^@^^@^^@^^@^^@^^@^^@^^@^^@^^@^^@^^@^^@^^@^^@^^@^^@^^@^^@^^@^^@^^@^^@^^@^
^@^^@^^@^^@^^@^^@^^@^^@^^@^^@^^@^^@^^@^^@^^@^^@^^@^^@^^@^^@^^@^^@^^@^^@^^@^^@^^
@^^@^^@^^@^^@^^@^^@^^@^^@^^@^^@^^@^^@^^@^^@^^@^^@^^@^^@^^@^^@^^@^^@^^@^^@^^@^^@
^^@^^@^^@^^@^^@^^@^^@^^@^^@^^@^^@^^@^^@^^@^^@^^@^^@^^@^^@^^@^^@^^@^^@^^@^^@^^@^
^@^^@^^@^^@^^@^^@^^@^^@^^@^^@^^@^^@^^@^^@^^@^^@^^@^^@^^@^^@^^@^^@^^@^^@^^@^^@^^
@^^@OT1/cmr/m/n' @undefined
(Font)              using `^^@^^@^^@^^@^^@^^@^^@^^@^^@^^@^^@^^@^^@^^@^^@^^@^^@^
^@^^@^^@^^@^^@^^@^^@^^@^^@^^@^^@^^@^^@^^@^^@^^@^^@^^@^^@^^@^^@^^@^^@^^@^^@^^@^^
@^^@^^@^^@^^@^^@^^@^^@^^@^^@^^@^^@^^@^^@^^@^^@^^@^^@^^@^^@^^@^^@^^@^^@^^@^^@^^@
^^@^^@^^@^^@^^@^^@^^@^^@^^@^^@^^@^^@^^@^^@^^@^^@^^@^^@^^@^^@^^@^^@^^@^^@^^@^^@^
^@^^@^^@^^@^^@^^@^^@^^@^^@^^@^^@^^@^^@^^@^^@^^@^^@^^@^^@^^@^^@^^@^^@^^@^^@^^@^^
@^^@^^@^^@^^@^^@^^@^^@^^@^^@^^@^^@^^@^^@^^@^^@^^@^^@^^@^^@^^@^^@^^@^^@^^@^^@^^@
^^@^^@^^@^^@^^@^^@^^@^^@^^@^^@^^@^^@^^@^^@^^@^^@^^@^^@^^@^^@^^@^^@^^@^^@^^@^^@^
^@^^@^^@^^@^^@^^@^^@^^@^^@^^@^^@^^@^^@^^@^^@^^@^^@^^@^^@^^@^^@^^@^^@^^@^^@^^@^^
@^^@^^@^^@^^@^^@^^@^^@^^@^^@^^@^^@^^@^^@^^@^^@^^@^^@^^@^^@^^@^^@^^@^^@^^@^^@^^@
^^@^^@^^@^^@^^@^^@^^@^^@^^@^^@^^@^^@^^@^^@^^@^^@^^@^^@^^@^^@^^@^^@^^@^^@^^@OT1/
cmr/m/n' instead on input line 414.

! TeX capacity exceeded, sorry [grouping levels=255].
^^@GenericInfo  #1#2->^^@begingroup 
                                    ^^@def ^^@MessageBreak {
#1}^^@set@displ...
l.414 \mcfamily\selectfont\normalsize
                                     
If you really absolutely need more capacity,
you can ask a wizard to enlarge me.

 
Here is how much of TeX's memory you used:
 3589 strings out of 479728
 291021 string characters out of 5885025
 475095 words of memory out of 5000000
 20967 multiletter control sequences out of 15000+600000
 469259 words of font info for 28 fonts, out of 8000000 for 9000
 264 hyphenation exceptions out of 8191
 540i,3n,90p,328b,8380s stack positions out of 5000i,500n,10000p,200000b,80000s
No pages of output.
