label,fc_f_min_mean,fc_f_min_std,fc_t_min_mean,fc_t_min_std,altitude_mean,cmd_joint1_pitch,meas_joint1_pitch,cmd_joint1_yaw,meas_joint1_yaw,cmd_joint2_pitch,meas_joint2_pitch,cmd_joint2_yaw,meas_joint2_yaw,cmd_joint3_pitch,meas_joint3_pitch,cmd_joint3_yaw,meas_joint3_yaw
grid_0000,1.2453013721413475,1.2796555101113014,0.5950195189933413,0.3111006551209053,0.9700755420949795,-0.6,-0.5809045684301086,0.0,0.04062888299549883,-0.6,-0.5623772369099509,0.0,-0.0010897350595033828,-0.6,-0.5785542650147333,0.0,-0.004897552033974684
grid_0001,0.9398830522805544,0.6260586360743886,0.6598195613481653,0.06698994559310469,0.9919014608636424,-0.6,-0.6085301182572049,0.0,0.017237773002835688,-0.6,-0.6197673649626045,0.0,0.0005924390663079038,-0.6,-0.6033843295165573,0.5235987755982988,0.4936004861877592
grid_0002,0.5440003388089696,0.41557018915725713,0.8432270762141065,0.26215488624179906,1.0014637720617723,-0.6,-0.6045319774227753,0.0,0.007412575133455945,-0.6,-0.6049125065579775,0.0,0.008621504655195622,-0.6,-0.5994802748194683,1.0471975511965976,1.0359104745754726
grid_0003,0.43324194711107006,0.47329138784411084,1.1625148314590246,0.19263536378520404,1.012538970608839,-0.6,-0.5954510781243973,0.0,0.008134739607045915,-0.6,-0.5906392574562238,0.0,0.0076446072144236155,-0.6,-0.596368061145296,1.5707963267948966,1.5563595922147115
grid_0004,0.35900568342825623,0.2750828386766323,1.3229828484327082,0.11421332397793972,0.9934388902100268,-0.6,-0.5988650355556091,0.0,0.01017783244844761,-0.6,-0.5942072243682572,0.0,0.0097648759729827,-0.2,-0.1961053514324611,1.5707963267948966,1.560068198884732
grid_0005,0.5496791716457492,0.5687966446602508,1.0818747279308805,0.1797211108452877,0.9999952611048467,-0.6,-0.6048936174387567,0.0,0.007546857677979801,-0.6,-0.606816160383123,0.0,0.008935641530765537,-0.2,-0.20186075971524353,1.0471975511965976,1.0397739276924023
grid_0006,1.3835738190798454,0.6201376269081618,0.5734499219060127,0.03744854188116005,0.9962416032266072,-0.6,-0.6157400272858586,0.0,0.01609247160036631,-0.6,-0.6301879296073736,0.0,-3.575520569842894e-05,-0.2,-0.21702699482517662,0.5235987755982988,0.5078581787744412
grid_0007,2.3279466312148935,1.5125119342584845,1.1515706101327896,0.01580510212573742,1.0003565654988764,-0.6,-0.618777870056757,0.0,0.010232285027353072,-0.6,-0.6269603275519211,0.0,-0.00597281854219478,-0.2,-0.21012438168632652,0.0,-0.011166005953406888
grid_0008,2.1089898588656077,0.8461937355293296,0.9198769149513082,0.02095546659201096,1.0014110859811636,-0.6,-0.6269188659128835,0.0,0.006467307632743058,-0.6,-0.6474566977975567,0.0,-0.012978176160608257,0.19999999999999996,0.17567310166101624,0.0,-0.014524163502716014
grid_0009,1.4174163751180586,0.7645243816438321,0.39349347753461217,0.03842642754441246,1.0002878610394577,-0.6,-0.6167736608346388,0.0,0.015569683696829983,-0.6,-0.638508838970206,0.0,-0.0008910974321398868,0.19999999999999996,0.17031802972257015,0.5235987755982988,0.5096158307892971
grid_0010,0.31671991456926485,0.29454680848831294,1.2139568597935362,0.21996440880378465,1.0014990498942602,-0.6,-0.6038920426162484,0.0,0.00963661036110608,-0.6,-0.6047919169765095,0.0,0.011189779264225486,0.19999999999999996,0.19575104660946785,1.0471975511965976,1.0445676834032254
grid_0011,0.24032381540069098,0.2299773772524741,1.2204602340282205,0.17743610043646652,1.0113023928189278,-0.6,-0.6011500989500052,0.0,0.010666401391434377,-0.6,-0.5972185404161783,0.0,0.009959354253560093,0.19999999999999996,0.20341861899119884,1.5707963267948966,1.5642120629013423
grid_0012,0.2707314568538379,0.21707132226094958,1.302342649818335,0.12208247128368153,0.9969630754045087,-0.6,-0.5972629017936812,0.0,0.009483302712981256,-0.6,-0.5929478291739345,0.0,0.00843669568959271,0.6,0.6025563723225043,1.5707963267948966,1.5686468739098274
grid_0013,0.5696962052129787,0.4200660852070231,1.234973231465314,0.19291014354677685,1.00273588947594,-0.6,-0.6033933079511895,0.0,0.010984954796770197,-0.6,-0.6046372799392383,0.0,0.011222134902689085,0.6,0.5948185964557133,1.0471975511965976,1.0494342196605073
grid_0014,1.8953866441522855,1.7103109138791706,0.2724823824785316,0.17372246530192592,1.0062087252872962,-0.6,-0.5974865326957151,0.0,0.002567689454126665,-0.6,-0.5896458633398547,0.0,0.019446324302870188,0.6,0.6035533519205716,0.5235987755982988,0.5385275171423158
grid_0015,2.0185605860857567,2.1947459619261704,0.47844875894086114,0.046420368928340956,1.000383217908285,-0.6,-0.622265748078819,0.0,0.003781485098328652,-0.6,-0.635984636348863,0.0,0.047393672430306566,0.6,0.58113172683343,0.0,0.04134842689141749
grid_0016,1.7524484483049967,1.469429488929401,0.5275044732438585,0.5220783970398095,0.9896196591136661,-0.6,-0.6031546217392769,0.0,0.007212373555763207,-0.6,-0.6050734252307057,0.5235987755982988,0.5316369165767325,0.6,0.5866415538333651,0.0,0.0008458221343179417
grid_0017,0.5398663830881232,0.42603766152230643,0.8025766199834177,0.207230568875934,0.9994999121100104,-0.6,-0.5963009123190766,0.0,0.007931743710082095,-0.6,-0.5971893874287009,0.5235987755982988,0.5312686034643539,0.6,0.5902857096103968,0.5235987755982988,0.5227727945577127
grid_0018,0.5422273569984213,0.3397146154350176,0.7329549994734498,0.13954543227902208,0.9968580586911553,-0.6,-0.5958377554341627,0.0,0.006652425322051236,-0.6,-0.5912851134011996,0.5235987755982988,0.5287881661374856,0.6,0.5967491837135892,1.0471975511965976,1.0463116021306718
grid_0019,0.303217972221998,0.37338582868438575,0.8250129475431777,0.1414106535795279,1.0014215838184926,-0.6,-0.5951985649327423,0.0,0.006642684892926631,-0.6,-0.5883109469316077,0.5235987755982988,0.5285354508759426,0.6,0.6030825141551963,1.5707963267948966,1.5699202827826957
grid_0020,0.40701426952594366,0.3851980623426937,0.7795530856193452,0.19838280144879644,0.9945273710210859,-0.6,-0.5951872051986111,0.0,0.0059372201872447405,-0.6,-0.5880053302926376,0.5235987755982988,0.5271784124978396,0.19999999999999996,0.2033937666457062,1.5707963267948966,1.5651388944707536
grid_0021,0.4160883021635349,0.35000547089347106,0.8377703590629142,0.22288675273080924,0.9976475314122804,-0.6,-0.595797082001873,0.0,0.006717725607683356,-0.6,-0.5907041957385939,0.5235987755982988,0.5304769347195153,0.19999999999999996,0.19946733070072487,1.0471975511965976,1.0425757332699863
grid_0022,0.5334671677196751,0.5875199370858274,1.0263085604958586,0.22886794472558258,0.9994714879250945,-0.6,-0.6001905250416009,0.0,0.00746200492679705,-0.6,-0.6014216120001779,0.5235987755982988,0.5326289524774115,0.19999999999999996,0.19190026736853305,0.5235987755982988,0.5220958694082309
grid_0023,0.49997810447322244,0.3725270787256012,0.9721081966233232,0.08929829162692081,0.9935791944202551,-0.6,-0.600737054643151,0.0,0.006947169176724444,-0.6,-0.6076177550046111,0.5235987755982988,0.5322784522175006,0.19999999999999996,0.1850185005662901,0.0,0.0009065180900105219
grid_0024,0.5220810891401659,0.4834879177511776,0.9014427238418575,0.10154558019547301,0.9991882422171156,-0.6,-0.6012013391691644,0.0,0.005564972053423212,-0.6,-0.6054495740552808,0.5235987755982988,0.530538140469818,-0.2,-0.20796394812413244,0.0,0.0002948725136198149
grid_0025,0.3427406321624799,0.35424702216500303,1.0234123192494833,0.19117049112018092,1.0062869092827635,-0.6,-0.6000167967393368,0.0,0.0054630818780108115,-0.6,-0.5983251934713323,0.5235987755982988,0.528961190925294,-0.2,-0.20238759773895154,0.5235987755982988,0.5198849605802156
grid_0026,0.53330407617865,0.4838072634689346,0.7285350963655878,0.21848944616563978,1.0020359221586932,-0.6,-0.5975370599049903,0.0,0.005625130664811628,-0.6,-0.5902604816242629,0.5235987755982988,0.5274803524957887,-0.2,-0.19850078592308584,1.0471975511965976,1.0399535243309783
grid_0027,0.565356894067733,0.3275135641540275,0.6761936811765017,0.10656898971646178,1.0039438002546093,-0.6,-0.5957661753088237,0.0,0.005895703711859213,-0.6,-0.5871350689251722,0.5235987755982988,0.5284179960474642,-0.2,-0.19458314292490986,1.5707963267948966,1.5622202218544006
grid_0028,0.12274330159742035,0.11610549851386165,0.893435353205204,0.12340100603197346,0.9974659205887988,-0.6,-0.596142853827784,0.0,0.005247692208753207,-0.6,-0.5855880921749588,0.5235987755982988,0.5263480115720052,-0.6,-0.5944048224292766,1.5707963267948966,1.553079039765258
grid_0029,0.951588294384264,0.6834128491121664,1.3118927411331631,0.20022591730102635,0.9908307958695373,-0.6,-0.5984018496244001,0.0,0.00687563695407345,-0.6,-0.5955612947256688,0.5235987755982988,0.5301784921116841,-0.6,-0.5971460428376618,1.0471975511965976,1.0324313923079353
grid_0030,0.41818990887422247,0.5143641398723791,1.1430112899767448,0.2667714688603974,1.0021476046663729,-0.6,-0.6010699635687642,0.0,0.005250307922192832,-0.6,-0.600453868647679,0.5235987755982988,0.5303103310048494,-0.6,-0.5985792305637059,0.5235987755982988,0.5175138703713946
grid_0031,0.3552386537814678,0.38005671516521033,0.8036012341475306,0.14140143014744813,0.9992042852510437,-0.6,-0.6018718487093349,0.0,0.004617873380093229,-0.6,-0.6055468673492941,0.5235987755982988,0.5295717697597508,-0.6,-0.5978400353934905,0.0,0.0014239742735817629
grid_0032,0.5042758548646749,0.35870960261607676,0.8193847617443094,0.3617137207503617,1.0119186621654368,-0.6,-0.5991600858970694,0.0,0.003971013380506427,-0.6,-0.5979404596082025,1.0471975511965976,1.0513598253168839,-0.6,-0.5990124361604341,0.0,-0.0008321308603109756
grid_0033,0.2814503616914689,0.24433991001975064,0.6314692620395392,0.2302112867840539,1.0002866609845045,-0.6,-0.5969132159968327,0.0,0.004105021367135642,-0.6,-0.5920197645849052,1.0471975511965976,1.0510259493112022,-0.6,-0.5980441604657996,0.5235987755982988,0.5155199235591645
grid_0034,0.37229774304057167,0.378742175593121,0.5123368538976046,0.2335935639998113,1.0061871151392137,-0.6,-0.5967480665708127,0.0,0.004437530524807443,-0.6,-0.5875525792236198,1.0471975511965976,1.0524026100633952,-0.6,-0.5974245585014915,1.0471975511965976,1.0361381690166702
grid_0035,0.2748819634831879,0.33505648976287317,0.2949535237793389,0.15385570489885647,0.9992529171584085,-0.6,-0.5948482854206931,0.0,0.0026117380335888285,-0.6,-0.5860453669417058,1.0471975511965976,1.0509123628481651,-0.6,-0.5966036238976642,1.5707963267948966,1.5612409378472663
grid_0036,0.2746375696343118,0.2882671495250689,0.13800870616641264,0.19657078168141628,0.9989968792744517,-0.6,-0.5941374560784052,0.0,0.0021900878533314128,-0.6,-0.584993402535857,1.0471975511965976,1.049574860986537,-0.2,-0.19649260500027577,1.5707963267948966,1.5659272034737182
grid_0037,0.12669666728021856,0.1658203257372496,0.4413133100081513,0.15006445517640307,1.0016944059830963,-0.6,-0.5945922023693644,0.0,0.0021659269141256488,-0.6,-0.586826292564508,1.0471975511965976,1.0478877523960515,-0.2,-0.1999737328035076,1.0471975511965976,1.0408978198644414
grid_0038,0.3337597090839773,0.34629199193817695,0.7285785659550741,0.3219021637581973,0.9963611067439203,-0.6,-0.5970262941052411,0.0,0.0033702754801963053,-0.6,-0.593283920726515,1.0471975511965976,1.0507832341144523,-0.2,-0.20226647089469818,0.5235987755982988,0.5180345096766512
grid_0039,0.3140082196713112,0.2589160339905834,0.772156404761474,0.24222929822570763,0.988568005263844,-0.6,-0.5976559859386388,0.0,0.0033762689833549686,-0.6,-0.5974299316783149,1.0471975511965976,1.0496472002136068,-0.2,-0.2038847437226332,0.0,-0.0013944728493848757
grid_0040,0.31318340620270047,0.5376915653954333,0.6283297192397052,0.18350503327708495,0.9987471845375394,-0.6,-0.5987823952118694,0.0,0.004188981231648903,-0.6,-0.59845613628472,1.0471975511965976,1.052461232010451,0.19999999999999996,0.1927969658442068,0.0,-0.0012540824349596136
grid_0041,0.46216025924665755,0.3225507685251507,0.5127023355302428,0.38715948983971493,1.00750201086622,-0.6,-0.5960017428714846,0.0,0.0034461485792052216,-0.6,-0.5923783266542202,1.0471975511965976,1.0512837604978449,0.19999999999999996,0.19552480058083788,0.5235987755982988,0.5197301281702149
grid_0042,0.3374831802384154,0.30666192460031216,0.1907795651961824,0.16121953935036087,1.0040401989099146,-0.6,-0.5953902759083052,0.0,0.002311654597480839,-0.6,-0.5853966542136106,1.0471975511965976,1.0484990944470791,0.19999999999999996,0.19972500338165933,1.0471975511965976,1.0458007402670404
grid_0043,0.213362928707619,0.29077072202811555,0.09103080485891149,0.1428624577870448,1.0071470817385704,-0.6,-0.5954260425082047,0.0,0.002816027203639493,-0.6,-0.5805132667402901,1.0471975511965976,1.0496998739886232,0.19999999999999996,0.20319317028553918,1.5707963267948966,1.5703625288624767
grid_0044,0.17186511792020973,0.1508016403032811,0.21204737028435824,0.1686754540354921,0.9994707739655828,-0.6,-0.5942929514979118,0.0,0.0019052678689179814,-0.6,-0.5812483213996948,1.0471975511965976,1.049446279490553,0.6,0.6012409014931217,1.5707963267948966,1.5708298689214883
grid_0045,0.2370619410423882,0.1987230933691188,0.1400563819725657,0.2160932862826558,0.9885705796300723,-0.6,-0.5946709547371682,0.0,0.0026988692340976783,-0.6,-0.5871977238576092,1.0471975511965976,1.050159716025159,0.6,0.5981530128786021,1.0471975511965976,1.0476577251086443
grid_0046,0.5383416938786799,0.3352687952249882,0.3846787258777114,0.38111330332883175,1.0051932894448146,-0.6,-0.5955473062955559,0.0,0.003064351121137676,-0.6,-0.5922924957588371,1.0471975511965976,1.049925093021793,0.6,0.5950245302988186,0.5235987755982988,0.5220951238239078
grid_0047,0.5680840137304515,0.3582427044503033,0.40534860793738314,0.15242753156307193,0.9956198465942011,-0.6,-0.5975152308271747,0.0,0.0032625457091937093,-0.6,-0.5993689327693952,1.0471975511965976,1.0500762653756404,0.6,0.590640964320059,0.0,-0.0036450046477076725
grid_0048,0.41920935077563215,0.35965064604585595,0.10867557789176421,0.11668401523490778,1.0053926600851897,-0.6,-0.5959809436819343,0.0,0.0009145668017689346,-0.6,-0.595914843844005,1.5707963267948966,1.5708491879207882,0.6,0.5958765473971006,0.0,-0.004546810489687303
grid_0049,0.30971727855007886,0.3460966713170478,0.35069543123403346,0.29159112276852933,1.005694596961851,-0.6,-0.5973592056760673,0.0,0.0010818613008645173,-0.6,-0.5916330144785391,1.5707963267948966,1.570936843134941,0.6,0.5990656072008029,0.5235987755982988,0.5262777992288639
grid_0050,0.34514198214659836,0.22786223280650447,0.2934553367852138,0.18153476862819695,1.0015319920097345,-0.6,-0.5944617675727324,0.0,0.0004667333364940518,-0.6,-0.5821134951707485,1.5707963267948966,1.5706798329879996,0.6,0.5995501053045844,1.0471975511965976,1.0558267181840373
grid_0051,0.3216100580455013,0.2032957637811767,0.03393231336978309,0.05311855726832618,1.0010104982115933,-0.6,-0.593699723358954,0.0,0.001598759540948791,-0.6,-0.5742115976115709,1.5707963267948966,1.5709550662820257,0.6,0.6002352698400779,1.5707963267948966,1.5709636555597557
grid_0052,0.371492855601291,0.31874494754751403,0.13615341370763914,0.12129561379560805,0.996488849351817,-0.6,-0.5926859839229754,0.0,0.001392429284099883,-0.6,-0.5701955119346582,1.5707963267948966,1.5708675079761614,0.19999999999999996,0.20102466659152007,1.5707963267948966,1.570900818662099
grid_0053,0.3383909711475947,0.3142745385636242,0.10354063419548203,0.09816735866883357,0.9985358215406045,-0.6,-0.5949099606987271,0.0,0.0006168885131261348,-0.6,-0.5813063543468484,1.5707963267948966,1.5708857908220502,0.19999999999999996,0.1978314340493199,1.0471975511965976,1.0519507737547675
grid_0054,0.31526605693945664,0.23123521016054388,0.13334405943370242,0.12951699231456493,1.0036384759160213,-0.6,-0.5953079129849259,0.0,0.0008489394152482177,-0.6,-0.591120483273345,1.5707963267948966,1.5708902750721734,0.19999999999999996,0.1951325720277879,0.5235987755982988,0.5231718893904027
grid_0055,0.9044449057584808,0.5262635729940496,0.1746939012272311,0.19428346966576204,0.9978118888113819,-0.6,-0.5974194565643671,0.0,0.0018357391589001182,-0.6,-0.5957049621912685,1.5707963267948966,1.5709227847616525,0.19999999999999996,0.193989932468555,0.0,-0.0030272859897095827
grid_0056,0.233476490666669,0.2689085500376693,0.34288130987038523,0.27327350869019157,0.9952525733584336,-0.6,-0.5939141198624602,0.0,0.0023078929944606585,-0.6,-0.5933500184413081,1.5707963267948966,1.5707977862135252,-0.2,-0.2046402247110093,0.0,-0.0029973197707393595
grid_0057,0.15829559337482046,0.14481019847787205,0.2212290637651458,0.18410633471640023,1.0072354255257425,-0.6,-0.5961563633160205,0.0,0.001948026732653041,-0.6,-0.5894572211279883,1.5707963267948966,1.570806353365148,-0.2,-0.20479515941726856,0.5235987755982988,0.5204430041688726
grid_0058,0.3340038050129631,0.3027619889380752,0.051687677719413974,0.07039635286771126,0.9969760158504629,-0.6,-0.5943397828701737,0.0,0.0015213187866036648,-0.6,-0.5822398883594664,1.5707963267948966,1.5709163246039788,-0.2,-0.20285666536040736,1.0471975511965976,1.0458590298431814
grid_0059,0.5090216000078496,0.28585453349356527,0.0940798922620655,0.10016683214701294,1.0108046012265544,-0.6,-0.5936657264860719,0.0,0.0006641073294755273,-0.6,-0.5739135346753388,1.5707963267948966,1.5708813207691854,-0.2,-0.19654368872601147,1.5707963267948966,1.5710187042887789
grid_0060,0.43479474586991146,0.25106854861196687,0.03090318433520841,0.07465348707290258,0.9966401200719481,-0.6,-0.5929453094706201,0.0,0.001915742283170374,-0.6,-0.5747418131705233,1.5707963267948966,1.570971618769299,-0.6,-0.5977017899794852,1.5707963267948966,1.5683998686204115
grid_0061,0.3735889295817393,0.2928414527484462,0.01642315630530669,0.033062985722869954,1.0018392997583885,-0.6,-0.5945046950910324,0.0,0.000995045836419628,-0.6,-0.5841272529232606,1.5707963267948966,1.5709102845462457,-0.6,-0.6020763865505199,1.0471975511965976,1.0412932525668674
grid_0062,0.41252496466919786,0.2619774259734526,0.20748204603988185,0.19831244744898588,0.9973720320395991,-0.6,-0.5938630281618815,0.0,0.0004347396122890146,-0.6,-0.5873528757207822,1.5707963267948966,1.570291243265137,-0.6,-0.6013655257459796,0.5235987755982988,0.5180293895854735
grid_0063,0.28177331198006617,0.22743870231012983,0.38052931450062055,0.3428119664006401,0.9977364228197831,-0.6,-0.5964681812715265,0.0,0.001970922398687236,-0.6,-0.5956416398265949,1.5707963267948966,1.570446767120222,-0.6,-0.6021915510355482,0.0,-0.003414944282342347
grid_0064,0.2919565452733917,0.27329670436930903,0.5555472049993269,0.4842514875571937,0.9978730433337987,-0.6,-0.5992746923372696,0.0,0.001787118342237548,-0.2,-0.1992597506662941,1.5707963267948966,1.5708282783821943,-0.6,-0.6011324557347786,0.0,0.0006997024719899159
grid_0065,0.36875489252276805,0.44272922594801833,0.47505274999665226,0.34689009316796865,1.0060467558303907,-0.6,-0.5974355273173808,0.0,0.002806800578446733,-0.2,-0.19261889517341046,1.5707963267948966,1.570897648096941,-0.6,-0.5989449370778477,0.5235987755982988,0.5203867202394541
grid_0066,0.1753875590917409,0.14796518431598546,0.4082551124959674,0.11792564381984831,1.0038635452923976,-0.6,-0.59569396915224,0.0,0.0015328053362919647,-0.2,-0.18815154497547049,1.5707963267948966,1.5707990321194725,-0.6,-0.5994278661862182,1.0471975511965976,1.0411440482046483
grid_0067,0.14863578317357368,0.12509101671904865,0.02104146327843987,0.04233832215030595,1.0025698643530447,-0.6,-0.5935061775887842,0.0,0.0017307368089571895,-0.2,-0.18291546603864717,1.5707963267948966,1.5709390434137909,-0.6,-0.5954771896759112,1.5707963267948966,1.5626108817121889
grid_0068,0.16191207320564605,0.11595884625022065,0.13229678241205448,0.11282248502675657,0.9979316432426726,-0.6,-0.5934163986336145,0.0,0.0011305038232727327,-0.2,-0.17617008622503594,1.5707963267948966,1.5708929035256451,-0.2,-0.1972379086860485,1.5707963267948966,1.5707713039702629
grid_0069,0.3851713441381772,0.22807802362115648,0.2726210509937571,0.2858725167392519,0.9998856973581063,-0.6,-0.5953338361052234,0.0,0.0009398242037566007,-0.2,-0.1873634070369894,1.5707963267948966,1.5708448815906833,-0.2,-0.20008506196362053,1.0471975511965976,1.0469250239090213
grid_0070,0.5735539659930167,0.3982828245165061,0.28908731945149746,0.31340586528664505,0.9991196324404349,-0.6,-0.5959374077992736,0.0,0.001743426572859974,-0.2,-0.1933387277557932,1.5707963267948966,1.5708409888672872,-0.2,-0.20397216571089505,0.5235987755982988,0.5236777271248574
grid_0071,0.7923208838293312,0.5438387954069074,0.6474884687464797,0.3041450960987692,0.9951640298357045,-0.6,-0.5898823385515986,0.0,0.0013793786257112473,-0.2,-0.19625010825260691,1.5707963267948966,1.5708847695653159,-0.2,-0.20956043414417547,0.0,0.00024780042354333176
grid_0072,0.7657499741785849,0.7805014828499104,0.03995607993742674,0.0609240907548585,1.0002260480593193,-0.6,-0.592956131565348,0.0,0.001849331488145367,-0.2,-0.19646716837297173,1.5707963267948966,1.570923295581112,0.19999999999999996,0.18774190730762097,0.0,-0.000469418766734897
grid_0073,0.5063827209090228,0.26832230851781025,0.3058775311043067,0.25507223830147413,0.9951525617942902,-0.6,-0.5960931272206027,0.0,0.0008917892817139617,-0.2,-0.19347351239523913,1.5707963267948966,1.5709204596925286,0.19999999999999996,0.19461970547081364,0.5235987755982988,0.5257813433495153
grid_0074,0.3246081469509606,0.2225840273624773,0.1090255588824767,0.1074978855965329,0.995934368402658,-0.6,-0.5950633614256144,0.0,0.0013390661668903903,-0.2,-0.18637403825385412,1.5707963267948966,1.5708995500187983,0.19999999999999996,0.19808407484244483,1.0471975511965976,1.0525208151411167
grid_0075,0.4211606979211949,0.2860949970119122,0.07602747960899377,0.09727509920295867,0.9982990286936406,-0.6,-0.5929302780351309,0.0,0.0022127851338167304,-0.2,-0.17562240630790882,1.5707963267948966,1.570974934982278,0.19999999999999996,0.20114334573411075,1.5707963267948966,1.570932692059265
grid_0076,0.351597095138322,0.30737223490658555,0.034219082507316735,0.06829700682204125,1.0072633162477074,-0.6,-0.5939930651459235,0.0,0.0010897172438566471,-0.2,-0.17861009655620208,1.5707963267948966,1.5709393454045397,0.6,0.6006815468072855,1.5707963267948966,1.570859071551391
grid_0077,0.32750188394054863,0.21414682486415537,0.021281529800299615,0.04736854808401774,0.9988432355074071,-0.6,-0.594777021967853,0.0,0.0010132114058887254,-0.2,-0.18914300584463817,1.5707963267948966,1.5708969446405128,0.6,0.5985242020520687,1.0471975511965976,1.0570109604152833
grid_0078,0.20526052370905118,0.18295129978726188,0.16377554188042293,0.1613397544245228,0.9966390644812051,-0.6,-0.5961529957695033,0.0,0.0002968688583546708,-0.2,-0.19094486214646533,1.5707963267948966,1.5708581640514456,0.6,0.5971989862643579,0.5235987755982988,0.5293525444186535
grid_0079,0.495984342488747,0.4623205656606654,0.31532845220157335,0.2963268404298734,1.0050529374341128,-0.6,-0.5972804257606352,0.0,0.0006711736462969853,-0.2,-0.19722890739072962,1.5707963267948966,1.5709086589544503,0.6,0.5960075031528032,0.0,-0.0006414462666066711
grid_0080,0.9585067774548353,0.498110730845338,0.36517324500915493,0.16700670899865092,0.9991671735513845,-0.6,-0.5974726069425413,0.0,0.001587558967470315,-0.2,-0.197766763186908,1.0471975511965976,1.05054133804975,0.6,0.5937994797200989,0.0,-0.0014517173079182655
grid_0081,0.40929611036631197,0.3092533988938429,0.13492257966052396,0.1474596890418778,0.9953018352607309,-0.6,-0.5951651072923649,0.0,0.0018062696292098224,-0.2,-0.18985079876768562,1.0471975511965976,1.0509308178608396,0.6,0.597805944159842,0.5235987755982988,0.5264265056640198
grid_0082,0.12671007035053183,0.1148087838615732,0.15368278584832648,0.17807837860386225,1.0069626037522612,-0.6,-0.5956564985763455,0.0,0.0019896377280650412,-0.2,-0.18565536578782016,1.0471975511965976,1.0542641058749984,0.6,0.5986644236752356,1.0471975511965976,1.0529398016741398
grid_0083,0.30865810975065905,0.3163705349750897,0.3969968597475225,0.26632232295467206,0.9877344650289415,-0.6,-0.595446237659707,0.0,0.0023548060281148864,-0.2,-0.18457645845673643,1.0471975511965976,1.0516654718112868,0.6,0.6011481051313874,1.5707963267948966,1.570802574041494
grid_0084,0.45785762360178683,0.27478214475025003,0.1223670482530889,0.1348907030672952,1.0017149298737764,-0.6,-0.5955035755046669,0.0,0.002893487723661714,-0.2,-0.18116333519112882,1.0471975511965976,1.0513131999865362,0.19999999999999996,0.2026331290660277,1.5707963267948966,1.5708219846149483
grid_0085,0.5946408366371614,0.39128594229672536,0.09969026107430294,0.09919907174272496,0.9985957842446733,-0.6,-0.5961587651349358,0.0,0.0029884317807447047,-0.2,-0.18640291561581268,1.0471975511965976,1.0525510126875348,0.19999999999999996,0.19954309240619672,1.0471975511965976,1.0503236233102458
grid_0086,0.4433730828457002,0.328233099792004,0.21137591695586555,0.21297479239568162,0.9998809172205307,-0.6,-0.5958253845141899,0.0,0.002075962429597844,-0.2,-0.19119728365714472,1.0471975511965976,1.0513081069802004,0.19999999999999996,0.19724137207699677,0.5235987755982988,0.5244902306767667
grid_0087,0.20615665690599522,0.17922366725566932,0.3909504778041496,0.07897873798090756,1.0046721676970858,-0.6,-0.5960665523883799,0.0,0.002364328623232659,-0.2,-0.19843602121204462,1.0471975511965976,1.0522293021571727,0.19999999999999996,0.1937780896845709,0.0,0.00022542484473930813
grid_0088,0.6006614083506905,0.40789207870938304,0.590047969569383,0.20035646304623067,1.0015122140206352,-0.6,-0.5919361803634802,0.0,0.0028226608447212698,-0.2,-0.19627456689819134,1.0471975511965976,1.0500996563231082,-0.2,-0.20836581213383631,0.0,0.00035661398707009795
grid_0089,0.1889633756553383,0.1834013516852956,0.5131208135752592,0.23602118283241325,1.0055646042066617,-0.6,-0.5966468161437124,0.0,0.0031959192670187875,-0.2,-0.19538160627047318,1.0471975511965976,1.0539547323458205,-0.2,-0.2030670775364749,0.5235987755982988,0.5238715767400617
grid_0090,0.21379536402977753,0.203407612871412,0.3767059704424899,0.20223388579794013,0.9964502042798273,-0.6,-0.5955625983910577,0.0,0.0029777040031477853,-0.2,-0.1892457165967132,1.0471975511965976,1.05285584270199,-0.2,-0.19856678939331918,1.0471975511965976,1.0453845024213706
grid_0091,0.17276610349987892,0.1593816246197177,0.401758732863268,0.1598145863341064,0.9993815457821038,-0.6,-0.595295799989537,0.0,0.002020529497859691,-0.2,-0.18260359312638297,1.0471975511965976,1.0517723810430581,-0.2,-0.1954583756556305,1.5707963267948966,1.568456230233954
grid_0092,0.22119076094774223,0.20406578323665348,0.3961371890724298,0.17668326419253153,0.9924324162677765,-0.6,-0.5953021227084037,0.0,0.001985546695188134,-0.2,-0.18652271775243268,1.0471975511965976,1.0514069196660305,-0.6,-0.5953736496609938,1.5707963267948966,1.5634494032696962
grid_0093,0.2247375592802765,0.200281725941476,0.4454660850654646,0.22591547572143988,0.9948460829857424,-0.6,-0.595010565475917,0.0,0.0026421947426760184,-0.2,-0.19018299421635465,1.0471975511965976,1.0493746091099796,-0.6,-0.598157059834179,1.0471975511965976,1.039880618703548
grid_0094,0.21449121253875353,0.19091429933459939,0.7822367286759587,0.2364344164067225,0.998314181052217,-0.6,-0.5976956280189363,0.0,0.0036975697489998183,-0.2,-0.19621528165978397,1.0471975511965976,1.052731229602962,-0.6,-0.5993741036950091,0.5235987755982988,0.5212404417678655
grid_0095,0.5545681793865606,0.37232491602308965,0.736979598163241,0.2512445805416624,0.9954341984925122,-0.6,-0.5986269128144102,0.0,0.003621667208251189,-0.2,-0.19981651631223496,1.0471975511965976,1.0530150530122127,-0.6,-0.5978057704610098,0.0,0.002057397928762583
grid_0096,0.398961282847421,0.40316789978718864,1.1282463099097677,0.049724710021699564,0.9906438344472089,-0.6,-0.6049794755950204,0.0,0.005518768758893344,-0.2,-0.21090106125086816,0.5235987755982988,0.5346600257203589,-0.6,-0.6044937968109378,0.0,0.004981869806874428
grid_0097,0.4476419621086697,0.42925807217769535,1.0561139795219652,0.22368894781210896,1.00675897114247,-0.6,-0.5996384447076872,0.0,0.005529053648833049,-0.2,-0.2005667464172669,0.5235987755982988,0.5348662210914741,-0.6,-0.6011560128931466,0.5235987755982988,0.5229481259727162
grid_0098,0.37017809257142653,0.3556069960648954,0.6977481159226666,0.13739967933397154,1.0037836065675814,-0.6,-0.5968564407671959,0.0,0.00533148955997742,-0.2,-0.19228565207168824,0.5235987755982988,0.531208520737013,-0.6,-0.5969708266949318,1.0471975511965976,1.0419641841692933
grid_0099,0.4542380498221038,0.37188179070032434,0.8950189150803188,0.2176616648576984,1.0015804196341058,-0.6,-0.5955412970417866,0.0,0.005251526878313761,-0.2,-0.18217330173278778,0.5235987755982988,0.5319626795053463,-0.6,-0.594970276398131,1.5707963267948966,1.5629761335815289
grid_0100,0.45036706635457524,0.30040829012965015,0.6541173867823509,0.2110539929917365,0.9997987887268133,-0.6,-0.5957149858975628,0.0,0.0048169861385556345,-0.2,-0.18476778746185563,0.5235987755982988,0.5284287045594693,-0.2,-0.19562277439097464,1.5707963267948966,1.5685355805524095
grid_0101,0.583755557428226,0.5959730408995045,0.996005953579761,0.22051783056841304,0.9955503455971965,-0.6,-0.5967615091783287,0.0,0.005465660726811095,-0.2,-0.19176182164429356,0.5235987755982988,0.5320731473722722,-0.2,-0.19896141963090752,1.0471975511965976,1.0467808515272479
grid_0102,0.5264830657229249,0.3608920378338983,1.1986831645605824,0.22406429904684508,0.9945891483080718,-0.6,-0.5983398841309082,0.0,0.0068727271937500944,-0.2,-0.1975254268433888,0.5235987755982988,0.534735209257061,-0.2,-0.202574628839141,0.5235987755982988,0.5246471696834334
grid_0103,0.4090161711423862,0.42423194936536984,1.2661014499838021,0.05538586519647378,0.994456785617633,-0.6,-0.6047403400813129,0.0,0.00518954106737457,-0.2,-0.2087180025192632,0.5235987755982988,0.5359392409958073,-0.2,-0.20657272179970043,0.0,0.004646055330713494
grid_0104,0.5303831545958723,0.3876300954967363,1.019442993689122,0.0318463649873241,1.0124040402769778,-0.6,-0.6001912567134191,0.0,0.0069290835341497825,-0.2,-0.20324582463192353,0.5235987755982988,0.5344738048018627,0.19999999999999996,0.19075146846527513,0.0,0.0033001243948733716
grid_0105,0.5185370177921182,0.48561257874778074,0.7475029956171926,0.19142766523022195,0.997644255422275,-0.6,-0.5971084962462925,0.0,0.005474502890296051,-0.2,-0.1939243089294287,0.5235987755982988,0.53120908597778,0.19999999999999996,0.19722740730532973,0.5235987755982988,0.5255417577120722
grid_0106,0.5200635094754787,0.5277511286312271,0.5760459961431108,0.15602400304566777,1.000445861207437,-0.6,-0.5964821925185522,0.0,0.005697398856538527,-0.2,-0.1913103019130542,0.5235987755982988,0.532262276622073,0.19999999999999996,0.19991873174135844,1.0471975511965976,1.0494536437142585
grid_0107,0.34699127735668267,0.4021119418429643,0.6764451345454483,0.23081703589548194,0.9993832534404028,-0.6,-0.594955133040008,0.0,0.005129854613757701,-0.2,-0.1878721817971014,0.5235987755982988,0.531055243224702,0.19999999999999996,0.2040435311957367,1.5707963267948966,1.5705883007458539
grid_0108,0.43631000642453727,0.45019256509641553,0.48398743518388015,0.11935813128923269,1.0107666515154106,-0.6,-0.5946119597157251,0.0,0.004244084099988221,-0.2,-0.1878910361058983,0.5235987755982988,0.5282555162951281,0.6,0.6024104733182183,1.5707963267948966,1.5707860190669107
grid_0109,0.2480304214330828,0.26591672811684275,0.35525430288263704,0.1312922957585626,0.9892753874505829,-0.6,-0.5967270393319435,0.0,0.00458146132427828,-0.2,-0.1903118666209931,0.5235987755982988,0.5294940540634512,0.6,0.6013094173879248,1.0471975511965976,1.0509448439487308
grid_0110,0.5534524983564565,0.38961874488870624,0.17370750217286327,0.1610312134768584,0.9968249148082109,-0.6,-0.595587299570278,0.0,0.0030279854221264557,-0.2,-0.1904731783868412,0.5235987755982988,0.5249098441669737,0.6,0.5985666035331789,0.5235987755982988,0.5247959041093146
grid_0111,1.78567453519352,0.9998681484225198,0.11102182174075037,0.10081970517533538,1.0013583641802648,-0.6,-0.5976195606323511,0.0,0.004811546715098203,-0.2,-0.199260624647148,0.5235987755982988,0.5273978390297023,0.6,0.5915860251407681,0.0,-0.0019485334572602042
grid_0112,1.4022610466042293,0.6036535884962965,0.32462279281254697,0.23513391956178498,1.0014770336631935,-0.6,-0.5971177406130579,0.0,0.2692535883731457,-0.2,-0.20228581089203335,0.0,0.36535823440007764,0.6,0.5929624255458412,0.0,0.0008846718522788066
grid_0113,1.5634674609757788,1.8855014829393333,0.12358399731565226,0.20962093807186122,0.9771615495270908,-0.6,-0.593003101928546,0.0,0.003314991677453527,-0.2,-0.16905649490523267,0.0,0.012930159944860797,0.6,0.6157460507755523,0.5235987755982988,0.5300244999114465
grid_0114,0.5371742713195603,0.42938677555261917,1.3063749463986079,0.08845394960927164,1.000899777213561,-0.6,-0.5987622659295333,0.0,0.010397033097853559,-0.2,-0.19421488037460755,0.0,0.011949378175106773,0.6,0.6009636436104797,1.0471975511965976,1.0511219113084929
grid_0115,0.33861274869022456,0.2685732542481524,1.2110218965830624,0.11272080490238111,0.99694666799768,-0.6,-0.5981080047421434,0.0,0.0090793374362379,-0.2,-0.19130160911474903,0.0,0.011406198886605878,0.6,0.6030799286551654,1.5707963267948966,1.5708381708291057
grid_0116,0.17643716670612927,0.23166055846044903,1.2791071634466797,0.11734192936186762,0.9942126595096926,-0.6,-0.5962366034839519,0.0,0.010414602152832408,-0.2,-0.19061866754772172,0.0,0.013649885371556536,0.19999999999999996,0.20335386309409564,1.5707963267948966,1.5703777527205691
grid_0117,0.11609076289995643,0.13091162167126996,1.4371670116154203,0.1377625934520848,1.0018395063782848,-0.6,-0.6012594768956356,0.0,0.010380323563809135,-0.2,-0.19760181649330377,0.0,0.015827594607161544,0.19999999999999996,0.20057890139171963,1.0471975511965976,1.051005509138358
grid_0118,0.6966641106765421,0.5148178732431934,0.05814274181532155,0.02841325860312904,1.0027244189759572,-0.6,-0.6180464680276989,0.0,0.022159804442489772,-0.2,-0.2463876102674032,0.0,0.007691619488720214,0.19999999999999996,0.1586102424643112,0.5235987755982988,0.5142458995277295
grid_0119,1.5593799760551028,1.1115501966573471,0.573601557873254,0.04830121699971639,0.9963383939850372,-0.6,-0.638260012641938,0.0,0.005208729011341617,-0.2,-0.2704049193688789,0.0,-0.01919473061332244,0.19999999999999996,0.16713212254762322,0.0,-0.020287932877816495
grid_0120,2.508548939280299,1.567097804429428,0.8473546405863652,0.03570877753547981,0.9985721420020175,-0.6,-0.6342819112255631,0.0,0.011805360412762589,-0.2,-0.25619535338672783,0.0,-0.006804568717440951,-0.2,-0.22941852950357156,0.0,-0.01440125327624564
grid_0121,1.3456970878655292,1.005854863629293,0.10753335788175782,0.05993294812520497,0.9981684529904454,-0.6,-0.6138984776639909,0.0,0.02479407309263415,-0.2,-0.23632723014985668,0.0,0.013465627603879149,-0.2,-0.22356817020987574,0.5235987755982988,0.5124798121635958
grid_0122,0.32767553137436967,0.2866737555023585,1.3641777159363662,0.13243977580876481,1.005395046191333,-0.6,-0.5996959213545017,0.0,0.009733199524075253,-0.2,-0.2002566920191624,0.0,0.017510552149241576,-0.2,-0.20208897580282148,1.0471975511965976,1.0480450504058165
grid_0123,0.09938150112495889,0.1259473872479974,1.4044315749538407,0.07630667629223199,1.001927524376238,-0.6,-0.598743834857185,0.0,0.00917338905590448,-0.2,-0.19342911042550348,0.0,0.01347002271134734,-0.2,-0.1959967517556933,1.5707963267948966,1.5683234367162084
grid_0124,0.13751947676862344,0.13101764198277804,1.3706518856738246,0.0804884483238105,1.0045340424011255,-0.6,-0.5957962504056793,0.0,0.008968626226017129,-0.2,-0.19071421858087145,0.0,0.013307831912603874,-0.6,-0.5951779360049239,1.5707963267948966,1.5651985981579601
grid_0125,0.2758126148442208,0.18807386688090977,0.9811679332450209,0.3168089224585422,0.9960184034667463,-0.6,-0.6074943305113107,0.0,0.007761557558876753,-0.2,-0.21048357755956726,0.0,0.014560920209746087,-0.6,-0.6010629523855942,1.0471975511965976,1.0429565212183318
grid_0126,0.3606985069444594,0.35366890230095077,0.35864002225533664,0.29486172463936566,0.9903197202496555,-0.6,-0.6071568641715732,0.0,0.012081787020476575,-0.2,-0.21703020640713078,0.0,0.011818499140421324,-0.6,-0.606530491248054,0.5235987755982988,0.5173266705563604
grid_0127,1.7637888671249098,1.4592294033984534,1.0209991646220906,0.024631259585994842,0.997959903147815,-0.6,-0.6119256504858752,0.0,0.01568873551611194,-0.2,-0.23578334821972913,0.0,0.0012427096654645808,-0.6,-0.6181460765650479,0.0,-0.01121559531630556
grid_0128,3.415157928703761,2.110648355779141,0.5519467217798001,0.019540105555727418,1.0080808366686835,-0.6,-0.6229017522118676,0.0,0.01901196365135327,0.19999999999999996,0.15183195466287636,0.0,0.010633050993409832,-0.6,-0.629265145075415,0.0,-0.007725841925349641
grid_0129,1.4881882206352477,0.4855599267699308,0.3400047996907017,0.041940322527721244,1.0038728466100413,-0.6,-0.6038173768770552,0.0,0.030481959737584496,0.19999999999999996,0.18866529519831055,0.0,0.02711776120539966,-0.6,-0.6073693349737717,0.5235987755982988,0.5173749509398844
grid_0130,0.521747585962266,0.4024973832672162,0.964513692354433,0.09030454267231125,1.0088268664368474,-0.6,-0.6013682509832039,0.0,0.008394889510036307,0.19999999999999996,0.20153650701991577,0.0,0.01806765980575875,-0.6,-0.5983800178762264,1.0471975511965976,1.0532738995298434
grid_0131,0.570647170546713,0.47646393074622806,0.6387473576883453,0.11365842039273452,1.0098707436926186,-0.6,-0.6006691061391791,0.0,0.0050988662270867735,0.19999999999999996,0.20828423458096523,0.0,0.00962147026068827,-0.6,-0.5942797063654748,1.5707963267948966,1.570865810348102
grid_0132,0.6914910217263393,0.6325986470126752,0.37018973109729847,0.16687213363316727,1.0041098095511374,-0.6,-0.5990839646566757,0.0,0.0041362510350069215,0.19999999999999996,0.21240861245297005,0.0,0.005976066984687556,-0.2,-0.19547256725392081,1.5707963267948966,1.5708632160569556
grid_0133,0.6069256371508478,0.47159100252636704,0.880002377985363,0.09660856663379865,0.9984943287552308,-0.6,-0.5931161672834016,0.0,0.00454725062155692,0.19999999999999996,0.21410800592364865,0.0,0.010875436658440485,-0.2,-0.1964025782158556,1.0471975511965976,1.0529070392815258
grid_0134,1.8813537424145585,1.2687030042019514,0.268591285857017,0.03929042368251222,1.0049254861356907,-0.6,-0.6072085125213285,0.0,0.027547873820837232,0.19999999999999996,0.18840224350721968,0.0,0.014668354734957312,-0.2,-0.20918154720927706,0.5235987755982988,0.5146850254282018
grid_0135,1.7191495274869968,0.9935346913902353,0.3855137350596754,0.02904933119325789,0.9935774814210052,-0.6,-0.6343755944350988,0.0,0.01573709257947975,0.19999999999999996,0.1462898618742985,0.0,7.5251004210130645e-06,-0.2,-0.23179151676585885,0.0,-0.012698252200691762
grid_0136,1.0275925863887072,0.7981997940037343,0.21545879569965565,0.22051948131741234,0.9931380419868375,-0.6,-0.6026513018198996,0.0,0.13902745473376665,0.19999999999999996,0.20870129879150756,0.0,0.20231631533337868,0.19999999999999996,0.1980471386894882,0.0,0.02145277526892464
grid_0137,1.187347542646944,0.6585278582063977,0.3817783736881811,0.44849937320508143,1.0985699137876601,-0.6,-0.6085532313920439,0.0,0.015201689991332756,0.19999999999999996,0.17877961990363467,0.0,0.04578366773779674,0.19999999999999996,0.20047533109750137,0.5235987755982988,0.5669398166338642
grid_0138,0.4893416107728813,0.40422506891684157,0.13628556319866764,0.15399034752915533,0.9916562719743556,-0.6,-0.596763598163685,0.0,0.13922794968054308,0.19999999999999996,0.21037059220302012,0.0,0.5010871242923631,0.19999999999999996,0.20189877192544436,1.0471975511965976,1.0529706489783655
grid_0139,0.7767776069095282,0.5872049378502269,0.31372211258508753,0.14044943591478506,1.0074993870977573,-0.6,-0.6006755351447053,0.0,0.0036674098951330336,0.19999999999999996,0.20684385408552508,0.0,0.00669190131263786,0.19999999999999996,0.2042066174718009,1.5707963267948966,1.5708360710591762
grid_0140,0.21546251117546406,0.24240142700207962,0.25712929375032323,0.10197372488835987,0.9943142183723748,-0.6,-0.5925999238516431,0.0,0.00300243886789886,0.19999999999999996,0.21411769924996982,0.0,0.005521926168267299,0.6,0.6010272479299603,1.5707963267948966,1.5709540117471787
grid_0141,0.8613181119304558,0.31073914279013864,0.08667352784049948,0.07445214831397662,1.0003330589312456,-0.6,-0.598391536315118,0.0,-0.0012155369317135012,0.19999999999999996,0.20934005102655373,0.0,-0.00818982778963484,0.6,0.6035678135239548,1.0471975511965976,1.0484095007995178
grid_0142,0.6535206479928483,0.49860425217645377,0.2389448083791216,0.045243101446397385,0.9923517858906313,-0.6,-0.618292959393421,0.0,0.016294689411367358,0.19999999999999996,0.15338316622235837,0.0,-0.0072594871391089555,0.6,0.5644457675367152,0.5235987755982988,0.5162790118335137
grid_0143,3.7991176810603546,4.9437006343935685,0.20378915477917664,0.2357923139717398,0.36340636902808643,-0.6,-0.5874442379975156,0.0,-0.03736971648891263,0.19999999999999996,0.20621650230605226,0.0,-0.0422156187493723,0.6,0.5884343104766669,0.0,-0.04012964828135779
grid_0144,1.7117113896330103,1.0430153959138235,0.6687099525966934,0.24479956015913157,1.0016257468184926,-0.6,-0.601066788156384,0.0,0.1550133938537206,0.19999999999999996,0.19814782293051802,0.5235987755982988,0.519749399220629,0.6,0.5941083272257393,0.0,-0.005818665807409751
grid_0145,0.433718336365352,0.4956055003882453,0.48063316636348175,0.26364173546224556,1.001706904150723,-0.6,-0.5982002248338905,0.0,-0.0020194724956716925,0.19999999999999996,0.20383967626654442,0.5235987755982988,0.5163941220742654,0.6,0.6012679307589375,0.5235987755982988,0.5264765932472244
grid_0146,0.3249791706182954,0.2659429734783814,0.15986392613068312,0.10043637631750203,1.0004391241299413,-0.6,-0.5964726866552148,0.0,0.0006252273516054174,0.19999999999999996,0.20944917831158794,0.5235987755982988,0.5264452860218096,0.6,0.6021859102438398,1.0471975511965976,1.0521133372574605
grid_0147,0.467305697526376,0.30846260722908825,0.22190198194821828,0.1804356341488122,0.9985831271215201,-0.6,-0.5962874740259565,0.0,0.003602500607792436,0.19999999999999996,0.21058926496359298,0.5235987755982988,0.5336046908144771,0.6,0.6008233919934023,1.5707963267948966,1.5707716436913088
grid_0148,0.6301539173522603,0.32909356098291237,0.4174181906486968,0.12158991603543709,1.0042576174450732,-0.6,-0.5960585408019909,0.0,0.001918957757288453,0.19999999999999996,0.21118139794070334,0.5235987755982988,0.5287734358851095,0.19999999999999996,0.20263691250985705,1.5707963267948966,1.5708515266666652
grid_0149,0.6750364010756085,0.38958586524750366,0.13996035373433563,0.13561332142639382,1.0040063492516969,-0.6,-0.5962909639360507,0.0,0.0018085565539864845,0.19999999999999996,0.2100875166059497,0.5235987755982988,0.5280837543484305,0.19999999999999996,0.2017843119966063,1.0471975511965976,1.0527016473110082
grid_0150,0.3701565294266679,0.3508286985866626,0.10448729472513985,0.11157667629872314,1.000624803570352,-0.6,-0.5964787025567544,0.0,0.0007498200565079216,0.19999999999999996,0.20739340941051587,0.5235987755982988,0.5279226360938658,0.19999999999999996,0.19874634250367507,0.5235987755982988,0.5272668488928289
grid_0151,0.7947626446128166,0.44531872756966084,0.07996008395824905,0.14758278165283975,0.9971213350963595,-0.6,-0.5986191005411552,0.0,0.0014738666535514255,0.19999999999999996,0.20455646588121823,0.5235987755982988,0.5265336975851271,0.19999999999999996,0.1958459809555677,0.0,-0.0007747619007290041
grid_0152,0.555439317250461,0.3997141533747073,0.8900257768456846,0.08878057597801058,0.9952711262366956,-0.6,-0.5993237475629156,0.0,0.004591500579155472,0.19999999999999996,0.19955920376105585,0.5235987755982988,0.5353931288160627,-0.2,-0.20559051165032916,0.0,0.004916415455191725
grid_0153,0.5273974365465807,0.3543582428089737,0.566839106130107,0.22150103301514326,1.0012561140395322,-0.6,-0.5976029305053219,0.0,0.003720953426292084,0.19999999999999996,0.20488646651044373,0.5235987755982988,0.5331446523513703,-0.2,-0.20137539959898731,0.5235987755982988,0.528179635895297
grid_0154,0.7985712957825413,0.5430153520925827,0.5082632117003796,0.26033437122099184,1.0009629667479811,-0.6,-0.5956759168956252,0.0,0.0026893249221986437,0.19999999999999996,0.2102891280004613,0.5235987755982988,0.5328189738065499,-0.2,-0.19859931038942769,1.0471975511965976,1.050616497184274
grid_0155,0.5756739033417322,0.42120282468032855,0.39307787613253947,0.19592178321729936,0.999260534810619,-0.6,-0.5959675714141728,0.0,0.0029185664233191133,0.19999999999999996,0.21154295324499905,0.5235987755982988,0.530126256790016,-0.2,-0.1966625385851053,1.5707963267948966,1.570853211463021
grid_0156,0.4261080260377793,0.5020867003575202,0.6426038461214609,0.13528799865331634,1.0048429254300784,-0.6,-0.5961353297360041,0.0,0.0035903252439304367,0.19999999999999996,0.2141110931398531,0.5235987755982988,0.5350892469419168,-0.6,-0.595351719483757,1.5707963267948966,1.5705329212986463
grid_0157,0.5532337800185791,0.6385888863856484,0.7886181750702668,0.1785539425901743,1.0022518818613773,-0.6,-0.5969945169288895,0.0,0.004447924319691765,0.19999999999999996,0.20531833116188558,0.5235987755982988,0.5317060109015417,-0.6,-0.5986492638978111,1.0471975511965976,1.0488677710227812
grid_0158,0.372055949635654,0.4268055152436504,1.1100537983118575,0.2443489911367747,0.9924895048909095,-0.6,-0.5982005321606536,0.0,0.005349360481569754,0.19999999999999996,0.20159810505254505,0.5235987755982988,0.5357377602417062,-0.6,-0.6006233786903472,0.5235987755982988,0.5278699002551868
grid_0159,0.25218883791658425,0.2468212227142723,1.226457114273161,0.09421945238800086,0.9983626901000712,-0.6,-0.6008363251727644,0.0,0.006558349559802501,0.19999999999999996,0.19354177636638425,0.5235987755982988,0.5388630701071842,-0.6,-0.6054108543114234,0.0,0.008143204629409873
grid_0160,0.3517614684811035,0.43059468660518113,0.8277935531296645,0.29253880946195027,1.0006861691741742,-0.6,-0.5996385209628654,0.0,0.003823375728399192,0.19999999999999996,0.19866042208685908,1.0471975511965976,1.0542309096492941,-0.6,-0.5972035061097021,0.0,0.0044450193601681676
grid_0161,0.26351988298483453,0.20236985397465684,0.9375290789813884,0.3869578677591542,1.0029302355023966,-0.6,-0.598482466641741,0.0,0.0039234007256085945,0.19999999999999996,0.20150695950736264,1.0471975511965976,1.056873569456111,-0.6,-0.5987332287778742,0.5235987755982988,0.5253110517071535
grid_0162,0.3938280661046394,0.3529952702544471,0.6947975787761574,0.25393607508257904,1.0078658023983664,-0.6,-0.5962104321446153,0.0,0.002269312898193654,0.19999999999999996,0.20638922676429772,1.0471975511965976,1.052794906248952,-0.6,-0.5986033657356149,1.0471975511965976,1.0455674158699377
grid_0163,0.15596759385217768,0.14240913934937105,0.37126535351399703,0.22818494473729894,1.0042860482353928,-0.6,-0.5950273366378536,0.0,0.00139816339907739,0.19999999999999996,0.20978604153763225,1.0471975511965976,1.0503580257954575,-0.6,-0.5962568570078872,1.5707963267948966,1.567561827428146
grid_0164,0.3600864797206716,0.21692815416731714,0.5174745686152473,0.1337294815470711,0.999557260751903,-0.6,-0.596686393106558,0.0,0.0033723581649649503,0.19999999999999996,0.21064141510902257,1.0471975511965976,1.0570778334431852,-0.2,-0.19691784346164543,1.5707963267948966,1.5707432354534392
grid_0165,0.09365916445072438,0.11937207377985026,0.46277138282621755,0.13546294597959266,0.9962430689965934,-0.6,-0.5968685460236616,0.0,0.0031869651586653447,0.19999999999999996,0.20612880876548978,1.0471975511965976,1.0560761311206228,-0.2,-0.19907560809524583,1.0471975511965976,1.0495564973900793
grid_0166,0.6454492672211407,0.37766723500539084,0.614788190702639,0.3016805562904253,1.0005432100672085,-0.6,-0.5963698722522697,0.0,0.004056460307516829,0.19999999999999996,0.20475595073664188,1.0471975511965976,1.0590331270776288,-0.2,-0.20170459004808183,0.5235987755982988,0.5273837543325346
grid_0167,0.639694294157196,0.3522398143742106,0.562633291793527,0.10403337161153682,1.0065736810696713,-0.6,-0.5995710770890561,0.0,0.0031674035679873924,0.19999999999999996,0.199930153059106,1.0471975511965976,1.0570681134979205,-0.2,-0.20290759852042228,0.0,0.004624158883450136
grid_0168,0.5196490320382472,0.3485377588095598,0.36748865784096263,0.30113149616861223,1.0034621898869323,-0.6,-0.5993076276959348,0.0,0.0015020208059715046,0.19999999999999996,0.20123993220189096,1.0471975511965976,1.0521604027718494,0.19999999999999996,0.197601704487818,0.0,0.0022015162686157552
grid_0169,0.5444888032229789,0.33387459713717765,0.11280081467893613,0.15230400619102885,0.9963467664523502,-0.6,-0.5962797666236552,0.0,0.0014092020541198735,0.19999999999999996,0.20628817592954274,1.0471975511965976,1.0523059760355205,0.19999999999999996,0.19801410119178886,0.5235987755982988,0.5281337187222652
grid_0170,0.3720825933976476,0.3111188421432753,0.07405120141294722,0.08061591652151233,0.9956884378522449,-0.6,-0.5968075754407645,0.0,0.0023867866220026457,0.19999999999999996,0.208001153680339,1.0471975511965976,1.0542657150253358,0.19999999999999996,0.19988679475435678,1.0471975511965976,1.0525515044252831
grid_0171,0.43193373880334407,0.19957143191503254,0.2883703031613684,0.1288519678271425,0.9934151156596979,-0.6,-0.5964338248175469,0.0,0.0021018559176910756,0.19999999999999996,0.20990842625385842,1.0471975511965976,1.0512547300957902,0.19999999999999996,0.20133379822650088,1.5707963267948966,1.5708210403842395
grid_0172,0.64288822311932,0.2630179268718123,0.28086907858383225,0.22065242024000464,1.0006981106634005,-0.6,-0.5945530451935959,0.0,0.0017001648566496996,0.19999999999999996,0.2106173871135173,1.0471975511965976,1.0515580678244874,0.6,0.6013460550234297,1.5707963267948966,1.5708768411237264
grid_0173,0.4885522392223307,0.36638607855764765,0.06039239292981793,0.10929754266076147,1.0077967747226746,-0.6,-0.5958729566627374,0.0,0.00046644294090825156,0.19999999999999996,0.20916831293153937,1.0471975511965976,1.0477222581763144,0.6,0.599717562036103,1.0471975511965976,1.0550150396123223
grid_0174,0.36314054526711415,0.3520202704156179,0.19511512593775887,0.1793420432822215,1.0034319922713641,-0.6,-0.5959028971165932,0.0,0.0005226430689164729,0.19999999999999996,0.20770980837074315,1.0471975511965976,1.0512424518222252,0.6,0.5997305252961977,0.5235987755982988,0.5294539447448052
grid_0175,0.36828574615182,0.29906109327948865,0.6211033687923574,0.29776556881893057,0.9967289137327802,-0.6,-0.5994807952188967,0.0,-0.0010328691572576432,0.19999999999999996,0.1998426201637562,1.0471975511965976,1.0478395082676126,0.6,0.596265668483281,0.0,0.0005671692308615306
grid_0176,0.4177619993336953,0.3215096818467935,0.6403449664525951,0.30215897005539166,1.0037199056995072,-0.6,-0.5972790103600429,0.0,0.0002808467843857798,0.19999999999999996,0.20356419923347868,1.5707963267948966,1.5709095575236205,0.6,0.5944003995428169,0.0,0.004001734042740068
grid_0177,0.16218983852558166,0.17033786880859206,0.06600952837349797,0.08640987302499378,0.988790816641566,-0.6,-0.5963677039943285,0.0,0.0024692518216093973,0.19999999999999996,0.20633611570246657,1.5707963267948966,1.5709769910019977,0.6,0.5977521370256893,0.5235987755982988,0.5323340687368443
grid_0178,0.29509632075448,0.31670021522611147,0.14986535053880082,0.10958208705765111,0.9959645235193658,-0.6,-0.5953232536324293,0.0,0.001476394800342895,0.19999999999999996,0.20956331768363246,1.5707963267948966,1.5709256715202997,0.6,0.5984176222621569,1.0471975511965976,1.0553935591686798
grid_0179,0.4427063427224199,0.24512329673219374,0.43410419387589627,0.1472891691597759,1.0032345893851367,-0.6,-0.5964987948667284,0.0,0.002624486359056988,0.19999999999999996,0.20909243312608172,1.5707963267948966,1.5709783957334746,0.6,0.6004915261675468,1.5707963267948966,1.5706472823684177
grid_0180,0.1635083508669782,0.19540311896190776,0.3381683364008656,0.19212512850234006,0.999866340231484,-0.6,-0.5958870988848242,0.0,0.002332758917872546,0.19999999999999996,0.21508499701707873,1.5707963267948966,1.57094081146988,0.19999999999999996,0.2021326892848636,1.5707963267948966,1.5707953422986813
grid_0181,0.37645064500153247,0.31856733716055713,0.23454447369418768,0.2244451728390822,0.9993247744784328,-0.6,-0.5965859136185259,0.0,0.0018279923204076454,0.19999999999999996,0.2074129237548581,1.5707963267948966,1.5708197757427342,0.19999999999999996,0.19856176518671198,1.0471975511965976,1.0512737653544963
grid_0182,0.3934182147024162,0.4130773248358784,0.2273325918875569,0.21041341668615668,1.0036650259632611,-0.6,-0.5974164276765448,0.0,0.0013634053005384672,0.19999999999999996,0.2060556311169277,1.5707963267948966,1.5709295513596588,0.19999999999999996,0.1970937842842675,0.5235987755982988,0.5277890704085282
grid_0183,0.2720015622330755,0.24939342944997267,0.08205651546213438,0.11247271512448317,0.9994994311026317,-0.6,-0.5993479930377985,0.0,0.001715141554049282,0.19999999999999996,0.20184798133212123,1.5707963267948966,1.5708590425168367,0.19999999999999996,0.19548646529776903,0.0,0.0032325459002002788
grid_0184,0.33442739049444503,0.30771124413573664,0.3988888058932013,0.13503729747388943,0.9961505830966093,-0.6,-0.6005644539497048,0.0,0.0022742958195873797,0.19999999999999996,0.19937129752005767,1.5707963267948966,1.570873585113933,-0.2,-0.2017597025819251,0.0,0.0028582723431878065
grid_0185,0.19774561647029523,0.1995961509895759,0.36564960018013726,0.262529663669673,0.999419506087742,-0.6,-0.5971305711560753,0.0,0.0019864315377589037,0.19999999999999996,0.20296333630898467,1.5707963267948966,1.570895187697312,-0.2,-0.20234393370364145,0.5235987755982988,0.5248434966724798
grid_0186,0.39354227862894653,0.32304498107361584,0.3571380435512031,0.30125620183473273,0.9996434627205778,-0.6,-0.5963828302470802,0.0,0.0014788509492884572,0.19999999999999996,0.20689703381569213,1.5707963267948966,1.5708835781908093,-0.2,-0.19999793106235142,1.0471975511965976,1.04564790426247
grid_0187,0.15359759418617344,0.11323684173727042,0.3047567495768419,0.13755001632799452,1.00440853243563,-0.6,-0.5958642385531725,0.0,0.00227537025166491,0.19999999999999996,0.21149972731726852,1.5707963267948966,1.5709629884418304,-0.2,-0.198733179755191,1.5707963267948966,1.5669196378149985
grid_0188,0.25216367044069077,0.1593866648765957,0.10431316078716764,0.13071315903086628,0.9927884795191597,-0.6,-0.5957107519637788,0.0,0.0012161552345384408,0.19999999999999996,0.21285543323965683,1.5707963267948966,1.5708646494945508,-0.6,-0.5958262246840338,1.5707963267948966,1.5600307326854326
grid_0189,0.1395409001412572,0.09747739557775412,0.36454764851703575,0.156530545696051,0.9941116261447733,-0.6,-0.5968911392308476,0.0,0.00272615088382544,0.19999999999999996,0.20638725017170412,1.5707963267948966,1.5708419574613721,-0.6,-0.5980602409834139,1.0471975511965976,1.0428128305865174
grid_0190,0.1538581710908058,0.13306398080668638,0.5655938215486951,0.3185519343462504,1.0042511887535623,-0.6,-0.5981853113286224,0.0,0.0022048833665451184,0.19999999999999996,0.20109379723429388,1.5707963267948966,1.57093188796921,-0.6,-0.5973481562343617,0.5235987755982988,0.5224640621092069
grid_0191,0.21549337963533607,0.22600136937597423,0.5907777267611369,0.26362726453488977,1.0009006065108843,-0.6,-0.5982718534173248,0.0,0.0016148833450273514,0.19999999999999996,0.19845640364098038,1.5707963267948966,1.5708972707518578,-0.6,-0.6017399515694404,0.0,0.0034223386795639854
grid_0192,0.43245863519533145,0.3481153174416498,0.5994893883432784,0.15591679482556497,0.993019030784372,-0.6,-0.6012964420399758,0.0,0.0030591745018035965,0.6,0.5936873197464152,1.5707963267948966,1.5709910465563404,-0.6,-0.5993823995057701,0.0,0.008801837976410987
grid_0193,0.19154863907698777,0.17468724718915304,0.550609022663016,0.44171934457170503,1.0066395305988485,-0.6,-0.599161048620517,0.0,0.002401727957584754,0.6,0.5976778176159154,1.5707963267948966,1.5708256699646235,-0.6,-0.5961480179326584,0.5235987755982988,0.524260361478917
grid_0194,0.10896188781827312,0.11067298758297607,0.5029539319557416,0.12920951337329625,0.9975886127044262,-0.6,-0.5988050415508264,0.0,0.0016180910512755275,0.6,0.6019013388422323,1.5707963267948966,1.5707786180089958,-0.6,-0.5970167565788875,1.0471975511965976,1.0438424899895367
grid_0195,0.3104541793646709,0.24509846537640356,0.22508656871041927,0.15048634991871396,1.0033155778797804,-0.6,-0.5976469334790853,0.0,-1.1964926072138837e-05,0.6,0.60742826211942,1.5707963267948966,1.5690519210829574,-0.6,-0.5959198676726549,1.5707963267948966,1.5578193108256064
grid_0196,0.14331462297139966,0.13974364046265264,0.4921200022076676,0.1479826752329511,1.0045147054648593,-0.6,-0.5971006155738525,0.0,0.0009832346963758454,0.6,0.6062751088542155,1.5707963267948966,1.570931922779355,-0.2,-0.19718724993034975,1.5707963267948966,1.5646306239016416
grid_0197,0.2358951066499319,0.23364887162373119,0.36193844409432885,0.14647621583639023,0.9999998468405484,-0.6,-0.597528746507475,0.0,0.0012101744906214407,0.6,0.6025110398309499,1.5707963267948966,1.5707426575247743,-0.2,-0.199894488226124,1.0471975511965976,1.0462566304292764
grid_0198,0.15333977476271107,0.12266659394782485,0.3410571879030881,0.235546871445752,1.0011029774440476,-0.6,-0.5984427425463394,0.0,0.0014841055638905587,0.6,0.5992704593681655,1.5707963267948966,1.5708768852412094,-0.2,-0.20102241185789982,0.5235987755982988,0.5273052995158425
grid_0199,0.4920931788622851,0.41910366320830106,0.33607645209359205,0.23993160541375855,1.0063875959773028,-0.6,-0.599398275994008,0.0,0.0012567480199727754,0.6,0.5970323729667468,1.5707963267948966,1.5708647290534046,-0.2,-0.20133492238388584,0.0,0.005019493741612813
grid_0200,0.16613317080477188,0.1397665525839991,0.5766385373835272,0.43206426599350384,1.0073657679077281,-0.6,-0.5953666785891318,0.0,0.0018765086721677093,0.6,0.599800438272295,1.5707963267948966,1.5708743873034026,0.19999999999999996,0.1961626133123362,0.0,0.008504427354751876
grid_0201,0.33574681448472005,0.1918574452390486,0.23500040815607517,0.17319246591576398,0.9921033564757197,-0.6,-0.5979940989457404,0.0,0.00150032678933254,0.6,0.6009590870905743,1.5707963267948966,1.5708514301528709,0.19999999999999996,0.1976777024998837,0.5235987755982988,0.5300601856973586
grid_0202,0.2587955270005429,0.19681704735192815,0.25783452983675403,0.23115674988614687,0.9964966403571432,-0.6,-0.5975930130091625,0.0,0.0017033106587325264,0.6,0.6032793176082691,1.5707963267948966,1.5708800852366789,0.19999999999999996,0.19912734396854237,1.0471975511965976,1.0498142703901792
grid_0203,0.20357578547250538,0.1853186040312891,0.33768840732378547,0.13470726001819477,0.9942842778261337,-0.6,-0.5978029084160985,0.0,0.0010975979574014971,0.6,0.6064713497626801,1.5707963267948966,1.5706689071993116,0.19999999999999996,0.2021320689256001,1.5707963267948966,1.5679436755092047
grid_0204,0.15562106693335864,0.17961176927398012,0.28443112513846674,0.13208721069588983,1.0034481965720174,-0.6,-0.5973646112869764,0.0,2.9851318950058214e-05,0.6,0.6052682523503785,1.5707963267948966,1.5706018123760312,0.6,0.6004641881930866,1.5707963267948966,1.5706679391384704
grid_0205,0.35224780161359875,0.24628242610586248,0.23259834881439395,0.14763555878509144,0.9963787291845728,-0.6,-0.596961310234585,0.0,0.001334078917332171,0.6,0.6038917143875775,1.5707963267948966,1.5708748238312973,0.6,0.5984880280981102,1.0471975511965976,1.0527636485014513
grid_0206,0.3070474037516204,0.2505774233505221,0.07338506756816542,0.09443896876277408,1.0109693686348922,-0.6,-0.596646289608671,0.0,0.0009878311929369943,0.6,0.603130470150111,1.5707963267948966,1.570825427207609,0.6,0.5983553246271818,0.5235987755982988,0.536771137859775
grid_0207,0.605458857932395,0.48511739176039315,0.2777136002981989,0.2839548158251532,1.0088021199955493,-0.6,-0.5985328312955831,0.0,0.0002998841340922098,0.6,0.6003194613234903,1.5707963267948966,1.5708239365035235,0.6,0.5998886138006263,0.0,0.009831841873975122
grid_0208,0.28249778547068266,0.27411841094035055,0.40885016775653743,0.19968106693664395,0.9990701774312105,-0.6,-0.5985002479129529,0.0,-0.0006093932359423349,0.6,0.6031849039303729,1.0471975511965976,1.0488958603412994,0.6,0.6024131529539165,0.0,0.007141457647747096
grid_0209,0.280193860401739,0.22925533989132643,0.0988256195584015,0.13875341953643408,0.9972282664143373,-0.6,-0.597177591262021,0.0,-0.0008120465929346565,0.6,0.6035326032655348,1.0471975511965976,1.0495194599310942,0.6,0.6019790910174478,0.5235987755982988,0.5378836074042868
grid_0210,0.3575360198909329,0.2717505026655387,0.33333410407886394,0.27722232222677257,0.9966244541289827,-0.6,-0.5969259368728723,0.0,0.0018976465784401597,0.6,0.6056474375176855,1.0471975511965976,1.0547983493000288,0.6,0.6014765113196301,1.0471975511965976,1.0568621721121438
grid_0211,0.2474830226569371,0.1777328476365793,0.3642485128593179,0.1379242527229892,1.0001967784175234,-0.6,-0.5969866766253293,0.0,0.0013525524581483594,0.6,0.6045311927947807,1.0471975511965976,1.0535291417268446,0.6,0.6006436187026507,1.5707963267948966,1.5708000442937813
grid_0212,0.1837166576893684,0.20263746193350174,0.3058643739181013,0.11953973019097623,0.9973156339194057,-0.6,-0.5977419542132605,0.0,0.0018394901345892833,0.6,0.6048965440332701,1.0471975511965976,1.0527033503722212,0.19999999999999996,0.20104076484132438,1.5707963267948966,1.5708396310431576
grid_0213,0.34673705100257834,0.24401689796296422,0.3558754016840279,0.25398262696670854,1.0011980604913129,-0.6,-0.5969302767187568,0.0,0.0014398322696127508,0.6,0.6049015580468087,1.0471975511965976,1.0547444928108103,0.19999999999999996,0.20063402917748085,1.0471975511965976,1.0542371275090634
grid_0214,0.24044790855310896,0.1626241025797324,0.10341021144752145,0.11927202975200206,0.9983118076011535,-0.6,-0.5982519430932891,0.0,0.0010249048539536787,0.6,0.6036245048111324,1.0471975511965976,1.0525738967518858,0.19999999999999996,0.20001400902605226,0.5235987755982988,0.5319195035759963
grid_0215,0.6136277153797355,0.5875161072811946,0.5562239354044359,0.45400633303143473,1.0135417824869533,-0.6,-0.5975712665435324,0.0,-0.000728384057601339,0.6,0.6005665605537258,1.0471975511965976,1.0496098087215922,0.19999999999999996,0.19683882884207105,0.0,0.004159185064722237
grid_0216,0.3336047951890985,0.31515206179191363,0.23377303909056316,0.2263875710142657,0.9975131571188376,-0.6,-0.5986228887709961,0.0,0.0011130770820937386,0.6,0.6002263761762734,1.0471975511965976,1.0504486646887568,-0.2,-0.20252699075318858,0.0,0.004679498901050572
grid_0217,0.5089790072472177,0.4537904058029774,0.3723752086406111,0.3154906453977907,0.9908984623943665,-0.6,-0.5973250862057915,0.0,0.0008900707662204965,0.6,0.6013310013456401,1.0471975511965976,1.0518793045717842,-0.2,-0.20164630277769557,0.5235987755982988,0.5300669294261082
grid_0218,0.2746621421312464,0.2944742605980426,0.15652408759068245,0.19009223628127553,0.9986447141822838,-0.6,-0.5974512046985367,0.0,0.0012975285078242749,0.6,0.602242102003415,1.0471975511965976,1.05032517034907,-0.2,-0.19932424947059957,1.0471975511965976,1.0523930436899045
grid_0219,0.34522593646559824,0.25013414377632504,0.35565964783499365,0.21097779711669576,0.9914931743259217,-0.6,-0.596961482351329,0.0,0.0012677472634550213,0.6,0.604520275910672,1.0471975511965976,1.0515864676902043,-0.2,-0.19802612935220587,1.5707963267948966,1.5707289871943715
grid_0220,0.53085137590998,0.496704771387979,0.5730743186651303,0.28046066185198776,0.998256059890618,-0.6,-0.596698331814129,0.0,0.0017734196696217452,0.6,0.6063474875683035,1.0471975511965976,1.0531948578371235,-0.6,-0.5952395527730943,1.5707963267948966,1.5700252479417438
grid_0221,0.3795351518110324,0.3303214471723636,0.3761702927709579,0.24737047091953573,1.0001414031643725,-0.6,-0.5976321293842402,0.0,0.002568652861230092,0.6,0.6026028210540115,1.0471975511965976,1.0537445437224289,-0.6,-0.5977582383395292,1.0471975511965976,1.0495971708485694
grid_0222,0.3918932545907158,0.2548116617969771,0.3991521929016077,0.39880668668855856,1.0087964334860071,-0.6,-0.5997496334014318,0.0,0.001818554377228665,0.6,0.5985441689639401,1.0471975511965976,1.0535392698303427,-0.6,-0.6019295140646523,0.5235987755982988,0.5297905707934802
grid_0223,0.25379761109704896,0.2090680492861593,0.5993390718157952,0.188867298576129,0.9992591032659195,-0.6,-0.5999351883545465,0.0,0.0032378295616322106,0.6,0.5977820215363252,1.0471975511965976,1.0551038576688283,-0.6,-0.6008854064824956,0.0,0.007920068216552778
grid_0224,0.24764473106749976,0.2581795027194457,0.41517342043748995,0.16053487601321578,1.0141144745808521,-0.6,-0.5964317662310563,0.0,0.0005208510825083223,0.6,0.6033726706798701,0.5235987755982988,0.5283573451248902,-0.6,-0.6053054820551864,0.0,0.005251941428626061
grid_0225,0.5979861967919089,0.5815536716588989,0.44088417195616564,0.26845942228543057,0.9971005568705321,-0.6,-0.5970874163742677,0.0,0.0016994664887297617,0.6,0.6053734470523189,0.5235987755982988,0.5297609665593503,-0.6,-0.5999050307762115,0.5235987755982988,0.5297004794655642
grid_0226,0.3768619952876723,0.3434505540497206,0.2535010239591366,0.1591885123565223,1.002718782918635,-0.6,-0.5969639828659847,0.0,0.0007688374403143072,0.6,0.6057915795240021,0.5235987755982988,0.5291528444598184,-0.6,-0.5978552360828093,1.0471975511965976,1.052595213614243
grid_0227,0.3968636054557992,0.3141490467524489,0.15609933396518721,0.12172117380127857,0.9928053427577275,-0.6,-0.5964686891834976,0.0,-0.00014340192811701513,0.6,0.6091204667600865,0.5235987755982988,0.5294667433219189,-0.6,-0.5966157966930208,1.5707963267948966,1.5709248181815099
grid_0228,0.22461324252030393,0.20466411313352878,0.08993777903523344,0.07549475776910132,1.0016216221009975,-0.6,-0.596525261890962,0.0,0.0006259139012305681,0.6,0.6090002922746001,0.5235987755982988,0.5287755601560766,-0.2,-0.19804906130302058,1.5707963267948966,1.5709074357687065
grid_0229,0.19433669164888798,0.2258859829358071,0.059167204161617505,0.06419394382604098,1.0042810232319086,-0.6,-0.5970059298496428,0.0,0.0009788225360169989,0.6,0.6084688165083456,0.5235987755982988,0.5262869585310526,-0.2,-0.19606787201584108,1.0471975511965976,1.0555457471842828
grid_0230,0.21141516765493645,0.18030745946073937,0.20583977366840353,0.14268238933489105,0.9993755315471848,-0.6,-0.5973075867298769,0.0,-0.0009775511757563748,0.6,0.6072399066355922,0.5235987755982988,0.5247254937152723,-0.2,-0.20111975670245297,0.5235987755982988,0.5285338895721905
grid_0231,0.4303682037821437,0.31318431939761116,0.3992328088573037,0.24914870451052884,1.0070372958228795,-0.6,-0.5964845011580255,0.0,-0.003850900745820063,0.6,0.6011423068147685,0.5235987755982988,0.5160419084787513,-0.2,-0.2090534559041588,0.0,-0.002062160390664758
grid_0232,0.36791865544344193,0.3368045216966086,1.1007231979362149,0.10191516320172489,1.0072035969873174,-0.6,-0.5992434324108622,0.0,-0.005371274175939966,0.6,0.5936714703691415,0.5235987755982988,0.5108350216211299,0.19999999999999996,0.1907324017903953,0.0,-0.004413961283686874
grid_0233,0.4442371318667246,0.33448353956817295,0.6730295515648356,0.2569339848949423,1.0035479501068105,-0.6,-0.5983614653339018,0.0,-0.003731968482198589,0.6,0.6037799205888605,0.5235987755982988,0.5181384369623236,0.19999999999999996,0.19933656776700026,0.5235987755982988,0.5279110879369266
grid_0234,0.36968943129570236,0.3656343497595808,0.21555940987848382,0.16108275689204993,0.9968787599320075,-0.6,-0.5979292641926106,0.0,-0.0005678417378183198,0.6,0.6073732458986845,0.5235987755982988,0.5267896477400598,0.19999999999999996,0.20160731021575629,1.0471975511965976,1.0562184160790915
grid_0235,0.31458452264431114,0.318864786369275,0.05874150289486092,0.08346716152894153,0.9958779508713065,-0.6,-0.5973141224390011,0.0,-0.001151946745217458,0.6,0.6045029223121938,0.5235987755982988,0.5245281618223965,0.19999999999999996,0.20143299078182686,1.5707963267948966,1.570970043609928
grid_0236,0.3957188266605417,0.3435660571612815,0.08630330840398234,0.08290931721180662,1.0010209131185943,-0.6,-0.5981010245726992,0.0,-0.0008380616025505105,0.6,0.6052660521159368,0.5235987755982988,0.5265630952012108,0.6,0.5997057412387656,1.5707963267948966,1.5709287978372428
grid_0237,0.5079027725078173,0.4485846232474064,0.3822428399639525,0.18765550613773835,1.003264301812695,-0.6,-0.5980960339394361,0.0,-0.001664707892333972,0.6,0.6047858457862612,0.5235987755982988,0.5246781391395263,0.6,0.6022995347735352,1.0471975511965976,1.0584608172773198
grid_0238,0.2546506423300162,0.2542402740872267,1.0732454776608793,0.294943991187746,1.0049160193781501,-0.6,-0.6000754894940554,0.0,-0.0031623859146376887,0.6,0.6024242951209091,0.5235987755982988,0.5195512228574977,0.6,0.6026763466463168,0.5235987755982988,0.5311650875823322
grid_0239,1.1103540648125212,0.7992840183014658,1.2490210787733422,0.16442845615407395,0.9934640614233985,-0.6,-0.6048070444499212,0.0,-0.004820949909663419,0.6,0.5948223910851738,0.5235987755982988,0.516254163764243,0.6,0.5967034119384111,0.0,-0.003256322589718863
grid_0240,4.242480004152955,1.2550634729026606,0.4692456744115451,0.035637469659786945,1.0010515570285858,-0.6,-0.6183015434246499,0.0,-0.023456776274076496,0.6,0.545498802751399,0.0,-0.022745865995624115,0.6,0.5590552568850216,0.0,-0.0012361578645991855
grid_0241,3.135150079385414,1.0240454839626376,0.4642795027061487,0.04220922326450195,1.0034854081286446,-0.6,-0.6016065545509974,0.0,-0.036157353319262064,0.6,0.600397267915671,0.0,-0.042257835987634884,0.6,0.5941141713065141,0.5235987755982988,0.5254396800470413
grid_0242,0.4017311120026458,0.321481511129021,0.7583429667657375,0.11092691100425159,0.9977549242181707,-0.6,-0.6025927109180946,0.0,-0.00651494052029733,0.6,0.5978458435264251,0.0,-0.010971495045378532,0.6,0.6000937099686414,1.0471975511965976,1.054408077279156
grid_0243,0.371090918417057,0.3584995711529067,0.5471601198815341,0.19462090797974335,0.9907722892707003,-0.6,-0.5975518567114815,0.0,-0.004973036025365474,0.6,0.6054349821787142,0.0,-0.006503541255567846,0.6,0.6001038673444175,1.5707963267948966,1.5709856504508304
grid_0244,0.33083519002267986,0.3229520661978716,0.6010965950424992,0.12309566883078663,1.0014364612582558,-0.6,-0.6006139515832558,0.0,-0.004030874707333432,0.6,0.6059247102628245,0.0,-0.0063265703334094425,0.19999999999999996,0.20170921430920785,1.5707963267948966,1.570848097557274
grid_0245,0.23502548740735069,0.24548851136356167,0.8307309461859502,0.07463663134054072,0.9955885782217425,-0.6,-0.5992624893398695,0.0,-0.008182989252278006,0.6,0.6024312160968597,0.0,-0.014436438050848821,0.19999999999999996,0.20040518913233463,1.0471975511965976,1.0504924975447842
grid_0246,1.2781749000662628,0.7064072153884968,0.5390648007228066,0.02267722473221732,0.9971288730660548,-0.6,-0.6014085564885248,0.0,-0.03418055433369549,0.6,0.5976057002957216,0.0,-0.0362006449029435,0.19999999999999996,0.19434546077034653,0.5235987755982988,0.5228572182806186
grid_0247,4.927691691385116,1.5967231287444543,0.3065127675367479,0.024674537592093388,1.0042423015032502,-0.6,-0.6245288518060779,0.0,-0.023244837291064968,0.6,0.5376588826077766,0.0,-0.02251417451531168,0.19999999999999996,0.14452609524171134,0.0,-0.0013646696729887609
grid_0248,3.4894182905566327,1.799923385679517,0.1314979806308458,0.028526602697314444,1.0034137587080019,-0.6,-0.6220497674460361,0.0,-0.021579236934683443,0.6,0.5423655293226011,0.0,-0.02118721300993709,-0.2,-0.2356456458305054,0.0,-0.00026998571404757143
grid_0249,2.2661800759648325,0.5315511205816292,0.6136897892000823,0.004780881361594264,0.9620276577384524,-0.6,-0.602932809374586,0.0,-0.030055083872310817,0.6,0.6042463340493986,0.0,-0.028091954069068947,-0.2,-0.19752015308105353,0.5235987755982988,0.5274776553497711
grid_0250,0.26582156900593146,0.33350682068676224,0.7564752257830569,0.08382784536029168,1.0012376838250416,-0.6,-0.5997782523008626,0.0,-0.006707877470046419,0.6,0.6056757781032243,0.0,-0.00937893724372696,-0.2,-0.19853469473413554,1.0471975511965976,1.0503474448190806
grid_0251,0.44546514341379045,0.2738682215552807,0.5709668824423074,0.11092946938148028,0.9944764005708665,-0.6,-0.5949970535625511,0.0,-0.0046152683922526805,0.6,0.6120419756260063,0.0,-0.004738846228071303,-0.2,-0.1962442605746011,1.5707963267948966,1.5709550013492644
grid_0252,0.3793496900822012,0.24248780740658848,0.2939013851339139,0.17332321821695382,1.0046745218914066,-0.6,-0.5949702240720933,0.0,-0.003665208567755762,0.6,0.6138905467225433,0.0,-0.0030294114807700723,-0.6,-0.5969093457470747,1.5707963267948966,1.5707799482164075
grid_0253,0.5893922800822222,0.49478348083543905,0.383054562287624,0.10873352794390398,1.0035468045129698,-0.6,-0.5933534262746409,0.0,-0.004279608402958601,0.6,0.6141500096994594,0.0,-0.004661781401936516,-0.6,-0.5949100077408556,1.0471975511965976,1.0514046164604354
grid_0254,3.9682809639690904,1.428594616845965,0.09877340987515668,0.031216967625085097,0.9719422265580373,-0.6,-0.594420396501075,0.0,0.002296194664759277,0.6,0.6318291415852197,0.0,-0.02761108732958739,-0.6,-0.5840889822179616,0.5235987755982988,0.5011985420508704
grid_0255,5.215917954940462,3.7466995584847522,0.07236111615154743,0.1279453131807573,0.21859728805487572,-0.6,-0.5725027356378343,0.0,0.03282275551147329,0.6,0.6573263421625573,0.0,0.05455804359004102,-0.6,-0.5553222030875773,0.0,0.02642653117256355
grid_0256,1.6218627873385902,1.261065553626596,0.20874478873563232,0.12493443264195599,1.0144465474922353,-0.6,-0.5864329059329982,0.5235987755982988,0.5349334806775055,0.6,0.6125775047208455,0.0,0.012596499565602493,-0.6,-0.6058823192080247,0.0,-0.0007917952953393481
grid_0257,0.41041588748906105,0.3275334234831892,0.0807283943908055,0.11524198604564619,1.0041102025254092,-0.6,-0.5927551776328297,0.5235987755982988,0.5212892456473419,0.6,0.6142097736656185,0.0,-0.0003729800596401489,-0.6,-0.6008693232964202,0.5235987755982988,0.5272859049319987
grid_0258,0.5649776533741737,0.4509407238225434,0.17524209940170685,0.1959722256704681,0.9970890866434043,-0.6,-0.5926063921662434,0.5235987755982988,0.5211302127183393,0.6,0.6126442787217456,0.0,0.0013805530658599352,-0.6,-0.5985543388429324,1.0471975511965976,1.0544829106649294
grid_0259,0.7197974817389823,0.708903882886173,0.35659881931402426,0.22406826585045,1.0017017095313614,-0.6,-0.5942892620544189,0.5235987755982988,0.5218979782123672,0.6,0.6141652619374351,0.0,0.0015049695800959384,-0.6,-0.595732997296305,1.5707963267948966,1.5710202192027154
grid_0260,0.30022680739687657,0.23387651955383087,0.4876564273876962,0.16560655358443,1.006722663528236,-0.6,-0.5948046200211605,0.5235987755982988,0.5207850323109424,0.6,0.6141175274540345,0.0,-0.001452262136504956,-0.2,-0.1987512740937767,1.5707963267948966,1.5707938411303441
grid_0261,0.3290069446112439,0.35625147691022363,0.8809897048217188,0.18409338732185224,0.9963316481528517,-0.6,-0.5949738227782442,0.5235987755982988,0.5186914903141213,0.6,0.6119399240915593,0.0,-0.0058625560789824505,-0.2,-0.19774041082682015,1.0471975511965976,1.0542252260994385
grid_0262,0.43660855502270984,0.41424484747777157,1.3970361680244072,0.22484101678017201,0.999627974324332,-0.6,-0.5969471816534,0.5235987755982988,0.5169194857454746,0.6,0.6102005008735345,0.0,-0.015156937705231854,-0.2,-0.20103074815348432,0.5235987755982988,0.5207289492728995
grid_0263,3.1984319914312183,0.5811478786945291,0.6790967825288925,0.010670284219103989,0.9953168560134366,-0.6,-0.5952196021923655,0.5235987755982988,0.5335657528702802,0.6,0.5896094935784539,0.0,-0.011671719270102798,-0.2,-0.21804154189841718,0.0,-0.021761001317885942
grid_0264,1.8036559520097035,1.1512657169949008,0.42817738271652833,0.051651341721487005,1.0025968665517688,-0.6,-0.6140273233066829,0.5235987755982988,0.5373632740969514,0.6,0.5629780578326864,0.0,-0.009320368547085955,0.19999999999999996,0.15823360076561244,0.0,-0.018741900674047685
grid_0265,0.43374748638853833,0.39252082386297377,1.6031956955814255,0.07715445472332828,0.9965252637927122,-0.6,-0.6005665388233155,0.5235987755982988,0.5162024485848811,0.6,0.59838645669383,0.0,-0.016899710383118105,0.19999999999999996,0.19382467307440976,0.5235987755982988,0.521076279121294
grid_0266,0.5997020291605856,0.4137500651756332,1.3395422941567405,0.0881100517009817,0.9935662935396332,-0.6,-0.5974556870986021,0.5235987755982988,0.5186831802284928,0.6,0.6093317877030833,0.0,-0.00841336734413023,0.19999999999999996,0.2014888987723653,1.0471975511965976,1.0541056372925146
grid_0267,0.38894675682689683,0.359772032498597,0.8321819429208814,0.1078776949724531,1.0062509303834086,-0.6,-0.5957201413365514,0.5235987755982988,0.5203427020643394,0.6,0.6100176439136353,0.0,-0.0024343163418585334,0.19999999999999996,0.20178906649652895,1.5707963267948966,1.5709322183116186
grid_0268,0.2870701487662521,0.27168239115267717,0.7743634577027823,0.1086724936451698,1.0057760379947471,-0.6,-0.5969735292758944,0.5235987755982988,0.5209018184931882,0.6,0.608147792158027,0.0,-0.0023779756702086985,0.6,0.6002748516296617,1.5707963267948966,1.570889540663373
grid_0269,0.3029725864866792,0.3615385713986315,1.3516210949320224,0.11728553192742709,1.0009697238634325,-0.6,-0.5983290278686013,0.5235987755982988,0.5181932328654275,0.6,0.604880575771765,0.0,-0.00950725242531103,0.6,0.6020086023351574,1.0471975511965976,1.056190536987799
grid_0270,0.9703792457198673,0.6877652175015669,1.323321188091424,0.3316369686065373,1.0056848278477353,-0.6,-0.6047902272873129,0.5235987755982988,0.5196841681950888,0.6,0.5974664809017378,0.0,-0.01430274913159213,0.6,0.5985122352043026,0.5235987755982988,0.5246257701799424
grid_0271,3.1913592219561098,0.9738920645398582,0.642951268646765,0.026624102906139917,0.9957282128289858,-0.6,-0.6186848668767855,0.5235987755982988,0.4967924096222571,0.6,0.5705288778385569,0.0,-0.03521420493545957,0.6,0.5731025625435899,0.0,-0.006919621968889622
grid_0272,0.8663151444817935,0.6128115593696123,1.1955804252993452,0.15606815899190965,1.0058393109451789,-0.6,-0.6000455425307436,0.5235987755982988,0.5198434306402948,0.6,0.597780120585659,0.5235987755982988,0.5154441033280834,0.6,0.5985705006739108,0.0,-0.0017610421122169484
grid_0273,0.5560809294829889,0.3730711049034806,0.7428975301140879,0.17748892737159436,1.0029991902205861,-0.6,-0.5971394283970808,0.5235987755982988,0.5221106560957356,0.6,0.6069516107242992,0.5235987755982988,0.5234388785933906,0.6,0.6037909428068886,0.5235987755982988,0.5342653373819246
grid_0274,0.608872294620735,0.5727599306733115,0.3502437163506178,0.16172471090995227,1.001588970704294,-0.6,-0.5949039336498023,0.5235987755982988,0.5221672780686912,0.6,0.6084325994116213,0.5235987755982988,0.5272080659238476,0.6,0.6031984438109799,1.0471975511965976,1.0591173386439081
grid_0275,0.5706054132016952,0.46131167029760123,0.026584297996769896,0.05683362328720469,0.9988913677263531,-0.6,-0.5945754619355075,0.5235987755982988,0.5229096219708822,0.6,0.6065955906077329,0.5235987755982988,0.5285407731330443,0.6,0.5994449591827404,1.5707963267948966,1.5709419978897836
grid_0276,0.31009907453200986,0.2911365308568526,0.030035831016196734,0.04327656218430287,0.9997926350208735,-0.6,-0.5961727951685498,0.5235987755982988,0.524163123336292,0.6,0.6083113046947775,0.5235987755982988,0.5302601966038765,0.19999999999999996,0.20140919167676685,1.5707963267948966,1.5709599660104105
grid_0277,0.43402037625912565,0.40020506680242707,0.22297174681690612,0.1749741521376931,1.000104198947699,-0.6,-0.5962971556401824,0.5235987755982988,0.5237611324007867,0.6,0.6087001583569611,0.5235987755982988,0.5274362886468982,0.19999999999999996,0.20085320079996638,1.0471975511965976,1.0572190152300234
grid_0278,0.5601838654611807,0.553548338773693,0.48285866484404705,0.11030129470574791,0.9991139653616331,-0.6,-0.5974343447571497,0.5235987755982988,0.5227458415223172,0.6,0.6061961029935947,0.5235987755982988,0.5226098798911085,0.19999999999999996,0.19967379754118753,0.5235987755982988,0.5294910526835102
grid_0279,0.493954818079623,0.2775343379735984,0.9271430052332649,0.1570642029056409,1.0046820842761874,-0.6,-0.5987112373877421,0.5235987755982988,0.5205750941914635,0.6,0.5999477758120735,0.5235987755982988,0.5195882460889134,0.19999999999999996,0.1937250995971418,0.0,-0.0008060985587228231
grid_0280,0.3966883052104034,0.3899422578294471,0.20627556984465092,0.16148263510368602,0.9986061497401924,-0.6,-0.5969672957357037,0.5235987755982988,0.5217992826053015,0.6,0.6020725898071451,0.5235987755982988,0.5241287209547867,-0.2,-0.20772741156718233,0.0,0.0017733243924649145
grid_0281,0.49405975741279173,0.3532805526653601,0.05286508255473928,0.07689356503956526,1.0042533029220793,-0.6,-0.5962966618213974,0.5235987755982988,0.5234027365628267,0.6,0.6068291560198693,0.5235987755982988,0.5260980561739173,-0.2,-0.20111541855498682,0.5235987755982988,0.5295466271109195
grid_0282,0.2744104544226241,0.37293604835511135,0.08907062269707702,0.08981786132809497,0.9951706081292301,-0.6,-0.5949021705711877,0.5235987755982988,0.5240275773391456,0.6,0.607109705511661,0.5235987755982988,0.5286936963002526,-0.2,-0.19977539212026496,1.0471975511965976,1.0576862914810947
grid_0283,0.2138094060253246,0.12409692308918886,0.14556810990700114,0.12995803713974038,0.9979267388410309,-0.6,-0.5942557663645784,0.5235987755982988,0.5240377884691805,0.6,0.6088650525060837,0.5235987755982988,0.530143504100101,-0.2,-0.19798956362675657,1.5707963267948966,1.5706587531064686
grid_0284,0.3911398220409453,0.3209164633856939,0.28181329780047204,0.09612251811851996,0.9907463127686349,-0.6,-0.5935175165496709,0.5235987755982988,0.5234923449290871,0.6,0.6103883245438357,0.5235987755982988,0.5293114922856121,-0.6,-0.5975772728330293,1.5707963267948966,1.57088139859738
grid_0285,0.39395836194705103,0.3796764761025869,0.36771317262667674,0.18118498672955463,1.0034906003608577,-0.6,-0.594079937182153,0.5235987755982988,0.5246193797512184,0.6,0.6084466926171652,0.5235987755982988,0.5302578104250077,-0.6,-0.5993456620686226,1.0471975511965976,1.0553497968585832
grid_0286,0.45219223225591376,0.3133281651832682,0.3658694404221441,0.1011131748834197,0.9964434109747767,-0.6,-0.5953107487457752,0.5235987755982988,0.5245766349100345,0.6,0.6062442091919404,0.5235987755982988,0.528491970437063,-0.6,-0.6019548180110279,0.5235987755982988,0.5300422016031501
grid_0287,0.6182184516660957,0.4300277358273258,0.4125501611868129,0.18490961708170905,1.0000112765883287,-0.6,-0.5965091226430026,0.5235987755982988,0.5247289861690332,0.6,0.6014916169081834,0.5235987755982988,0.5278016938173371,-0.6,-0.6053773924750416,0.0,0.005030509931400751
grid_0288,0.40537258638173,0.3116661147609822,0.3438071977046472,0.22169600267193687,0.9928933130940724,-0.6,-0.5988284816275575,0.5235987755982988,0.5258482049579101,0.6,0.5968034943146607,1.0471975511965976,1.0525140369958494,-0.6,-0.6026536024632243,0.0,0.007877040285263703
grid_0289,0.38561751023485097,0.41581557053108714,0.5528879967560074,0.07696207469374004,0.9948650890949899,-0.6,-0.59807883970171,0.5235987755982988,0.5257022854020681,0.6,0.5991137209867885,1.0471975511965976,1.0540934355656537,-0.6,-0.6006099382943653,0.5235987755982988,0.528281950994824
grid_0290,0.2922442612613591,0.21154315355000378,0.525106520520479,0.15882264459862536,0.9939128512817431,-0.6,-0.5957301152679797,0.5235987755982988,0.5255187025551198,0.6,0.6035644496744839,1.0471975511965976,1.0536402017889088,-0.6,-0.5990097078829537,1.0471975511965976,1.0500204780378626
grid_0291,0.11008827544099335,0.13815453197539287,0.29148322613571326,0.2139005872181916,1.002161508561353,-0.6,-0.595692461404238,0.5235987755982988,0.5251172585310462,0.6,0.6069153540575272,1.0471975511965976,1.052908042858249,-0.6,-0.5959640828575425,1.5707963267948966,1.5705785087943118
grid_0292,0.2875926360461549,0.27371594150601913,0.36570794079176017,0.10748380794558185,1.000215134974946,-0.6,-0.5946428113017923,0.5235987755982988,0.524868223181655,0.6,0.6067539965097088,1.0471975511965976,1.053712463232226,-0.2,-0.19758495712443747,1.5707963267948966,1.5707777888535928
grid_0293,0.4569987723448873,0.34303865402359285,0.437435877096419,0.13179871456837802,0.9976289601068473,-0.6,-0.5959653690042108,0.5235987755982988,0.5257274091086757,0.6,0.6048291815714331,1.0471975511965976,1.0541725730456202,-0.2,-0.19950625066589023,1.0471975511965976,1.05288553907004
grid_0294,0.43040120085173256,0.3454634684184188,0.2793164116208796,0.1462746150469139,0.9920299975881139,-0.6,-0.596922899577736,0.5235987755982988,0.5256618820145542,0.6,0.6026222475823815,1.0471975511965976,1.0533332460928762,-0.2,-0.20159512692678128,0.5235987755982988,0.5304873268493608
grid_0295,0.6076516258499262,0.5088527423288342,0.1813364764349254,0.1525229227377839,1.0037754397500351,-0.6,-0.5986172133751282,0.5235987755982988,0.5257361679231742,0.6,0.5996567386710909,1.0471975511965976,1.0526622720103722,-0.2,-0.20546392419410786,0.0,0.007435792162590715
grid_0296,0.7493471852558101,0.5922490188074004,0.008224185168420786,0.025165737500512167,1.006177271817138,-0.6,-0.5963608376609661,0.5235987755982988,0.5235973424709828,0.6,0.6016852223929634,1.0471975511965976,1.0528941201916826,0.19999999999999996,0.19705756262620078,0.0,0.005838958924845095
grid_0297,0.5639351835647918,0.3292623788869278,0.035801722889687075,0.043983863204245625,0.9983655309937165,-0.6,-0.5964172923727808,0.5235987755982988,0.5248117713890439,0.6,0.6049656605247016,1.0471975511965976,1.0537733999785148,0.19999999999999996,0.1990777018432155,0.5235987755982988,0.5318807509079493
grid_0298,0.3128821598066102,0.19643327175997455,0.20478079756221962,0.09023139931651064,0.989251506866301,-0.6,-0.5955666174680534,0.5235987755982988,0.5240704344738703,0.6,0.6051944079630207,1.0471975511965976,1.0536895816221792,0.19999999999999996,0.19972579963349713,1.0471975511965976,1.056293781377156
grid_0299,0.3065533010333745,0.25834317086991565,0.43283709874881443,0.0671270434088221,0.999065542126883,-0.6,-0.5954337645110996,0.5235987755982988,0.5249350619391935,0.6,0.6057432961683809,1.0471975511965976,1.0537407670850252,0.19999999999999996,0.20090144246850183,1.5707963267948966,1.570813380327123
grid_0300,0.12013551528818016,0.07340721497653323,0.4318848781182025,0.12159272002536425,1.0011880902623984,-0.6,-0.5951436429847083,0.5235987755982988,0.524797876139333,0.6,0.605160741554748,1.0471975511965976,1.0546212669765387,0.6,0.5997738070320073,1.5707963267948966,1.5708011720173838
grid_0301,0.41949603336558433,0.44245322852517527,0.029946094661540336,0.050080154773607576,1.004597618832769,-0.6,-0.5948477030137989,0.5235987755982988,0.5253034969536428,0.6,0.6060442545920361,1.0471975511965976,1.0567975028876138,0.6,0.6005812009098097,1.0471975511965976,1.058659939277879
grid_0302,0.4625202857412867,0.4383970660043144,0.025627925533095165,0.02641247186827887,1.0078381934129828,-0.6,-0.595314198108972,0.5235987755982988,0.5236554198415799,0.6,0.6050197875888905,1.0471975511965976,1.0547333684757296,0.6,0.6022681695293022,0.5235987755982988,0.5417127030276143
grid_0303,0.7942368722243699,0.5588951249550438,0.25405229924427264,0.11847183119068037,1.0027618612077034,-0.6,-0.5978876617672011,0.5235987755982988,0.5239001500339331,0.6,0.6036971457581171,1.0471975511965976,1.0520386919763052,0.6,0.6014003186801817,0.0,0.008773522306880999
grid_0304,0.6360865610007314,0.5117809776788455,0.052654206475410414,0.04238904370008464,0.9857994020327977,-0.6,-0.5965335699263088,0.5235987755982988,0.5250681827835448,0.6,0.602751559199155,1.5707963267948966,1.5709815565091985,0.6,0.5986040818675793,0.0,0.00895801078800229
grid_0305,0.2648327696453682,0.28928052069973714,0.15703045702222404,0.09672199137856871,0.9964297283782505,-0.6,-0.5958650767547402,0.5235987755982988,0.5252339717269576,0.6,0.6040120517030312,1.5707963267948966,1.5709257706598105,0.6,0.5989176326752732,0.5235987755982988,0.5343309376396261
grid_0306,0.38735049578598446,0.21350993605436025,0.27155144517492463,0.10573358120928125,0.9942352718029033,-0.6,-0.5963107807268644,0.5235987755982988,0.5250277169966742,0.6,0.6063556856903007,1.5707963267948966,1.5709000565240174,0.6,0.5991656281490609,1.0471975511965976,1.0534086451844606
grid_0307,0.27434474954311133,0.16523117169381987,0.43386617060016175,0.16944527853895439,0.9946078832428951,-0.6,-0.5957702863720336,0.5235987755982988,0.5246335737510641,0.6,0.6058176986857351,1.5707963267948966,1.570759757943832,0.6,0.6002907249420373,1.5707963267948966,1.5707354037888592
grid_0308,0.2465837982389182,0.20246063895084357,0.4187353677436317,0.12368843684157356,1.0045167014691772,-0.6,-0.5956572732127725,0.5235987755982988,0.5250300986777585,0.6,0.6064521231863083,1.5707963267948966,1.5707796433597352,0.19999999999999996,0.2012484830152932,1.5707963267948966,1.5687379438352034
grid_0309,0.17376435433682944,0.1836412799761706,0.3536473942088721,0.15446326158414062,0.9965939536846374,-0.6,-0.5971645291895671,0.5235987755982988,0.5251496223784109,0.6,0.6031034960823787,1.5707963267948966,1.5708704272000116,0.19999999999999996,0.19875492508910675,1.0471975511965976,1.049510609825023
grid_0310,0.37891877108107364,0.3599968211057773,0.2327399203323021,0.09653124602383886,0.9963232114047555,-0.6,-0.596915539699304,0.5235987755982988,0.525602259129097,0.6,0.6018414934414063,1.5707963267948966,1.5708849973528087,0.19999999999999996,0.19761773617089684,0.5235987755982988,0.5295100944628004
grid_0311,0.22850648910235788,0.20035201639756153,0.12327864907548036,0.10374309850290743,1.0071939596277446,-0.6,-0.5980244569500393,0.5235987755982988,0.5253979580647608,0.6,0.5987426004511667,1.5707963267948966,1.570826706533504,0.19999999999999996,0.1968155817004016,0.0,0.006892432398422521
grid_0312,0.3502466905336207,0.3190544034293127,0.40766993850440414,0.27934233103525086,0.9935264834569457,-0.6,-0.5989881983345224,0.5235987755982988,0.5259447759194744,0.6,0.5969956981354683,1.5707963267948966,1.5708572134176473,-0.2,-0.2031343368155074,0.0,0.006668668128279265
grid_0313,0.301236555512213,0.30244100633339954,0.33090917803485964,0.12262675376132774,0.9979089886496301,-0.6,-0.598911786141846,0.5235987755982988,0.5254716632372745,0.6,0.598980690951076,1.5707963267948966,1.570800892227429,-0.2,-0.20003229427557034,0.5235987755982988,0.526035549505095
grid_0314,0.159125191109606,0.15831216195188974,0.48260528606480957,0.1214964701297784,0.9999148985086398,-0.6,-0.5971546227515887,0.5235987755982988,0.5253978241907946,0.6,0.601602907816698,1.5707963267948966,1.570783641681631,-0.2,-0.1992804234303609,1.0471975511965976,1.0455779826292702
grid_0315,0.10217273348209303,0.11169480841411997,0.46037450344694336,0.058813331388934326,1.0040696295578797,-0.6,-0.5971438288243309,0.5235987755982988,0.5244830814542318,0.6,0.6053686282159303,1.5707963267948966,1.5705021534295645,-0.2,-0.19863330350019037,1.5707963267948966,1.565335788096113
grid_0316,0.1208906572807481,0.11954935527163074,0.5712099618282921,0.09098485124367221,0.9978647610010978,-0.6,-0.5963464667960174,0.5235987755982988,0.5244662082101268,0.6,0.6081574657622424,1.5707963267948966,1.5706318935424086,-0.6,-0.5955833754046997,1.5707963267948966,1.5578366963749346
grid_0317,0.17760988343552112,0.1641664509424683,0.5841891126328594,0.15238684503020405,0.9950632241696333,-0.6,-0.5986983832171635,0.5235987755982988,0.5253320744713488,0.6,0.6017411560196422,1.5707963267948966,1.5708892870549418,-0.6,-0.5964541759636504,1.0471975511965976,1.0430343271053815
grid_0318,0.33403232089892426,0.3406167351823009,0.4706364576592056,0.07622731309930458,1.0010244308824174,-0.6,-0.5992579855084088,0.5235987755982988,0.5257920675766901,0.6,0.597847204501254,1.5707963267948966,1.5705787320741678,-0.6,-0.5979089891692224,0.5235987755982988,0.524696203514285
grid_0319,0.29900768926771093,0.3155924146325671,0.5075697242129893,0.21548747674995647,1.0022654722781206,-0.6,-0.5990733082779123,0.5235987755982988,0.5253617023009092,0.6,0.5953968035505381,1.5707963267948966,1.5708061840536063,-0.6,-0.599102811626925,0.0,0.00712731761015295
grid_0320,0.28371468377646614,0.2427235007131469,0.40964480764355937,0.2250953366333673,0.9999790442681263,-0.6,-0.598509261293799,0.5235987755982988,0.5256706475045609,0.19999999999999996,0.19920506363308998,1.5707963267948966,1.5708988679443907,-0.6,-0.6007477614466454,0.0,0.0033750304518589402
grid_0321,0.12426574028422865,0.1086736910542861,0.4830299692777785,0.09429988347627179,1.0023250543869748,-0.6,-0.5964752272153637,0.5235987755982988,0.5248753885610897,0.19999999999999996,0.20293147490493357,1.5707963267948966,1.5708739324431518,-0.6,-0.599331656153451,0.5235987755982988,0.5223775512466737
grid_0322,0.12373253017085886,0.12037650307760765,0.42006969634223496,0.16963925358344317,1.0007021044132356,-0.6,-0.5961796879540566,0.5235987755982988,0.5248247673373259,0.19999999999999996,0.20788469576166335,1.5707963267948966,1.5708677182428845,-0.6,-0.5984114577409825,1.0471975511965976,1.0404761207786049
grid_0323,0.13300000699024686,0.13334281984710786,0.3468447250201289,0.1002041234143235,1.006784621501414,-0.6,-0.5936645428456488,0.5235987755982988,0.5244648844717403,0.19999999999999996,0.21870410753596659,1.5707963267948966,1.5708409994400965,-0.6,-0.5954284586206917,1.5707963267948966,1.558283020650122
grid_0324,0.1095752892303451,0.1169075628298258,0.17458513147900223,0.15586907585413304,0.9990288654976396,-0.6,-0.5947253812304165,0.5235987755982988,0.524439840381949,0.19999999999999996,0.21508325833065634,1.5707963267948966,1.5708842912702492,-0.2,-0.1973573283191179,1.5707963267948966,1.5664667416932314
grid_0325,0.26659961732009857,0.13892017684367094,0.46090779550691396,0.05120796140051379,0.9958038152408729,-0.6,-0.5958846984584643,0.5235987755982988,0.5252822421027208,0.19999999999999996,0.2081250525538616,1.5707963267948966,1.5709450926960535,-0.2,-0.2009912072640354,1.0471975511965976,1.0458050110502768
grid_0326,0.1998865540854846,0.18033515324102375,0.2747511882693899,0.10954400372412694,0.9992686551700837,-0.6,-0.5963679321231119,0.5235987755982988,0.5251959568319027,0.19999999999999996,0.20443893991137596,1.5707963267948966,1.5708428347508043,-0.2,-0.20404299586722185,0.5235987755982988,0.525014011226359
grid_0327,0.2805823891018075,0.20502449360126457,0.4154441871238036,0.3114595095280054,1.0027657730049389,-0.6,-0.5989409893344266,0.5235987755982988,0.52579205483765,0.19999999999999996,0.19927343205684345,1.5707963267948966,1.570892129939648,-0.2,-0.20384522796986282,0.0,0.002851131415363639
grid_0328,0.7074029906521785,0.5817168803130589,0.19834593997633682,0.17217253589372142,1.0062275975891397,-0.6,-0.5973308842404759,0.5235987755982988,0.5252142114071408,0.19999999999999996,0.2011765062651003,1.5707963267948966,1.5708587289709337,0.19999999999999996,0.19549376281225417,0.0,0.002999218719820007
grid_0329,0.36804519060791546,0.2829050651731618,0.10608787491804739,0.0994975450375542,0.9960315561572225,-0.6,-0.5952868752279192,0.5235987755982988,0.5242812452435128,0.19999999999999996,0.20584543395517407,1.5707963267948966,1.5708970317354716,0.19999999999999996,0.19558125465553644,0.5235987755982988,0.5286895824472726
grid_0330,0.18564574463727934,0.1568015896215454,0.24918474633453833,0.0958267680679139,0.9967946291476176,-0.6,-0.5954187306845995,0.5235987755982988,0.5251037375869654,0.19999999999999996,0.21101311854585703,1.5707963267948966,1.5708771095085936,0.19999999999999996,0.19894697475340717,1.0471975511965976,1.0506801078989607
grid_0331,0.14326071249862946,0.19342740689806356,0.33052098135026037,0.08721589523553454,1.0013428950562249,-0.6,-0.5944943278643642,0.5235987755982988,0.524315323526082,0.19999999999999996,0.2172970342674958,1.5707963267948966,1.5707842696876915,0.19999999999999996,0.20136353601720547,1.5707963267948966,1.5707900411020415
grid_0332,0.512794767687354,0.24373985673695425,0.2640385250713896,0.08448098388587,1.0056899570719335,-0.6,-0.5930493331196933,0.5235987755982988,0.5236400672611259,0.19999999999999996,0.21488565900971413,1.5707963267948966,1.570792304371614,0.6,0.6007842264072263,1.5707963267948966,1.5708040673044046
grid_0333,0.3321012207591158,0.21152206612997074,0.17929350084690265,0.11553446659020673,0.9954044368643695,-0.6,-0.5956484168493015,0.5235987755982988,0.5256613733844242,0.19999999999999996,0.21362326334630133,1.5707963267948966,1.570885682800979,0.6,0.5978398418201056,1.0471975511965976,1.0583816897714984
grid_0334,0.3118339613006343,0.2810665284365435,0.02553249572785531,0.039669068963322,0.9994203795713762,-0.6,-0.5956920695262102,0.5235987755982988,0.5242648200379296,0.19999999999999996,0.2097446117028614,1.5707963267948966,1.5709061019815573,0.6,0.5977723234381074,0.5235987755982988,0.5362164918601442
grid_0335,0.5037800878117608,0.5203674217064913,0.03362847428735448,0.04739474228730428,1.0000331588842204,-0.6,-0.5972154341441307,0.5235987755982988,0.5249937056574527,0.19999999999999996,0.2026116407540579,1.5707963267948966,1.5710014565465444,0.6,0.5962294480067882,0.0,0.004110394526406935
grid_0336,1.5048352482749223,1.0254379861358052,0.06264893835580845,0.07375365659239712,1.0075169969978839,-0.6,-0.595057660712464,0.5235987755982988,0.5220959720326395,0.19999999999999996,0.20130722393199996,1.0471975511965976,1.052333720768746,0.6,0.5973757706592568,0.0,0.002272436186634863
grid_0337,0.41907632203188616,0.37468592760287167,0.009055855737135252,0.03003069050098584,0.9974314961755877,-0.6,-0.5958511608798931,0.5235987755982988,0.5243442131194245,0.19999999999999996,0.2073327052444398,1.0471975511965976,1.0526471133540074,0.6,0.5992129611425794,0.5235987755982988,0.5307308331612859
grid_0338,0.27859639304021494,0.2623022672111586,0.052888228911166194,0.06618196442392896,0.9981762487296727,-0.6,-0.5947453686316742,0.5235987755982988,0.5243375271129045,0.19999999999999996,0.21026817486257343,1.0471975511965976,1.0529807514396703,0.6,0.5987140233344004,1.0471975511965976,1.056450601188164
grid_0339,0.4142708693839624,0.31186276550760317,0.14070765083048564,0.10411659523725698,0.9944571975985174,-0.6,-0.5941962042813342,0.5235987755982988,0.5245685617131235,0.19999999999999996,0.20994682870034698,1.0471975511965976,1.051579741662664,0.6,0.6002562754214829,1.5707963267948966,1.5708264913604921
grid_0340,0.24952824442694208,0.16981982142875784,0.2596946917556221,0.15340343242503401,1.0005671991761764,-0.6,-0.5936468862720936,0.5235987755982988,0.5247423717752557,0.19999999999999996,0.2113002392250678,1.0471975511965976,1.0521796078956829,0.19999999999999996,0.20194507911647896,1.5707963267948966,1.5708254561040853
grid_0341,0.4190622344646372,0.3470728610673273,0.18619264227615423,0.1153566062428093,1.0042894824324198,-0.6,-0.5954955856944162,0.5235987755982988,0.5251565024596649,0.19999999999999996,0.20878846670001128,1.0471975511965976,1.0538824462769476,0.19999999999999996,0.19839338984190302,1.0471975511965976,1.0521749657062571
grid_0342,0.21190513083885337,0.23185281881612455,0.2036532984684488,0.08883635208338404,0.9966202994123645,-0.6,-0.5962474129105244,0.5235987755982988,0.5249746354975242,0.19999999999999996,0.20552952963448146,1.0471975511965976,1.0529431511850262,0.19999999999999996,0.19702504129232778,0.5235987755982988,0.527570324857165
grid_0343,0.5850128927411927,0.5209040666376047,0.12563787286745315,0.12149955148486956,1.0086799222631033,-0.6,-0.5955729764289837,0.5235987755982988,0.5244620746604038,0.19999999999999996,0.20239758619258197,1.0471975511965976,1.052992431897196,0.19999999999999996,0.19446133134783672,0.0,0.0026302470497734376
grid_0344,0.46736423274599537,0.5502376925609466,0.14944400229542915,0.13966163472167958,0.9963973224578657,-0.6,-0.5975310750677822,0.5235987755982988,0.5270613363517782,0.19999999999999996,0.20113617964552066,1.0471975511965976,1.052229275822083,-0.2,-0.20495819329859355,0.0,0.0033039269494610224
grid_0345,0.41167559671278314,0.2842840785818918,0.5344165139712971,0.10803005363143885,1.003844442417678,-0.6,-0.5961331971296921,0.5235987755982988,0.5256617326759834,0.19999999999999996,0.20499365783659496,1.0471975511965976,1.0529796662590627,-0.2,-0.20250845803807938,0.5235987755982988,0.5258033953094472
grid_0346,0.3877766730304636,0.30928319773933216,0.354614479561742,0.20164948203473673,1.0007407168082465,-0.6,-0.5951509577696621,0.5235987755982988,0.5260582497186412,0.19999999999999996,0.20737316489140856,1.0471975511965976,1.0546915523494294,-0.2,-0.20003917230887147,1.0471975511965976,1.048076682581459
grid_0347,0.19121666924824204,0.16604017279447247,0.2143340901723863,0.10542388495441747,0.9979737207922554,-0.6,-0.5929197518293483,0.5235987755982988,0.5246227995427226,0.19999999999999996,0.2127076797489469,1.0471975511965976,1.0514243571887363,-0.2,-0.1962596163325081,1.5707963267948966,1.5704251903021342
grid_0348,0.1436592227997966,0.1438851051058623,0.41805109384052797,0.11016254574266891,0.9962157496404643,-0.6,-0.5943483758214008,0.5235987755982988,0.5253691573190729,0.19999999999999996,0.2112825062253778,1.0471975511965976,1.0522509925646384,-0.6,-0.5959769846093455,1.5707963267948966,1.5657196967104428
grid_0349,0.22145834909204493,0.22287411378094096,0.587471583489568,0.1761059455344189,0.9943312235979851,-0.6,-0.5945008052433911,0.5235987755982988,0.5252299798155242,0.19999999999999996,0.20696696329019382,1.0471975511965976,1.0545312757189347,-0.6,-0.5979411950677775,1.0471975511965976,1.044316689764183
grid_0350,0.34559644263540784,0.2357416822425367,0.6997995846606435,0.10136994719155724,0.99837637797152,-0.6,-0.5960740297106701,0.5235987755982988,0.525541650828254,0.19999999999999996,0.20250860895279477,1.0471975511965976,1.0531952248244982,-0.6,-0.6012091818070022,0.5235987755982988,0.5245869791395092
grid_0351,0.26625567812505146,0.29235518849776126,0.8587788885852541,0.2514497290838817,0.9973328168252973,-0.6,-0.5987938910516464,0.5235987755982988,0.5266982801764284,0.19999999999999996,0.197104350205362,1.0471975511965976,1.0543972614928485,-0.6,-0.6018865430441398,0.0,0.0046420875750445845
grid_0352,1.4795685985652904,0.8630753990042744,1.3874340966684944,0.17563951796736763,1.0003332473072504,-0.6,-0.5989532766884444,0.5235987755982988,0.5284300675129279,0.19999999999999996,0.19553046752635428,0.5235987755982988,0.5355962630044955,-0.6,-0.6049135439307403,0.0,0.0059632655781536315
grid_0353,0.4351334837790269,0.3110465261712297,0.865604696633085,0.16496891911236874,0.9960605526676023,-0.6,-0.5954553277323988,0.5235987755982988,0.5272904725533847,0.19999999999999996,0.20269547384879516,0.5235987755982988,0.5335020029860491,-0.6,-0.601417462114691,0.5235987755982988,0.5262402069581587
grid_0354,0.09656100211474196,0.12444200939802628,0.9019474303045245,0.14486898859766462,1.0053637164558666,-0.6,-0.5944076662654814,0.5235987755982988,0.5260910281968121,0.19999999999999996,0.20686350919915153,0.5235987755982988,0.5314932660343379,-0.6,-0.5990166412693307,1.0471975511965976,1.0471944679686302
grid_0355,0.32135677908815574,0.2773932103864441,0.46399507236240956,0.20142871200743065,0.997734351014764,-0.6,-0.5919233944638069,0.5235987755982988,0.5267290217160401,0.19999999999999996,0.21200643772282834,0.5235987755982988,0.5310640202208994,-0.6,-0.5945605880211016,1.5707963267948966,1.5696495712534837
grid_0356,0.37333850597118456,0.3268889046507551,0.25292893692290697,0.10737693832085282,1.0047102887858852,-0.6,-0.5944565656443812,0.5235987755982988,0.5255537721742085,0.19999999999999996,0.2106000590789252,0.5235987755982988,0.5291643187883928,-0.2,-0.1966960981576742,1.5707963267948966,1.5708772862736469
grid_0357,0.16690388898937322,0.15654183643544706,0.5156477798900033,0.1735861818944353,0.9991042623066193,-0.6,-0.5935747964763705,0.5235987755982988,0.526222028887462,0.19999999999999996,0.20897198464203726,0.5235987755982988,0.5307845984159991,-0.2,-0.19799202080439038,1.0471975511965976,1.0495417514497483
grid_0358,0.39762922208477125,0.42813903604930886,0.4655620987946401,0.10039622963316647,0.9977550774002231,-0.6,-0.594934758089094,0.5235987755982988,0.526797158647212,0.19999999999999996,0.20721886193988936,0.5235987755982988,0.5311862894412789,-0.2,-0.20153322311541189,0.5235987755982988,0.5271993930737633
grid_0359,0.5810802156141187,0.3054176068757219,0.5823600596839116,0.11304796547767344,1.0016800485097328,-0.6,-0.5955076306907827,0.5235987755982988,0.5268119480012414,0.19999999999999996,0.202774039740107,0.5235987755982988,0.5328472597974567,-0.2,-0.20516941344383977,0.0,0.0031681975485042813
grid_0360,0.8148123359228538,0.6265274427909884,0.1447567495453134,0.11102016335968772,1.0125865554988571,-0.6,-0.595493985056903,0.5235987755982988,0.524412675403104,0.19999999999999996,0.2046635072549421,0.5235987755982988,0.5244040545523179,0.19999999999999996,0.19521063616084877,0.0,-0.0009188292994091185
grid_0361,0.6593985193017461,0.49226504557331485,0.022376355104388977,0.04272962118194526,0.9904753045357614,-0.6,-0.5943532398367823,0.5235987755982988,0.5229237073454165,0.19999999999999996,0.2071780766576916,0.5235987755982988,0.526471889376066,0.19999999999999996,0.19789457093646234,0.5235987755982988,0.5275181896205892
grid_0362,0.8183288960751346,0.5001495198513902,0.06938519485791099,0.05212853393078664,1.001451682645936,-0.6,-0.5951168714634756,0.5235987755982988,0.5253767917087302,0.19999999999999996,0.2098401852845715,0.5235987755982988,0.529020569491121,0.19999999999999996,0.20064956936197742,1.0471975511965976,1.0528018289232604
grid_0363,0.37948294846584946,0.3700824004624905,0.18801054730060932,0.13486529642595524,1.0032795324716335,-0.6,-0.5939899128774622,0.5235987755982988,0.5249768820472642,0.19999999999999996,0.21022852387150603,0.5235987755982988,0.5282460891232805,0.19999999999999996,0.20190044365888937,1.5707963267948966,1.5708834586868141
grid_0364,0.6778721111980692,0.47266092089001316,0.13903717296142776,0.10252070422531567,0.9993223618472216,-0.6,-0.5941520640833824,0.5235987755982988,0.5248602715876576,0.19999999999999996,0.20945781760636972,0.5235987755982988,0.5282688482225986,0.6,0.6008959044218036,1.5707963267948966,1.570845249166135
grid_0365,0.7981975290966077,0.4100633480953729,0.05855733725670389,0.050448795482758164,1.0038018776670306,-0.6,-0.5938628225152316,0.5235987755982988,0.5239635777993898,0.19999999999999996,0.21173701812053114,0.5235987755982988,0.5256551314318489,0.6,0.602408015638991,1.0471975511965976,1.0539123685342657
grid_0366,0.7624690411931071,0.4525487598179465,0.39195311847649367,0.13846777127709814,1.000988431189362,-0.6,-0.5949345170446039,0.5235987755982988,0.5216833017955906,0.19999999999999996,0.20692784912915574,0.5235987755982988,0.5235847374249456,0.6,0.5997230514438234,0.5235987755982988,0.5282154713374076
grid_0367,1.1168728229306755,0.7107744103331152,0.7457833152709401,0.1945182912239718,1.0015117359165293,-0.6,-0.5985917845043414,0.5235987755982988,0.5226332274385994,0.19999999999999996,0.20011819430538846,0.5235987755982988,0.5187750228566008,0.6,0.5953668626625026,0.0,-0.0046217911741948114
grid_0368,1.4635879135049013,0.6834085190155088,1.1175048692425866,0.30010989684336,0.9998257023396157,-0.6,-0.6105402283218417,0.5235987755982988,0.5193890758230264,0.19999999999999996,0.18698066881636866,0.0,-0.019897634699972855,0.6,0.5845077369716405,0.0,-0.011975774135238204
grid_0369,1.0218420770461383,0.5338645706719253,1.1672587107823393,0.09993533275387809,1.0020727611602642,-0.6,-0.5970088873807606,0.5235987755982988,0.5208070705111529,0.19999999999999996,0.20417497338810797,0.0,-0.011456861372892035,0.6,0.597553360436188,0.5235987755982988,0.5200692482133036
grid_0370,1.0518608756932313,0.5758538867406306,0.4428369943892788,0.15912596372482807,0.9958541684170639,-0.6,-0.594559576948809,0.5235987755982988,0.5230133813278446,0.19999999999999996,0.21078331641514136,0.0,-0.002935293337366751,0.6,0.6019378845413126,1.0471975511965976,1.050748229326529
grid_0371,0.5290240276651264,0.37333244844249147,0.123360766312088,0.13144331969221176,0.9999358782456287,-0.6,-0.5929290263277514,0.5235987755982988,0.5251669159312122,0.19999999999999996,0.2122866866972517,0.0,0.0037411563808715798,0.6,0.6013779160586052,1.5707963267948966,1.5708744409562527
grid_0372,1.0022103509116078,0.4253808482554887,0.20489169865890755,0.09125068934004303,0.9979344102123905,-0.6,-0.5925867950213073,0.5235987755982988,0.5254062730693008,0.19999999999999996,0.21392800458478511,0.0,0.005008565280201438,0.19999999999999996,0.20403613692839517,1.5707963267948966,1.5708588966401154
grid_0373,0.26681711525269336,0.19309329697628203,0.06201712806902961,0.077024480220513,1.0001634293876163,-0.6,-0.5922834064304201,0.5235987755982988,0.5259081215032158,0.19999999999999996,0.21410342978196173,0.0,0.0027589870328794674,0.19999999999999996,0.2023296182198271,1.0471975511965976,1.0514060589245586
grid_0374,1.2521435831841992,0.8133787673159016,0.3528761754495721,0.18681830776869723,1.006825572514827,-0.6,-0.5942504775575017,0.5235987755982988,0.5246117242716481,0.19999999999999996,0.21091870835652404,0.0,-0.003737394776485381,0.19999999999999996,0.1988055871620249,0.5235987755982988,0.5214298191845561
grid_0375,0.37905325257112943,0.250631734210601,0.7185207110471822,0.016130441225750268,0.9928312305663114,-0.6,-0.6071760146940308,0.5235987755982988,0.5438152895558286,0.19999999999999996,0.1612413281432845,0.0,0.0032643783025649853,0.19999999999999996,0.16260889011470514,0.0,-0.013797493633821212
grid_0376,0.7654659833812074,0.6244931023778603,0.4628269851957529,0.1417954183359626,1.0031444702011556,-0.6,-0.6030175267526232,0.5235987755982988,0.55219352977866,0.19999999999999996,0.17048236581558207,0.0,0.02045976465111199,-0.2,-0.22531994002133438,0.0,-0.006048282091824397
grid_0377,0.7211691123034121,0.5919854891423691,0.9534040527164562,0.15869351120033268,1.0030861587477526,-0.6,-0.5917021881387576,0.5235987755982988,0.5290967094228609,0.19999999999999996,0.20874815645217826,0.0,0.013026529460207215,-0.2,-0.20183918633016606,0.5235987755982988,0.5292812322467659
grid_0378,0.6402553591241613,0.41359700446749514,0.7527556825289743,0.12477283228996576,1.0065014556183187,-0.6,-0.5914755946861057,0.5235987755982988,0.5280915791721945,0.19999999999999996,0.21414475078613115,0.0,0.008872939456536777,-0.2,-0.19656772194496153,1.0471975511965976,1.0522579818531215
grid_0379,1.1993995551781755,0.5522145992810444,0.2708125152508642,0.13433014789922318,0.9993654727533956,-0.6,-0.5923260202762535,0.5235987755982988,0.5263409926120897,0.19999999999999996,0.2159526857822316,0.0,0.006716378155987357,-0.2,-0.19646698889488157,1.5707963267948966,1.5708634893817086
grid_0380,0.5929695794274786,0.3473782258954647,0.8104287991061044,0.14892607420434326,1.0011910611440158,-0.6,-0.5908153564260346,0.5235987755982988,0.5265161840590276,0.19999999999999996,0.21410077567138153,0.0,0.008706189590014901,-0.6,-0.5939334503906428,1.5707963267948966,1.570864630118689
grid_0381,0.21478988895545145,0.21255021840126193,1.2177579984967037,0.19185747290357086,0.9961093043355149,-0.6,-0.5920230313055175,0.5235987755982988,0.5285374882287686,0.19999999999999996,0.2104797570695469,0.0,0.01367108692595842,-0.6,-0.5968766234239853,1.0471975511965976,1.0510153813166427
grid_0382,0.26863035077373476,0.24820777130139826,1.5870245954726563,0.11570293631130533,0.9982205862543282,-0.6,-0.5968067119521248,0.5235987755982988,0.5317022149119381,0.19999999999999996,0.2028051132978268,0.0,0.016972471126463162,-0.6,-0.6031208994332014,0.5235987755982988,0.5296103000053751
grid_0383,0.8474334758196223,1.0360584656986611,0.47922394660631423,0.023742850645978385,1.0031503931168402,-0.6,-0.6118751529511073,0.5235987755982988,0.5153374122277912,0.19999999999999996,0.17605154196978212,0.0,0.01780861014023838,-0.6,-0.6171251456791085,0.0,0.023063784940196008
grid_0384,0.5081011773595782,0.5257937449138552,1.1013314389270987,0.2559295167452694,0.9722760211497808,-0.6,-0.6056840024964423,0.5235987755982988,0.5447850434909531,-0.2,-0.23040983429223427,0.0,0.01293274545362344,-0.6,-0.6139581299560266,0.0,-0.005944855746524702
grid_0385,0.20527849424899025,0.17484728068767155,1.4038744377428656,0.1685814237092396,1.00492338034894,-0.6,-0.6012855959577745,0.5235987755982988,0.5308946590218175,-0.2,-0.207078596646725,0.0,0.013230055803655105,-0.6,-0.6030312872010493,0.5235987755982988,0.5234425860836875
grid_0386,0.2716167847598685,0.22499855565947252,1.5582192792067278,0.19935282324692008,1.0022431776394054,-0.6,-0.5973993519278018,0.5235987755982988,0.5308709499377118,-0.2,-0.19733985212342997,0.0,0.012466487328616438,-0.6,-0.5996857270304092,1.0471975511965976,1.0439244966348085
grid_0387,0.2216233249336268,0.22849294389293387,1.2583384470501335,0.32420378126619,1.0093037707054786,-0.6,-0.5938498280815674,0.5235987755982988,0.5315749724022414,-0.2,-0.1867273555161466,0.0,0.010087033397368828,-0.6,-0.5954306946384822,1.5707963267948966,1.5665565557651684
grid_0388,0.12425004854351156,0.16217443298675682,1.3032842938634943,0.11443695657246769,1.0027587546415035,-0.6,-0.5935888266416613,0.5235987755982988,0.5314367679563912,-0.2,-0.18893934786888789,0.0,0.011374711519093417,-0.2,-0.19629334603190518,1.5707963267948966,1.5681714940377764
grid_0389,0.24614731281415364,0.23310522147099902,1.6132396170717485,0.17428684001406955,0.9981160675218226,-0.6,-0.595153956258609,0.5235987755982988,0.5314024239576733,-0.2,-0.19438225868059256,0.0,0.013765843094565078,-0.2,-0.19917094121437362,1.0471975511965976,1.0467420065111899
grid_0390,0.26069457883174324,0.24186659248005496,1.6263669030647794,0.201367429961419,1.0086802120515475,-0.6,-0.59933448896341,0.5235987755982988,0.5313174009972865,-0.2,-0.2047792808992357,0.0,0.015412545375231623,-0.2,-0.20761312911911922,0.5235987755982988,0.5263601448493151
grid_0391,0.8635511111775687,0.4981199032875875,1.120300530236118,0.03598720037740614,0.9995502523159961,-0.6,-0.6106693477229168,0.5235987755982988,0.542639047161563,-0.2,-0.23680441845297384,0.0,0.008692576588283707,-0.2,-0.22403071428019494,0.0,-0.0074486086601330825
grid_0392,0.35532911875138234,0.3413209257714834,0.8796174132473759,0.23881281991928643,1.0059645653001084,-0.6,-0.6147061486262535,0.5235987755982988,0.5440737059955199,-0.2,-0.24658092891063,0.0,0.008551301439441161,0.19999999999999996,0.1633635889870506,0.0,-0.008225947384403298
grid_0393,0.33214697910636615,0.271422234437968,1.311152912971969,0.1460279901363613,1.002706682218503,-0.6,-0.5939486152277755,0.5235987755982988,0.5327154464302897,-0.2,-0.19580619154459455,0.0,0.014475400673370054,0.19999999999999996,0.1946146709114034,0.5235987755982988,0.5270416849518282
grid_0394,0.14938402406307896,0.17362344632213328,1.3159854154542487,0.14407153628767141,1.0001762945467236,-0.6,-0.5949379879968753,0.5235987755982988,0.5310411866892801,-0.2,-0.1924238910038678,0.0,0.011514450449745972,0.19999999999999996,0.2001672137332191,1.0471975511965976,1.0499040661492307
grid_0395,0.16009186154854838,0.20375619976630435,1.1935337558594108,0.18314665988874093,0.9988733019160885,-0.6,-0.5934813230815097,0.5235987755982988,0.5309026326467032,-0.2,-0.18917931151701772,0.0,0.009765814931712136,0.19999999999999996,0.20386262581597858,1.5707963267948966,1.570591988154601
grid_0396,0.20723252133980785,0.1991723626036127,0.9391088521952151,0.12050842672224704,1.0035001756219182,-0.6,-0.5927321165049717,0.5235987755982988,0.530153901474816,-0.2,-0.18849978942182322,0.0,0.00796865824427595,0.6,0.6017751306318324,1.5707963267948966,1.570758787489189
grid_0397,0.34367667849109057,0.2676045169916777,0.8823226509279788,0.19291355993713313,0.999038460206565,-0.6,-0.5920195552092578,0.5235987755982988,0.5304840896835374,-0.2,-0.1887274616571082,0.0,0.008800838966899427,0.6,0.6006723308315571,1.0471975511965976,1.0510538929875617
grid_0398,0.6285353347766894,0.61761793476694,0.4044995690802288,0.14674670181412064,1.0072207996012428,-0.6,-0.5940128278756998,0.5235987755982988,0.5314663305216847,-0.2,-0.1932737752939273,0.0,0.006678104150269704,0.6,0.5965214821541132,0.5235987755982988,0.5252367355950227
grid_0399,0.6854,nan,0.4061,nan,1.00,-0.6,nan,0.523598775598,nan,-0.2,nan,0,nan,0.6,nan,0,nan
grid_0400,0.1878,nan,0.1365,nan,1.00,-0.6,nan,0.523598775598,nan,-0.2,nan,0.523598775598,nan,0.6,nan,0,nan
grid_0401,1.0189,nan,0.0515,nan,1.00,-0.6,nan,0.523598775598,nan,-0.2,nan,0.523598775598,nan,0.6,nan,0.523598775598,nan
grid_0402,0.4765,nan,0.2395,nan,1.00,-0.6,nan,0.523598775598,nan,-0.2,nan,0.523598775598,nan,0.6,nan,1.0471975512,nan
grid_0403,0.2622,nan,0.5384,nan,0.99,-0.6,nan,0.523598775598,nan,-0.2,nan,0.523598775598,nan,0.6,nan,1.57079632679,nan
grid_0404,0.1277,nan,0.5771,nan,1.00,-0.6,nan,0.523598775598,nan,-0.2,nan,0.523598775598,nan,0.2,nan,1.57079632679,nan
grid_0405,0.1908,nan,0.4119,nan,1.00,-0.6,nan,0.523598775598,nan,-0.2,nan,0.523598775598,nan,0.2,nan,1.0471975512,nan
grid_0406,0.5825,nan,0.5902,nan,1.00,-0.6,nan,0.523598775598,nan,-0.2,nan,0.523598775598,nan,0.2,nan,0.523598775598,nan
grid_0407,0.5181,nan,0.6246,nan,1.00,-0.6,nan,0.523598775598,nan,-0.2,nan,0.523598775598,nan,0.2,nan,0,nan
grid_0408,0.3835,nan,0.9767,nan,0.99,-0.6,nan,0.523598775598,nan,-0.2,nan,0.523598775598,nan,-0.2,nan,0,nan
grid_0409,0.1590,nan,0.9431,nan,1.00,-0.6,nan,0.523598775598,nan,-0.2,nan,0.523598775598,nan,-0.2,nan,0.523598775598,nan
grid_0410,0.2560,nan,0.8832,nan,0.99,-0.6,nan,0.523598775598,nan,-0.2,nan,0.523598775598,nan,-0.2,nan,1.0471975512,nan
grid_0411,0.1194,nan,0.7452,nan,1.00,-0.6,nan,0.523598775598,nan,-0.2,nan,0.523598775598,nan,-0.2,nan,1.57079632679,nan
grid_0412,0.4572,nan,0.5068,nan,1.01,-0.6,nan,0.523598775598,nan,-0.2,nan,0.523598775598,nan,-0.6,nan,1.57079632679,nan
grid_0413,0.3642,nan,0.7832,nan,0.99,-0.6,nan,0.523598775598,nan,-0.2,nan,0.523598775598,nan,-0.6,nan,1.0471975512,nan
grid_0414,0.2239,nan,1.0671,nan,1.01,-0.6,nan,0.523598775598,nan,-0.2,nan,0.523598775598,nan,-0.6,nan,0.523598775598,nan
grid_0415,0.6115,nan,1.0973,nan,0.99,-0.6,nan,0.523598775598,nan,-0.2,nan,0.523598775598,nan,-0.6,nan,0,nan
grid_0416,0.5622,nan,0.7418,nan,1.01,-0.6,nan,0.523598775598,nan,-0.2,nan,1.0471975512,nan,-0.6,nan,0,nan
grid_0417,0.4034,nan,0.8149,nan,1.00,-0.6,nan,0.523598775598,nan,-0.2,nan,1.0471975512,nan,-0.6,nan,0.523598775598,nan
grid_0418,0.4741,nan,0.6487,nan,1.00,-0.6,nan,0.523598775598,nan,-0.2,nan,1.0471975512,nan,-0.6,nan,1.0471975512,nan
grid_0419,0.2511,nan,0.2865,nan,1.01,-0.6,nan,0.523598775598,nan,-0.2,nan,1.0471975512,nan,-0.6,nan,1.57079632679,nan
grid_0420,0.1409,nan,0.1140,nan,1.00,-0.6,nan,0.523598775598,nan,-0.2,nan,1.0471975512,nan,-0.2,nan,1.57079632679,nan
grid_0421,0.1646,nan,0.4834,nan,1.00,-0.6,nan,0.523598775598,nan,-0.2,nan,1.0471975512,nan,-0.2,nan,1.0471975512,nan
grid_0422,0.1502,nan,0.5639,nan,1.00,-0.6,nan,0.523598775598,nan,-0.2,nan,1.0471975512,nan,-0.2,nan,0.523598775598,nan
grid_0423,0.2867,nan,0.6506,nan,1.00,-0.6,nan,0.523598775598,nan,-0.2,nan,1.0471975512,nan,-0.2,nan,0,nan
grid_0424,0.2512,nan,0.3077,nan,1.00,-0.6,nan,0.523598775598,nan,-0.2,nan,1.0471975512,nan,0.2,nan,0,nan
grid_0425,0.2652,nan,0.2282,nan,1.00,-0.6,nan,0.523598775598,nan,-0.2,nan,1.0471975512,nan,0.2,nan,0.523598775598,nan
grid_0426,0.1241,nan,0.1672,nan,1.00,-0.6,nan,0.523598775598,nan,-0.2,nan,1.0471975512,nan,0.2,nan,1.0471975512,nan
grid_0427,0.3888,nan,0.0835,nan,1.00,-0.6,nan,0.523598775598,nan,-0.2,nan,1.0471975512,nan,0.2,nan,1.57079632679,nan
grid_0428,0.2277,nan,0.1161,nan,1.00,-0.6,nan,0.523598775598,nan,-0.2,nan,1.0471975512,nan,0.6,nan,1.57079632679,nan
grid_0429,0.3765,nan,0.0263,nan,1.00,-0.6,nan,0.523598775598,nan,-0.2,nan,1.0471975512,nan,0.6,nan,1.0471975512,nan
grid_0430,0.4661,nan,0.0017,nan,1.00,-0.6,nan,0.523598775598,nan,-0.2,nan,1.0471975512,nan,0.6,nan,0.523598775598,nan
grid_0431,0.6667,nan,0.1391,nan,1.00,-0.6,nan,0.523598775598,nan,-0.2,nan,1.0471975512,nan,0.6,nan,0,nan
grid_0432,0.4959,nan,0.2359,nan,1.00,-0.6,nan,0.523598775598,nan,-0.2,nan,1.57079632679,nan,0.6,nan,0,nan
grid_0433,0.4062,nan,0.0059,nan,1.00,-0.6,nan,0.523598775598,nan,-0.2,nan,1.57079632679,nan,0.6,nan,0.523598775598,nan
grid_0434,0.5071,nan,0.0135,nan,1.00,-0.6,nan,0.523598775598,nan,-0.2,nan,1.57079632679,nan,0.6,nan,1.0471975512,nan
grid_0435,0.1988,nan,0.0688,nan,0.99,-0.6,nan,0.523598775598,nan,-0.2,nan,1.57079632679,nan,0.6,nan,1.57079632679,nan
grid_0436,0.3038,nan,0.1014,nan,1.00,-0.6,nan,0.523598775598,nan,-0.2,nan,1.57079632679,nan,0.2,nan,1.57079632679,nan
grid_0437,0.4658,nan,0.1039,nan,0.99,-0.6,nan,0.523598775598,nan,-0.2,nan,1.57079632679,nan,0.2,nan,1.0471975512,nan
grid_0438,0.4583,nan,0.0505,nan,1.00,-0.6,nan,0.523598775598,nan,-0.2,nan,1.57079632679,nan,0.2,nan,0.523598775598,nan
grid_0439,0.4332,nan,0.3963,nan,1.00,-0.6,nan,0.523598775598,nan,-0.2,nan,1.57079632679,nan,0.2,nan,0,nan
grid_0440,0.2354,nan,0.3951,nan,0.99,-0.6,nan,0.523598775598,nan,-0.2,nan,1.57079632679,nan,-0.2,nan,0,nan
grid_0441,0.1911,nan,0.2673,nan,1.01,-0.6,nan,0.523598775598,nan,-0.2,nan,1.57079632679,nan,-0.2,nan,0.523598775598,nan
grid_0442,0.2834,nan,0.2836,nan,1.00,-0.6,nan,0.523598775598,nan,-0.2,nan,1.57079632679,nan,-0.2,nan,1.0471975512,nan
grid_0443,0.4158,nan,0.0149,nan,0.99,-0.6,nan,0.523598775598,nan,-0.2,nan,1.57079632679,nan,-0.2,nan,1.57079632679,nan
grid_0444,0.2344,nan,0.1311,nan,1.00,-0.6,nan,0.523598775598,nan,-0.2,nan,1.57079632679,nan,-0.6,nan,1.57079632679,nan
grid_0445,0.2301,nan,0.2427,nan,1.01,-0.6,nan,0.523598775598,nan,-0.2,nan,1.57079632679,nan,-0.6,nan,1.0471975512,nan
grid_0446,0.1980,nan,0.5037,nan,1.00,-0.6,nan,0.523598775598,nan,-0.2,nan,1.57079632679,nan,-0.6,nan,0.523598775598,nan
grid_0447,0.2258,nan,0.5469,nan,1.00,-0.6,nan,0.523598775598,nan,-0.2,nan,1.57079632679,nan,-0.6,nan,0,nan
grid_0448,0.1933,nan,0.4290,nan,1.00,-0.6,nan,0.523598775598,nan,-0.6,nan,1.57079632679,nan,-0.6,nan,0,nan
grid_0449,0.2081,nan,0.2905,nan,1.00,-0.6,nan,0.523598775598,nan,-0.6,nan,1.57079632679,nan,-0.6,nan,0.523598775598,nan
grid_0450,0.7053,nan,0.0981,nan,1.00,-0.6,nan,0.523598775598,nan,-0.6,nan,1.57079632679,nan,-0.6,nan,1.0471975512,nan
grid_0451,0.3159,nan,0.0027,nan,1.00,-0.6,nan,0.523598775598,nan,-0.6,nan,1.57079632679,nan,-0.6,nan,1.57079632679,nan
grid_0452,0.4047,nan,0.0243,nan,1.00,-0.6,nan,0.523598775598,nan,-0.6,nan,1.57079632679,nan,-0.2,nan,1.57079632679,nan
grid_0453,0.3566,nan,0.0271,nan,1.01,-0.6,nan,0.523598775598,nan,-0.6,nan,1.57079632679,nan,-0.2,nan,1.0471975512,nan
grid_0454,0.5105,nan,0.1235,nan,1.00,-0.6,nan,0.523598775598,nan,-0.6,nan,1.57079632679,nan,-0.2,nan,0.523598775598,nan
grid_0455,0.3583,nan,0.2814,nan,1.00,-0.6,nan,0.523598775598,nan,-0.6,nan,1.57079632679,nan,-0.2,nan,0,nan
grid_0456,0.4993,nan,0.3038,nan,1.00,-0.6,nan,0.523598775598,nan,-0.6,nan,1.57079632679,nan,0.2,nan,0,nan
grid_0457,0.4242,nan,0.0150,nan,1.00,-0.6,nan,0.523598775598,nan,-0.6,nan,1.57079632679,nan,0.2,nan,0.523598775598,nan
grid_0458,0.1895,nan,0.0152,nan,1.00,-0.6,nan,0.523598775598,nan,-0.6,nan,1.57079632679,nan,0.2,nan,1.0471975512,nan
grid_0459,0.7587,nan,0.0772,nan,1.00,-0.6,nan,0.523598775598,nan,-0.6,nan,1.57079632679,nan,0.2,nan,1.57079632679,nan
grid_0460,0.1803,nan,0.0154,nan,1.00,-0.6,nan,0.523598775598,nan,-0.6,nan,1.57079632679,nan,0.6,nan,1.57079632679,nan
grid_0461,0.7777,nan,0.0941,nan,1.00,-0.6,nan,0.523598775598,nan,-0.6,nan,1.57079632679,nan,0.6,nan,1.0471975512,nan
grid_0462,0.2871,nan,0.1129,nan,0.99,-0.6,nan,0.523598775598,nan,-0.6,nan,1.57079632679,nan,0.6,nan,0.523598775598,nan
grid_0463,0.4677,nan,0.1314,nan,1.00,-0.6,nan,0.523598775598,nan,-0.6,nan,1.57079632679,nan,0.6,nan,0,nan
grid_0464,0.8368,nan,0.5065,nan,0.99,-0.6,nan,0.523598775598,nan,-0.6,nan,1.0471975512,nan,0.6,nan,0,nan
grid_0465,0.3963,nan,0.1525,nan,1.01,-0.6,nan,0.523598775598,nan,-0.6,nan,1.0471975512,nan,0.6,nan,0.523598775598,nan
grid_0466,0.3422,nan,0.0349,nan,1.00,-0.6,nan,0.523598775598,nan,-0.6,nan,1.0471975512,nan,0.6,nan,1.0471975512,nan
grid_0467,0.0982,nan,0.1444,nan,1.00,-0.6,nan,0.523598775598,nan,-0.6,nan,1.0471975512,nan,0.6,nan,1.57079632679,nan
grid_0468,0.2985,nan,0.1551,nan,1.00,-0.6,nan,0.523598775598,nan,-0.6,nan,1.0471975512,nan,0.2,nan,1.57079632679,nan
grid_0469,0.1092,nan,0.1876,nan,1.00,-0.6,nan,0.523598775598,nan,-0.6,nan,1.0471975512,nan,0.2,nan,1.0471975512,nan
grid_0470,0.2865,nan,0.2888,nan,1.00,-0.6,nan,0.523598775598,nan,-0.6,nan,1.0471975512,nan,0.2,nan,0.523598775598,nan
grid_0471,0.2356,nan,0.5252,nan,1.00,-0.6,nan,0.523598775598,nan,-0.6,nan,1.0471975512,nan,0.2,nan,0,nan
grid_0472,0.5715,nan,0.5081,nan,1.00,-0.6,nan,0.523598775598,nan,-0.6,nan,1.0471975512,nan,-0.2,nan,0,nan
grid_0473,0.2428,nan,0.4386,nan,1.01,-0.6,nan,0.523598775598,nan,-0.6,nan,1.0471975512,nan,-0.2,nan,0.523598775598,nan
grid_0474,0.1589,nan,0.3599,nan,1.00,-0.6,nan,0.523598775598,nan,-0.6,nan,1.0471975512,nan,-0.2,nan,1.0471975512,nan
grid_0475,0.1586,nan,0.1245,nan,1.01,-0.6,nan,0.523598775598,nan,-0.6,nan,1.0471975512,nan,-0.2,nan,1.57079632679,nan
grid_0476,0.1901,nan,0.0838,nan,1.00,-0.6,nan,0.523598775598,nan,-0.6,nan,1.0471975512,nan,-0.6,nan,1.57079632679,nan
grid_0477,0.2855,nan,0.4934,nan,1.00,-0.6,nan,0.523598775598,nan,-0.6,nan,1.0471975512,nan,-0.6,nan,1.0471975512,nan
grid_0478,0.3427,nan,0.5311,nan,0.99,-0.6,nan,0.523598775598,nan,-0.6,nan,1.0471975512,nan,-0.6,nan,0.523598775598,nan
grid_0479,0.1075,nan,0.5917,nan,0.99,-0.6,nan,0.523598775598,nan,-0.6,nan,1.0471975512,nan,-0.6,nan,0,nan
grid_0480,0.6219,nan,0.8204,nan,0.95,-0.6,nan,0.523598775598,nan,-0.6,nan,0.523598775598,nan,-0.6,nan,0,nan
grid_0481,0.3184,nan,0.9886,nan,1.01,-0.6,nan,0.523598775598,nan,-0.6,nan,0.523598775598,nan,-0.6,nan,0.523598775598,nan
grid_0482,0.1837,nan,0.9048,nan,1.01,-0.6,nan,0.523598775598,nan,-0.6,nan,0.523598775598,nan,-0.6,nan,1.0471975512,nan
grid_0483,0.4602,nan,0.7384,nan,1.01,-0.6,nan,0.523598775598,nan,-0.6,nan,0.523598775598,nan,-0.6,nan,1.57079632679,nan
grid_0484,0.1121,nan,0.6629,nan,1.00,-0.6,nan,0.523598775598,nan,-0.6,nan,0.523598775598,nan,-0.2,nan,1.57079632679,nan
grid_0485,0.1966,nan,1.0087,nan,1.00,-0.6,nan,0.523598775598,nan,-0.6,nan,0.523598775598,nan,-0.2,nan,1.0471975512,nan
grid_0486,0.2666,nan,0.8847,nan,1.00,-0.6,nan,0.523598775598,nan,-0.6,nan,0.523598775598,nan,-0.2,nan,0.523598775598,nan
grid_0487,0.7035,nan,0.9194,nan,1.00,-0.6,nan,0.523598775598,nan,-0.6,nan,0.523598775598,nan,-0.2,nan,0,nan
grid_0488,0.8879,nan,0.8724,nan,1.01,-0.6,nan,0.523598775598,nan,-0.6,nan,0.523598775598,nan,0.2,nan,0,nan
grid_0489,0.5053,nan,0.8775,nan,1.00,-0.6,nan,0.523598775598,nan,-0.6,nan,0.523598775598,nan,0.2,nan,0.523598775598,nan
grid_0490,0.3136,nan,0.7521,nan,1.00,-0.6,nan,0.523598775598,nan,-0.6,nan,0.523598775598,nan,0.2,nan,1.0471975512,nan
grid_0491,0.4889,nan,0.5389,nan,1.01,-0.6,nan,0.523598775598,nan,-0.6,nan,0.523598775598,nan,0.2,nan,1.57079632679,nan
grid_0492,0.1410,nan,0.4806,nan,1.00,-0.6,nan,0.523598775598,nan,-0.6,nan,0.523598775598,nan,0.6,nan,1.57079632679,nan
grid_0493,0.1263,nan,0.4933,nan,1.00,-0.6,nan,0.523598775598,nan,-0.6,nan,0.523598775598,nan,0.6,nan,1.0471975512,nan
grid_0494,0.3097,nan,0.5759,nan,1.00,-0.6,nan,0.523598775598,nan,-0.6,nan,0.523598775598,nan,0.6,nan,0.523598775598,nan
grid_0495,0.4311,nan,0.5767,nan,1.01,-0.6,nan,0.523598775598,nan,-0.6,nan,0.523598775598,nan,0.6,nan,0,nan
grid_0496,0.2369,nan,0.5064,nan,0.99,-0.6,nan,0.523598775598,nan,-0.6,nan,0,nan,0.6,nan,0,nan
grid_0497,0.7247,nan,1.1724,nan,1.00,-0.6,nan,0.523598775598,nan,-0.6,nan,0,nan,0.6,nan,0.523598775598,nan
grid_0498,0.5296,nan,1.2936,nan,1.00,-0.6,nan,0.523598775598,nan,-0.6,nan,0,nan,0.6,nan,1.0471975512,nan
grid_0499,0.3881,nan,1.2622,nan,1.01,-0.6,nan,0.523598775598,nan,-0.6,nan,0,nan,0.6,nan,1.57079632679,nan
grid_0500,0.3039,nan,1.1428,nan,1.00,-0.6,nan,0.523598775598,nan,-0.6,nan,0,nan,0.2,nan,1.57079632679,nan
grid_0501,0.2693,nan,1.2439,nan,0.99,-0.6,nan,0.523598775598,nan,-0.6,nan,0,nan,0.2,nan,1.0471975512,nan
grid_0502,0.4198,nan,1.1854,nan,0.99,-0.6,nan,0.523598775598,nan,-0.6,nan,0,nan,0.2,nan,0.523598775598,nan
grid_0503,0.6558,nan,0.4599,nan,1.00,-0.6,nan,0.523598775598,nan,-0.6,nan,0,nan,0.2,nan,0,nan
grid_0504,0.7202,nan,1.4660,nan,1.00,-0.6,nan,0.523598775598,nan,-0.6,nan,0,nan,-0.2,nan,0,nan
grid_0505,0.2113,nan,0.9373,nan,1.01,-0.6,nan,0.523598775598,nan,-0.6,nan,0,nan,-0.2,nan,0.523598775598,nan
grid_0506,0.5633,nan,1.0896,nan,1.00,-0.6,nan,0.523598775598,nan,-0.6,nan,0,nan,-0.2,nan,1.0471975512,nan
grid_0507,0.4047,nan,1.3442,nan,1.01,-0.6,nan,0.523598775598,nan,-0.6,nan,0,nan,-0.2,nan,1.57079632679,nan
grid_0508,0.2727,nan,1.2286,nan,1.00,-0.6,nan,0.523598775598,nan,-0.6,nan,0,nan,-0.6,nan,1.57079632679,nan
grid_0509,0.2881,nan,1.1740,nan,0.99,-0.6,nan,0.523598775598,nan,-0.6,nan,0,nan,-0.6,nan,1.0471975512,nan
grid_0510,0.3425,nan,0.8181,nan,1.00,-0.6,nan,0.523598775598,nan,-0.6,nan,0,nan,-0.6,nan,0.523598775598,nan
grid_0511,1.6913,nan,0.3087,nan,0.99,-0.6,nan,0.523598775598,nan,-0.6,nan,0,nan,-0.6,nan,0,nan
grid_0512,0.3378,nan,0.5257,nan,1.00,-0.6,nan,1.0471975512,nan,-0.6,nan,0,nan,-0.6,nan,0,nan
grid_0513,0.3389,nan,1.1602,nan,1.01,-0.6,nan,1.0471975512,nan,-0.6,nan,0,nan,-0.6,nan,0.523598775598,nan
grid_0514,0.2997,nan,1.2426,nan,1.00,-0.6,nan,1.0471975512,nan,-0.6,nan,0,nan,-0.6,nan,1.0471975512,nan
grid_0515,0.3886,nan,0.9753,nan,1.01,-0.6,nan,1.0471975512,nan,-0.6,nan,0,nan,-0.6,nan,1.57079632679,nan
grid_0516,0.1789,nan,1.2765,nan,1.01,-0.6,nan,1.0471975512,nan,-0.6,nan,0,nan,-0.2,nan,1.57079632679,nan
grid_0517,0.2646,nan,1.1344,nan,1.00,-0.6,nan,1.0471975512,nan,-0.6,nan,0,nan,-0.2,nan,1.0471975512,nan
grid_0518,0.5267,nan,0.9272,nan,0.99,-0.6,nan,1.0471975512,nan,-0.6,nan,0,nan,-0.2,nan,0.523598775598,nan
grid_0519,0.4077,nan,0.5573,nan,1.00,-0.6,nan,1.0471975512,nan,-0.6,nan,0,nan,-0.2,nan,0,nan
grid_0520,0.4527,nan,0.7346,nan,1.01,-0.6,nan,1.0471975512,nan,-0.6,nan,0,nan,0.2,nan,0,nan
grid_0521,0.3277,nan,0.9760,nan,1.00,-0.6,nan,1.0471975512,nan,-0.6,nan,0,nan,0.2,nan,0.523598775598,nan
grid_0522,0.4278,nan,1.1733,nan,1.00,-0.6,nan,1.0471975512,nan,-0.6,nan,0,nan,0.2,nan,1.0471975512,nan
grid_0523,0.3338,nan,0.9876,nan,1.01,-0.6,nan,1.0471975512,nan,-0.6,nan,0,nan,0.2,nan,1.57079632679,nan
grid_0524,0.1543,nan,1.1875,nan,1.00,-0.6,nan,1.0471975512,nan,-0.6,nan,0,nan,0.6,nan,1.57079632679,nan
grid_0525,0.4768,nan,0.8710,nan,1.01,-0.6,nan,1.0471975512,nan,-0.6,nan,0,nan,0.6,nan,1.0471975512,nan
grid_0526,0.3827,nan,0.9122,nan,1.00,-0.6,nan,1.0471975512,nan,-0.6,nan,0,nan,0.6,nan,0.523598775598,nan
grid_0527,0.4019,nan,0.3284,nan,0.99,-0.6,nan,1.0471975512,nan,-0.6,nan,0,nan,0.6,nan,0,nan
grid_0528,0.7831,nan,0.5112,nan,1.00,-0.6,nan,1.0471975512,nan,-0.6,nan,0.523598775598,nan,0.6,nan,0,nan
grid_0529,0.1659,nan,0.4164,nan,1.00,-0.6,nan,1.0471975512,nan,-0.6,nan,0.523598775598,nan,0.6,nan,0.523598775598,nan
grid_0530,0.1802,nan,0.4960,nan,1.00,-0.6,nan,1.0471975512,nan,-0.6,nan,0.523598775598,nan,0.6,nan,1.0471975512,nan
grid_0531,0.1842,nan,0.6250,nan,1.00,-0.6,nan,1.0471975512,nan,-0.6,nan,0.523598775598,nan,0.6,nan,1.57079632679,nan
grid_0532,0.3209,nan,0.6288,nan,1.00,-0.6,nan,1.0471975512,nan,-0.6,nan,0.523598775598,nan,0.2,nan,1.57079632679,nan
grid_0533,0.2548,nan,0.7199,nan,0.99,-0.6,nan,1.0471975512,nan,-0.6,nan,0.523598775598,nan,0.2,nan,1.0471975512,nan
grid_0534,0.2028,nan,0.5163,nan,1.00,-0.6,nan,1.0471975512,nan,-0.6,nan,0.523598775598,nan,0.2,nan,0.523598775598,nan
grid_0535,0.4430,nan,0.6897,nan,1.00,-0.6,nan,1.0471975512,nan,-0.6,nan,0.523598775598,nan,0.2,nan,0,nan
grid_0536,0.2452,nan,0.7109,nan,1.00,-0.6,nan,1.0471975512,nan,-0.6,nan,0.523598775598,nan,-0.2,nan,0,nan
grid_0537,0.2443,nan,0.7975,nan,1.00,-0.6,nan,1.0471975512,nan,-0.6,nan,0.523598775598,nan,-0.2,nan,0.523598775598,nan
grid_0538,0.3177,nan,0.7658,nan,1.00,-0.6,nan,1.0471975512,nan,-0.6,nan,0.523598775598,nan,-0.2,nan,1.0471975512,nan
grid_0539,0.1032,nan,0.5294,nan,1.00,-0.6,nan,1.0471975512,nan,-0.6,nan,0.523598775598,nan,-0.2,nan,1.57079632679,nan
grid_0540,0.1595,nan,0.6317,nan,1.00,-0.6,nan,1.0471975512,nan,-0.6,nan,0.523598775598,nan,-0.6,nan,1.57079632679,nan
grid_0541,0.1871,nan,0.9446,nan,0.99,-0.6,nan,1.0471975512,nan,-0.6,nan,0.523598775598,nan,-0.6,nan,1.0471975512,nan
grid_0542,0.4544,nan,0.8273,nan,1.00,-0.6,nan,1.0471975512,nan,-0.6,nan,0.523598775598,nan,-0.6,nan,0.523598775598,nan
grid_0543,0.3290,nan,0.6830,nan,0.99,-0.6,nan,1.0471975512,nan,-0.6,nan,0.523598775598,nan,-0.6,nan,0,nan
grid_0544,0.4082,nan,0.5553,nan,1.00,-0.6,nan,1.0471975512,nan,-0.6,nan,1.0471975512,nan,-0.6,nan,0,nan
grid_0545,0.2312,nan,0.5597,nan,1.01,-0.6,nan,1.0471975512,nan,-0.6,nan,1.0471975512,nan,-0.6,nan,0.523598775598,nan
grid_0546,0.2435,nan,0.3326,nan,1.00,-0.6,nan,1.0471975512,nan,-0.6,nan,1.0471975512,nan,-0.6,nan,1.0471975512,nan
grid_0547,0.1302,nan,0.1956,nan,1.01,-0.6,nan,1.0471975512,nan,-0.6,nan,1.0471975512,nan,-0.6,nan,1.57079632679,nan
grid_0548,0.1821,nan,0.0974,nan,1.01,-0.6,nan,1.0471975512,nan,-0.6,nan,1.0471975512,nan,-0.2,nan,1.57079632679,nan
grid_0549,0.1295,nan,0.2387,nan,1.00,-0.6,nan,1.0471975512,nan,-0.6,nan,1.0471975512,nan,-0.2,nan,1.0471975512,nan
grid_0550,0.2156,nan,0.4585,nan,1.00,-0.6,nan,1.0471975512,nan,-0.6,nan,1.0471975512,nan,-0.2,nan,0.523598775598,nan
grid_0551,0.3601,nan,0.2962,nan,0.99,-0.6,nan,1.0471975512,nan,-0.6,nan,1.0471975512,nan,-0.2,nan,0,nan
grid_0552,0.3787,nan,0.3495,nan,1.01,-0.6,nan,1.0471975512,nan,-0.6,nan,1.0471975512,nan,0.2,nan,0,nan
grid_0553,0.1169,nan,0.2047,nan,1.00,-0.6,nan,1.0471975512,nan,-0.6,nan,1.0471975512,nan,0.2,nan,0.523598775598,nan
grid_0554,0.3103,nan,0.1313,nan,1.00,-0.6,nan,1.0471975512,nan,-0.6,nan,1.0471975512,nan,0.2,nan,1.0471975512,nan
grid_0555,0.1702,nan,0.0595,nan,1.00,-0.6,nan,1.0471975512,nan,-0.6,nan,1.0471975512,nan,0.2,nan,1.57079632679,nan
grid_0556,0.1333,nan,0.0000,nan,0.99,-0.6,nan,1.0471975512,nan,-0.6,nan,1.0471975512,nan,0.6,nan,1.57079632679,nan
grid_0557,0.1807,nan,0.0388,nan,1.00,-0.6,nan,1.0471975512,nan,-0.6,nan,1.0471975512,nan,0.6,nan,1.0471975512,nan
grid_0558,0.1327,nan,0.0731,nan,1.00,-0.6,nan,1.0471975512,nan,-0.6,nan,1.0471975512,nan,0.6,nan,0.523598775598,nan
grid_0559,0.0940,nan,0.2403,nan,0.99,-0.6,nan,1.0471975512,nan,-0.6,nan,1.0471975512,nan,0.6,nan,0,nan
grid_0560,0.7877,nan,0.0477,nan,1.02,-0.6,nan,1.0471975512,nan,-0.6,nan,1.57079632679,nan,0.6,nan,0,nan
grid_0561,0.6473,nan,0.0159,nan,1.01,-0.6,nan,1.0471975512,nan,-0.6,nan,1.57079632679,nan,0.6,nan,0.523598775598,nan
grid_0562,0.2763,nan,0.0334,nan,1.00,-0.6,nan,1.0471975512,nan,-0.6,nan,1.57079632679,nan,0.6,nan,1.0471975512,nan
grid_0563,0.6241,nan,0.0028,nan,1.00,-0.6,nan,1.0471975512,nan,-0.6,nan,1.57079632679,nan,0.6,nan,1.57079632679,nan
grid_0564,0.7058,nan,0.0274,nan,1.00,-0.6,nan,1.0471975512,nan,-0.6,nan,1.57079632679,nan,0.2,nan,1.57079632679,nan
grid_0565,0.6040,nan,0.0081,nan,1.00,-0.6,nan,1.0471975512,nan,-0.6,nan,1.57079632679,nan,0.2,nan,1.0471975512,nan
grid_0566,0.5791,nan,0.0788,nan,1.00,-0.6,nan,1.0471975512,nan,-0.6,nan,1.57079632679,nan,0.2,nan,0.523598775598,nan
grid_0567,0.4976,nan,0.0744,nan,1.00,-0.6,nan,1.0471975512,nan,-0.6,nan,1.57079632679,nan,0.2,nan,0,nan
grid_0568,0.2300,nan,0.3115,nan,0.99,-0.6,nan,1.0471975512,nan,-0.6,nan,1.57079632679,nan,-0.2,nan,0,nan
grid_0569,0.3132,nan,0.1639,nan,1.01,-0.6,nan,1.0471975512,nan,-0.6,nan,1.57079632679,nan,-0.2,nan,0.523598775598,nan
grid_0570,0.2816,nan,0.0277,nan,1.01,-0.6,nan,1.0471975512,nan,-0.6,nan,1.57079632679,nan,-0.2,nan,1.0471975512,nan
grid_0571,0.5680,nan,0.0114,nan,1.00,-0.6,nan,1.0471975512,nan,-0.6,nan,1.57079632679,nan,-0.2,nan,1.57079632679,nan
grid_0572,0.5248,nan,0.0091,nan,1.00,-0.6,nan,1.0471975512,nan,-0.6,nan,1.57079632679,nan,-0.6,nan,1.57079632679,nan
grid_0573,0.4211,nan,0.1515,nan,1.00,-0.6,nan,1.0471975512,nan,-0.6,nan,1.57079632679,nan,-0.6,nan,1.0471975512,nan
grid_0574,0.1795,nan,0.2869,nan,1.00,-0.6,nan,1.0471975512,nan,-0.6,nan,1.57079632679,nan,-0.6,nan,0.523598775598,nan
grid_0575,0.1401,nan,0.3161,nan,0.99,-0.6,nan,1.0471975512,nan,-0.6,nan,1.57079632679,nan,-0.6,nan,0,nan
grid_0576,0.1360,nan,0.3775,nan,0.99,-0.6,nan,1.0471975512,nan,-0.2,nan,1.57079632679,nan,-0.6,nan,0,nan
grid_0577,0.1289,nan,0.3754,nan,1.01,-0.6,nan,1.0471975512,nan,-0.2,nan,1.57079632679,nan,-0.6,nan,0.523598775598,nan
grid_0578,0.0758,nan,0.2077,nan,1.00,-0.6,nan,1.0471975512,nan,-0.2,nan,1.57079632679,nan,-0.6,nan,1.0471975512,nan
grid_0579,0.1791,nan,0.1254,nan,1.00,-0.6,nan,1.0471975512,nan,-0.2,nan,1.57079632679,nan,-0.6,nan,1.57079632679,nan
grid_0580,0.3972,nan,0.0985,nan,1.00,-0.6,nan,1.0471975512,nan,-0.2,nan,1.57079632679,nan,-0.2,nan,1.57079632679,nan
grid_0581,0.1894,nan,0.3269,nan,0.99,-0.6,nan,1.0471975512,nan,-0.2,nan,1.57079632679,nan,-0.2,nan,1.0471975512,nan
grid_0582,0.1789,nan,0.2738,nan,1.00,-0.6,nan,1.0471975512,nan,-0.2,nan,1.57079632679,nan,-0.2,nan,0.523598775598,nan
grid_0583,0.2378,nan,0.3254,nan,1.00,-0.6,nan,1.0471975512,nan,-0.2,nan,1.57079632679,nan,-0.2,nan,0,nan
grid_0584,0.4240,nan,0.2281,nan,1.01,-0.6,nan,1.0471975512,nan,-0.2,nan,1.57079632679,nan,0.2,nan,0,nan
grid_0585,0.2080,nan,0.1689,nan,1.00,-0.6,nan,1.0471975512,nan,-0.2,nan,1.57079632679,nan,0.2,nan,0.523598775598,nan
grid_0586,0.6500,nan,0.1089,nan,1.00,-0.6,nan,1.0471975512,nan,-0.2,nan,1.57079632679,nan,0.2,nan,1.0471975512,nan
grid_0587,0.1653,nan,0.0853,nan,1.00,-0.6,nan,1.0471975512,nan,-0.2,nan,1.57079632679,nan,0.2,nan,1.57079632679,nan
grid_0588,0.4036,nan,0.0498,nan,1.00,-0.6,nan,1.0471975512,nan,-0.2,nan,1.57079632679,nan,0.6,nan,1.57079632679,nan
grid_0589,0.7797,nan,0.0275,nan,1.00,-0.6,nan,1.0471975512,nan,-0.2,nan,1.57079632679,nan,0.6,nan,1.0471975512,nan
grid_0590,0.3795,nan,0.0001,nan,1.00,-0.6,nan,1.0471975512,nan,-0.2,nan,1.57079632679,nan,0.6,nan,0.523598775598,nan
grid_0591,0.4117,nan,0.0483,nan,0.99,-0.6,nan,1.0471975512,nan,-0.2,nan,1.57079632679,nan,0.6,nan,0,nan
grid_0592,0.7089,nan,0.1345,nan,1.00,-0.6,nan,1.0471975512,nan,-0.2,nan,1.0471975512,nan,0.6,nan,0,nan
grid_0593,0.3773,nan,0.0103,nan,1.00,-0.6,nan,1.0471975512,nan,-0.2,nan,1.0471975512,nan,0.6,nan,0.523598775598,nan
grid_0594,0.2677,nan,0.0122,nan,0.99,-0.6,nan,1.0471975512,nan,-0.2,nan,1.0471975512,nan,0.6,nan,1.0471975512,nan
grid_0595,0.3717,nan,0.1151,nan,1.00,-0.6,nan,1.0471975512,nan,-0.2,nan,1.0471975512,nan,0.6,nan,1.57079632679,nan
grid_0596,0.1606,nan,0.0880,nan,0.99,-0.6,nan,1.0471975512,nan,-0.2,nan,1.0471975512,nan,0.2,nan,1.57079632679,nan
grid_0597,0.1921,nan,0.1536,nan,1.01,-0.6,nan,1.0471975512,nan,-0.2,nan,1.0471975512,nan,0.2,nan,1.0471975512,nan
grid_0598,0.1408,nan,0.2955,nan,1.00,-0.6,nan,1.0471975512,nan,-0.2,nan,1.0471975512,nan,0.2,nan,0.523598775598,nan
grid_0599,0.3985,nan,0.3333,nan,1.00,-0.6,nan,1.0471975512,nan,-0.2,nan,1.0471975512,nan,0.2,nan,0,nan
grid_0600,0.2810,nan,0.5213,nan,0.99,-0.6,nan,1.0471975512,nan,-0.2,nan,1.0471975512,nan,-0.2,nan,0,nan
grid_0601,0.1420,nan,0.4493,nan,1.00,-0.6,nan,1.0471975512,nan,-0.2,nan,1.0471975512,nan,-0.2,nan,0.523598775598,nan
grid_0602,0.1257,nan,0.3669,nan,1.00,-0.6,nan,1.0471975512,nan,-0.2,nan,1.0471975512,nan,-0.2,nan,1.0471975512,nan
grid_0603,0.1913,nan,0.3243,nan,1.00,-0.6,nan,1.0471975512,nan,-0.2,nan,1.0471975512,nan,-0.2,nan,1.57079632679,nan
grid_0604,0.2049,nan,0.2204,nan,1.00,-0.6,nan,1.0471975512,nan,-0.2,nan,1.0471975512,nan,-0.6,nan,1.57079632679,nan
grid_0605,0.0735,nan,0.4857,nan,1.00,-0.6,nan,1.0471975512,nan,-0.2,nan,1.0471975512,nan,-0.6,nan,1.0471975512,nan
grid_0606,0.1213,nan,0.6085,nan,0.99,-0.6,nan,1.0471975512,nan,-0.2,nan,1.0471975512,nan,-0.6,nan,0.523598775598,nan
grid_0607,0.3413,nan,0.5329,nan,1.00,-0.6,nan,1.0471975512,nan,-0.2,nan,1.0471975512,nan,-0.6,nan,0,nan
grid_0608,0.5402,nan,0.9620,nan,1.00,-0.6,nan,1.0471975512,nan,-0.2,nan,0.523598775598,nan,-0.6,nan,0,nan
grid_0609,0.3030,nan,0.9184,nan,0.99,-0.6,nan,1.0471975512,nan,-0.2,nan,0.523598775598,nan,-0.6,nan,0.523598775598,nan
grid_0610,0.1451,nan,0.9113,nan,1.01,-0.6,nan,1.0471975512,nan,-0.2,nan,0.523598775598,nan,-0.6,nan,1.0471975512,nan
grid_0611,0.0763,nan,0.5943,nan,1.01,-0.6,nan,1.0471975512,nan,-0.2,nan,0.523598775598,nan,-0.6,nan,1.57079632679,nan
grid_0612,0.0667,nan,0.5955,nan,1.00,-0.6,nan,1.0471975512,nan,-0.2,nan,0.523598775598,nan,-0.2,nan,1.57079632679,nan
grid_0613,0.0922,nan,0.5684,nan,1.00,-0.6,nan,1.0471975512,nan,-0.2,nan,0.523598775598,nan,-0.2,nan,1.0471975512,nan
grid_0614,0.3392,nan,0.6720,nan,1.00,-0.6,nan,1.0471975512,nan,-0.2,nan,0.523598775598,nan,-0.2,nan,0.523598775598,nan
grid_0615,0.2750,nan,0.6524,nan,1.01,-0.6,nan,1.0471975512,nan,-0.2,nan,0.523598775598,nan,-0.2,nan,0,nan
grid_0616,0.4273,nan,0.4849,nan,1.01,-0.6,nan,1.0471975512,nan,-0.2,nan,0.523598775598,nan,0.2,nan,0,nan
grid_0617,0.1534,nan,0.5761,nan,1.00,-0.6,nan,1.0471975512,nan,-0.2,nan,0.523598775598,nan,0.2,nan,0.523598775598,nan
grid_0618,0.3296,nan,0.4853,nan,1.01,-0.6,nan,1.0471975512,nan,-0.2,nan,0.523598775598,nan,0.2,nan,1.0471975512,nan
grid_0619,0.0717,nan,0.4394,nan,0.99,-0.6,nan,1.0471975512,nan,-0.2,nan,0.523598775598,nan,0.2,nan,1.57079632679,nan
grid_0620,0.0824,nan,0.2501,nan,1.01,-0.6,nan,1.0471975512,nan,-0.2,nan,0.523598775598,nan,0.6,nan,1.57079632679,nan
grid_0621,0.1639,nan,0.1265,nan,1.00,-0.6,nan,1.0471975512,nan,-0.2,nan,0.523598775598,nan,0.6,nan,1.0471975512,nan
grid_0622,0.2512,nan,0.1017,nan,1.00,-0.6,nan,1.0471975512,nan,-0.2,nan,0.523598775598,nan,0.6,nan,0.523598775598,nan
grid_0623,0.3915,nan,0.1495,nan,1.00,-0.6,nan,1.0471975512,nan,-0.2,nan,0.523598775598,nan,0.6,nan,0,nan
grid_0624,0.4676,nan,0.0051,nan,0.99,-0.6,nan,1.0471975512,nan,-0.2,nan,0,nan,0.6,nan,0,nan
grid_0625,0.2010,nan,0.2313,nan,1.00,-0.6,nan,1.0471975512,nan,-0.2,nan,0,nan,0.6,nan,0.523598775598,nan
grid_0626,0.3063,nan,0.4977,nan,1.00,-0.6,nan,1.0471975512,nan,-0.2,nan,0,nan,0.6,nan,1.0471975512,nan
grid_0627,0.2540,nan,1.1218,nan,1.00,-0.6,nan,1.0471975512,nan,-0.2,nan,0,nan,0.6,nan,1.57079632679,nan
grid_0628,0.1979,nan,0.8647,nan,1.00,-0.6,nan,1.0471975512,nan,-0.2,nan,0,nan,0.2,nan,1.57079632679,nan
grid_0629,0.6716,nan,1.0863,nan,1.00,-0.6,nan,1.0471975512,nan,-0.2,nan,0,nan,0.2,nan,1.0471975512,nan
grid_0630,0.2346,nan,0.8489,nan,1.00,-0.6,nan,1.0471975512,nan,-0.2,nan,0,nan,0.2,nan,0.523598775598,nan
grid_0631,0.3236,nan,0.3930,nan,1.00,-0.6,nan,1.0471975512,nan,-0.2,nan,0,nan,0.2,nan,0,nan
grid_0632,0.4425,nan,0.9281,nan,0.99,-0.6,nan,1.0471975512,nan,-0.2,nan,0,nan,-0.2,nan,0,nan
grid_0633,0.1021,nan,1.2945,nan,1.00,-0.6,nan,1.0471975512,nan,-0.2,nan,0,nan,-0.2,nan,0.523598775598,nan
grid_0634,0.3511,nan,1.2703,nan,1.01,-0.6,nan,1.0471975512,nan,-0.2,nan,0,nan,-0.2,nan,1.0471975512,nan
grid_0635,0.1090,nan,1.0571,nan,1.00,-0.6,nan,1.0471975512,nan,-0.2,nan,0,nan,-0.2,nan,1.57079632679,nan
grid_0636,0.6168,nan,1.4045,nan,1.00,-0.6,nan,1.0471975512,nan,-0.2,nan,0,nan,-0.6,nan,1.57079632679,nan
grid_0637,0.1343,nan,1.4211,nan,0.99,-0.6,nan,1.0471975512,nan,-0.2,nan,0,nan,-0.6,nan,1.0471975512,nan
grid_0638,0.1220,nan,1.3998,nan,1.00,-0.6,nan,1.0471975512,nan,-0.2,nan,0,nan,-0.6,nan,0.523598775598,nan
grid_0639,0.2366,nan,0.8833,nan,1.01,-0.6,nan,1.0471975512,nan,-0.2,nan,0,nan,-0.6,nan,0,nan
grid_0640,0.2208,nan,0.9481,nan,1.01,-0.6,nan,1.0471975512,nan,0.2,nan,0,nan,-0.6,nan,0,nan
grid_0641,0.1736,nan,1.3609,nan,1.00,-0.6,nan,1.0471975512,nan,0.2,nan,0,nan,-0.6,nan,0.523598775598,nan
grid_0642,0.4281,nan,1.1394,nan,0.99,-0.6,nan,1.0471975512,nan,0.2,nan,0,nan,-0.6,nan,1.0471975512,nan
grid_0643,0.2696,nan,0.5579,nan,1.01,-0.6,nan,1.0471975512,nan,0.2,nan,0,nan,-0.6,nan,1.57079632679,nan
grid_0644,0.3620,nan,0.3955,nan,1.00,-0.6,nan,1.0471975512,nan,0.2,nan,0,nan,-0.2,nan,1.57079632679,nan
grid_0645,0.5779,nan,0.3825,nan,1.00,-0.6,nan,1.0471975512,nan,0.2,nan,0,nan,-0.2,nan,1.0471975512,nan
grid_0646,0.6996,nan,0.7142,nan,1.00,-0.6,nan,1.0471975512,nan,0.2,nan,0,nan,-0.2,nan,0.523598775598,nan
grid_0647,0.6329,nan,0.5781,nan,1.00,-0.6,nan,1.0471975512,nan,0.2,nan,0,nan,-0.2,nan,0,nan
grid_0648,0.6109,nan,0.3195,nan,1.01,-0.6,nan,1.0471975512,nan,0.2,nan,0,nan,0.2,nan,0,nan
grid_0649,1.2782,nan,0.1024,nan,1.00,-0.6,nan,1.0471975512,nan,0.2,nan,0,nan,0.2,nan,0.523598775598,nan
grid_0650,0.2575,nan,0.1134,nan,1.00,-0.6,nan,1.0471975512,nan,0.2,nan,0,nan,0.2,nan,1.0471975512,nan
grid_0651,0.8312,nan,0.2710,nan,0.99,-0.6,nan,1.0471975512,nan,0.2,nan,0,nan,0.2,nan,1.57079632679,nan
grid_0652,0.3623,nan,0.1155,nan,1.00,-0.6,nan,1.0471975512,nan,0.2,nan,0,nan,0.6,nan,1.57079632679,nan
grid_0653,0.8266,nan,0.4723,nan,1.01,-0.6,nan,1.0471975512,nan,0.2,nan,0,nan,0.6,nan,1.0471975512,nan
grid_0654,0.4142,nan,1.0252,nan,1.00,-0.6,nan,1.0471975512,nan,0.2,nan,0,nan,0.6,nan,0.523598775598,nan
grid_0655,0.6982,nan,1.1806,nan,1.00,-0.6,nan,1.0471975512,nan,0.2,nan,0,nan,0.6,nan,0,nan
grid_0656,0.7047,nan,0.5537,nan,1.00,-0.6,nan,1.0471975512,nan,0.2,nan,0.523598775598,nan,0.6,nan,0,nan
grid_0657,0.6441,nan,0.1680,nan,1.00,-0.6,nan,1.0471975512,nan,0.2,nan,0.523598775598,nan,0.6,nan,0.523598775598,nan
grid_0658,0.7092,nan,0.0067,nan,1.00,-0.6,nan,1.0471975512,nan,0.2,nan,0.523598775598,nan,0.6,nan,1.0471975512,nan
grid_0659,0.6419,nan,0.2365,nan,1.00,-0.6,nan,1.0471975512,nan,0.2,nan,0.523598775598,nan,0.6,nan,1.57079632679,nan
grid_0660,0.3909,nan,0.1614,nan,1.00,-0.6,nan,1.0471975512,nan,0.2,nan,0.523598775598,nan,0.2,nan,1.57079632679,nan
grid_0661,0.2074,nan,0.0256,nan,1.00,-0.6,nan,1.0471975512,nan,0.2,nan,0.523598775598,nan,0.2,nan,1.0471975512,nan
grid_0662,0.7803,nan,0.0363,nan,1.00,-0.6,nan,1.0471975512,nan,0.2,nan,0.523598775598,nan,0.2,nan,0.523598775598,nan
grid_0663,0.4454,nan,0.0539,nan,1.01,-0.6,nan,1.0471975512,nan,0.2,nan,0.523598775598,nan,0.2,nan,0,nan
grid_0664,0.5529,nan,0.4151,nan,1.00,-0.6,nan,1.0471975512,nan,0.2,nan,0.523598775598,nan,-0.2,nan,0,nan
grid_0665,0.3223,nan,0.5872,nan,1.00,-0.6,nan,1.0471975512,nan,0.2,nan,0.523598775598,nan,-0.2,nan,0.523598775598,nan
grid_0666,0.3799,nan,0.3589,nan,1.00,-0.6,nan,1.0471975512,nan,0.2,nan,0.523598775598,nan,-0.2,nan,1.0471975512,nan
grid_0667,0.4541,nan,0.2596,nan,0.99,-0.6,nan,1.0471975512,nan,0.2,nan,0.523598775598,nan,-0.2,nan,1.57079632679,nan
grid_0668,0.2570,nan,0.2145,nan,1.00,-0.6,nan,1.0471975512,nan,0.2,nan,0.523598775598,nan,-0.6,nan,1.57079632679,nan
grid_0669,0.2014,nan,0.6002,nan,0.99,-0.6,nan,1.0471975512,nan,0.2,nan,0.523598775598,nan,-0.6,nan,1.0471975512,nan
grid_0670,0.1765,nan,0.9149,nan,1.00,-0.6,nan,1.0471975512,nan,0.2,nan,0.523598775598,nan,-0.6,nan,0.523598775598,nan
grid_0671,0.6407,nan,0.6422,nan,1.00,-0.6,nan,1.0471975512,nan,0.2,nan,0.523598775598,nan,-0.6,nan,0,nan
grid_0672,0.2015,nan,0.5197,nan,1.00,-0.6,nan,1.0471975512,nan,0.2,nan,1.0471975512,nan,-0.6,nan,0,nan
grid_0673,0.2516,nan,0.4903,nan,0.99,-0.6,nan,1.0471975512,nan,0.2,nan,1.0471975512,nan,-0.6,nan,0.523598775598,nan
grid_0674,0.1149,nan,0.5998,nan,1.00,-0.6,nan,1.0471975512,nan,0.2,nan,1.0471975512,nan,-0.6,nan,1.0471975512,nan
grid_0675,0.1651,nan,0.4680,nan,1.00,-0.6,nan,1.0471975512,nan,0.2,nan,1.0471975512,nan,-0.6,nan,1.57079632679,nan
grid_0676,0.1923,nan,0.4641,nan,1.00,-0.6,nan,1.0471975512,nan,0.2,nan,1.0471975512,nan,-0.2,nan,1.57079632679,nan
grid_0677,0.3360,nan,0.3343,nan,1.00,-0.6,nan,1.0471975512,nan,0.2,nan,1.0471975512,nan,-0.2,nan,1.0471975512,nan
grid_0678,0.4420,nan,0.4255,nan,0.99,-0.6,nan,1.0471975512,nan,0.2,nan,1.0471975512,nan,-0.2,nan,0.523598775598,nan
grid_0679,0.2847,nan,0.3377,nan,1.01,-0.6,nan,1.0471975512,nan,0.2,nan,1.0471975512,nan,-0.2,nan,0,nan
grid_0680,0.7274,nan,0.0989,nan,1.00,-0.6,nan,1.0471975512,nan,0.2,nan,1.0471975512,nan,0.2,nan,0,nan
grid_0681,0.4551,nan,0.0700,nan,0.99,-0.6,nan,1.0471975512,nan,0.2,nan,1.0471975512,nan,0.2,nan,0.523598775598,nan
grid_0682,0.6018,nan,0.1575,nan,1.00,-0.6,nan,1.0471975512,nan,0.2,nan,1.0471975512,nan,0.2,nan,1.0471975512,nan
grid_0683,0.1155,nan,0.4405,nan,1.00,-0.6,nan,1.0471975512,nan,0.2,nan,1.0471975512,nan,0.2,nan,1.57079632679,nan
grid_0684,0.4380,nan,0.2958,nan,1.00,-0.6,nan,1.0471975512,nan,0.2,nan,1.0471975512,nan,0.6,nan,1.57079632679,nan
grid_0685,0.3088,nan,0.1299,nan,1.01,-0.6,nan,1.0471975512,nan,0.2,nan,1.0471975512,nan,0.6,nan,1.0471975512,nan
grid_0686,0.1007,nan,0.0392,nan,0.99,-0.6,nan,1.0471975512,nan,0.2,nan,1.0471975512,nan,0.6,nan,0.523598775598,nan
grid_0687,0.6255,nan,0.0615,nan,1.00,-0.6,nan,1.0471975512,nan,0.2,nan,1.0471975512,nan,0.6,nan,0,nan
grid_0688,0.5067,nan,0.0389,nan,0.99,-0.6,nan,1.0471975512,nan,0.2,nan,1.57079632679,nan,0.6,nan,0,nan
grid_0689,0.4450,nan,0.0600,nan,0.99,-0.6,nan,1.0471975512,nan,0.2,nan,1.57079632679,nan,0.6,nan,0.523598775598,nan
grid_0690,0.7536,nan,0.1603,nan,1.01,-0.6,nan,1.0471975512,nan,0.2,nan,1.57079632679,nan,0.6,nan,1.0471975512,nan
grid_0691,0.4179,nan,0.2428,nan,0.99,-0.6,nan,1.0471975512,nan,0.2,nan,1.57079632679,nan,0.6,nan,1.57079632679,nan
grid_0692,0.1880,nan,0.3551,nan,1.00,-0.6,nan,1.0471975512,nan,0.2,nan,1.57079632679,nan,0.2,nan,1.57079632679,nan
grid_0693,0.4129,nan,0.1806,nan,1.00,-0.6,nan,1.0471975512,nan,0.2,nan,1.57079632679,nan,0.2,nan,1.0471975512,nan
grid_0694,0.5688,nan,0.2655,nan,1.00,-0.6,nan,1.0471975512,nan,0.2,nan,1.57079632679,nan,0.2,nan,0.523598775598,nan
grid_0695,0.3678,nan,0.1495,nan,1.00,-0.6,nan,1.0471975512,nan,0.2,nan,1.57079632679,nan,0.2,nan,0,nan
grid_0696,0.1878,nan,0.3701,nan,1.00,-0.6,nan,1.0471975512,nan,0.2,nan,1.57079632679,nan,-0.2,nan,0,nan
grid_0697,0.2153,nan,0.1855,nan,0.99,-0.6,nan,1.0471975512,nan,0.2,nan,1.57079632679,nan,-0.2,nan,0.523598775598,nan
grid_0698,0.1241,nan,0.2949,nan,1.00,-0.6,nan,1.0471975512,nan,0.2,nan,1.57079632679,nan,-0.2,nan,1.0471975512,nan
grid_0699,0.2383,nan,0.3403,nan,1.00,-0.6,nan,1.0471975512,nan,0.2,nan,1.57079632679,nan,-0.2,nan,1.57079632679,nan
grid_0700,0.1173,nan,0.3041,nan,1.00,-0.6,nan,1.0471975512,nan,0.2,nan,1.57079632679,nan,-0.6,nan,1.57079632679,nan
grid_0701,0.3089,nan,0.3940,nan,1.00,-0.6,nan,1.0471975512,nan,0.2,nan,1.57079632679,nan,-0.6,nan,1.0471975512,nan
grid_0702,0.1203,nan,0.4978,nan,1.00,-0.6,nan,1.0471975512,nan,0.2,nan,1.57079632679,nan,-0.6,nan,0.523598775598,nan
grid_0703,0.1372,nan,0.3894,nan,1.00,-0.6,nan,1.0471975512,nan,0.2,nan,1.57079632679,nan,-0.6,nan,0,nan
grid_0704,0.1972,nan,0.3466,nan,1.00,-0.6,nan,1.0471975512,nan,0.6,nan,1.57079632679,nan,-0.6,nan,0,nan
grid_0705,0.2250,nan,0.3857,nan,1.00,-0.6,nan,1.0471975512,nan,0.6,nan,1.57079632679,nan,-0.6,nan,0.523598775598,nan
grid_0706,0.2589,nan,0.3561,nan,1.00,-0.6,nan,1.0471975512,nan,0.6,nan,1.57079632679,nan,-0.6,nan,1.0471975512,nan
grid_0707,0.3353,nan,0.4196,nan,1.00,-0.6,nan,1.0471975512,nan,0.6,nan,1.57079632679,nan,-0.6,nan,1.57079632679,nan
grid_0708,0.1272,nan,0.4498,nan,1.00,-0.6,nan,1.0471975512,nan,0.6,nan,1.57079632679,nan,-0.2,nan,1.57079632679,nan
grid_0709,0.2357,nan,0.3574,nan,1.00,-0.6,nan,1.0471975512,nan,0.6,nan,1.57079632679,nan,-0.2,nan,1.0471975512,nan
grid_0710,0.2523,nan,0.3576,nan,1.00,-0.6,nan,1.0471975512,nan,0.6,nan,1.57079632679,nan,-0.2,nan,0.523598775598,nan
grid_0711,0.2922,nan,0.2865,nan,1.00,-0.6,nan,1.0471975512,nan,0.6,nan,1.57079632679,nan,-0.2,nan,0,nan
grid_0712,0.3869,nan,0.2723,nan,1.00,-0.6,nan,1.0471975512,nan,0.6,nan,1.57079632679,nan,0.2,nan,0,nan
grid_0713,0.2511,nan,0.3176,nan,0.99,-0.6,nan,1.0471975512,nan,0.6,nan,1.57079632679,nan,0.2,nan,0.523598775598,nan
grid_0714,0.1342,nan,0.4046,nan,1.00,-0.6,nan,1.0471975512,nan,0.6,nan,1.57079632679,nan,0.2,nan,1.0471975512,nan
grid_0715,0.1929,nan,0.2893,nan,1.00,-0.6,nan,1.0471975512,nan,0.6,nan,1.57079632679,nan,0.2,nan,1.57079632679,nan
grid_0716,0.0991,nan,0.2884,nan,1.00,-0.6,nan,1.0471975512,nan,0.6,nan,1.57079632679,nan,0.6,nan,1.57079632679,nan
grid_0717,0.2636,nan,0.2493,nan,1.00,-0.6,nan,1.0471975512,nan,0.6,nan,1.57079632679,nan,0.6,nan,1.0471975512,nan
grid_0718,0.4584,nan,0.2421,nan,1.00,-0.6,nan,1.0471975512,nan,0.6,nan,1.57079632679,nan,0.6,nan,0.523598775598,nan
grid_0719,0.2134,nan,0.0284,nan,1.00,-0.6,nan,1.0471975512,nan,0.6,nan,1.57079632679,nan,0.6,nan,0,nan
grid_0720,0.8584,nan,0.0400,nan,1.00,-0.6,nan,1.0471975512,nan,0.6,nan,1.0471975512,nan,0.6,nan,0,nan
grid_0721,0.4174,nan,0.0064,nan,1.00,-0.6,nan,1.0471975512,nan,0.6,nan,1.0471975512,nan,0.6,nan,0.523598775598,nan
grid_0722,0.3426,nan,0.0975,nan,0.99,-0.6,nan,1.0471975512,nan,0.6,nan,1.0471975512,nan,0.6,nan,1.0471975512,nan
grid_0723,0.3759,nan,0.3050,nan,1.00,-0.6,nan,1.0471975512,nan,0.6,nan,1.0471975512,nan,0.6,nan,1.57079632679,nan
grid_0724,0.2258,nan,0.3316,nan,1.00,-0.6,nan,1.0471975512,nan,0.6,nan,1.0471975512,nan,0.2,nan,1.57079632679,nan
grid_0725,0.3137,nan,0.2434,nan,1.00,-0.6,nan,1.0471975512,nan,0.6,nan,1.0471975512,nan,0.2,nan,1.0471975512,nan
grid_0726,0.7477,nan,0.1697,nan,0.99,-0.6,nan,1.0471975512,nan,0.6,nan,1.0471975512,nan,0.2,nan,0.523598775598,nan
grid_0727,0.4613,nan,0.0174,nan,1.00,-0.6,nan,1.0471975512,nan,0.6,nan,1.0471975512,nan,0.2,nan,0,nan
grid_0728,0.7296,nan,0.3022,nan,1.00,-0.6,nan,1.0471975512,nan,0.6,nan,1.0471975512,nan,-0.2,nan,0,nan
grid_0729,0.5539,nan,0.2972,nan,1.00,-0.6,nan,1.0471975512,nan,0.6,nan,1.0471975512,nan,-0.2,nan,0.523598775598,nan
grid_0730,0.4358,nan,0.4091,nan,1.00,-0.6,nan,1.0471975512,nan,0.6,nan,1.0471975512,nan,-0.2,nan,1.0471975512,nan
grid_0731,0.1137,nan,0.3558,nan,1.00,-0.6,nan,1.0471975512,nan,0.6,nan,1.0471975512,nan,-0.2,nan,1.57079632679,nan
grid_0732,0.3325,nan,0.4561,nan,1.00,-0.6,nan,1.0471975512,nan,0.6,nan,1.0471975512,nan,-0.6,nan,1.57079632679,nan
grid_0733,0.1472,nan,0.5324,nan,0.99,-0.6,nan,1.0471975512,nan,0.6,nan,1.0471975512,nan,-0.6,nan,1.0471975512,nan
grid_0734,0.3667,nan,0.5957,nan,1.00,-0.6,nan,1.0471975512,nan,0.6,nan,1.0471975512,nan,-0.6,nan,0.523598775598,nan
grid_0735,0.6180,nan,0.4061,nan,1.00,-0.6,nan,1.0471975512,nan,0.6,nan,1.0471975512,nan,-0.6,nan,0,nan
grid_0736,0.9742,nan,0.5215,nan,1.01,-0.6,nan,1.0471975512,nan,0.6,nan,0.523598775598,nan,-0.6,nan,0,nan
grid_0737,0.6088,nan,0.4179,nan,1.00,-0.6,nan,1.0471975512,nan,0.6,nan,0.523598775598,nan,-0.6,nan,0.523598775598,nan
grid_0738,0.2270,nan,0.4415,nan,1.00,-0.6,nan,1.0471975512,nan,0.6,nan,0.523598775598,nan,-0.6,nan,1.0471975512,nan
grid_0739,0.3137,nan,0.2931,nan,1.00,-0.6,nan,1.0471975512,nan,0.6,nan,0.523598775598,nan,-0.6,nan,1.57079632679,nan
grid_0740,0.3188,nan,0.1698,nan,1.01,-0.6,nan,1.0471975512,nan,0.6,nan,0.523598775598,nan,-0.2,nan,1.57079632679,nan
grid_0741,0.2386,nan,0.1130,nan,1.00,-0.6,nan,1.0471975512,nan,0.6,nan,0.523598775598,nan,-0.2,nan,1.0471975512,nan
grid_0742,0.4258,nan,0.0200,nan,1.00,-0.6,nan,1.0471975512,nan,0.6,nan,0.523598775598,nan,-0.2,nan,0.523598775598,nan
grid_0743,0.5074,nan,0.0259,nan,1.00,-0.6,nan,1.0471975512,nan,0.6,nan,0.523598775598,nan,-0.2,nan,0,nan
grid_0744,0.9665,nan,0.4909,nan,1.00,-0.6,nan,1.0471975512,nan,0.6,nan,0.523598775598,nan,0.2,nan,0,nan
grid_0745,0.1636,nan,0.1640,nan,1.00,-0.6,nan,1.0471975512,nan,0.6,nan,0.523598775598,nan,0.2,nan,0.523598775598,nan
grid_0746,0.3381,nan,0.0333,nan,1.00,-0.6,nan,1.0471975512,nan,0.6,nan,0.523598775598,nan,0.2,nan,1.0471975512,nan
grid_0747,0.5623,nan,0.1947,nan,1.00,-0.6,nan,1.0471975512,nan,0.6,nan,0.523598775598,nan,0.2,nan,1.57079632679,nan
grid_0748,0.3429,nan,0.0026,nan,1.00,-0.6,nan,1.0471975512,nan,0.6,nan,0.523598775598,nan,0.6,nan,1.57079632679,nan
grid_0749,0.3997,nan,0.0419,nan,1.00,-0.6,nan,1.0471975512,nan,0.6,nan,0.523598775598,nan,0.6,nan,1.0471975512,nan
grid_0750,0.3933,nan,0.4570,nan,1.00,-0.6,nan,1.0471975512,nan,0.6,nan,0.523598775598,nan,0.6,nan,0.523598775598,nan
grid_0751,0.4929,nan,0.8818,nan,1.01,-0.6,nan,1.0471975512,nan,0.6,nan,0.523598775598,nan,0.6,nan,0,nan
grid_0752,0.5982,nan,1.1037,nan,0.99,-0.6,nan,1.0471975512,nan,0.6,nan,0,nan,0.6,nan,0,nan
grid_0753,0.6405,nan,1.6765,nan,1.00,-0.6,nan,1.0471975512,nan,0.6,nan,0,nan,0.6,nan,0.523598775598,nan
grid_0754,0.3692,nan,1.0234,nan,1.00,-0.6,nan,1.0471975512,nan,0.6,nan,0,nan,0.6,nan,1.0471975512,nan
grid_0755,0.2686,nan,0.6459,nan,1.00,-0.6,nan,1.0471975512,nan,0.6,nan,0,nan,0.6,nan,1.57079632679,nan
grid_0756,0.6245,nan,0.3380,nan,1.00,-0.6,nan,1.0471975512,nan,0.6,nan,0,nan,0.2,nan,1.57079632679,nan
grid_0757,0.5275,nan,0.8715,nan,1.00,-0.6,nan,1.0471975512,nan,0.6,nan,0,nan,0.2,nan,1.0471975512,nan
grid_0758,0.6383,nan,1.3254,nan,1.01,-0.6,nan,1.0471975512,nan,0.6,nan,0,nan,0.2,nan,0.523598775598,nan
grid_0759,1.1164,nan,1.3232,nan,1.00,-0.6,nan,1.0471975512,nan,0.6,nan,0,nan,0.2,nan,0,nan
grid_0760,0.6173,nan,0.7102,nan,0.99,-0.6,nan,1.0471975512,nan,0.6,nan,0,nan,-0.2,nan,0,nan
grid_0761,0.4213,nan,0.7163,nan,1.00,-0.6,nan,1.0471975512,nan,0.6,nan,0,nan,-0.2,nan,0.523598775598,nan
grid_0762,0.1926,nan,0.4428,nan,1.00,-0.6,nan,1.0471975512,nan,0.6,nan,0,nan,-0.2,nan,1.0471975512,nan
grid_0763,0.1494,nan,0.3933,nan,1.01,-0.6,nan,1.0471975512,nan,0.6,nan,0,nan,-0.2,nan,1.57079632679,nan
grid_0764,0.5817,nan,0.0289,nan,1.00,-0.6,nan,1.0471975512,nan,0.6,nan,0,nan,-0.6,nan,1.57079632679,nan
grid_0765,0.3863,nan,0.0495,nan,1.00,-0.6,nan,1.0471975512,nan,0.6,nan,0,nan,-0.6,nan,1.0471975512,nan
grid_0766,0.3367,nan,0.1838,nan,1.00,-0.6,nan,1.0471975512,nan,0.6,nan,0,nan,-0.6,nan,0.523598775598,nan
grid_0767,0.4237,nan,0.3098,nan,0.99,-0.6,nan,1.0471975512,nan,0.6,nan,0,nan,-0.6,nan,0,nan
grid_0768,0.7257,nan,0.2545,nan,0.99,-0.6,nan,1.57079632679,nan,0.6,nan,0,nan,-0.6,nan,0,nan
grid_0769,0.3097,nan,0.3558,nan,1.00,-0.6,nan,1.57079632679,nan,0.6,nan,0,nan,-0.6,nan,0.523598775598,nan
grid_0770,0.2855,nan,0.1482,nan,1.00,-0.6,nan,1.57079632679,nan,0.6,nan,0,nan,-0.6,nan,1.0471975512,nan
grid_0771,0.6135,nan,0.0162,nan,1.00,-0.6,nan,1.57079632679,nan,0.6,nan,0,nan,-0.6,nan,1.57079632679,nan
grid_0772,0.8658,nan,0.1166,nan,1.00,-0.6,nan,1.57079632679,nan,0.6,nan,0,nan,-0.2,nan,1.57079632679,nan
grid_0773,0.5549,nan,0.0497,nan,1.00,-0.6,nan,1.57079632679,nan,0.6,nan,0,nan,-0.2,nan,1.0471975512,nan
grid_0774,0.2956,nan,0.2852,nan,1.00,-0.6,nan,1.57079632679,nan,0.6,nan,0,nan,-0.2,nan,0.523598775598,nan
grid_0775,0.4325,nan,0.2498,nan,0.99,-0.6,nan,1.57079632679,nan,0.6,nan,0,nan,-0.2,nan,0,nan
grid_0776,1.1138,nan,0.8681,nan,1.01,-0.6,nan,1.57079632679,nan,0.6,nan,0,nan,0.2,nan,0,nan
grid_0777,0.5024,nan,0.6663,nan,1.00,-0.6,nan,1.57079632679,nan,0.6,nan,0,nan,0.2,nan,0.523598775598,nan
grid_0778,0.4606,nan,0.4130,nan,1.00,-0.6,nan,1.57079632679,nan,0.6,nan,0,nan,0.2,nan,1.0471975512,nan
grid_0779,1.0729,nan,0.0901,nan,1.00,-0.6,nan,1.57079632679,nan,0.6,nan,0,nan,0.2,nan,1.57079632679,nan
grid_0780,0.9331,nan,0.1327,nan,1.00,-0.6,nan,1.57079632679,nan,0.6,nan,0,nan,0.6,nan,1.57079632679,nan
grid_0781,0.7390,nan,0.4851,nan,1.00,-0.6,nan,1.57079632679,nan,0.6,nan,0,nan,0.6,nan,1.0471975512,nan
grid_0782,0.8890,nan,1.1480,nan,1.00,-0.6,nan,1.57079632679,nan,0.6,nan,0,nan,0.6,nan,0.523598775598,nan
grid_0783,0.5769,nan,1.0263,nan,1.00,-0.6,nan,1.57079632679,nan,0.6,nan,0,nan,0.6,nan,0,nan
grid_0784,0.9202,nan,0.4970,nan,1.00,-0.6,nan,1.57079632679,nan,0.6,nan,0.523598775598,nan,0.6,nan,0,nan
grid_0785,0.7818,nan,0.0881,nan,1.00,-0.6,nan,1.57079632679,nan,0.6,nan,0.523598775598,nan,0.6,nan,0.523598775598,nan
grid_0786,0.8840,nan,0.0248,nan,1.00,-0.6,nan,1.57079632679,nan,0.6,nan,0.523598775598,nan,0.6,nan,1.0471975512,nan
grid_0787,0.8395,nan,0.2696,nan,0.99,-0.6,nan,1.57079632679,nan,0.6,nan,0.523598775598,nan,0.6,nan,1.57079632679,nan
grid_0788,0.3826,nan,0.2854,nan,1.00,-0.6,nan,1.57079632679,nan,0.6,nan,0.523598775598,nan,0.2,nan,1.57079632679,nan
grid_0789,1.2041,nan,0.0086,nan,1.00,-0.6,nan,1.57079632679,nan,0.6,nan,0.523598775598,nan,0.2,nan,1.0471975512,nan
grid_0790,0.5778,nan,0.0458,nan,1.00,-0.6,nan,1.57079632679,nan,0.6,nan,0.523598775598,nan,0.2,nan,0.523598775598,nan
grid_0791,0.8303,nan,0.1933,nan,1.00,-0.6,nan,1.57079632679,nan,0.6,nan,0.523598775598,nan,0.2,nan,0,nan
grid_0792,0.4775,nan,0.0426,nan,1.00,-0.6,nan,1.57079632679,nan,0.6,nan,0.523598775598,nan,-0.2,nan,0,nan
grid_0793,0.6328,nan,0.1727,nan,1.00,-0.6,nan,1.57079632679,nan,0.6,nan,0.523598775598,nan,-0.2,nan,0.523598775598,nan
grid_0794,0.8174,nan,0.3822,nan,1.00,-0.6,nan,1.57079632679,nan,0.6,nan,0.523598775598,nan,-0.2,nan,1.0471975512,nan
grid_0795,0.8505,nan,0.2043,nan,1.01,-0.6,nan,1.57079632679,nan,0.6,nan,0.523598775598,nan,-0.2,nan,1.57079632679,nan
grid_0796,0.4193,nan,0.5350,nan,1.00,-0.6,nan,1.57079632679,nan,0.6,nan,0.523598775598,nan,-0.6,nan,1.57079632679,nan
grid_0797,0.5788,nan,0.5336,nan,0.99,-0.6,nan,1.57079632679,nan,0.6,nan,0.523598775598,nan,-0.6,nan,1.0471975512,nan
grid_0798,0.4929,nan,0.5343,nan,1.00,-0.6,nan,1.57079632679,nan,0.6,nan,0.523598775598,nan,-0.6,nan,0.523598775598,nan
grid_0799,0.7247,nan,0.4152,nan,1.00,-0.6,nan,1.57079632679,nan,0.6,nan,0.523598775598,nan,-0.6,nan,0,nan
grid_0800,0.3323,nan,0.3476,nan,0.99,-0.6,nan,1.57079632679,nan,0.6,nan,1.0471975512,nan,-0.6,nan,0,nan
grid_0801,0.9057,nan,0.4917,nan,1.00,-0.6,nan,1.57079632679,nan,0.6,nan,1.0471975512,nan,-0.6,nan,0.523598775598,nan
grid_0802,0.1492,nan,0.7375,nan,0.99,-0.6,nan,1.57079632679,nan,0.6,nan,1.0471975512,nan,-0.6,nan,1.0471975512,nan
grid_0803,0.2138,nan,0.6025,nan,1.01,-0.6,nan,1.57079632679,nan,0.6,nan,1.0471975512,nan,-0.6,nan,1.57079632679,nan
grid_0804,0.3062,nan,0.4488,nan,1.00,-0.6,nan,1.57079632679,nan,0.6,nan,1.0471975512,nan,-0.2,nan,1.57079632679,nan
grid_0805,0.3526,nan,0.5290,nan,1.00,-0.6,nan,1.57079632679,nan,0.6,nan,1.0471975512,nan,-0.2,nan,1.0471975512,nan
grid_0806,0.3970,nan,0.2836,nan,1.00,-0.6,nan,1.57079632679,nan,0.6,nan,1.0471975512,nan,-0.2,nan,0.523598775598,nan
grid_0807,0.6494,nan,0.2598,nan,1.00,-0.6,nan,1.57079632679,nan,0.6,nan,1.0471975512,nan,-0.2,nan,0,nan
grid_0808,0.6582,nan,0.0665,nan,1.00,-0.6,nan,1.57079632679,nan,0.6,nan,1.0471975512,nan,0.2,nan,0,nan
grid_0809,0.8680,nan,0.2708,nan,0.99,-0.6,nan,1.57079632679,nan,0.6,nan,1.0471975512,nan,0.2,nan,0.523598775598,nan
grid_0810,0.5883,nan,0.2412,nan,1.00,-0.6,nan,1.57079632679,nan,0.6,nan,1.0471975512,nan,0.2,nan,1.0471975512,nan
grid_0811,0.7289,nan,0.3192,nan,1.00,-0.6,nan,1.57079632679,nan,0.6,nan,1.0471975512,nan,0.2,nan,1.57079632679,nan
grid_0812,0.2930,nan,0.4553,nan,1.00,-0.6,nan,1.57079632679,nan,0.6,nan,1.0471975512,nan,0.6,nan,1.57079632679,nan
grid_0813,1.3693,nan,0.1760,nan,1.00,-0.6,nan,1.57079632679,nan,0.6,nan,1.0471975512,nan,0.6,nan,1.0471975512,nan
grid_0814,0.4486,nan,0.0136,nan,1.01,-0.6,nan,1.57079632679,nan,0.6,nan,1.0471975512,nan,0.6,nan,0.523598775598,nan
grid_0815,0.8817,nan,0.0085,nan,1.00,-0.6,nan,1.57079632679,nan,0.6,nan,1.0471975512,nan,0.6,nan,0,nan
grid_0816,0.3337,nan,0.0395,nan,0.99,-0.6,nan,1.57079632679,nan,0.6,nan,1.57079632679,nan,0.6,nan,0,nan
grid_0817,0.3309,nan,0.1653,nan,1.00,-0.6,nan,1.57079632679,nan,0.6,nan,1.57079632679,nan,0.6,nan,0.523598775598,nan
grid_0818,0.0798,nan,0.3182,nan,1.00,-0.6,nan,1.57079632679,nan,0.6,nan,1.57079632679,nan,0.6,nan,1.0471975512,nan
grid_0819,0.2057,nan,0.4130,nan,0.99,-0.6,nan,1.57079632679,nan,0.6,nan,1.57079632679,nan,0.6,nan,1.57079632679,nan
grid_0820,0.1441,nan,0.4275,nan,1.00,-0.6,nan,1.57079632679,nan,0.6,nan,1.57079632679,nan,0.2,nan,1.57079632679,nan
grid_0821,0.1913,nan,0.4694,nan,1.00,-0.6,nan,1.57079632679,nan,0.6,nan,1.57079632679,nan,0.2,nan,1.0471975512,nan
grid_0822,0.3582,nan,0.3131,nan,1.00,-0.6,nan,1.57079632679,nan,0.6,nan,1.57079632679,nan,0.2,nan,0.523598775598,nan
grid_0823,0.4474,nan,0.2320,nan,1.00,-0.6,nan,1.57079632679,nan,0.6,nan,1.57079632679,nan,0.2,nan,0,nan
grid_0824,0.1958,nan,0.2843,nan,1.00,-0.6,nan,1.57079632679,nan,0.6,nan,1.57079632679,nan,-0.2,nan,0,nan
grid_0825,0.1188,nan,0.5106,nan,1.01,-0.6,nan,1.57079632679,nan,0.6,nan,1.57079632679,nan,-0.2,nan,0.523598775598,nan
grid_0826,0.1647,nan,0.4692,nan,1.00,-0.6,nan,1.57079632679,nan,0.6,nan,1.57079632679,nan,-0.2,nan,1.0471975512,nan
grid_0827,0.3688,nan,0.3305,nan,0.99,-0.6,nan,1.57079632679,nan,0.6,nan,1.57079632679,nan,-0.2,nan,1.57079632679,nan
grid_0828,0.1408,nan,0.4366,nan,1.00,-0.6,nan,1.57079632679,nan,0.6,nan,1.57079632679,nan,-0.6,nan,1.57079632679,nan
grid_0829,0.1429,nan,0.4562,nan,1.00,-0.6,nan,1.57079632679,nan,0.6,nan,1.57079632679,nan,-0.6,nan,1.0471975512,nan
grid_0830,0.1311,nan,0.3908,nan,1.00,-0.6,nan,1.57079632679,nan,0.6,nan,1.57079632679,nan,-0.6,nan,0.523598775598,nan
grid_0831,0.1867,nan,0.3040,nan,1.00,-0.6,nan,1.57079632679,nan,0.6,nan,1.57079632679,nan,-0.6,nan,0,nan
grid_0832,0.3620,nan,0.5817,nan,0.99,-0.6,nan,1.57079632679,nan,0.2,nan,1.57079632679,nan,-0.6,nan,0,nan
grid_0833,0.1468,nan,0.5150,nan,0.99,-0.6,nan,1.57079632679,nan,0.2,nan,1.57079632679,nan,-0.6,nan,0.523598775598,nan
grid_0834,0.1305,nan,0.4757,nan,1.00,-0.6,nan,1.57079632679,nan,0.2,nan,1.57079632679,nan,-0.6,nan,1.0471975512,nan
grid_0835,0.2452,nan,0.2391,nan,1.00,-0.6,nan,1.57079632679,nan,0.2,nan,1.57079632679,nan,-0.6,nan,1.57079632679,nan
grid_0836,0.2461,nan,0.3710,nan,1.00,-0.6,nan,1.57079632679,nan,0.2,nan,1.57079632679,nan,-0.2,nan,1.57079632679,nan
grid_0837,0.1921,nan,0.2479,nan,1.01,-0.6,nan,1.57079632679,nan,0.2,nan,1.57079632679,nan,-0.2,nan,1.0471975512,nan
grid_0838,0.1274,nan,0.3261,nan,0.99,-0.6,nan,1.57079632679,nan,0.2,nan,1.57079632679,nan,-0.2,nan,0.523598775598,nan
grid_0839,0.3097,nan,0.2331,nan,0.99,-0.6,nan,1.57079632679,nan,0.2,nan,1.57079632679,nan,-0.2,nan,0,nan
grid_0840,0.2937,nan,0.0863,nan,1.01,-0.6,nan,1.57079632679,nan,0.2,nan,1.57079632679,nan,0.2,nan,0,nan
grid_0841,0.2410,nan,0.3925,nan,1.00,-0.6,nan,1.57079632679,nan,0.2,nan,1.57079632679,nan,0.2,nan,0.523598775598,nan
grid_0842,0.3153,nan,0.3059,nan,1.00,-0.6,nan,1.57079632679,nan,0.2,nan,1.57079632679,nan,0.2,nan,1.0471975512,nan
grid_0843,0.1699,nan,0.1915,nan,1.00,-0.6,nan,1.57079632679,nan,0.2,nan,1.57079632679,nan,0.2,nan,1.57079632679,nan
grid_0844,0.1468,nan,0.2299,nan,1.00,-0.6,nan,1.57079632679,nan,0.2,nan,1.57079632679,nan,0.6,nan,1.57079632679,nan
grid_0845,0.2732,nan,0.2819,nan,1.00,-0.6,nan,1.57079632679,nan,0.2,nan,1.57079632679,nan,0.6,nan,1.0471975512,nan
grid_0846,0.6698,nan,0.1701,nan,1.00,-0.6,nan,1.57079632679,nan,0.2,nan,1.57079632679,nan,0.6,nan,0.523598775598,nan
grid_0847,0.5728,nan,0.0667,nan,1.00,-0.6,nan,1.57079632679,nan,0.2,nan,1.57079632679,nan,0.6,nan,0,nan
grid_0848,1.0379,nan,0.0124,nan,1.00,-0.6,nan,1.57079632679,nan,0.2,nan,1.0471975512,nan,0.6,nan,0,nan
grid_0849,0.4141,nan,0.0232,nan,1.00,-0.6,nan,1.57079632679,nan,0.2,nan,1.0471975512,nan,0.6,nan,0.523598775598,nan
grid_0850,0.5378,nan,0.1486,nan,1.00,-0.6,nan,1.57079632679,nan,0.2,nan,1.0471975512,nan,0.6,nan,1.0471975512,nan
grid_0851,0.6510,nan,0.3700,nan,1.00,-0.6,nan,1.57079632679,nan,0.2,nan,1.0471975512,nan,0.6,nan,1.57079632679,nan
grid_0852,0.3522,nan,0.3825,nan,1.00,-0.6,nan,1.57079632679,nan,0.2,nan,1.0471975512,nan,0.2,nan,1.57079632679,nan
grid_0853,0.3311,nan,0.2376,nan,1.00,-0.6,nan,1.57079632679,nan,0.2,nan,1.0471975512,nan,0.2,nan,1.0471975512,nan
grid_0854,0.5154,nan,0.3076,nan,1.00,-0.6,nan,1.57079632679,nan,0.2,nan,1.0471975512,nan,0.2,nan,0.523598775598,nan
grid_0855,0.6737,nan,0.2563,nan,1.00,-0.6,nan,1.57079632679,nan,0.2,nan,1.0471975512,nan,0.2,nan,0,nan
grid_0856,0.2190,nan,0.3376,nan,1.00,-0.6,nan,1.57079632679,nan,0.2,nan,1.0471975512,nan,-0.2,nan,0,nan
grid_0857,0.1586,nan,0.4086,nan,1.00,-0.6,nan,1.57079632679,nan,0.2,nan,1.0471975512,nan,-0.2,nan,0.523598775598,nan
grid_0858,0.4185,nan,0.5019,nan,1.00,-0.6,nan,1.57079632679,nan,0.2,nan,1.0471975512,nan,-0.2,nan,1.0471975512,nan
grid_0859,0.2572,nan,0.3974,nan,1.00,-0.6,nan,1.57079632679,nan,0.2,nan,1.0471975512,nan,-0.2,nan,1.57079632679,nan
grid_0860,0.1669,nan,0.4607,nan,1.01,-0.6,nan,1.57079632679,nan,0.2,nan,1.0471975512,nan,-0.6,nan,1.57079632679,nan
grid_0861,0.1216,nan,0.6815,nan,1.00,-0.6,nan,1.57079632679,nan,0.2,nan,1.0471975512,nan,-0.6,nan,1.0471975512,nan
grid_0862,0.2236,nan,0.6300,nan,1.00,-0.6,nan,1.57079632679,nan,0.2,nan,1.0471975512,nan,-0.6,nan,0.523598775598,nan
grid_0863,0.1523,nan,0.5055,nan,1.00,-0.6,nan,1.57079632679,nan,0.2,nan,1.0471975512,nan,-0.6,nan,0,nan
grid_0864,1.0718,nan,0.9290,nan,1.00,-0.6,nan,1.57079632679,nan,0.2,nan,0.523598775598,nan,-0.6,nan,0,nan
grid_0865,0.1198,nan,0.6629,nan,0.99,-0.6,nan,1.57079632679,nan,0.2,nan,0.523598775598,nan,-0.6,nan,0.523598775598,nan
grid_0866,0.0948,nan,1.0380,nan,1.00,-0.6,nan,1.57079632679,nan,0.2,nan,0.523598775598,nan,-0.6,nan,1.0471975512,nan
grid_0867,0.1872,nan,0.6321,nan,1.01,-0.6,nan,1.57079632679,nan,0.2,nan,0.523598775598,nan,-0.6,nan,1.57079632679,nan
grid_0868,0.3548,nan,0.7342,nan,1.00,-0.6,nan,1.57079632679,nan,0.2,nan,0.523598775598,nan,-0.2,nan,1.57079632679,nan
grid_0869,0.4464,nan,0.4779,nan,1.00,-0.6,nan,1.57079632679,nan,0.2,nan,0.523598775598,nan,-0.2,nan,1.0471975512,nan
grid_0870,0.5336,nan,0.4080,nan,1.00,-0.6,nan,1.57079632679,nan,0.2,nan,0.523598775598,nan,-0.2,nan,0.523598775598,nan
grid_0871,1.1994,nan,0.5441,nan,1.00,-0.6,nan,1.57079632679,nan,0.2,nan,0.523598775598,nan,-0.2,nan,0,nan
grid_0872,0.5118,nan,0.0421,nan,1.01,-0.6,nan,1.57079632679,nan,0.2,nan,0.523598775598,nan,0.2,nan,0,nan
grid_0873,0.9014,nan,0.0811,nan,1.00,-0.6,nan,1.57079632679,nan,0.2,nan,0.523598775598,nan,0.2,nan,0.523598775598,nan
grid_0874,0.6837,nan,0.2184,nan,1.01,-0.6,nan,1.57079632679,nan,0.2,nan,0.523598775598,nan,0.2,nan,1.0471975512,nan
grid_0875,0.1461,nan,0.3137,nan,0.98,-0.6,nan,1.57079632679,nan,0.2,nan,0.523598775598,nan,0.2,nan,1.57079632679,nan
grid_0876,0.8339,nan,0.3161,nan,1.00,-0.6,nan,1.57079632679,nan,0.2,nan,0.523598775598,nan,0.6,nan,1.57079632679,nan
grid_0877,0.9460,nan,0.0072,nan,1.00,-0.6,nan,1.57079632679,nan,0.2,nan,0.523598775598,nan,0.6,nan,1.0471975512,nan
grid_0878,0.4950,nan,0.1273,nan,1.00,-0.6,nan,1.57079632679,nan,0.2,nan,0.523598775598,nan,0.6,nan,0.523598775598,nan
grid_0879,0.4382,nan,0.2019,nan,1.00,-0.6,nan,1.57079632679,nan,0.2,nan,0.523598775598,nan,0.6,nan,0,nan
grid_0880,1.0535,nan,0.7698,nan,0.99,-0.6,nan,1.57079632679,nan,0.2,nan,0,nan,0.6,nan,0,nan
grid_0881,1.0452,nan,0.6184,nan,1.01,-0.6,nan,1.57079632679,nan,0.2,nan,0,nan,0.6,nan,0.523598775598,nan
grid_0882,0.7208,nan,0.0468,nan,0.99,-0.6,nan,1.57079632679,nan,0.2,nan,0,nan,0.6,nan,1.0471975512,nan
grid_0883,0.4363,nan,0.1574,nan,1.00,-0.6,nan,1.57079632679,nan,0.2,nan,0,nan,0.6,nan,1.57079632679,nan
grid_0884,1.3134,nan,0.3296,nan,1.00,-0.6,nan,1.57079632679,nan,0.2,nan,0,nan,0.2,nan,1.57079632679,nan
grid_0885,0.2949,nan,0.1121,nan,1.01,-0.6,nan,1.57079632679,nan,0.2,nan,0,nan,0.2,nan,1.0471975512,nan
grid_0886,0.6294,nan,0.0197,nan,1.00,-0.6,nan,1.57079632679,nan,0.2,nan,0,nan,0.2,nan,0.523598775598,nan
grid_0887,0.6497,nan,0.1146,nan,1.00,-0.6,nan,1.57079632679,nan,0.2,nan,0,nan,0.2,nan,0,nan
grid_0888,0.7505,nan,0.3799,nan,0.99,-0.6,nan,1.57079632679,nan,0.2,nan,0,nan,-0.2,nan,0,nan
grid_0889,0.7987,nan,0.5699,nan,1.00,-0.6,nan,1.57079632679,nan,0.2,nan,0,nan,-0.2,nan,0.523598775598,nan
grid_0890,0.4574,nan,0.5399,nan,1.01,-0.6,nan,1.57079632679,nan,0.2,nan,0,nan,-0.2,nan,1.0471975512,nan
grid_0891,0.5283,nan,0.5694,nan,1.01,-0.6,nan,1.57079632679,nan,0.2,nan,0,nan,-0.2,nan,1.57079632679,nan
grid_0892,0.3077,nan,0.4173,nan,0.99,-0.6,nan,1.57079632679,nan,0.2,nan,0,nan,-0.6,nan,1.57079632679,nan
grid_0893,0.2070,nan,1.0803,nan,0.99,-0.6,nan,1.57079632679,nan,0.2,nan,0,nan,-0.6,nan,1.0471975512,nan
grid_0894,0.1789,nan,1.1043,nan,1.00,-0.6,nan,1.57079632679,nan,0.2,nan,0,nan,-0.6,nan,0.523598775598,nan
grid_0895,0.2776,nan,0.9122,nan,1.00,-0.6,nan,1.57079632679,nan,0.2,nan,0,nan,-0.6,nan,0,nan
grid_0896,0.4075,nan,0.7368,nan,0.98,-0.6,nan,1.57079632679,nan,-0.2,nan,0,nan,-0.6,nan,0,nan
grid_0897,0.1540,nan,1.2044,nan,1.00,-0.6,nan,1.57079632679,nan,-0.2,nan,0,nan,-0.6,nan,0.523598775598,nan
grid_0898,0.1737,nan,1.0062,nan,1.01,-0.6,nan,1.57079632679,nan,-0.2,nan,0,nan,-0.6,nan,1.0471975512,nan
grid_0899,0.4851,nan,0.9238,nan,1.00,-0.6,nan,1.57079632679,nan,-0.2,nan,0,nan,-0.6,nan,1.57079632679,nan
grid_0900,0.1076,nan,0.7579,nan,1.00,-0.6,nan,1.57079632679,nan,-0.2,nan,0,nan,-0.2,nan,1.57079632679,nan
grid_0901,0.1353,nan,0.9774,nan,1.00,-0.6,nan,1.57079632679,nan,-0.2,nan,0,nan,-0.2,nan,1.0471975512,nan
grid_0902,0.2996,nan,1.0349,nan,0.99,-0.6,nan,1.57079632679,nan,-0.2,nan,0,nan,-0.2,nan,0.523598775598,nan
grid_0903,0.1139,nan,0.1969,nan,1.00,-0.6,nan,1.57079632679,nan,-0.2,nan,0,nan,-0.2,nan,0,nan
grid_0904,0.1282,nan,0.4425,nan,1.00,-0.6,nan,1.57079632679,nan,-0.2,nan,0,nan,0.2,nan,0,nan
grid_0905,0.1691,nan,0.7396,nan,1.00,-0.6,nan,1.57079632679,nan,-0.2,nan,0,nan,0.2,nan,0.523598775598,nan
grid_0906,0.1297,nan,0.7742,nan,0.99,-0.6,nan,1.57079632679,nan,-0.2,nan,0,nan,0.2,nan,1.0471975512,nan
grid_0907,0.2658,nan,0.7605,nan,1.00,-0.6,nan,1.57079632679,nan,-0.2,nan,0,nan,0.2,nan,1.57079632679,nan
grid_0908,0.1960,nan,0.6863,nan,1.00,-0.6,nan,1.57079632679,nan,-0.2,nan,0,nan,0.6,nan,1.57079632679,nan
grid_0909,0.1442,nan,0.6318,nan,1.01,-0.6,nan,1.57079632679,nan,-0.2,nan,0,nan,0.6,nan,1.0471975512,nan
grid_0910,0.1426,nan,0.0997,nan,1.00,-0.6,nan,1.57079632679,nan,-0.2,nan,0,nan,0.6,nan,0.523598775598,nan
grid_0911,0.1829,nan,0.0000,nan,0.99,-0.6,nan,1.57079632679,nan,-0.2,nan,0,nan,0.6,nan,0,nan
grid_0912,0.4852,nan,0.0400,nan,1.00,-0.6,nan,1.57079632679,nan,-0.2,nan,0.523598775598,nan,0.6,nan,0,nan
grid_0913,0.3102,nan,0.0506,nan,1.00,-0.6,nan,1.57079632679,nan,-0.2,nan,0.523598775598,nan,0.6,nan,0.523598775598,nan
grid_0914,0.3856,nan,0.1719,nan,1.01,-0.6,nan,1.57079632679,nan,-0.2,nan,0.523598775598,nan,0.6,nan,1.0471975512,nan
grid_0915,0.1150,nan,0.4655,nan,1.00,-0.6,nan,1.57079632679,nan,-0.2,nan,0.523598775598,nan,0.6,nan,1.57079632679,nan
grid_0916,0.0904,nan,0.4175,nan,1.01,-0.6,nan,1.57079632679,nan,-0.2,nan,0.523598775598,nan,0.2,nan,1.57079632679,nan
grid_0917,0.4579,nan,0.3512,nan,1.00,-0.6,nan,1.57079632679,nan,-0.2,nan,0.523598775598,nan,0.2,nan,1.0471975512,nan
grid_0918,0.1159,nan,0.4960,nan,1.00,-0.6,nan,1.57079632679,nan,-0.2,nan,0.523598775598,nan,0.2,nan,0.523598775598,nan
grid_0919,0.3457,nan,0.3930,nan,1.00,-0.6,nan,1.57079632679,nan,-0.2,nan,0.523598775598,nan,0.2,nan,0,nan
grid_0920,0.2206,nan,0.6368,nan,0.99,-0.6,nan,1.57079632679,nan,-0.2,nan,0.523598775598,nan,-0.2,nan,0,nan
grid_0921,0.2016,nan,0.6846,nan,1.00,-0.6,nan,1.57079632679,nan,-0.2,nan,0.523598775598,nan,-0.2,nan,0.523598775598,nan
grid_0922,0.0774,nan,0.5978,nan,1.01,-0.6,nan,1.57079632679,nan,-0.2,nan,0.523598775598,nan,-0.2,nan,1.0471975512,nan
grid_0923,0.2591,nan,0.3435,nan,1.00,-0.6,nan,1.57079632679,nan,-0.2,nan,0.523598775598,nan,-0.2,nan,1.57079632679,nan
grid_0924,0.0908,nan,0.4348,nan,1.00,-0.6,nan,1.57079632679,nan,-0.2,nan,0.523598775598,nan,-0.6,nan,1.57079632679,nan
grid_0925,0.2578,nan,1.0708,nan,1.00,-0.6,nan,1.57079632679,nan,-0.2,nan,0.523598775598,nan,-0.6,nan,1.0471975512,nan
grid_0926,0.2873,nan,0.7446,nan,0.99,-0.6,nan,1.57079632679,nan,-0.2,nan,0.523598775598,nan,-0.6,nan,0.523598775598,nan
grid_0927,0.2500,nan,0.6907,nan,1.00,-0.6,nan,1.57079632679,nan,-0.2,nan,0.523598775598,nan,-0.6,nan,0,nan
grid_0928,0.1769,nan,0.4840,nan,1.00,-0.6,nan,1.57079632679,nan,-0.2,nan,1.0471975512,nan,-0.6,nan,0,nan
grid_0929,0.1051,nan,0.6007,nan,1.00,-0.6,nan,1.57079632679,nan,-0.2,nan,1.0471975512,nan,-0.6,nan,0.523598775598,nan
grid_0930,0.3049,nan,0.4665,nan,1.00,-0.6,nan,1.57079632679,nan,-0.2,nan,1.0471975512,nan,-0.6,nan,1.0471975512,nan
grid_0931,0.0579,nan,0.3761,nan,1.00,-0.6,nan,1.57079632679,nan,-0.2,nan,1.0471975512,nan,-0.6,nan,1.57079632679,nan
grid_0932,0.5297,nan,0.1277,nan,1.00,-0.6,nan,1.57079632679,nan,-0.2,nan,1.0471975512,nan,-0.2,nan,1.57079632679,nan
grid_0933,0.0851,nan,0.3221,nan,1.01,-0.6,nan,1.57079632679,nan,-0.2,nan,1.0471975512,nan,-0.2,nan,1.0471975512,nan
grid_0934,0.1015,nan,0.5549,nan,1.00,-0.6,nan,1.57079632679,nan,-0.2,nan,1.0471975512,nan,-0.2,nan,0.523598775598,nan
grid_0935,0.2550,nan,0.5991,nan,0.99,-0.6,nan,1.57079632679,nan,-0.2,nan,1.0471975512,nan,-0.2,nan,0,nan
grid_0936,0.1300,nan,0.1552,nan,1.00,-0.6,nan,1.57079632679,nan,-0.2,nan,1.0471975512,nan,0.2,nan,0,nan
grid_0937,0.2765,nan,0.2695,nan,1.00,-0.6,nan,1.57079632679,nan,-0.2,nan,1.0471975512,nan,0.2,nan,0.523598775598,nan
grid_0938,0.2718,nan,0.1945,nan,1.00,-0.6,nan,1.57079632679,nan,-0.2,nan,1.0471975512,nan,0.2,nan,1.0471975512,nan
grid_0939,0.1044,nan,0.2926,nan,0.99,-0.6,nan,1.57079632679,nan,-0.2,nan,1.0471975512,nan,0.2,nan,1.57079632679,nan
grid_0940,0.1697,nan,0.1459,nan,1.01,-0.6,nan,1.57079632679,nan,-0.2,nan,1.0471975512,nan,0.6,nan,1.57079632679,nan
grid_0941,0.2503,nan,0.0496,nan,1.01,-0.6,nan,1.57079632679,nan,-0.2,nan,1.0471975512,nan,0.6,nan,1.0471975512,nan
grid_0942,0.2876,nan,0.0070,nan,1.01,-0.6,nan,1.57079632679,nan,-0.2,nan,1.0471975512,nan,0.6,nan,0.523598775598,nan
grid_0943,0.4697,nan,0.0733,nan,1.00,-0.6,nan,1.57079632679,nan,-0.2,nan,1.0471975512,nan,0.6,nan,0,nan
grid_0944,0.4308,nan,0.0337,nan,1.00,-0.6,nan,1.57079632679,nan,-0.2,nan,1.57079632679,nan,0.6,nan,0,nan
grid_0945,0.5431,nan,0.0150,nan,1.00,-0.6,nan,1.57079632679,nan,-0.2,nan,1.57079632679,nan,0.6,nan,0.523598775598,nan
grid_0946,0.4150,nan,0.0625,nan,1.00,-0.6,nan,1.57079632679,nan,-0.2,nan,1.57079632679,nan,0.6,nan,1.0471975512,nan
grid_0947,0.4949,nan,0.1165,nan,1.00,-0.6,nan,1.57079632679,nan,-0.2,nan,1.57079632679,nan,0.6,nan,1.57079632679,nan
grid_0948,0.5700,nan,0.1935,nan,1.00,-0.6,nan,1.57079632679,nan,-0.2,nan,1.57079632679,nan,0.2,nan,1.57079632679,nan
grid_0949,0.6277,nan,0.2012,nan,1.01,-0.6,nan,1.57079632679,nan,-0.2,nan,1.57079632679,nan,0.2,nan,1.0471975512,nan
grid_0950,0.6532,nan,0.1749,nan,0.99,-0.6,nan,1.57079632679,nan,-0.2,nan,1.57079632679,nan,0.2,nan,0.523598775598,nan
grid_0951,0.4304,nan,0.2478,nan,0.99,-0.6,nan,1.57079632679,nan,-0.2,nan,1.57079632679,nan,0.2,nan,0,nan
grid_0952,0.0954,nan,0.2043,nan,0.99,-0.6,nan,1.57079632679,nan,-0.2,nan,1.57079632679,nan,-0.2,nan,0,nan
grid_0953,0.1205,nan,0.2835,nan,1.00,-0.6,nan,1.57079632679,nan,-0.2,nan,1.57079632679,nan,-0.2,nan,0.523598775598,nan
grid_0954,0.3149,nan,0.3224,nan,1.00,-0.6,nan,1.57079632679,nan,-0.2,nan,1.57079632679,nan,-0.2,nan,1.0471975512,nan
grid_0955,0.2684,nan,0.1249,nan,1.00,-0.6,nan,1.57079632679,nan,-0.2,nan,1.57079632679,nan,-0.2,nan,1.57079632679,nan
grid_0956,0.6918,nan,0.1463,nan,0.99,-0.6,nan,1.57079632679,nan,-0.2,nan,1.57079632679,nan,-0.6,nan,1.57079632679,nan
grid_0957,0.1145,nan,0.1931,nan,1.00,-0.6,nan,1.57079632679,nan,-0.2,nan,1.57079632679,nan,-0.6,nan,1.0471975512,nan
grid_0958,0.1221,nan,0.4216,nan,0.99,-0.6,nan,1.57079632679,nan,-0.2,nan,1.57079632679,nan,-0.6,nan,0.523598775598,nan
grid_0959,0.1135,nan,0.3556,nan,1.00,-0.6,nan,1.57079632679,nan,-0.2,nan,1.57079632679,nan,-0.6,nan,0,nan
grid_0960,0.1027,nan,0.2829,nan,1.00,-0.6,nan,1.57079632679,nan,-0.6,nan,1.57079632679,nan,-0.6,nan,0,nan
grid_0961,0.0599,nan,0.2940,nan,1.00,-0.6,nan,1.57079632679,nan,-0.6,nan,1.57079632679,nan,-0.6,nan,0.523598775598,nan
grid_0962,0.4853,nan,0.0855,nan,1.00,-0.6,nan,1.57079632679,nan,-0.6,nan,1.57079632679,nan,-0.6,nan,1.0471975512,nan
grid_0963,0.2037,nan,0.0451,nan,1.00,-0.6,nan,1.57079632679,nan,-0.6,nan,1.57079632679,nan,-0.6,nan,1.57079632679,nan
grid_0964,0.1757,nan,0.0245,nan,1.00,-0.6,nan,1.57079632679,nan,-0.6,nan,1.57079632679,nan,-0.2,nan,1.57079632679,nan
grid_0965,0.4325,nan,0.1386,nan,0.99,-0.6,nan,1.57079632679,nan,-0.6,nan,1.57079632679,nan,-0.2,nan,1.0471975512,nan
grid_0966,0.2778,nan,0.2951,nan,1.00,-0.6,nan,1.57079632679,nan,-0.6,nan,1.57079632679,nan,-0.2,nan,0.523598775598,nan
grid_0967,0.2121,nan,0.2950,nan,1.00,-0.6,nan,1.57079632679,nan,-0.6,nan,1.57079632679,nan,-0.2,nan,0,nan
grid_0968,0.2967,nan,0.1267,nan,1.00,-0.6,nan,1.57079632679,nan,-0.6,nan,1.57079632679,nan,0.2,nan,0,nan
grid_0969,0.3326,nan,0.0405,nan,1.00,-0.6,nan,1.57079632679,nan,-0.6,nan,1.57079632679,nan,0.2,nan,0.523598775598,nan
grid_0970,0.5190,nan,0.0198,nan,1.00,-0.6,nan,1.57079632679,nan,-0.6,nan,1.57079632679,nan,0.2,nan,1.0471975512,nan
grid_0971,0.6522,nan,0.0136,nan,1.00,-0.6,nan,1.57079632679,nan,-0.6,nan,1.57079632679,nan,0.2,nan,1.57079632679,nan
grid_0972,0.8562,nan,0.0000,nan,1.01,-0.6,nan,1.57079632679,nan,-0.6,nan,1.57079632679,nan,0.6,nan,1.57079632679,nan
grid_0973,0.5857,nan,0.0000,nan,1.00,-0.6,nan,1.57079632679,nan,-0.6,nan,1.57079632679,nan,0.6,nan,1.0471975512,nan
grid_0974,0.3523,nan,0.0277,nan,1.00,-0.6,nan,1.57079632679,nan,-0.6,nan,1.57079632679,nan,0.6,nan,0.523598775598,nan
grid_0975,0.7857,nan,0.1436,nan,1.00,-0.6,nan,1.57079632679,nan,-0.6,nan,1.57079632679,nan,0.6,nan,0,nan
grid_0976,0.3529,nan,0.3106,nan,0.99,-0.6,nan,1.57079632679,nan,-0.6,nan,1.0471975512,nan,0.6,nan,0,nan
grid_0977,0.1300,nan,0.0228,nan,1.00,-0.6,nan,1.57079632679,nan,-0.6,nan,1.0471975512,nan,0.6,nan,0.523598775598,nan
grid_0978,0.2620,nan,0.0004,nan,1.00,-0.6,nan,1.57079632679,nan,-0.6,nan,1.0471975512,nan,0.6,nan,1.0471975512,nan
grid_0979,0.1984,nan,0.0442,nan,1.01,-0.6,nan,1.57079632679,nan,-0.6,nan,1.0471975512,nan,0.6,nan,1.57079632679,nan
grid_0980,0.3145,nan,0.0359,nan,1.00,-0.6,nan,1.57079632679,nan,-0.6,nan,1.0471975512,nan,0.2,nan,1.57079632679,nan
grid_0981,0.1910,nan,0.2097,nan,0.99,-0.6,nan,1.57079632679,nan,-0.6,nan,1.0471975512,nan,0.2,nan,1.0471975512,nan
grid_0982,0.1617,nan,0.2909,nan,0.99,-0.6,nan,1.57079632679,nan,-0.6,nan,1.0471975512,nan,0.2,nan,0.523598775598,nan
grid_0983,0.1696,nan,0.3406,nan,1.00,-0.6,nan,1.57079632679,nan,-0.6,nan,1.0471975512,nan,0.2,nan,0,nan
grid_0984,0.2607,nan,0.4012,nan,0.99,-0.6,nan,1.57079632679,nan,-0.6,nan,1.0471975512,nan,-0.2,nan,0,nan
grid_0985,0.1064,nan,0.4485,nan,1.00,-0.6,nan,1.57079632679,nan,-0.6,nan,1.0471975512,nan,-0.2,nan,0.523598775598,nan
grid_0986,0.2070,nan,0.3172,nan,1.01,-0.6,nan,1.57079632679,nan,-0.6,nan,1.0471975512,nan,-0.2,nan,1.0471975512,nan
grid_0987,0.1292,nan,0.1526,nan,1.00,-0.6,nan,1.57079632679,nan,-0.6,nan,1.0471975512,nan,-0.2,nan,1.57079632679,nan
grid_0988,0.1487,nan,0.1351,nan,1.00,-0.6,nan,1.57079632679,nan,-0.6,nan,1.0471975512,nan,-0.6,nan,1.57079632679,nan
grid_0989,0.2115,nan,0.3545,nan,1.00,-0.6,nan,1.57079632679,nan,-0.6,nan,1.0471975512,nan,-0.6,nan,1.0471975512,nan
grid_0990,0.0599,nan,0.5510,nan,1.00,-0.6,nan,1.57079632679,nan,-0.6,nan,1.0471975512,nan,-0.6,nan,0.523598775598,nan
grid_0991,0.1243,nan,0.4705,nan,0.99,-0.6,nan,1.57079632679,nan,-0.6,nan,1.0471975512,nan,-0.6,nan,0,nan
grid_0992,0.3662,nan,0.4473,nan,0.99,-0.6,nan,1.57079632679,nan,-0.6,nan,0.523598775598,nan,-0.6,nan,0,nan
grid_0993,0.2719,nan,0.7659,nan,1.00,-0.6,nan,1.57079632679,nan,-0.6,nan,0.523598775598,nan,-0.6,nan,0.523598775598,nan
grid_0994,0.1855,nan,0.8060,nan,1.00,-0.6,nan,1.57079632679,nan,-0.6,nan,0.523598775598,nan,-0.6,nan,1.0471975512,nan
grid_0995,0.1174,nan,0.5491,nan,1.00,-0.6,nan,1.57079632679,nan,-0.6,nan,0.523598775598,nan,-0.6,nan,1.57079632679,nan
grid_0996,0.2307,nan,0.5798,nan,1.00,-0.6,nan,1.57079632679,nan,-0.6,nan,0.523598775598,nan,-0.2,nan,1.57079632679,nan
grid_0997,0.1808,nan,0.5290,nan,0.99,-0.6,nan,1.57079632679,nan,-0.6,nan,0.523598775598,nan,-0.2,nan,1.0471975512,nan
grid_0998,0.1974,nan,0.7620,nan,0.99,-0.6,nan,1.57079632679,nan,-0.6,nan,0.523598775598,nan,-0.2,nan,0.523598775598,nan
grid_0999,0.2701,nan,0.5740,nan,1.00,-0.6,nan,1.57079632679,nan,-0.6,nan,0.523598775598,nan,-0.2,nan,0,nan
grid_1000,0.2959,nan,0.7034,nan,1.01,-0.6,nan,1.57079632679,nan,-0.6,nan,0.523598775598,nan,0.2,nan,0,nan
grid_1001,0.1226,nan,0.5576,nan,1.00,-0.6,nan,1.57079632679,nan,-0.6,nan,0.523598775598,nan,0.2,nan,0.523598775598,nan
grid_1002,0.1277,nan,0.7223,nan,1.01,-0.6,nan,1.57079632679,nan,-0.6,nan,0.523598775598,nan,0.2,nan,1.0471975512,nan
grid_1003,0.2226,nan,0.5697,nan,1.00,-0.6,nan,1.57079632679,nan,-0.6,nan,0.523598775598,nan,0.2,nan,1.57079632679,nan
grid_1004,0.5305,nan,0.5596,nan,1.00,-0.6,nan,1.57079632679,nan,-0.6,nan,0.523598775598,nan,0.6,nan,1.57079632679,nan
grid_1005,0.15270918583382498,0.1473799004137682,0.10173816316667772,0.14804602317542756,0.9958212478783324,-0.6,-0.5910461640746831,1.5707963267948966,1.570846024447155,-0.6,-0.590654929193569,0.5235987755982988,0.5225718469120517,0.6,0.5973709233776994,1.0471975511965976,1.0449867195168183
grid_1006,0.21805103291557298,0.1566533434768826,0.4687952214631836,0.10279688619725451,0.991618170230183,-0.6,-0.5918525577925955,1.5707963267948966,1.5705855673430706,-0.6,-0.5944608260957267,0.5235987755982988,0.5226026563901103,0.6,0.5923011094153692,0.5235987755982988,0.5209648200592811
grid_1007,0.37875370660621444,0.42138544101654934,0.4208428259978817,0.2480692954004636,1.0020049936702184,-0.6,-0.5944794265687374,1.5707963267948966,1.570777969860342,-0.6,-0.5988567302282899,0.5235987755982988,0.5251809909712026,0.6,0.5892477390125102,0.0,-0.0020568257147886015
grid_1008,0.285554659091491,0.32664280805547335,0.34516117295041004,0.10189683619316342,0.9977517464729722,-0.6,-0.5974768780091955,1.5707963267948966,1.570815297541154,-0.6,-0.6042209658094926,0.0,0.0065423168669687115,0.6,0.5847101329629245,0.0,0.0025361797676035636
grid_1009,0.5742907229742432,0.6162057395434121,0.4885459829488793,0.1514631778452619,0.992035259798359,-0.6,-0.5917462139473173,1.5707963267948966,1.5708264562536804,-0.6,-0.5968101116239364,0.0,0.003539035062234852,0.6,0.5912424154833333,0.5235987755982988,0.524148911976285
grid_1010,0.1811841333059379,0.22260273312776727,0.7494577807095364,0.21856535625907872,1.0056540100461018,-0.6,-0.5871027189387119,1.5707963267948966,1.5707946932146495,-0.6,-0.5930968089732946,0.0,0.0016100331389612421,0.6,0.5973242942136991,1.0471975511965976,1.0460682893454152
grid_1011,0.47844722226116226,0.3778105119010509,0.6756237918559875,0.25388849163055877,0.9986124969503793,-0.6,-0.5852802086620192,1.5707963267948966,1.5708172350872616,-0.6,-0.5888678207899805,0.0,-0.001217719065770062,0.6,0.6022457985152458,1.5707963267948966,1.5656189305062025
grid_1012,0.42916776809735335,0.3833373610023218,0.6702798422654166,0.17468456275108182,0.9923750403449141,-0.6,-0.5904513557539142,1.5707963267948966,1.5708175569218161,-0.6,-0.5884605787094488,0.0,-0.00023658717805385976,0.19999999999999996,0.20398947638999232,1.5707963267948966,1.5618331717273
grid_1013,0.42139522832939996,0.30130474618493247,1.0142495187366356,0.27660814627674357,0.99973894268571,-0.6,-0.5887845191679206,1.5707963267948966,1.5708384101954325,-0.6,-0.5941213261262579,0.0,0.003628352926309475,0.19999999999999996,0.19866406402825287,1.0471975511965976,1.0419640645679964
grid_1014,0.40442992771630965,0.24556641299887794,0.8197808888350144,0.35876135090715044,0.9962679581072249,-0.6,-0.59343424794592,1.5707963267948966,1.5708460327666947,-0.6,-0.5990617174647959,0.0,0.004788079475627427,0.19999999999999996,0.19226036995143314,0.5235987755982988,0.5222564743849993
grid_1015,0.32255628997442365,0.2791000258137728,0.6095901674215285,0.101150434484965,1.0057095044707591,-0.6,-0.5991514516314451,1.5707963267948966,1.570786930838552,-0.6,-0.6026546514662634,0.0,0.00765945445847116,0.19999999999999996,0.1907865323788931,0.0,0.0032620810576400316
grid_1016,0.4890683493971835,0.35455565304592623,0.39859585601833264,0.16011149424300408,0.9865127722541548,-0.6,-0.5995247140884441,1.5707963267948966,1.570720547761744,-0.6,-0.6014907608091038,0.0,0.007016938685872276,-0.2,-0.20567155230050194,0.0,0.003651112229516862
grid_1017,0.41012708551642313,0.2472791229731328,0.8216054784595144,0.29144975908192067,1.001405388674629,-0.6,-0.5967377228963988,1.5707963267948966,1.570773669096849,-0.6,-0.5958368409933605,0.0,0.005103804144074964,-0.2,-0.20145200265771201,0.5235987755982988,0.5214205934723415
grid_1018,0.6195875557705157,0.5274326591128482,0.9415707252398434,0.12552964871334216,1.0069153677583214,-0.6,-0.59110729559736,1.5707963267948966,1.5707901801222803,-0.6,-0.5915236373267723,0.0,0.003093710834919605,-0.2,-0.19728955361125955,1.0471975511965976,1.0386023936754176
grid_1019,0.2512205934276432,0.194253245169436,1.1623443795112665,0.1344192587528298,1.0044872323601788,-0.6,-0.5881895290631984,1.5707963267948966,1.5708345970088802,-0.6,-0.5902899375764541,0.0,0.0008529233293872451,-0.2,-0.19612406524550252,1.5707963267948966,1.55806207130028
grid_1020,0.19932662228532577,0.16508839348285076,1.102429543592813,0.21690199532615584,1.0013969885963303,-0.6,-0.5866768625967618,1.5707963267948966,1.5708451142118705,-0.6,-0.5894125481707659,0.0,0.0008743232608363627,-0.6,-0.594116371344537,1.5707963267948966,1.5552797379405963
grid_1021,0.32278654605448603,0.2957905184742306,0.9537568775520133,0.26681632224539364,0.9847269148765945,-0.6,-0.5935871414865543,1.5707963267948966,1.5708520356762898,-0.6,-0.5931437921979512,0.0,0.004066040633494694,-0.6,-0.5958317216261264,1.0471975511965976,1.0334611721410942
grid_1022,0.1640161143639515,0.170792200597499,0.9422351061832266,0.21315537772521181,1.001304025943539,-0.6,-0.5987911762280742,1.5707963267948966,1.5707721044472684,-0.6,-0.5981163960885558,0.0,0.00606249511149759,-0.6,-0.5961488552034044,0.5235987755982988,0.5216315242014149
grid_1023,0.4885812041868096,0.318866843381918,0.31262434875836764,0.14567031496336805,0.9974043580707189,-0.6,-0.6009464950668724,1.5707963267948966,1.570861225049283,-0.6,-0.6064310944405555,0.0,0.00872160640437425,-0.6,-0.6032026333915645,0.0,0.004235659802986014
grid_1024,0.4772,nan,0.7310,nan,0.97,-0.2,nan,1.57079632679,nan,-0.6,nan,0,nan,-0.6,nan,0,nan
grid_1025,0.1812,nan,1.0586,nan,1.00,-0.2,nan,1.57079632679,nan,-0.6,nan,0,nan,-0.6,nan,0.523598775598,nan
grid_1026,0.8343,nan,0.9753,nan,1.01,-0.2,nan,1.57079632679,nan,-0.6,nan,0,nan,-0.6,nan,1.0471975512,nan
grid_1027,0.1334,nan,1.0491,nan,1.00,-0.2,nan,1.57079632679,nan,-0.6,nan,0,nan,-0.6,nan,1.57079632679,nan
grid_1028,0.1851,nan,0.7476,nan,1.01,-0.2,nan,1.57079632679,nan,-0.6,nan,0,nan,-0.2,nan,1.57079632679,nan
grid_1029,0.4093,nan,0.7941,nan,0.99,-0.2,nan,1.57079632679,nan,-0.6,nan,0,nan,-0.2,nan,1.0471975512,nan
grid_1030,0.2627,nan,0.9704,nan,1.00,-0.2,nan,1.57079632679,nan,-0.6,nan,0,nan,-0.2,nan,0.523598775598,nan
grid_1031,0.4279,nan,0.8485,nan,1.00,-0.2,nan,1.57079632679,nan,-0.6,nan,0,nan,-0.2,nan,0,nan
grid_1032,0.3718,nan,0.5230,nan,1.00,-0.2,nan,1.57079632679,nan,-0.6,nan,0,nan,0.2,nan,0,nan
grid_1033,0.2367,nan,0.7463,nan,1.00,-0.2,nan,1.57079632679,nan,-0.6,nan,0,nan,0.2,nan,0.523598775598,nan
grid_1034,0.6900,nan,1.0286,nan,1.00,-0.2,nan,1.57079632679,nan,-0.6,nan,0,nan,0.2,nan,1.0471975512,nan
grid_1035,0.3403,nan,0.5956,nan,1.01,-0.2,nan,1.57079632679,nan,-0.6,nan,0,nan,0.2,nan,1.57079632679,nan
grid_1036,0.3402,nan,0.6996,nan,0.99,-0.2,nan,1.57079632679,nan,-0.6,nan,0,nan,0.6,nan,1.57079632679,nan
grid_1037,0.1931,nan,0.6710,nan,1.00,-0.2,nan,1.57079632679,nan,-0.6,nan,0,nan,0.6,nan,1.0471975512,nan
grid_1038,0.1952,nan,0.4183,nan,1.00,-0.2,nan,1.57079632679,nan,-0.6,nan,0,nan,0.6,nan,0.523598775598,nan
grid_1039,0.2793,nan,0.1879,nan,1.00,-0.2,nan,1.57079632679,nan,-0.6,nan,0,nan,0.6,nan,0,nan
grid_1040,0.3510,nan,0.0769,nan,0.99,-0.2,nan,1.57079632679,nan,-0.6,nan,0.523598775598,nan,0.6,nan,0,nan
grid_1041,0.1258,nan,0.0089,nan,1.01,-0.2,nan,1.57079632679,nan,-0.6,nan,0.523598775598,nan,0.6,nan,0.523598775598,nan
grid_1042,0.2775,nan,0.0426,nan,1.00,-0.2,nan,1.57079632679,nan,-0.6,nan,0.523598775598,nan,0.6,nan,1.0471975512,nan
grid_1043,0.1851,nan,0.1160,nan,1.00,-0.2,nan,1.57079632679,nan,-0.6,nan,0.523598775598,nan,0.6,nan,1.57079632679,nan
grid_1044,0.2239,nan,0.2052,nan,1.00,-0.2,nan,1.57079632679,nan,-0.6,nan,0.523598775598,nan,0.2,nan,1.57079632679,nan
grid_1045,0.4717,nan,0.2402,nan,0.99,-0.2,nan,1.57079632679,nan,-0.6,nan,0.523598775598,nan,0.2,nan,1.0471975512,nan
grid_1046,0.2134,nan,0.3521,nan,0.99,-0.2,nan,1.57079632679,nan,-0.6,nan,0.523598775598,nan,0.2,nan,0.523598775598,nan
grid_1047,0.3093,nan,0.3974,nan,0.99,-0.2,nan,1.57079632679,nan,-0.6,nan,0.523598775598,nan,0.2,nan,0,nan
grid_1048,0.2918,nan,0.4036,nan,0.99,-0.2,nan,1.57079632679,nan,-0.6,nan,0.523598775598,nan,-0.2,nan,0,nan
grid_1049,0.2520,nan,0.5903,nan,1.00,-0.2,nan,1.57079632679,nan,-0.6,nan,0.523598775598,nan,-0.2,nan,0.523598775598,nan
grid_1050,0.2570,nan,0.5565,nan,1.00,-0.2,nan,1.57079632679,nan,-0.6,nan,0.523598775598,nan,-0.2,nan,1.0471975512,nan
grid_1051,0.3426,nan,0.2829,nan,1.01,-0.2,nan,1.57079632679,nan,-0.6,nan,0.523598775598,nan,-0.2,nan,1.57079632679,nan
grid_1052,0.1551,nan,0.2766,nan,1.00,-0.2,nan,1.57079632679,nan,-0.6,nan,0.523598775598,nan,-0.6,nan,1.57079632679,nan
grid_1053,0.1496,nan,0.5924,nan,0.99,-0.2,nan,1.57079632679,nan,-0.6,nan,0.523598775598,nan,-0.6,nan,1.0471975512,nan
grid_1054,0.3013,nan,0.5413,nan,0.99,-0.2,nan,1.57079632679,nan,-0.6,nan,0.523598775598,nan,-0.6,nan,0.523598775598,nan
grid_1055,0.1952,nan,0.7172,nan,0.99,-0.2,nan,1.57079632679,nan,-0.6,nan,0.523598775598,nan,-0.6,nan,0,nan
grid_1056,0.3211,nan,0.4404,nan,1.01,-0.2,nan,1.57079632679,nan,-0.6,nan,1.0471975512,nan,-0.6,nan,0,nan
grid_1057,0.4764,nan,0.2233,nan,1.00,-0.2,nan,1.57079632679,nan,-0.6,nan,1.0471975512,nan,-0.6,nan,0.523598775598,nan
grid_1058,0.2585,nan,0.2173,nan,1.01,-0.2,nan,1.57079632679,nan,-0.6,nan,1.0471975512,nan,-0.6,nan,1.0471975512,nan
grid_1059,0.2952,nan,0.0021,nan,1.01,-0.2,nan,1.57079632679,nan,-0.6,nan,1.0471975512,nan,-0.6,nan,1.57079632679,nan
grid_1060,0.1203,nan,0.0052,nan,1.00,-0.2,nan,1.57079632679,nan,-0.6,nan,1.0471975512,nan,-0.2,nan,1.57079632679,nan
grid_1061,0.2341,nan,0.0951,nan,1.00,-0.2,nan,1.57079632679,nan,-0.6,nan,1.0471975512,nan,-0.2,nan,1.0471975512,nan
grid_1062,0.3504,nan,0.2600,nan,0.99,-0.2,nan,1.57079632679,nan,-0.6,nan,1.0471975512,nan,-0.2,nan,0.523598775598,nan
grid_1063,0.1758,nan,0.2261,nan,1.00,-0.2,nan,1.57079632679,nan,-0.6,nan,1.0471975512,nan,-0.2,nan,0,nan
grid_1064,0.2778,nan,0.3022,nan,1.00,-0.2,nan,1.57079632679,nan,-0.6,nan,1.0471975512,nan,0.2,nan,0,nan
grid_1065,0.0789,nan,0.0190,nan,1.01,-0.2,nan,1.57079632679,nan,-0.6,nan,1.0471975512,nan,0.2,nan,0.523598775598,nan
grid_1066,0.0862,nan,0.0090,nan,1.00,-0.2,nan,1.57079632679,nan,-0.6,nan,1.0471975512,nan,0.2,nan,1.0471975512,nan
grid_1067,0.3137,nan,0.0432,nan,1.00,-0.2,nan,1.57079632679,nan,-0.6,nan,1.0471975512,nan,0.2,nan,1.57079632679,nan
grid_1068,0.1551,nan,0.0601,nan,1.00,-0.2,nan,1.57079632679,nan,-0.6,nan,1.0471975512,nan,0.6,nan,1.57079632679,nan
grid_1069,0.0460,nan,0.0584,nan,1.00,-0.2,nan,1.57079632679,nan,-0.6,nan,1.0471975512,nan,0.6,nan,1.0471975512,nan
grid_1070,0.2486,nan,0.0522,nan,0.99,-0.2,nan,1.57079632679,nan,-0.6,nan,1.0471975512,nan,0.6,nan,0.523598775598,nan
grid_1071,0.1865,nan,0.0558,nan,0.99,-0.2,nan,1.57079632679,nan,-0.6,nan,1.0471975512,nan,0.6,nan,0,nan
grid_1072,0.1226,nan,0.1827,nan,1.01,-0.2,nan,1.57079632679,nan,-0.6,nan,1.57079632679,nan,0.6,nan,0,nan
grid_1073,0.1968,nan,0.1533,nan,1.00,-0.2,nan,1.57079632679,nan,-0.6,nan,1.57079632679,nan,0.6,nan,0.523598775598,nan
grid_1074,0.1540,nan,0.0766,nan,1.00,-0.2,nan,1.57079632679,nan,-0.6,nan,1.57079632679,nan,0.6,nan,1.0471975512,nan
grid_1075,0.4280,nan,0.0966,nan,1.00,-0.2,nan,1.57079632679,nan,-0.6,nan,1.57079632679,nan,0.6,nan,1.57079632679,nan
grid_1076,0.2697,nan,0.0407,nan,1.00,-0.2,nan,1.57079632679,nan,-0.6,nan,1.57079632679,nan,0.2,nan,1.57079632679,nan
grid_1077,0.1139,nan,0.0534,nan,1.00,-0.2,nan,1.57079632679,nan,-0.6,nan,1.57079632679,nan,0.2,nan,1.0471975512,nan
grid_1078,0.4001,nan,0.0154,nan,1.01,-0.2,nan,1.57079632679,nan,-0.6,nan,1.57079632679,nan,0.2,nan,0.523598775598,nan
grid_1079,0.1940,nan,0.0135,nan,0.99,-0.2,nan,1.57079632679,nan,-0.6,nan,1.57079632679,nan,0.2,nan,0,nan
grid_1080,0.0950,nan,0.0236,nan,1.00,-0.2,nan,1.57079632679,nan,-0.6,nan,1.57079632679,nan,-0.2,nan,0,nan
grid_1081,0.1599,nan,0.0307,nan,1.00,-0.2,nan,1.57079632679,nan,-0.6,nan,1.57079632679,nan,-0.2,nan,0.523598775598,nan
grid_1082,0.1173,nan,0.0132,nan,1.00,-0.2,nan,1.57079632679,nan,-0.6,nan,1.57079632679,nan,-0.2,nan,1.0471975512,nan
grid_1083,0.2358,nan,0.0314,nan,1.00,-0.2,nan,1.57079632679,nan,-0.6,nan,1.57079632679,nan,-0.2,nan,1.57079632679,nan
grid_1084,0.4031,nan,0.0096,nan,1.01,-0.2,nan,1.57079632679,nan,-0.6,nan,1.57079632679,nan,-0.6,nan,1.57079632679,nan
grid_1085,0.1306,nan,0.0004,nan,0.98,-0.2,nan,1.57079632679,nan,-0.6,nan,1.57079632679,nan,-0.6,nan,1.0471975512,nan
grid_1086,0.2109,nan,0.0595,nan,1.00,-0.2,nan,1.57079632679,nan,-0.6,nan,1.57079632679,nan,-0.6,nan,0.523598775598,nan
grid_1087,0.3553,nan,0.1428,nan,1.00,-0.2,nan,1.57079632679,nan,-0.6,nan,1.57079632679,nan,-0.6,nan,0,nan
grid_1088,0.1151,nan,0.3350,nan,1.00,-0.2,nan,1.57079632679,nan,-0.2,nan,1.57079632679,nan,-0.6,nan,0,nan
grid_1089,0.1719,nan,0.1749,nan,1.00,-0.2,nan,1.57079632679,nan,-0.2,nan,1.57079632679,nan,-0.6,nan,0.523598775598,nan
grid_1090,0.0966,nan,0.1153,nan,1.01,-0.2,nan,1.57079632679,nan,-0.2,nan,1.57079632679,nan,-0.6,nan,1.0471975512,nan
grid_1091,0.1392,nan,0.0237,nan,1.00,-0.2,nan,1.57079632679,nan,-0.2,nan,1.57079632679,nan,-0.6,nan,1.57079632679,nan
grid_1092,0.0854,nan,0.0135,nan,1.00,-0.2,nan,1.57079632679,nan,-0.2,nan,1.57079632679,nan,-0.2,nan,1.57079632679,nan
grid_1093,0.0946,nan,0.0357,nan,1.00,-0.2,nan,1.57079632679,nan,-0.2,nan,1.57079632679,nan,-0.2,nan,1.0471975512,nan
grid_1094,0.1499,nan,0.1051,nan,1.00,-0.2,nan,1.57079632679,nan,-0.2,nan,1.57079632679,nan,-0.2,nan,0.523598775598,nan
grid_1095,0.1759,nan,0.1583,nan,1.00,-0.2,nan,1.57079632679,nan,-0.2,nan,1.57079632679,nan,-0.2,nan,0,nan
grid_1096,0.2489,nan,0.0989,nan,1.01,-0.2,nan,1.57079632679,nan,-0.2,nan,1.57079632679,nan,0.2,nan,0,nan
grid_1097,0.1072,nan,0.0153,nan,1.00,-0.2,nan,1.57079632679,nan,-0.2,nan,1.57079632679,nan,0.2,nan,0.523598775598,nan
grid_1098,0.0803,nan,0.0121,nan,1.00,-0.2,nan,1.57079632679,nan,-0.2,nan,1.57079632679,nan,0.2,nan,1.0471975512,nan
grid_1099,0.1697,nan,0.0213,nan,1.00,-0.2,nan,1.57079632679,nan,-0.2,nan,1.57079632679,nan,0.2,nan,1.57079632679,nan
grid_1100,0.0591,nan,0.0008,nan,1.00,-0.2,nan,1.57079632679,nan,-0.2,nan,1.57079632679,nan,0.6,nan,1.57079632679,nan
grid_1101,0.2582,nan,0.0326,nan,1.01,-0.2,nan,1.57079632679,nan,-0.2,nan,1.57079632679,nan,0.6,nan,1.0471975512,nan
grid_1102,0.1552,nan,0.1074,nan,1.00,-0.2,nan,1.57079632679,nan,-0.2,nan,1.57079632679,nan,0.6,nan,0.523598775598,nan
grid_1103,0.1081,nan,0.0700,nan,1.00,-0.2,nan,1.57079632679,nan,-0.2,nan,1.57079632679,nan,0.6,nan,0,nan
grid_1104,0.5289,nan,0.1088,nan,1.00,-0.2,nan,1.57079632679,nan,-0.2,nan,1.0471975512,nan,0.6,nan,0,nan
grid_1105,0.1503,nan,0.1244,nan,1.00,-0.2,nan,1.57079632679,nan,-0.2,nan,1.0471975512,nan,0.6,nan,0.523598775598,nan
grid_1106,0.1414,nan,0.0027,nan,1.00,-0.2,nan,1.57079632679,nan,-0.2,nan,1.0471975512,nan,0.6,nan,1.0471975512,nan
grid_1107,0.0724,nan,0.0047,nan,1.00,-0.2,nan,1.57079632679,nan,-0.2,nan,1.0471975512,nan,0.6,nan,1.57079632679,nan
grid_1108,0.2797,nan,0.0042,nan,1.00,-0.2,nan,1.57079632679,nan,-0.2,nan,1.0471975512,nan,0.2,nan,1.57079632679,nan
grid_1109,0.1468,nan,0.0208,nan,1.00,-0.2,nan,1.57079632679,nan,-0.2,nan,1.0471975512,nan,0.2,nan,1.0471975512,nan
grid_1110,0.1510,nan,0.0008,nan,1.00,-0.2,nan,1.57079632679,nan,-0.2,nan,1.0471975512,nan,0.2,nan,0.523598775598,nan
grid_1111,0.1215,nan,0.0408,nan,1.00,-0.2,nan,1.57079632679,nan,-0.2,nan,1.0471975512,nan,0.2,nan,0,nan
grid_1112,0.1752,nan,0.1923,nan,0.99,-0.2,nan,1.57079632679,nan,-0.2,nan,1.0471975512,nan,-0.2,nan,0,nan
grid_1113,0.0733,nan,0.2047,nan,1.00,-0.2,nan,1.57079632679,nan,-0.2,nan,1.0471975512,nan,-0.2,nan,0.523598775598,nan
grid_1114,0.0853,nan,0.1503,nan,1.01,-0.2,nan,1.57079632679,nan,-0.2,nan,1.0471975512,nan,-0.2,nan,1.0471975512,nan
grid_1115,0.1660,nan,0.0673,nan,1.00,-0.2,nan,1.57079632679,nan,-0.2,nan,1.0471975512,nan,-0.2,nan,1.57079632679,nan
grid_1116,0.1750,nan,0.0741,nan,0.99,-0.2,nan,1.57079632679,nan,-0.2,nan,1.0471975512,nan,-0.6,nan,1.57079632679,nan
grid_1117,0.1251,nan,0.3312,nan,0.99,-0.2,nan,1.57079632679,nan,-0.2,nan,1.0471975512,nan,-0.6,nan,1.0471975512,nan
grid_1118,0.1371,nan,0.3862,nan,1.00,-0.2,nan,1.57079632679,nan,-0.2,nan,1.0471975512,nan,-0.6,nan,0.523598775598,nan
grid_1119,0.2168,nan,0.4503,nan,1.00,-0.2,nan,1.57079632679,nan,-0.2,nan,1.0471975512,nan,-0.6,nan,0,nan
grid_1120,0.5142,nan,0.8539,nan,1.00,-0.2,nan,1.57079632679,nan,-0.2,nan,0.523598775598,nan,-0.6,nan,0,nan
grid_1121,0.0927,nan,0.8321,nan,1.00,-0.2,nan,1.57079632679,nan,-0.2,nan,0.523598775598,nan,-0.6,nan,0.523598775598,nan
grid_1122,0.2167,nan,0.6370,nan,1.01,-0.2,nan,1.57079632679,nan,-0.2,nan,0.523598775598,nan,-0.6,nan,1.0471975512,nan
grid_1123,0.2110,nan,0.1862,nan,1.00,-0.2,nan,1.57079632679,nan,-0.2,nan,0.523598775598,nan,-0.6,nan,1.57079632679,nan
grid_1124,0.2318,nan,0.0977,nan,1.00,-0.2,nan,1.57079632679,nan,-0.2,nan,0.523598775598,nan,-0.2,nan,1.57079632679,nan
grid_1125,0.1626,nan,0.4820,nan,1.00,-0.2,nan,1.57079632679,nan,-0.2,nan,0.523598775598,nan,-0.2,nan,1.0471975512,nan
grid_1126,0.1738,nan,0.4846,nan,1.00,-0.2,nan,1.57079632679,nan,-0.2,nan,0.523598775598,nan,-0.2,nan,0.523598775598,nan
grid_1127,0.3200,nan,0.6203,nan,1.00,-0.2,nan,1.57079632679,nan,-0.2,nan,0.523598775598,nan,-0.2,nan,0,nan
grid_1128,0.2567,nan,0.0991,nan,1.00,-0.2,nan,1.57079632679,nan,-0.2,nan,0.523598775598,nan,0.2,nan,0,nan
grid_1129,0.1295,nan,0.1090,nan,1.00,-0.2,nan,1.57079632679,nan,-0.2,nan,0.523598775598,nan,0.2,nan,0.523598775598,nan
grid_1130,0.2150,nan,0.1893,nan,0.99,-0.2,nan,1.57079632679,nan,-0.2,nan,0.523598775598,nan,0.2,nan,1.0471975512,nan
grid_1131,0.1328,nan,0.0312,nan,1.00,-0.2,nan,1.57079632679,nan,-0.2,nan,0.523598775598,nan,0.2,nan,1.57079632679,nan
grid_1132,0.0774,nan,0.1263,nan,1.00,-0.2,nan,1.57079632679,nan,-0.2,nan,0.523598775598,nan,0.6,nan,1.57079632679,nan
grid_1133,0.0588,nan,0.0287,nan,1.00,-0.2,nan,1.57079632679,nan,-0.2,nan,0.523598775598,nan,0.6,nan,1.0471975512,nan
grid_1134,0.1091,nan,0.1451,nan,1.01,-0.2,nan,1.57079632679,nan,-0.2,nan,0.523598775598,nan,0.6,nan,0.523598775598,nan
grid_1135,0.3274,nan,0.0288,nan,0.99,-0.2,nan,1.57079632679,nan,-0.2,nan,0.523598775598,nan,0.6,nan,0,nan
grid_1136,0.1444,nan,0.2982,nan,1.00,-0.2,nan,1.57079632679,nan,-0.2,nan,0,nan,0.6,nan,0,nan
grid_1137,0.1909,nan,0.0872,nan,0.99,-0.2,nan,1.57079632679,nan,-0.2,nan,0,nan,0.6,nan,0.523598775598,nan
grid_1138,0.1119,nan,0.0519,nan,1.00,-0.2,nan,1.57079632679,nan,-0.2,nan,0,nan,0.6,nan,1.0471975512,nan
grid_1139,0.0982,nan,0.4490,nan,1.00,-0.2,nan,1.57079632679,nan,-0.2,nan,0,nan,0.6,nan,1.57079632679,nan
grid_1140,0.1984,nan,0.3083,nan,1.00,-0.2,nan,1.57079632679,nan,-0.2,nan,0,nan,0.2,nan,1.57079632679,nan
grid_1141,0.2368,nan,0.3366,nan,1.00,-0.2,nan,1.57079632679,nan,-0.2,nan,0,nan,0.2,nan,1.0471975512,nan
grid_1142,0.1978,nan,0.2216,nan,1.00,-0.2,nan,1.57079632679,nan,-0.2,nan,0,nan,0.2,nan,0.523598775598,nan
grid_1143,0.1419,nan,0.2069,nan,1.01,-0.2,nan,1.57079632679,nan,-0.2,nan,0,nan,0.2,nan,0,nan
grid_1144,0.4743,nan,0.8699,nan,0.99,-0.2,nan,1.57079632679,nan,-0.2,nan,0,nan,-0.2,nan,0,nan
grid_1145,0.2205,nan,0.9328,nan,1.00,-0.2,nan,1.57079632679,nan,-0.2,nan,0,nan,-0.2,nan,0.523598775598,nan
grid_1146,0.2064,nan,0.8251,nan,1.00,-0.2,nan,1.57079632679,nan,-0.2,nan,0,nan,-0.2,nan,1.0471975512,nan
grid_1147,0.1471,nan,0.6082,nan,1.01,-0.2,nan,1.57079632679,nan,-0.2,nan,0,nan,-0.2,nan,1.57079632679,nan
grid_1148,0.1931,nan,0.6421,nan,1.00,-0.2,nan,1.57079632679,nan,-0.2,nan,0,nan,-0.6,nan,1.57079632679,nan
grid_1149,0.2740,nan,1.0144,nan,1.00,-0.2,nan,1.57079632679,nan,-0.2,nan,0,nan,-0.6,nan,1.0471975512,nan
grid_1150,0.3883,nan,1.2202,nan,0.99,-0.2,nan,1.57079632679,nan,-0.2,nan,0,nan,-0.6,nan,0.523598775598,nan
grid_1151,0.4466,nan,1.0672,nan,1.00,-0.2,nan,1.57079632679,nan,-0.2,nan,0,nan,-0.6,nan,0,nan
grid_1152,0.1929,nan,0.8736,nan,1.02,-0.2,nan,1.57079632679,nan,0.2,nan,0,nan,-0.6,nan,0,nan
grid_1153,0.2874,nan,0.8382,nan,1.00,-0.2,nan,1.57079632679,nan,0.2,nan,0,nan,-0.6,nan,0.523598775598,nan
grid_1154,0.1947,nan,0.6085,nan,1.01,-0.2,nan,1.57079632679,nan,0.2,nan,0,nan,-0.6,nan,1.0471975512,nan
grid_1155,0.3110,nan,0.0234,nan,1.00,-0.2,nan,1.57079632679,nan,0.2,nan,0,nan,-0.6,nan,1.57079632679,nan
grid_1156,0.2704,nan,0.0335,nan,1.00,-0.2,nan,1.57079632679,nan,0.2,nan,0,nan,-0.2,nan,1.57079632679,nan
grid_1157,0.2666,nan,0.0634,nan,1.01,-0.2,nan,1.57079632679,nan,0.2,nan,0,nan,-0.2,nan,1.0471975512,nan
grid_1158,0.2361,nan,0.0398,nan,0.99,-0.2,nan,1.57079632679,nan,0.2,nan,0,nan,-0.2,nan,0.523598775598,nan
grid_1159,0.5433,nan,0.0778,nan,0.99,-0.2,nan,1.57079632679,nan,0.2,nan,0,nan,-0.2,nan,0,nan
grid_1160,0.4350,nan,0.5247,nan,1.00,-0.2,nan,1.57079632679,nan,0.2,nan,0,nan,0.2,nan,0,nan
grid_1161,0.2782,nan,0.4173,nan,1.00,-0.2,nan,1.57079632679,nan,0.2,nan,0,nan,0.2,nan,0.523598775598,nan
grid_1162,0.1875,nan,0.3078,nan,1.00,-0.2,nan,1.57079632679,nan,0.2,nan,0,nan,0.2,nan,1.0471975512,nan
grid_1163,0.3589,nan,0.1149,nan,1.00,-0.2,nan,1.57079632679,nan,0.2,nan,0,nan,0.2,nan,1.57079632679,nan
grid_1164,0.2510,nan,0.1650,nan,1.00,-0.2,nan,1.57079632679,nan,0.2,nan,0,nan,0.6,nan,1.57079632679,nan
grid_1165,0.7646,nan,0.4960,nan,1.01,-0.2,nan,1.57079632679,nan,0.2,nan,0,nan,0.6,nan,1.0471975512,nan
grid_1166,0.7175,nan,1.1785,nan,1.00,-0.2,nan,1.57079632679,nan,0.2,nan,0,nan,0.6,nan,0.523598775598,nan
grid_1167,1.2745,nan,1.1661,nan,1.01,-0.2,nan,1.57079632679,nan,0.2,nan,0,nan,0.6,nan,0,nan
grid_1168,0.4259,nan,0.5750,nan,1.00,-0.2,nan,1.57079632679,nan,0.2,nan,0.523598775598,nan,0.6,nan,0,nan
grid_1169,0.5472,nan,0.5068,nan,0.99,-0.2,nan,1.57079632679,nan,0.2,nan,0.523598775598,nan,0.6,nan,0.523598775598,nan
grid_1170,0.1570,nan,0.2367,nan,1.00,-0.2,nan,1.57079632679,nan,0.2,nan,0.523598775598,nan,0.6,nan,1.0471975512,nan
grid_1171,0.2643,nan,0.0325,nan,1.00,-0.2,nan,1.57079632679,nan,0.2,nan,0.523598775598,nan,0.6,nan,1.57079632679,nan
grid_1172,0.1623,nan,0.0128,nan,1.00,-0.2,nan,1.57079632679,nan,0.2,nan,0.523598775598,nan,0.2,nan,1.57079632679,nan
grid_1173,0.4274,nan,0.0157,nan,1.00,-0.2,nan,1.57079632679,nan,0.2,nan,0.523598775598,nan,0.2,nan,1.0471975512,nan
grid_1174,0.2855,nan,0.0824,nan,1.01,-0.2,nan,1.57079632679,nan,0.2,nan,0.523598775598,nan,0.2,nan,0.523598775598,nan
grid_1175,0.4115,nan,0.0624,nan,1.01,-0.2,nan,1.57079632679,nan,0.2,nan,0.523598775598,nan,0.2,nan,0,nan
grid_1176,0.3147,nan,0.0574,nan,0.99,-0.2,nan,1.57079632679,nan,0.2,nan,0.523598775598,nan,-0.2,nan,0,nan
grid_1177,0.4381,nan,0.1339,nan,1.00,-0.2,nan,1.57079632679,nan,0.2,nan,0.523598775598,nan,-0.2,nan,0.523598775598,nan
grid_1178,0.1942,nan,0.0624,nan,0.99,-0.2,nan,1.57079632679,nan,0.2,nan,0.523598775598,nan,-0.2,nan,1.0471975512,nan
grid_1179,0.2468,nan,0.1622,nan,1.00,-0.2,nan,1.57079632679,nan,0.2,nan,0.523598775598,nan,-0.2,nan,1.57079632679,nan
grid_1180,0.2289,nan,0.1536,nan,1.00,-0.2,nan,1.57079632679,nan,0.2,nan,0.523598775598,nan,-0.6,nan,1.57079632679,nan
grid_1181,0.0862,nan,0.6250,nan,1.00,-0.2,nan,1.57079632679,nan,0.2,nan,0.523598775598,nan,-0.6,nan,1.0471975512,nan
grid_1182,0.2363,nan,0.3840,nan,0.99,-0.2,nan,1.57079632679,nan,0.2,nan,0.523598775598,nan,-0.6,nan,0.523598775598,nan
grid_1183,0.7213,nan,0.5507,nan,1.00,-0.2,nan,1.57079632679,nan,0.2,nan,0.523598775598,nan,-0.6,nan,0,nan
grid_1184,0.2381,nan,0.2490,nan,1.00,-0.2,nan,1.57079632679,nan,0.2,nan,1.0471975512,nan,-0.6,nan,0,nan
grid_1185,0.1598,nan,0.4326,nan,0.99,-0.2,nan,1.57079632679,nan,0.2,nan,1.0471975512,nan,-0.6,nan,0.523598775598,nan
grid_1186,0.1940,nan,0.1826,nan,1.00,-0.2,nan,1.57079632679,nan,0.2,nan,1.0471975512,nan,-0.6,nan,1.0471975512,nan
grid_1187,0.3577,nan,0.2299,nan,1.00,-0.2,nan,1.57079632679,nan,0.2,nan,1.0471975512,nan,-0.6,nan,1.57079632679,nan
grid_1188,0.0798,nan,0.2008,nan,1.00,-0.2,nan,1.57079632679,nan,0.2,nan,1.0471975512,nan,-0.2,nan,1.57079632679,nan
grid_1189,0.1125,nan,0.3247,nan,1.01,-0.2,nan,1.57079632679,nan,0.2,nan,1.0471975512,nan,-0.2,nan,1.0471975512,nan
grid_1190,0.1996,nan,0.2013,nan,0.99,-0.2,nan,1.57079632679,nan,0.2,nan,1.0471975512,nan,-0.2,nan,0.523598775598,nan
grid_1191,0.6306,nan,0.3213,nan,1.01,-0.2,nan,1.57079632679,nan,0.2,nan,1.0471975512,nan,-0.2,nan,0,nan
grid_1192,0.1623,nan,0.0956,nan,1.01,-0.2,nan,1.57079632679,nan,0.2,nan,1.0471975512,nan,0.2,nan,0,nan
grid_1193,0.0786,nan,0.0007,nan,0.99,-0.2,nan,1.57079632679,nan,0.2,nan,1.0471975512,nan,0.2,nan,0.523598775598,nan
grid_1194,0.2792,nan,0.0817,nan,1.00,-0.2,nan,1.57079632679,nan,0.2,nan,1.0471975512,nan,0.2,nan,1.0471975512,nan
grid_1195,0.0833,nan,0.1199,nan,0.99,-0.2,nan,1.57079632679,nan,0.2,nan,1.0471975512,nan,0.2,nan,1.57079632679,nan
grid_1196,0.2560,nan,0.0844,nan,0.99,-0.2,nan,1.57079632679,nan,0.2,nan,1.0471975512,nan,0.6,nan,1.57079632679,nan
grid_1197,0.3834,nan,0.0184,nan,1.01,-0.2,nan,1.57079632679,nan,0.2,nan,1.0471975512,nan,0.6,nan,1.0471975512,nan
grid_1198,0.3097,nan,0.1091,nan,1.00,-0.2,nan,1.57079632679,nan,0.2,nan,1.0471975512,nan,0.6,nan,0.523598775598,nan
grid_1199,0.3161,nan,0.1700,nan,1.00,-0.2,nan,1.57079632679,nan,0.2,nan,1.0471975512,nan,0.6,nan,0,nan
grid_1200,0.0869,nan,0.1504,nan,1.00,-0.2,nan,1.57079632679,nan,0.2,nan,1.57079632679,nan,0.6,nan,0,nan
grid_1201,0.2196,nan,0.0043,nan,1.00,-0.2,nan,1.57079632679,nan,0.2,nan,1.57079632679,nan,0.6,nan,0.523598775598,nan
grid_1202,0.2801,nan,0.0002,nan,0.99,-0.2,nan,1.57079632679,nan,0.2,nan,1.57079632679,nan,0.6,nan,1.0471975512,nan
grid_1203,0.2117,nan,0.0566,nan,1.00,-0.2,nan,1.57079632679,nan,0.2,nan,1.57079632679,nan,0.6,nan,1.57079632679,nan
grid_1204,0.3053,nan,0.0747,nan,1.00,-0.2,nan,1.57079632679,nan,0.2,nan,1.57079632679,nan,0.2,nan,1.57079632679,nan
grid_1205,0.2012,nan,0.0424,nan,0.99,-0.2,nan,1.57079632679,nan,0.2,nan,1.57079632679,nan,0.2,nan,1.0471975512,nan
grid_1206,0.0910,nan,0.0523,nan,1.00,-0.2,nan,1.57079632679,nan,0.2,nan,1.57079632679,nan,0.2,nan,0.523598775598,nan
grid_1207,0.1561,nan,0.0521,nan,1.00,-0.2,nan,1.57079632679,nan,0.2,nan,1.57079632679,nan,0.2,nan,0,nan
grid_1208,0.1357,nan,0.1523,nan,0.99,-0.2,nan,1.57079632679,nan,0.2,nan,1.57079632679,nan,-0.2,nan,0,nan
grid_1209,0.0650,nan,0.0929,nan,1.00,-0.2,nan,1.57079632679,nan,0.2,nan,1.57079632679,nan,-0.2,nan,0.523598775598,nan
grid_1210,0.1424,nan,0.1877,nan,1.00,-0.2,nan,1.57079632679,nan,0.2,nan,1.57079632679,nan,-0.2,nan,1.0471975512,nan
grid_1211,0.3180,nan,0.0677,nan,1.00,-0.2,nan,1.57079632679,nan,0.2,nan,1.57079632679,nan,-0.2,nan,1.57079632679,nan
grid_1212,0.5985,nan,0.0968,nan,1.01,-0.2,nan,1.57079632679,nan,0.2,nan,1.57079632679,nan,-0.6,nan,1.57079632679,nan
grid_1213,0.2012,nan,0.1511,nan,0.99,-0.2,nan,1.57079632679,nan,0.2,nan,1.57079632679,nan,-0.6,nan,1.0471975512,nan
grid_1214,0.0918,nan,0.2530,nan,1.00,-0.2,nan,1.57079632679,nan,0.2,nan,1.57079632679,nan,-0.6,nan,0.523598775598,nan
grid_1215,0.2133,nan,0.2987,nan,1.00,-0.2,nan,1.57079632679,nan,0.2,nan,1.57079632679,nan,-0.6,nan,0,nan
grid_1216,0.1254,nan,0.1172,nan,1.00,-0.2,nan,1.57079632679,nan,0.6,nan,1.57079632679,nan,-0.6,nan,0,nan
grid_1217,0.2330,nan,0.2148,nan,1.00,-0.2,nan,1.57079632679,nan,0.6,nan,1.57079632679,nan,-0.6,nan,0.523598775598,nan
grid_1218,0.0960,nan,0.2716,nan,1.00,-0.2,nan,1.57079632679,nan,0.6,nan,1.57079632679,nan,-0.6,nan,1.0471975512,nan
grid_1219,0.1571,nan,0.1547,nan,1.01,-0.2,nan,1.57079632679,nan,0.6,nan,1.57079632679,nan,-0.6,nan,1.57079632679,nan
grid_1220,0.1249,nan,0.2030,nan,0.99,-0.2,nan,1.57079632679,nan,0.6,nan,1.57079632679,nan,-0.2,nan,1.57079632679,nan
grid_1221,0.0837,nan,0.2153,nan,1.00,-0.2,nan,1.57079632679,nan,0.6,nan,1.57079632679,nan,-0.2,nan,1.0471975512,nan
grid_1222,0.0919,nan,0.0753,nan,1.00,-0.2,nan,1.57079632679,nan,0.6,nan,1.57079632679,nan,-0.2,nan,0.523598775598,nan
grid_1223,0.0878,nan,0.1338,nan,1.00,-0.2,nan,1.57079632679,nan,0.6,nan,1.57079632679,nan,-0.2,nan,0,nan
grid_1224,0.4408,nan,0.1878,nan,1.01,-0.2,nan,1.57079632679,nan,0.6,nan,1.57079632679,nan,0.2,nan,0,nan
grid_1225,0.1378,nan,0.1301,nan,1.00,-0.2,nan,1.57079632679,nan,0.6,nan,1.57079632679,nan,0.2,nan,0.523598775598,nan
grid_1226,0.1348,nan,0.1684,nan,1.00,-0.2,nan,1.57079632679,nan,0.6,nan,1.57079632679,nan,0.2,nan,1.0471975512,nan
grid_1227,0.1673,nan,0.2897,nan,1.00,-0.2,nan,1.57079632679,nan,0.6,nan,1.57079632679,nan,0.2,nan,1.57079632679,nan
grid_1228,0.3782,nan,0.1254,nan,1.00,-0.2,nan,1.57079632679,nan,0.6,nan,1.57079632679,nan,0.6,nan,1.57079632679,nan
grid_1229,0.1628,nan,0.2055,nan,1.00,-0.2,nan,1.57079632679,nan,0.6,nan,1.57079632679,nan,0.6,nan,1.0471975512,nan
grid_1230,0.2039,nan,0.0884,nan,1.01,-0.2,nan,1.57079632679,nan,0.6,nan,1.57079632679,nan,0.6,nan,0.523598775598,nan
grid_1231,0.2948,nan,0.0128,nan,1.00,-0.2,nan,1.57079632679,nan,0.6,nan,1.57079632679,nan,0.6,nan,0,nan
grid_1232,0.8385,nan,0.1651,nan,0.99,-0.2,nan,1.57079632679,nan,0.6,nan,1.0471975512,nan,0.6,nan,0,nan
grid_1233,0.2351,nan,0.0170,nan,1.01,-0.2,nan,1.57079632679,nan,0.6,nan,1.0471975512,nan,0.6,nan,0.523598775598,nan
grid_1234,0.3025,nan,0.0027,nan,0.99,-0.2,nan,1.57079632679,nan,0.6,nan,1.0471975512,nan,0.6,nan,1.0471975512,nan
grid_1235,0.4562,nan,0.2432,nan,0.99,-0.2,nan,1.57079632679,nan,0.6,nan,1.0471975512,nan,0.6,nan,1.57079632679,nan
grid_1236,0.2593,nan,0.3342,nan,1.00,-0.2,nan,1.57079632679,nan,0.6,nan,1.0471975512,nan,0.2,nan,1.57079632679,nan
grid_1237,0.2566,nan,0.1703,nan,0.99,-0.2,nan,1.57079632679,nan,0.6,nan,1.0471975512,nan,0.2,nan,1.0471975512,nan
grid_1238,0.3650,nan,0.0072,nan,1.00,-0.2,nan,1.57079632679,nan,0.6,nan,1.0471975512,nan,0.2,nan,0.523598775598,nan
grid_1239,0.1196,nan,0.1319,nan,1.00,-0.2,nan,1.57079632679,nan,0.6,nan,1.0471975512,nan,0.2,nan,0,nan
grid_1240,0.4034,nan,0.1450,nan,0.99,-0.2,nan,1.57079632679,nan,0.6,nan,1.0471975512,nan,-0.2,nan,0,nan
grid_1241,0.4030,nan,0.2416,nan,0.99,-0.2,nan,1.57079632679,nan,0.6,nan,1.0471975512,nan,-0.2,nan,0.523598775598,nan
grid_1242,0.3069,nan,0.1460,nan,1.00,-0.2,nan,1.57079632679,nan,0.6,nan,1.0471975512,nan,-0.2,nan,1.0471975512,nan
grid_1243,0.3208,nan,0.2745,nan,1.00,-0.2,nan,1.57079632679,nan,0.6,nan,1.0471975512,nan,-0.2,nan,1.57079632679,nan
grid_1244,0.2555,nan,0.3657,nan,1.00,-0.2,nan,1.57079632679,nan,0.6,nan,1.0471975512,nan,-0.6,nan,1.57079632679,nan
grid_1245,0.3578,nan,0.3100,nan,1.01,-0.2,nan,1.57079632679,nan,0.6,nan,1.0471975512,nan,-0.6,nan,1.0471975512,nan
grid_1246,0.4410,nan,0.5054,nan,1.01,-0.2,nan,1.57079632679,nan,0.6,nan,1.0471975512,nan,-0.6,nan,0.523598775598,nan
grid_1247,0.2594,nan,0.2762,nan,1.01,-0.2,nan,1.57079632679,nan,0.6,nan,1.0471975512,nan,-0.6,nan,0,nan
grid_1248,0.3313,nan,0.1157,nan,1.01,-0.2,nan,1.57079632679,nan,0.6,nan,0.523598775598,nan,-0.6,nan,0,nan
grid_1249,0.4180,nan,0.0920,nan,1.00,-0.2,nan,1.57079632679,nan,0.6,nan,0.523598775598,nan,-0.6,nan,0.523598775598,nan
grid_1250,0.5576,nan,0.1713,nan,1.00,-0.2,nan,1.57079632679,nan,0.6,nan,0.523598775598,nan,-0.6,nan,1.0471975512,nan
grid_1251,0.3891,nan,0.0858,nan,1.00,-0.2,nan,1.57079632679,nan,0.6,nan,0.523598775598,nan,-0.6,nan,1.57079632679,nan
grid_1252,0.1684,nan,0.0014,nan,1.00,-0.2,nan,1.57079632679,nan,0.6,nan,0.523598775598,nan,-0.2,nan,1.57079632679,nan
grid_1253,0.2510,nan,0.0341,nan,1.01,-0.2,nan,1.57079632679,nan,0.6,nan,0.523598775598,nan,-0.2,nan,1.0471975512,nan
grid_1254,0.5125,nan,0.0307,nan,1.00,-0.2,nan,1.57079632679,nan,0.6,nan,0.523598775598,nan,-0.2,nan,0.523598775598,nan
grid_1255,0.4174,nan,0.1705,nan,1.00,-0.2,nan,1.57079632679,nan,0.6,nan,0.523598775598,nan,-0.2,nan,0,nan
grid_1256,0.4496,nan,0.6357,nan,1.01,-0.2,nan,1.57079632679,nan,0.6,nan,0.523598775598,nan,0.2,nan,0,nan
grid_1257,0.3264,nan,0.2135,nan,1.00,-0.2,nan,1.57079632679,nan,0.6,nan,0.523598775598,nan,0.2,nan,0.523598775598,nan
grid_1258,0.5309,nan,0.0867,nan,1.00,-0.2,nan,1.57079632679,nan,0.6,nan,0.523598775598,nan,0.2,nan,1.0471975512,nan
grid_1259,0.4121,nan,0.0048,nan,1.00,-0.2,nan,1.57079632679,nan,0.6,nan,0.523598775598,nan,0.2,nan,1.57079632679,nan
grid_1260,0.3777,nan,0.0059,nan,1.00,-0.2,nan,1.57079632679,nan,0.6,nan,0.523598775598,nan,0.6,nan,1.57079632679,nan
grid_1261,0.2878,nan,0.2829,nan,1.00,-0.2,nan,1.57079632679,nan,0.6,nan,0.523598775598,nan,0.6,nan,1.0471975512,nan
grid_1262,0.5644,nan,0.7177,nan,1.00,-0.2,nan,1.57079632679,nan,0.6,nan,0.523598775598,nan,0.6,nan,0.523598775598,nan
grid_1263,0.4023,nan,0.9119,nan,1.00,-0.2,nan,1.57079632679,nan,0.6,nan,0.523598775598,nan,0.6,nan,0,nan
grid_1264,1.2939,nan,1.1763,nan,1.00,-0.2,nan,1.57079632679,nan,0.6,nan,0,nan,0.6,nan,0,nan
grid_1265,0.7309,nan,1.4971,nan,0.99,-0.2,nan,1.57079632679,nan,0.6,nan,0,nan,0.6,nan,0.523598775598,nan
grid_1266,0.2960,nan,1.0805,nan,1.00,-0.2,nan,1.57079632679,nan,0.6,nan,0,nan,0.6,nan,1.0471975512,nan
grid_1267,0.3613,nan,0.7458,nan,1.00,-0.2,nan,1.57079632679,nan,0.6,nan,0,nan,0.6,nan,1.57079632679,nan
grid_1268,0.2404,nan,0.6522,nan,1.00,-0.2,nan,1.57079632679,nan,0.6,nan,0,nan,0.2,nan,1.57079632679,nan
grid_1269,0.2699,nan,0.8278,nan,1.00,-0.2,nan,1.57079632679,nan,0.6,nan,0,nan,0.2,nan,1.0471975512,nan
grid_1270,0.1937,nan,1.2343,nan,1.00,-0.2,nan,1.57079632679,nan,0.6,nan,0,nan,0.2,nan,0.523598775598,nan
grid_1271,1.4603,nan,1.2282,nan,1.00,-0.2,nan,1.57079632679,nan,0.6,nan,0,nan,0.2,nan,0,nan
grid_1272,0.4223,nan,0.7024,nan,1.00,-0.2,nan,1.57079632679,nan,0.6,nan,0,nan,-0.2,nan,0,nan
grid_1273,0.4467,nan,0.7121,nan,1.01,-0.2,nan,1.57079632679,nan,0.6,nan,0,nan,-0.2,nan,0.523598775598,nan
grid_1274,0.2322,nan,0.6526,nan,1.00,-0.2,nan,1.57079632679,nan,0.6,nan,0,nan,-0.2,nan,1.0471975512,nan
grid_1275,0.1274,nan,0.3921,nan,1.00,-0.2,nan,1.57079632679,nan,0.6,nan,0,nan,-0.2,nan,1.57079632679,nan
grid_1276,0.2763,nan,0.3198,nan,1.01,-0.2,nan,1.57079632679,nan,0.6,nan,0,nan,-0.6,nan,1.57079632679,nan
grid_1277,0.3112,nan,0.2016,nan,1.00,-0.2,nan,1.57079632679,nan,0.6,nan,0,nan,-0.6,nan,1.0471975512,nan
grid_1278,0.1738,nan,0.1380,nan,1.00,-0.2,nan,1.57079632679,nan,0.6,nan,0,nan,-0.6,nan,0.523598775598,nan
grid_1279,0.1712,nan,0.0035,nan,0.99,-0.2,nan,1.57079632679,nan,0.6,nan,0,nan,-0.6,nan,0,nan
grid_1280,0.7983,nan,0.1088,nan,1.00,-0.2,nan,1.0471975512,nan,0.6,nan,0,nan,-0.6,nan,0,nan
grid_1281,0.5820,nan,0.3381,nan,1.00,-0.2,nan,1.0471975512,nan,0.6,nan,0,nan,-0.6,nan,0.523598775598,nan
grid_1282,0.2560,nan,0.6168,nan,1.00,-0.2,nan,1.0471975512,nan,0.6,nan,0,nan,-0.6,nan,1.0471975512,nan
grid_1283,0.2594,nan,0.6184,nan,1.00,-0.2,nan,1.0471975512,nan,0.6,nan,0,nan,-0.6,nan,1.57079632679,nan
grid_1284,0.1090,nan,0.8415,nan,1.00,-0.2,nan,1.0471975512,nan,0.6,nan,0,nan,-0.2,nan,1.57079632679,nan
grid_1285,0.2312,nan,0.9793,nan,0.99,-0.2,nan,1.0471975512,nan,0.6,nan,0,nan,-0.2,nan,1.0471975512,nan
grid_1286,0.3877,nan,1.1484,nan,1.01,-0.2,nan,1.0471975512,nan,0.6,nan,0,nan,-0.2,nan,0.523598775598,nan
grid_1287,1.1709,nan,1.2251,nan,0.99,-0.2,nan,1.0471975512,nan,0.6,nan,0,nan,-0.2,nan,0,nan
grid_1288,1.4525,nan,1.5304,nan,1.01,-0.2,nan,1.0471975512,nan,0.6,nan,0,nan,0.2,nan,0,nan
grid_1289,0.7104,nan,1.7790,nan,1.00,-0.2,nan,1.0471975512,nan,0.6,nan,0,nan,0.2,nan,0.523598775598,nan
grid_1290,0.4576,nan,1.4218,nan,1.00,-0.2,nan,1.0471975512,nan,0.6,nan,0,nan,0.2,nan,1.0471975512,nan
grid_1291,0.3227,nan,1.2029,nan,1.00,-0.2,nan,1.0471975512,nan,0.6,nan,0,nan,0.2,nan,1.57079632679,nan
grid_1292,0.3268,nan,1.0138,nan,1.00,-0.2,nan,1.0471975512,nan,0.6,nan,0,nan,0.6,nan,1.57079632679,nan
grid_1293,0.4387,nan,1.6419,nan,1.00,-0.2,nan,1.0471975512,nan,0.6,nan,0,nan,0.6,nan,1.0471975512,nan
grid_1294,0.3496,nan,1.7450,nan,1.00,-0.2,nan,1.0471975512,nan,0.6,nan,0,nan,0.6,nan,0.523598775598,nan
grid_1295,1.0434,nan,1.2575,nan,0.99,-0.2,nan,1.0471975512,nan,0.6,nan,0,nan,0.6,nan,0,nan
grid_1296,0.2267,nan,1.1117,nan,1.00,-0.2,nan,1.0471975512,nan,0.6,nan,0.523598775598,nan,0.6,nan,0,nan
grid_1297,0.5001,nan,0.8581,nan,1.00,-0.2,nan,1.0471975512,nan,0.6,nan,0.523598775598,nan,0.6,nan,0.523598775598,nan
grid_1298,0.2102,nan,0.6000,nan,0.99,-0.2,nan,1.0471975512,nan,0.6,nan,0.523598775598,nan,0.6,nan,1.0471975512,nan
grid_1299,0.1782,nan,0.1220,nan,0.99,-0.2,nan,1.0471975512,nan,0.6,nan,0.523598775598,nan,0.6,nan,1.57079632679,nan
grid_1300,0.2056,nan,0.1260,nan,1.01,-0.2,nan,1.0471975512,nan,0.6,nan,0.523598775598,nan,0.2,nan,1.57079632679,nan
grid_1301,0.3427,nan,0.2863,nan,1.00,-0.2,nan,1.0471975512,nan,0.6,nan,0.523598775598,nan,0.2,nan,1.0471975512,nan
grid_1302,0.4075,nan,0.6581,nan,1.00,-0.2,nan,1.0471975512,nan,0.6,nan,0.523598775598,nan,0.2,nan,0.523598775598,nan
grid_1303,0.2661,nan,0.9618,nan,1.00,-0.2,nan,1.0471975512,nan,0.6,nan,0.523598775598,nan,0.2,nan,0,nan
grid_1304,0.1909,nan,0.4410,nan,1.01,-0.2,nan,1.0471975512,nan,0.6,nan,0.523598775598,nan,-0.2,nan,0,nan
grid_1305,0.1705,nan,0.2259,nan,1.00,-0.2,nan,1.0471975512,nan,0.6,nan,0.523598775598,nan,-0.2,nan,0.523598775598,nan
grid_1306,0.2499,nan,0.0454,nan,1.00,-0.2,nan,1.0471975512,nan,0.6,nan,0.523598775598,nan,-0.2,nan,1.0471975512,nan
grid_1307,0.1861,nan,0.0157,nan,1.00,-0.2,nan,1.0471975512,nan,0.6,nan,0.523598775598,nan,-0.2,nan,1.57079632679,nan
grid_1308,0.3137,nan,0.0471,nan,0.99,-0.2,nan,1.0471975512,nan,0.6,nan,0.523598775598,nan,-0.6,nan,1.57079632679,nan
grid_1309,0.3029,nan,0.0297,nan,1.00,-0.2,nan,1.0471975512,nan,0.6,nan,0.523598775598,nan,-0.6,nan,1.0471975512,nan
grid_1310,0.3911,nan,0.0282,nan,1.00,-0.2,nan,1.0471975512,nan,0.6,nan,0.523598775598,nan,-0.6,nan,0.523598775598,nan
grid_1311,0.4095,nan,0.0957,nan,1.00,-0.2,nan,1.0471975512,nan,0.6,nan,0.523598775598,nan,-0.6,nan,0,nan
grid_1312,0.4800,nan,0.2477,nan,0.99,-0.2,nan,1.0471975512,nan,0.6,nan,1.0471975512,nan,-0.6,nan,0,nan
grid_1313,0.3110,nan,0.3221,nan,1.00,-0.2,nan,1.0471975512,nan,0.6,nan,1.0471975512,nan,-0.6,nan,0.523598775598,nan
grid_1314,0.1719,nan,0.3893,nan,1.01,-0.2,nan,1.0471975512,nan,0.6,nan,1.0471975512,nan,-0.6,nan,1.0471975512,nan
grid_1315,0.2865,nan,0.2451,nan,1.00,-0.2,nan,1.0471975512,nan,0.6,nan,1.0471975512,nan,-0.6,nan,1.57079632679,nan
grid_1316,0.3475,nan,0.2842,nan,1.00,-0.2,nan,1.0471975512,nan,0.6,nan,1.0471975512,nan,-0.2,nan,1.57079632679,nan
grid_1317,0.1856,nan,0.2547,nan,1.00,-0.2,nan,1.0471975512,nan,0.6,nan,1.0471975512,nan,-0.2,nan,1.0471975512,nan
grid_1318,0.1515,nan,0.1484,nan,1.00,-0.2,nan,1.0471975512,nan,0.6,nan,1.0471975512,nan,-0.2,nan,0.523598775598,nan
grid_1319,0.5685,nan,0.0713,nan,1.01,-0.2,nan,1.0471975512,nan,0.6,nan,1.0471975512,nan,-0.2,nan,0,nan
grid_1320,0.3266,nan,0.1287,nan,1.00,-0.2,nan,1.0471975512,nan,0.6,nan,1.0471975512,nan,0.2,nan,0,nan
grid_1321,0.2861,nan,0.0000,nan,0.99,-0.2,nan,1.0471975512,nan,0.6,nan,1.0471975512,nan,0.2,nan,0.523598775598,nan
grid_1322,0.2215,nan,0.1072,nan,1.00,-0.2,nan,1.0471975512,nan,0.6,nan,1.0471975512,nan,0.2,nan,1.0471975512,nan
grid_1323,0.2656,nan,0.1296,nan,1.00,-0.2,nan,1.0471975512,nan,0.6,nan,1.0471975512,nan,0.2,nan,1.57079632679,nan
grid_1324,0.2556,nan,0.1769,nan,1.00,-0.2,nan,1.0471975512,nan,0.6,nan,1.0471975512,nan,0.6,nan,1.57079632679,nan
grid_1325,0.1743,nan,0.0043,nan,1.00,-0.2,nan,1.0471975512,nan,0.6,nan,1.0471975512,nan,0.6,nan,1.0471975512,nan
grid_1326,0.1636,nan,0.1894,nan,1.01,-0.2,nan,1.0471975512,nan,0.6,nan,1.0471975512,nan,0.6,nan,0.523598775598,nan
grid_1327,0.3128,nan,0.3868,nan,1.00,-0.2,nan,1.0471975512,nan,0.6,nan,1.0471975512,nan,0.6,nan,0,nan
grid_1328,0.1381,nan,0.0024,nan,1.00,-0.2,nan,1.0471975512,nan,0.6,nan,1.57079632679,nan,0.6,nan,0,nan
grid_1329,0.1113,nan,0.0398,nan,1.00,-0.2,nan,1.0471975512,nan,0.6,nan,1.57079632679,nan,0.6,nan,0.523598775598,nan
grid_1330,0.0845,nan,0.1031,nan,1.00,-0.2,nan,1.0471975512,nan,0.6,nan,1.57079632679,nan,0.6,nan,1.0471975512,nan
grid_1331,0.1004,nan,0.2101,nan,1.00,-0.2,nan,1.0471975512,nan,0.6,nan,1.57079632679,nan,0.6,nan,1.57079632679,nan
grid_1332,0.1235,nan,0.3221,nan,1.00,-0.2,nan,1.0471975512,nan,0.6,nan,1.57079632679,nan,0.2,nan,1.57079632679,nan
grid_1333,0.1079,nan,0.1511,nan,1.01,-0.2,nan,1.0471975512,nan,0.6,nan,1.57079632679,nan,0.2,nan,1.0471975512,nan
grid_1334,0.1058,nan,0.0559,nan,1.00,-0.2,nan,1.0471975512,nan,0.6,nan,1.57079632679,nan,0.2,nan,0.523598775598,nan
grid_1335,0.5828,nan,0.1393,nan,1.01,-0.2,nan,1.0471975512,nan,0.6,nan,1.57079632679,nan,0.2,nan,0,nan
grid_1336,0.1387,nan,0.0363,nan,1.00,-0.2,nan,1.0471975512,nan,0.6,nan,1.57079632679,nan,-0.2,nan,0,nan
grid_1337,0.0975,nan,0.1393,nan,1.00,-0.2,nan,1.0471975512,nan,0.6,nan,1.57079632679,nan,-0.2,nan,0.523598775598,nan
grid_1338,0.1321,nan,0.2534,nan,1.00,-0.2,nan,1.0471975512,nan,0.6,nan,1.57079632679,nan,-0.2,nan,1.0471975512,nan
grid_1339,0.1118,nan,0.1511,nan,1.00,-0.2,nan,1.0471975512,nan,0.6,nan,1.57079632679,nan,-0.2,nan,1.57079632679,nan
grid_1340,0.2533,nan,0.4146,nan,1.00,-0.2,nan,1.0471975512,nan,0.6,nan,1.57079632679,nan,-0.6,nan,1.57079632679,nan
grid_1341,0.1001,nan,0.3083,nan,1.00,-0.2,nan,1.0471975512,nan,0.6,nan,1.57079632679,nan,-0.6,nan,1.0471975512,nan
grid_1342,0.1412,nan,0.3524,nan,1.01,-0.2,nan,1.0471975512,nan,0.6,nan,1.57079632679,nan,-0.6,nan,0.523598775598,nan
grid_1343,0.0860,nan,0.2344,nan,1.00,-0.2,nan,1.0471975512,nan,0.6,nan,1.57079632679,nan,-0.6,nan,0,nan
grid_1344,0.1979,nan,0.3000,nan,1.00,-0.2,nan,1.0471975512,nan,0.2,nan,1.57079632679,nan,-0.6,nan,0,nan
grid_1345,0.2141,nan,0.2036,nan,1.00,-0.2,nan,1.0471975512,nan,0.2,nan,1.57079632679,nan,-0.6,nan,0.523598775598,nan
grid_1346,0.0772,nan,0.2917,nan,1.00,-0.2,nan,1.0471975512,nan,0.2,nan,1.57079632679,nan,-0.6,nan,1.0471975512,nan
grid_1347,0.5243,nan,0.1010,nan,1.00,-0.2,nan,1.0471975512,nan,0.2,nan,1.57079632679,nan,-0.6,nan,1.57079632679,nan
grid_1348,0.1425,nan,0.0875,nan,1.01,-0.2,nan,1.0471975512,nan,0.2,nan,1.57079632679,nan,-0.2,nan,1.57079632679,nan
grid_1349,0.2669,nan,0.1380,nan,1.00,-0.2,nan,1.0471975512,nan,0.2,nan,1.57079632679,nan,-0.2,nan,1.0471975512,nan
grid_1350,0.2004,nan,0.1642,nan,0.99,-0.2,nan,1.0471975512,nan,0.2,nan,1.57079632679,nan,-0.2,nan,0.523598775598,nan
grid_1351,0.2613,nan,0.1776,nan,1.00,-0.2,nan,1.0471975512,nan,0.2,nan,1.57079632679,nan,-0.2,nan,0,nan
grid_1352,0.3776,nan,0.0303,nan,1.00,-0.2,nan,1.0471975512,nan,0.2,nan,1.57079632679,nan,0.2,nan,0,nan
grid_1353,0.1333,nan,0.0111,nan,0.99,-0.2,nan,1.0471975512,nan,0.2,nan,1.57079632679,nan,0.2,nan,0.523598775598,nan
grid_1354,0.1682,nan,0.0945,nan,1.00,-0.2,nan,1.0471975512,nan,0.2,nan,1.57079632679,nan,0.2,nan,1.0471975512,nan
grid_1355,0.1424,nan,0.0507,nan,1.00,-0.2,nan,1.0471975512,nan,0.2,nan,1.57079632679,nan,0.2,nan,1.57079632679,nan
grid_1356,0.1991,nan,0.0219,nan,0.99,-0.2,nan,1.0471975512,nan,0.2,nan,1.57079632679,nan,0.6,nan,1.57079632679,nan
grid_1357,0.1651,nan,0.0077,nan,1.00,-0.2,nan,1.0471975512,nan,0.2,nan,1.57079632679,nan,0.6,nan,1.0471975512,nan
grid_1358,0.3157,nan,0.0005,nan,1.01,-0.2,nan,1.0471975512,nan,0.2,nan,1.57079632679,nan,0.6,nan,0.523598775598,nan
grid_1359,0.1793,nan,0.0685,nan,1.00,-0.2,nan,1.0471975512,nan,0.2,nan,1.57079632679,nan,0.6,nan,0,nan
grid_1360,0.4202,nan,0.3868,nan,1.00,-0.2,nan,1.0471975512,nan,0.2,nan,1.0471975512,nan,0.6,nan,0,nan
grid_1361,0.2410,nan,0.1905,nan,1.00,-0.2,nan,1.0471975512,nan,0.2,nan,1.0471975512,nan,0.6,nan,0.523598775598,nan
grid_1362,0.3873,nan,0.1173,nan,0.99,-0.2,nan,1.0471975512,nan,0.2,nan,1.0471975512,nan,0.6,nan,1.0471975512,nan
grid_1363,0.1093,nan,0.1040,nan,1.00,-0.2,nan,1.0471975512,nan,0.2,nan,1.0471975512,nan,0.6,nan,1.57079632679,nan
grid_1364,0.1553,nan,0.0511,nan,1.00,-0.2,nan,1.0471975512,nan,0.2,nan,1.0471975512,nan,0.2,nan,1.57079632679,nan
grid_1365,0.2435,nan,0.0623,nan,1.01,-0.2,nan,1.0471975512,nan,0.2,nan,1.0471975512,nan,0.2,nan,1.0471975512,nan
grid_1366,0.1451,nan,0.0007,nan,1.00,-0.2,nan,1.0471975512,nan,0.2,nan,1.0471975512,nan,0.2,nan,0.523598775598,nan
grid_1367,0.4273,nan,0.0616,nan,1.00,-0.2,nan,1.0471975512,nan,0.2,nan,1.0471975512,nan,0.2,nan,0,nan
grid_1368,0.3385,nan,0.1512,nan,0.99,-0.2,nan,1.0471975512,nan,0.2,nan,1.0471975512,nan,-0.2,nan,0,nan
grid_1369,0.2276,nan,0.1395,nan,1.00,-0.2,nan,1.0471975512,nan,0.2,nan,1.0471975512,nan,-0.2,nan,0.523598775598,nan
grid_1370,0.1033,nan,0.1527,nan,1.00,-0.2,nan,1.0471975512,nan,0.2,nan,1.0471975512,nan,-0.2,nan,1.0471975512,nan
grid_1371,0.1161,nan,0.0756,nan,1.00,-0.2,nan,1.0471975512,nan,0.2,nan,1.0471975512,nan,-0.2,nan,1.57079632679,nan
grid_1372,0.1270,nan,0.2117,nan,0.99,-0.2,nan,1.0471975512,nan,0.2,nan,1.0471975512,nan,-0.6,nan,1.57079632679,nan
grid_1373,0.0671,nan,0.2347,nan,1.00,-0.2,nan,1.0471975512,nan,0.2,nan,1.0471975512,nan,-0.6,nan,1.0471975512,nan
grid_1374,0.2693,nan,0.4127,nan,1.00,-0.2,nan,1.0471975512,nan,0.2,nan,1.0471975512,nan,-0.6,nan,0.523598775598,nan
grid_1375,0.1433,nan,0.4736,nan,1.00,-0.2,nan,1.0471975512,nan,0.2,nan,1.0471975512,nan,-0.6,nan,0,nan
grid_1376,1.4535,nan,0.9150,nan,1.01,-0.2,nan,1.0471975512,nan,0.2,nan,0.523598775598,nan,-0.6,nan,0,nan
grid_1377,0.1795,nan,0.5482,nan,1.00,-0.2,nan,1.0471975512,nan,0.2,nan,0.523598775598,nan,-0.6,nan,0.523598775598,nan
grid_1378,0.2697,nan,0.2900,nan,1.01,-0.2,nan,1.0471975512,nan,0.2,nan,0.523598775598,nan,-0.6,nan,1.0471975512,nan
grid_1379,0.1347,nan,0.0754,nan,1.00,-0.2,nan,1.0471975512,nan,0.2,nan,0.523598775598,nan,-0.6,nan,1.57079632679,nan
grid_1380,0.2690,nan,0.1678,nan,1.00,-0.2,nan,1.0471975512,nan,0.2,nan,0.523598775598,nan,-0.2,nan,1.57079632679,nan
grid_1381,0.4795,nan,0.1382,nan,1.00,-0.2,nan,1.0471975512,nan,0.2,nan,0.523598775598,nan,-0.2,nan,1.0471975512,nan
grid_1382,0.1873,nan,0.0688,nan,1.00,-0.2,nan,1.0471975512,nan,0.2,nan,0.523598775598,nan,-0.2,nan,0.523598775598,nan
grid_1383,0.3791,nan,0.0693,nan,1.00,-0.2,nan,1.0471975512,nan,0.2,nan,0.523598775598,nan,-0.2,nan,0,nan
grid_1384,0.2863,nan,0.3118,nan,1.00,-0.2,nan,1.0471975512,nan,0.2,nan,0.523598775598,nan,0.2,nan,0,nan
grid_1385,0.3328,nan,0.1395,nan,1.00,-0.2,nan,1.0471975512,nan,0.2,nan,0.523598775598,nan,0.2,nan,0.523598775598,nan
grid_1386,0.2321,nan,0.1112,nan,1.00,-0.2,nan,1.0471975512,nan,0.2,nan,0.523598775598,nan,0.2,nan,1.0471975512,nan
grid_1387,0.3169,nan,0.0073,nan,1.00,-0.2,nan,1.0471975512,nan,0.2,nan,0.523598775598,nan,0.2,nan,1.57079632679,nan
grid_1388,0.1578,nan,0.0412,nan,1.00,-0.2,nan,1.0471975512,nan,0.2,nan,0.523598775598,nan,0.6,nan,1.57079632679,nan
grid_1389,0.3417,nan,0.2701,nan,1.00,-0.2,nan,1.0471975512,nan,0.2,nan,0.523598775598,nan,0.6,nan,1.0471975512,nan
grid_1390,0.3281,nan,0.6500,nan,0.99,-0.2,nan,1.0471975512,nan,0.2,nan,0.523598775598,nan,0.6,nan,0.523598775598,nan
grid_1391,0.8145,nan,0.9758,nan,1.00,-0.2,nan,1.0471975512,nan,0.2,nan,0.523598775598,nan,0.6,nan,0,nan
grid_1392,0.7735,nan,1.6195,nan,1.01,-0.2,nan,1.0471975512,nan,0.2,nan,0,nan,0.6,nan,0,nan
grid_1393,0.2222,nan,1.6438,nan,0.99,-0.2,nan,1.0471975512,nan,0.2,nan,0,nan,0.6,nan,0.523598775598,nan
grid_1394,0.3873,nan,1.0729,nan,1.00,-0.2,nan,1.0471975512,nan,0.2,nan,0,nan,0.6,nan,1.0471975512,nan
grid_1395,0.2717,nan,0.3761,nan,1.00,-0.2,nan,1.0471975512,nan,0.2,nan,0,nan,0.6,nan,1.57079632679,nan
grid_1396,0.2401,nan,0.1508,nan,1.00,-0.2,nan,1.0471975512,nan,0.2,nan,0,nan,0.2,nan,1.57079632679,nan
grid_1397,0.3939,nan,0.4997,nan,1.00,-0.2,nan,1.0471975512,nan,0.2,nan,0,nan,0.2,nan,1.0471975512,nan
grid_1398,0.2523,nan,1.0214,nan,1.00,-0.2,nan,1.0471975512,nan,0.2,nan,0,nan,0.2,nan,0.523598775598,nan
grid_1399,0.5048,nan,1.1541,nan,1.00,-0.2,nan,1.0471975512,nan,0.2,nan,0,nan,0.2,nan,0,nan
grid_1400,0.1770,nan,0.0472,nan,1.00,-0.2,nan,1.0471975512,nan,0.2,nan,0,nan,-0.2,nan,0,nan
grid_1401,0.1923,nan,0.0285,nan,1.00,-0.2,nan,1.0471975512,nan,0.2,nan,0,nan,-0.2,nan,0.523598775598,nan
grid_1402,0.1984,nan,0.0098,nan,1.01,-0.2,nan,1.0471975512,nan,0.2,nan,0,nan,-0.2,nan,1.0471975512,nan
grid_1403,0.2585,nan,0.0412,nan,1.00,-0.2,nan,1.0471975512,nan,0.2,nan,0,nan,-0.2,nan,1.57079632679,nan
grid_1404,0.1728,nan,0.0071,nan,1.00,-0.2,nan,1.0471975512,nan,0.2,nan,0,nan,-0.6,nan,1.57079632679,nan
grid_1405,0.1246,nan,0.2943,nan,1.00,-0.2,nan,1.0471975512,nan,0.2,nan,0,nan,-0.6,nan,1.0471975512,nan
grid_1406,0.1912,nan,0.9069,nan,1.00,-0.2,nan,1.0471975512,nan,0.2,nan,0,nan,-0.6,nan,0.523598775598,nan
grid_1407,0.1543,nan,1.1055,nan,1.00,-0.2,nan,1.0471975512,nan,0.2,nan,0,nan,-0.6,nan,0,nan
grid_1408,0.3525,nan,1.3696,nan,0.98,-0.2,nan,1.0471975512,nan,-0.2,nan,0,nan,-0.6,nan,0,nan
grid_1409,0.1805,nan,1.3922,nan,1.01,-0.2,nan,1.0471975512,nan,-0.2,nan,0,nan,-0.6,nan,0.523598775598,nan
grid_1410,0.1374,nan,0.5876,nan,0.99,-0.2,nan,1.0471975512,nan,-0.2,nan,0,nan,-0.6,nan,1.0471975512,nan
grid_1411,0.3029,nan,0.6770,nan,1.01,-0.2,nan,1.0471975512,nan,-0.2,nan,0,nan,-0.6,nan,1.57079632679,nan
grid_1412,0.1888,nan,0.9475,nan,1.00,-0.2,nan,1.0471975512,nan,-0.2,nan,0,nan,-0.2,nan,1.57079632679,nan
grid_1413,0.1685,nan,1.1816,nan,1.00,-0.2,nan,1.0471975512,nan,-0.2,nan,0,nan,-0.2,nan,1.0471975512,nan
grid_1414,0.5547,nan,1.1306,nan,1.00,-0.2,nan,1.0471975512,nan,-0.2,nan,0,nan,-0.2,nan,0.523598775598,nan
grid_1415,0.6349,nan,1.1342,nan,0.99,-0.2,nan,1.0471975512,nan,-0.2,nan,0,nan,-0.2,nan,0,nan
grid_1416,0.5052,nan,0.4323,nan,1.01,-0.2,nan,1.0471975512,nan,-0.2,nan,0,nan,0.2,nan,0,nan
grid_1417,0.3960,nan,0.3267,nan,0.99,-0.2,nan,1.0471975512,nan,-0.2,nan,0,nan,0.2,nan,0.523598775598,nan
grid_1418,0.1680,nan,0.4376,nan,1.00,-0.2,nan,1.0471975512,nan,-0.2,nan,0,nan,0.2,nan,1.0471975512,nan
grid_1419,0.2458,nan,0.4718,nan,1.00,-0.2,nan,1.0471975512,nan,-0.2,nan,0,nan,0.2,nan,1.57079632679,nan
grid_1420,0.2046,nan,0.2625,nan,1.00,-0.2,nan,1.0471975512,nan,-0.2,nan,0,nan,0.6,nan,1.57079632679,nan
grid_1421,0.2252,nan,0.0648,nan,1.00,-0.2,nan,1.0471975512,nan,-0.2,nan,0,nan,0.6,nan,1.0471975512,nan
grid_1422,0.4015,nan,0.2953,nan,1.01,-0.2,nan,1.0471975512,nan,-0.2,nan,0,nan,0.6,nan,0.523598775598,nan
grid_1423,0.2450,nan,0.5719,nan,1.00,-0.2,nan,1.0471975512,nan,-0.2,nan,0,nan,0.6,nan,0,nan
grid_1424,0.7636,nan,0.4182,nan,1.00,-0.2,nan,1.0471975512,nan,-0.2,nan,0.523598775598,nan,0.6,nan,0,nan
grid_1425,0.2546,nan,0.1512,nan,0.99,-0.2,nan,1.0471975512,nan,-0.2,nan,0.523598775598,nan,0.6,nan,0.523598775598,nan
grid_1426,0.1719,nan,0.0382,nan,1.01,-0.2,nan,1.0471975512,nan,-0.2,nan,0.523598775598,nan,0.6,nan,1.0471975512,nan
grid_1427,0.1766,nan,0.0264,nan,1.00,-0.2,nan,1.0471975512,nan,-0.2,nan,0.523598775598,nan,0.6,nan,1.57079632679,nan
grid_1428,0.2673,nan,0.1891,nan,1.01,-0.2,nan,1.0471975512,nan,-0.2,nan,0.523598775598,nan,0.2,nan,1.57079632679,nan
grid_1429,0.2860,nan,0.0670,nan,1.00,-0.2,nan,1.0471975512,nan,-0.2,nan,0.523598775598,nan,0.2,nan,1.0471975512,nan
grid_1430,0.0979,nan,0.2088,nan,1.00,-0.2,nan,1.0471975512,nan,-0.2,nan,0.523598775598,nan,0.2,nan,0.523598775598,nan
grid_1431,0.3464,nan,0.2535,nan,1.00,-0.2,nan,1.0471975512,nan,-0.2,nan,0.523598775598,nan,0.2,nan,0,nan
grid_1432,0.2947,nan,0.6549,nan,0.99,-0.2,nan,1.0471975512,nan,-0.2,nan,0.523598775598,nan,-0.2,nan,0,nan
grid_1433,0.2594,nan,0.5760,nan,1.01,-0.2,nan,1.0471975512,nan,-0.2,nan,0.523598775598,nan,-0.2,nan,0.523598775598,nan
grid_1434,0.1335,nan,0.1982,nan,1.00,-0.2,nan,1.0471975512,nan,-0.2,nan,0.523598775598,nan,-0.2,nan,1.0471975512,nan
grid_1435,0.1513,nan,0.1193,nan,1.00,-0.2,nan,1.0471975512,nan,-0.2,nan,0.523598775598,nan,-0.2,nan,1.57079632679,nan
grid_1436,0.2440,nan,0.4371,nan,1.00,-0.2,nan,1.0471975512,nan,-0.2,nan,0.523598775598,nan,-0.6,nan,1.57079632679,nan
grid_1437,0.2651,nan,0.5674,nan,0.99,-0.2,nan,1.0471975512,nan,-0.2,nan,0.523598775598,nan,-0.6,nan,1.0471975512,nan
grid_1438,0.2298,nan,0.8417,nan,1.00,-0.2,nan,1.0471975512,nan,-0.2,nan,0.523598775598,nan,-0.6,nan,0.523598775598,nan
grid_1439,0.3233,nan,1.0936,nan,1.00,-0.2,nan,1.0471975512,nan,-0.2,nan,0.523598775598,nan,-0.6,nan,0,nan
grid_1440,0.1624,nan,0.6112,nan,1.00,-0.2,nan,1.0471975512,nan,-0.2,nan,1.0471975512,nan,-0.6,nan,0,nan
grid_1441,0.1773,nan,0.4353,nan,1.00,-0.2,nan,1.0471975512,nan,-0.2,nan,1.0471975512,nan,-0.6,nan,0.523598775598,nan
grid_1442,0.1857,nan,0.3686,nan,1.01,-0.2,nan,1.0471975512,nan,-0.2,nan,1.0471975512,nan,-0.6,nan,1.0471975512,nan
grid_1443,0.0849,nan,0.0807,nan,1.00,-0.2,nan,1.0471975512,nan,-0.2,nan,1.0471975512,nan,-0.6,nan,1.57079632679,nan
grid_1444,0.2016,nan,0.0216,nan,0.99,-0.2,nan,1.0471975512,nan,-0.2,nan,1.0471975512,nan,-0.2,nan,1.57079632679,nan
grid_1445,0.0746,nan,0.1097,nan,1.01,-0.2,nan,1.0471975512,nan,-0.2,nan,1.0471975512,nan,-0.2,nan,1.0471975512,nan
grid_1446,0.1376,nan,0.1551,nan,1.00,-0.2,nan,1.0471975512,nan,-0.2,nan,1.0471975512,nan,-0.2,nan,0.523598775598,nan
grid_1447,0.1630,nan,0.1175,nan,1.00,-0.2,nan,1.0471975512,nan,-0.2,nan,1.0471975512,nan,-0.2,nan,0,nan
grid_1448,0.1909,nan,0.0724,nan,1.01,-0.2,nan,1.0471975512,nan,-0.2,nan,1.0471975512,nan,0.2,nan,0,nan
grid_1449,0.1672,nan,0.0029,nan,1.00,-0.2,nan,1.0471975512,nan,-0.2,nan,1.0471975512,nan,0.2,nan,0.523598775598,nan
grid_1450,0.2232,nan,0.0274,nan,1.00,-0.2,nan,1.0471975512,nan,-0.2,nan,1.0471975512,nan,0.2,nan,1.0471975512,nan
grid_1451,0.1795,nan,0.0155,nan,1.00,-0.2,nan,1.0471975512,nan,-0.2,nan,1.0471975512,nan,0.2,nan,1.57079632679,nan
grid_1452,0.2029,nan,0.0042,nan,1.00,-0.2,nan,1.0471975512,nan,-0.2,nan,1.0471975512,nan,0.6,nan,1.57079632679,nan
grid_1453,0.1129,nan,0.0591,nan,1.00,-0.2,nan,1.0471975512,nan,-0.2,nan,1.0471975512,nan,0.6,nan,1.0471975512,nan
grid_1454,0.3037,nan,0.2277,nan,1.00,-0.2,nan,1.0471975512,nan,-0.2,nan,1.0471975512,nan,0.6,nan,0.523598775598,nan
grid_1455,0.4561,nan,0.2483,nan,1.00,-0.2,nan,1.0471975512,nan,-0.2,nan,1.0471975512,nan,0.6,nan,0,nan
grid_1456,0.2081,nan,0.4290,nan,1.00,-0.2,nan,1.0471975512,nan,-0.2,nan,1.57079632679,nan,0.6,nan,0,nan
grid_1457,0.2203,nan,0.0154,nan,0.99,-0.2,nan,1.0471975512,nan,-0.2,nan,1.57079632679,nan,0.6,nan,0.523598775598,nan
grid_1458,0.1774,nan,0.0390,nan,1.00,-0.2,nan,1.0471975512,nan,-0.2,nan,1.57079632679,nan,0.6,nan,1.0471975512,nan
grid_1459,0.2494,nan,0.0107,nan,1.00,-0.2,nan,1.0471975512,nan,-0.2,nan,1.57079632679,nan,0.6,nan,1.57079632679,nan
grid_1460,0.0550,nan,0.0006,nan,1.00,-0.2,nan,1.0471975512,nan,-0.2,nan,1.57079632679,nan,0.2,nan,1.57079632679,nan
grid_1461,0.0888,nan,0.0130,nan,1.01,-0.2,nan,1.0471975512,nan,-0.2,nan,1.57079632679,nan,0.2,nan,1.0471975512,nan
grid_1462,0.2122,nan,0.0069,nan,1.00,-0.2,nan,1.0471975512,nan,-0.2,nan,1.57079632679,nan,0.2,nan,0.523598775598,nan
grid_1463,0.5750,nan,0.1390,nan,1.00,-0.2,nan,1.0471975512,nan,-0.2,nan,1.57079632679,nan,0.2,nan,0,nan
grid_1464,0.1655,nan,0.2732,nan,1.00,-0.2,nan,1.0471975512,nan,-0.2,nan,1.57079632679,nan,-0.2,nan,0,nan
grid_1465,0.1487,nan,0.0266,nan,1.00,-0.2,nan,1.0471975512,nan,-0.2,nan,1.57079632679,nan,-0.2,nan,0.523598775598,nan
grid_1466,0.1171,nan,0.0051,nan,1.00,-0.2,nan,1.0471975512,nan,-0.2,nan,1.57079632679,nan,-0.2,nan,1.0471975512,nan
grid_1467,0.1897,nan,0.0041,nan,1.01,-0.2,nan,1.0471975512,nan,-0.2,nan,1.57079632679,nan,-0.2,nan,1.57079632679,nan
grid_1468,0.1416,nan,0.0292,nan,0.99,-0.2,nan,1.0471975512,nan,-0.2,nan,1.57079632679,nan,-0.6,nan,1.57079632679,nan
grid_1469,0.2932,nan,0.1038,nan,1.00,-0.2,nan,1.0471975512,nan,-0.2,nan,1.57079632679,nan,-0.6,nan,1.0471975512,nan
grid_1470,0.2181,nan,0.2138,nan,1.00,-0.2,nan,1.0471975512,nan,-0.2,nan,1.57079632679,nan,-0.6,nan,0.523598775598,nan
grid_1471,0.3095,nan,0.1745,nan,0.99,-0.2,nan,1.0471975512,nan,-0.2,nan,1.57079632679,nan,-0.6,nan,0,nan
grid_1472,0.3614,nan,0.0706,nan,1.00,-0.2,nan,1.0471975512,nan,-0.6,nan,1.57079632679,nan,-0.6,nan,0,nan
grid_1473,0.1635,nan,0.0900,nan,1.02,-0.2,nan,1.0471975512,nan,-0.6,nan,1.57079632679,nan,-0.6,nan,0.523598775598,nan
grid_1474,0.1641,nan,0.0023,nan,1.00,-0.2,nan,1.0471975512,nan,-0.6,nan,1.57079632679,nan,-0.6,nan,1.0471975512,nan
grid_1475,0.1205,nan,0.0534,nan,1.00,-0.2,nan,1.0471975512,nan,-0.6,nan,1.57079632679,nan,-0.6,nan,1.57079632679,nan
grid_1476,0.0626,nan,0.0329,nan,1.00,-0.2,nan,1.0471975512,nan,-0.6,nan,1.57079632679,nan,-0.2,nan,1.57079632679,nan
grid_1477,0.2692,nan,0.0086,nan,1.01,-0.2,nan,1.0471975512,nan,-0.6,nan,1.57079632679,nan,-0.2,nan,1.0471975512,nan
grid_1478,0.0815,nan,0.0380,nan,1.00,-0.2,nan,1.0471975512,nan,-0.6,nan,1.57079632679,nan,-0.2,nan,0.523598775598,nan
grid_1479,0.0625,nan,0.1052,nan,0.99,-0.2,nan,1.0471975512,nan,-0.6,nan,1.57079632679,nan,-0.2,nan,0,nan
grid_1480,0.2615,nan,0.1453,nan,1.00,-0.2,nan,1.0471975512,nan,-0.6,nan,1.57079632679,nan,0.2,nan,0,nan
grid_1481,0.1282,nan,0.1073,nan,1.00,-0.2,nan,1.0471975512,nan,-0.6,nan,1.57079632679,nan,0.2,nan,0.523598775598,nan
grid_1482,0.1899,nan,0.1238,nan,1.01,-0.2,nan,1.0471975512,nan,-0.6,nan,1.57079632679,nan,0.2,nan,1.0471975512,nan
grid_1483,0.1409,nan,0.0600,nan,0.99,-0.2,nan,1.0471975512,nan,-0.6,nan,1.57079632679,nan,0.2,nan,1.57079632679,nan
grid_1484,0.2762,nan,0.1473,nan,1.01,-0.2,nan,1.0471975512,nan,-0.6,nan,1.57079632679,nan,0.6,nan,1.57079632679,nan
grid_1485,0.1275,nan,0.2889,nan,1.00,-0.2,nan,1.0471975512,nan,-0.6,nan,1.57079632679,nan,0.6,nan,1.0471975512,nan
grid_1486,0.3095,nan,0.1592,nan,0.99,-0.2,nan,1.0471975512,nan,-0.6,nan,1.57079632679,nan,0.6,nan,0.523598775598,nan
grid_1487,0.3684,nan,0.1951,nan,0.99,-0.2,nan,1.0471975512,nan,-0.6,nan,1.57079632679,nan,0.6,nan,0,nan
grid_1488,0.2272,nan,0.1376,nan,1.00,-0.2,nan,1.0471975512,nan,-0.6,nan,1.0471975512,nan,0.6,nan,0,nan
grid_1489,0.1712,nan,0.0440,nan,1.00,-0.2,nan,1.0471975512,nan,-0.6,nan,1.0471975512,nan,0.6,nan,0.523598775598,nan
grid_1490,0.1727,nan,0.0565,nan,1.01,-0.2,nan,1.0471975512,nan,-0.6,nan,1.0471975512,nan,0.6,nan,1.0471975512,nan
grid_1491,0.1495,nan,0.0344,nan,1.00,-0.2,nan,1.0471975512,nan,-0.6,nan,1.0471975512,nan,0.6,nan,1.57079632679,nan
grid_1492,0.1150,nan,0.0105,nan,1.00,-0.2,nan,1.0471975512,nan,-0.6,nan,1.0471975512,nan,0.2,nan,1.57079632679,nan
grid_1493,0.1158,nan,0.0093,nan,0.99,-0.2,nan,1.0471975512,nan,-0.6,nan,1.0471975512,nan,0.2,nan,1.0471975512,nan
grid_1494,0.0818,nan,0.0127,nan,1.00,-0.2,nan,1.0471975512,nan,-0.6,nan,1.0471975512,nan,0.2,nan,0.523598775598,nan
grid_1495,0.2965,nan,0.0769,nan,1.00,-0.2,nan,1.0471975512,nan,-0.6,nan,1.0471975512,nan,0.2,nan,0,nan
grid_1496,0.3912,nan,0.2745,nan,0.99,-0.2,nan,1.0471975512,nan,-0.6,nan,1.0471975512,nan,-0.2,nan,0,nan
grid_1497,0.3029,nan,0.1700,nan,1.00,-0.2,nan,1.0471975512,nan,-0.6,nan,1.0471975512,nan,-0.2,nan,0.523598775598,nan
grid_1498,0.0796,nan,0.1330,nan,1.00,-0.2,nan,1.0471975512,nan,-0.6,nan,1.0471975512,nan,-0.2,nan,1.0471975512,nan
grid_1499,0.1565,nan,0.0347,nan,1.00,-0.2,nan,1.0471975512,nan,-0.6,nan,1.0471975512,nan,-0.2,nan,1.57079632679,nan
grid_1500,0.0969,nan,0.0053,nan,1.00,-0.2,nan,1.0471975512,nan,-0.6,nan,1.0471975512,nan,-0.6,nan,1.57079632679,nan
grid_1501,0.1992,nan,0.1227,nan,1.00,-0.2,nan,1.0471975512,nan,-0.6,nan,1.0471975512,nan,-0.6,nan,1.0471975512,nan
grid_1502,0.2019,nan,0.4171,nan,1.00,-0.2,nan,1.0471975512,nan,-0.6,nan,1.0471975512,nan,-0.6,nan,0.523598775598,nan
grid_1503,0.2761,nan,0.4855,nan,0.99,-0.2,nan,1.0471975512,nan,-0.6,nan,1.0471975512,nan,-0.6,nan,0,nan
grid_1504,0.1785,nan,0.9233,nan,0.99,-0.2,nan,1.0471975512,nan,-0.6,nan,0.523598775598,nan,-0.6,nan,0,nan
grid_1505,0.3616,nan,0.5492,nan,0.98,-0.2,nan,1.0471975512,nan,-0.6,nan,0.523598775598,nan,-0.6,nan,0.523598775598,nan
grid_1506,0.1830,nan,0.4453,nan,1.00,-0.2,nan,1.0471975512,nan,-0.6,nan,0.523598775598,nan,-0.6,nan,1.0471975512,nan
grid_1507,0.1716,nan,0.5595,nan,1.00,-0.2,nan,1.0471975512,nan,-0.6,nan,0.523598775598,nan,-0.6,nan,1.57079632679,nan
grid_1508,0.3466,nan,0.3112,nan,1.00,-0.2,nan,1.0471975512,nan,-0.6,nan,0.523598775598,nan,-0.2,nan,1.57079632679,nan
grid_1509,0.3182,nan,0.3914,nan,0.99,-0.2,nan,1.0471975512,nan,-0.6,nan,0.523598775598,nan,-0.2,nan,1.0471975512,nan
grid_1510,0.1867,nan,0.8142,nan,1.00,-0.2,nan,1.0471975512,nan,-0.6,nan,0.523598775598,nan,-0.2,nan,0.523598775598,nan
grid_1511,0.6163,nan,0.8914,nan,1.00,-0.2,nan,1.0471975512,nan,-0.6,nan,0.523598775598,nan,-0.2,nan,0,nan
grid_1512,0.5716,nan,0.5957,nan,1.01,-0.2,nan,1.0471975512,nan,-0.6,nan,0.523598775598,nan,0.2,nan,0,nan
grid_1513,0.1855,nan,0.6187,nan,1.00,-0.2,nan,1.0471975512,nan,-0.6,nan,0.523598775598,nan,0.2,nan,0.523598775598,nan
grid_1514,0.1890,nan,0.3699,nan,0.99,-0.2,nan,1.0471975512,nan,-0.6,nan,0.523598775598,nan,0.2,nan,1.0471975512,nan
grid_1515,0.3181,nan,0.1684,nan,1.00,-0.2,nan,1.0471975512,nan,-0.6,nan,0.523598775598,nan,0.2,nan,1.57079632679,nan
grid_1516,0.1405,nan,0.1253,nan,1.00,-0.2,nan,1.0471975512,nan,-0.6,nan,0.523598775598,nan,0.6,nan,1.57079632679,nan
grid_1517,0.1521,nan,0.1251,nan,1.00,-0.2,nan,1.0471975512,nan,-0.6,nan,0.523598775598,nan,0.6,nan,1.0471975512,nan
grid_1518,0.2144,nan,0.1017,nan,1.01,-0.2,nan,1.0471975512,nan,-0.6,nan,0.523598775598,nan,0.6,nan,0.523598775598,nan
grid_1519,0.3185,nan,0.1863,nan,1.00,-0.2,nan,1.0471975512,nan,-0.6,nan,0.523598775598,nan,0.6,nan,0,nan
grid_1520,0.3829,nan,0.4958,nan,0.99,-0.2,nan,1.0471975512,nan,-0.6,nan,0,nan,0.6,nan,0,nan
grid_1521,0.2923,nan,0.6516,nan,1.00,-0.2,nan,1.0471975512,nan,-0.6,nan,0,nan,0.6,nan,0.523598775598,nan
grid_1522,0.4867,nan,0.8444,nan,1.00,-0.2,nan,1.0471975512,nan,-0.6,nan,0,nan,0.6,nan,1.0471975512,nan
grid_1523,0.2855,nan,1.1854,nan,1.01,-0.2,nan,1.0471975512,nan,-0.6,nan,0,nan,0.6,nan,1.57079632679,nan
grid_1524,0.4193,nan,0.9257,nan,0.99,-0.2,nan,1.0471975512,nan,-0.6,nan,0,nan,0.2,nan,1.57079632679,nan
grid_1525,0.2425,nan,1.0499,nan,1.00,-0.2,nan,1.0471975512,nan,-0.6,nan,0,nan,0.2,nan,1.0471975512,nan
grid_1526,0.3894,nan,1.1734,nan,1.00,-0.2,nan,1.0471975512,nan,-0.6,nan,0,nan,0.2,nan,0.523598775598,nan
grid_1527,0.2077,nan,0.9402,nan,1.00,-0.2,nan,1.0471975512,nan,-0.6,nan,0,nan,0.2,nan,0,nan
grid_1528,0.5418,nan,1.0432,nan,1.00,-0.2,nan,1.0471975512,nan,-0.6,nan,0,nan,-0.2,nan,0,nan
grid_1529,0.2104,nan,1.3354,nan,1.00,-0.2,nan,1.0471975512,nan,-0.6,nan,0,nan,-0.2,nan,0.523598775598,nan
grid_1530,0.5586,nan,0.9869,nan,1.01,-0.2,nan,1.0471975512,nan,-0.6,nan,0,nan,-0.2,nan,1.0471975512,nan
grid_1531,0.2308,nan,0.8445,nan,1.01,-0.2,nan,1.0471975512,nan,-0.6,nan,0,nan,-0.2,nan,1.57079632679,nan
grid_1532,0.2679,nan,1.1125,nan,1.00,-0.2,nan,1.0471975512,nan,-0.6,nan,0,nan,-0.6,nan,1.57079632679,nan
grid_1533,0.4175,nan,1.3732,nan,0.99,-0.2,nan,1.0471975512,nan,-0.6,nan,0,nan,-0.6,nan,1.0471975512,nan
grid_1534,0.3147,nan,1.0281,nan,1.00,-0.2,nan,1.0471975512,nan,-0.6,nan,0,nan,-0.6,nan,0.523598775598,nan
grid_1535,0.5361,nan,0.8494,nan,1.00,-0.2,nan,1.0471975512,nan,-0.6,nan,0,nan,-0.6,nan,0,nan
grid_1536,1.4382,nan,0.1142,nan,1.00,-0.2,nan,0.523598775598,nan,-0.6,nan,0,nan,-0.6,nan,0,nan
grid_1537,0.1977,nan,1.0934,nan,1.01,-0.2,nan,0.523598775598,nan,-0.6,nan,0,nan,-0.6,nan,0.523598775598,nan
grid_1538,0.2041,nan,1.4740,nan,1.01,-0.2,nan,0.523598775598,nan,-0.6,nan,0,nan,-0.6,nan,1.0471975512,nan
grid_1539,0.3396,nan,1.3303,nan,1.00,-0.2,nan,0.523598775598,nan,-0.6,nan,0,nan,-0.6,nan,1.57079632679,nan
grid_1540,0.3843,nan,1.1471,nan,1.01,-0.2,nan,0.523598775598,nan,-0.6,nan,0,nan,-0.2,nan,1.57079632679,nan
grid_1541,0.5701,nan,1.4642,nan,0.99,-0.2,nan,0.523598775598,nan,-0.6,nan,0,nan,-0.2,nan,1.0471975512,nan
grid_1542,0.3466,nan,1.3325,nan,0.99,-0.2,nan,0.523598775598,nan,-0.6,nan,0,nan,-0.2,nan,0.523598775598,nan
grid_1543,0.5478,nan,0.8139,nan,1.00,-0.2,nan,0.523598775598,nan,-0.6,nan,0,nan,-0.2,nan,0,nan
grid_1544,0.3593,nan,0.9169,nan,1.00,-0.2,nan,0.523598775598,nan,-0.6,nan,0,nan,0.2,nan,0,nan
grid_1545,0.3622,nan,1.4098,nan,1.01,-0.2,nan,0.523598775598,nan,-0.6,nan,0,nan,0.2,nan,0.523598775598,nan
grid_1546,0.3508,nan,1.4808,nan,1.01,-0.2,nan,0.523598775598,nan,-0.6,nan,0,nan,0.2,nan,1.0471975512,nan
grid_1547,0.4841,nan,1.3485,nan,0.99,-0.2,nan,0.523598775598,nan,-0.6,nan,0,nan,0.2,nan,1.57079632679,nan
grid_1548,0.2681,nan,1.0666,nan,1.00,-0.2,nan,0.523598775598,nan,-0.6,nan,0,nan,0.6,nan,1.57079632679,nan
grid_1549,0.2847,nan,1.1305,nan,0.99,-0.2,nan,0.523598775598,nan,-0.6,nan,0,nan,0.6,nan,1.0471975512,nan
grid_1550,0.2718,nan,1.0903,nan,1.00,-0.2,nan,0.523598775598,nan,-0.6,nan,0,nan,0.6,nan,0.523598775598,nan
grid_1551,0.6365,nan,0.6620,nan,1.00,-0.2,nan,0.523598775598,nan,-0.6,nan,0,nan,0.6,nan,0,nan
grid_1552,1.1067,nan,0.5248,nan,1.00,-0.2,nan,0.523598775598,nan,-0.6,nan,0.523598775598,nan,0.6,nan,0,nan
grid_1553,0.2241,nan,0.3077,nan,1.00,-0.2,nan,0.523598775598,nan,-0.6,nan,0.523598775598,nan,0.6,nan,0.523598775598,nan
grid_1554,0.1753,nan,0.1027,nan,1.00,-0.2,nan,0.523598775598,nan,-0.6,nan,0.523598775598,nan,0.6,nan,1.0471975512,nan
grid_1555,0.6616,nan,0.2845,nan,1.00,-0.2,nan,0.523598775598,nan,-0.6,nan,0.523598775598,nan,0.6,nan,1.57079632679,nan
grid_1556,0.3435,nan,0.3565,nan,0.99,-0.2,nan,0.523598775598,nan,-0.6,nan,0.523598775598,nan,0.2,nan,1.57079632679,nan
grid_1557,0.3182,nan,0.4058,nan,1.00,-0.2,nan,0.523598775598,nan,-0.6,nan,0.523598775598,nan,0.2,nan,1.0471975512,nan
grid_1558,0.2085,nan,0.7515,nan,1.00,-0.2,nan,0.523598775598,nan,-0.6,nan,0.523598775598,nan,0.2,nan,0.523598775598,nan
grid_1559,0.4882,nan,0.8806,nan,1.01,-0.2,nan,0.523598775598,nan,-0.6,nan,0.523598775598,nan,0.2,nan,0,nan
grid_1560,0.3694,nan,0.9699,nan,0.99,-0.2,nan,0.523598775598,nan,-0.6,nan,0.523598775598,nan,-0.2,nan,0,nan
grid_1561,0.1536,nan,0.7735,nan,0.99,-0.2,nan,0.523598775598,nan,-0.6,nan,0.523598775598,nan,-0.2,nan,0.523598775598,nan
grid_1562,0.3795,nan,0.8630,nan,1.01,-0.2,nan,0.523598775598,nan,-0.6,nan,0.523598775598,nan,-0.2,nan,1.0471975512,nan
grid_1563,0.2456215258066357,0.23376762417424538,0.04779832899279442,0.07926465045243888,1.0008301371831725,-0.2,-0.19545127704020082,0.5235987755982988,0.7121290168840684,-0.6,-0.5841918112413707,0.5235987755982988,0.5224747992394061,-0.2,-0.19552742416447888,1.5707963267948966,1.5602129272051553
grid_1564,0.3249083551273222,0.30180618715544427,0.641001804312382,0.13282486755660652,0.9980433680940971,-0.2,-0.1953304562709457,0.5235987755982988,0.5266797493746544,-0.6,-0.5839945030306692,0.5235987755982988,0.5238580943467044,-0.6,-0.5949113447488514,1.5707963267948966,1.557922665472387
grid_1565,0.15147542448074802,0.11598368888290342,0.9187893653005952,0.17904908143398948,0.9952392296703009,-0.2,-0.19872432038936516,0.5235987755982988,0.5278937984006697,-0.6,-0.5901223944558183,0.5235987755982988,0.5276715037896906,-0.6,-0.5948730086728524,1.0471975511965976,1.0346907898034994
grid_1566,0.16194143079017825,0.177674552274035,1.076172455374695,0.1592778277424518,0.9953020856604159,-0.2,-0.20100301221314698,0.5235987755982988,0.5280903572301341,-0.6,-0.5950911630077016,0.5235987755982988,0.5299952909375003,-0.6,-0.5956789269305833,0.5235987755982988,0.5179303942112794
grid_1567,0.39116665420424435,0.3424409025290249,0.9399817802660075,0.18300075173953684,0.9978479299030945,-0.2,-0.20322957033258238,0.5235987755982988,0.5263852888522971,-0.6,-0.5990018424950492,0.5235987755982988,0.5295733159690545,-0.6,-0.596649341307204,0.0,0.0022184255855099977
grid_1568,0.3162004528926841,0.26643923847638595,0.5810309595500625,0.16015162799903007,1.0096575834761834,-0.2,-0.20052771919893697,0.5235987755982988,0.5257524156143418,-0.6,-0.5920500285761454,1.0471975511965976,1.049741071821109,-0.6,-0.595795591270055,0.0,-0.0017003685672589697
grid_1569,0.39996090127364103,0.4072709808798299,0.4031638245344687,0.2507726713436379,1.0061867389312764,-0.2,-0.19976308628473483,0.5235987755982988,0.5268219572729516,-0.6,-0.5887435825868232,1.0471975511965976,1.0502478604632035,-0.6,-0.5948080578156327,0.5235987755982988,0.5150495256794372
grid_1570,0.2331105839448115,0.31509213812697406,0.2287978441224788,0.1497465864248016,1.00793482305605,-0.2,-0.1979101596900552,0.5235987755982988,0.5260773671448398,-0.6,-0.5862117593205936,1.0471975511965976,1.0482545856610788,-0.6,-0.5967229960265055,1.0471975511965976,1.032759307169786
grid_1571,0.18299874920802303,0.17533261354419566,0.0067360770518047645,0.0213576524937026,1.0031658189903874,-0.2,-0.19677784738733628,0.5235987755982988,0.5244510311725712,-0.6,-0.5851650470168979,1.0471975511965976,1.0470589271513653,-0.6,-0.5950604950630911,1.5707963267948966,1.5612677165906792
grid_1572,0.2422223639099983,0.18634385058876976,0.007008878933765074,0.03055099497979307,0.9928407393209022,-0.2,-0.19572131954050498,0.5235987755982988,0.5234374620174878,-0.6,-0.584287576551505,1.0471975511965976,1.0462712252042898,-0.2,-0.19651173552751278,1.5707963267948966,1.5658374215819721
grid_1573,0.2817992244508808,0.2572577111090665,0.033000236420893725,0.04083741595086649,0.990914618347498,-0.2,-0.19746852695824035,0.5235987755982988,0.5249722952342033,-0.6,-0.5874449660589489,1.0471975511965976,1.0475352089712828,-0.2,-0.19856045522603516,1.0471975511965976,1.03996274369445
grid_1574,0.35870207455747144,0.35654422639788547,0.30554249881420625,0.08164391258481073,1.0064798940966386,-0.2,-0.1985776219971438,0.5235987755982988,0.5250830068049153,-0.6,-0.5891958810009772,1.0471975511965976,1.0475580605507364,-0.2,-0.19980484134672416,0.5235987755982988,0.5144012787322749
grid_1575,0.32096143696315516,0.2739079276365467,0.4880853013458816,0.14388494923147713,0.9869933064663406,-0.2,-0.20084059900870166,0.5235987755982988,0.5266556169398839,-0.6,-0.5938077485624991,1.0471975511965976,1.0506696384536856,-0.2,-0.20075080683576374,0.0,-0.0016710969527151676
grid_1576,0.47028258043459614,0.4092966622414039,0.1727215892455353,0.2007336354087543,1.0065418893967109,-0.2,-0.200118023753876,0.5235987755982988,0.525949990380771,-0.6,-0.593617414385859,1.0471975511965976,1.0478464925984925,0.19999999999999996,0.19580128639129324,0.0,-0.0035834557752094653
grid_1577,0.11060080370091194,0.0851927154704878,0.06162170753153358,0.05272124834769854,1.0030867043078326,-0.2,-0.19863246053609895,0.5235987755982988,0.5250441932311372,-0.6,-0.5911557433799368,1.0471975511965976,1.0481887377748054,0.19999999999999996,0.19811987647296547,0.5235987755982988,0.5190363750162277
grid_1578,0.13605596620577054,0.11557244367222773,0.022568302736907225,0.05547602161947964,0.9973596354761902,-0.2,-0.19685541285292985,0.5235987755982988,0.5235276267225615,-0.6,-0.587329038195537,1.0471975511965976,1.046981685862411,0.19999999999999996,0.20005346150834313,1.0471975511965976,1.0439938443048353
grid_1579,0.14897928588090664,0.16412549867922005,0.006312149127328773,0.015373581445227087,1.0057857727971535,-0.2,-0.19630093259712833,0.5235987755982988,0.5246727274678875,-0.6,-0.5834614201299146,1.0471975511965976,1.0468730311122192,0.19999999999999996,0.20353614976497347,1.5707963267948966,1.570109541083725
grid_1580,0.12091631724626577,0.1074584816639817,0.10136408774806147,0.06564818415490156,0.9988080868022811,-0.2,-0.19630440980101405,0.5235987755982988,0.5234716998631725,-0.6,-0.5805882188959197,1.0471975511965976,1.0465140298036015,0.6,0.6014806241666388,1.5707963267948966,1.570729604601981
grid_1581,0.14182999132298013,0.14214408510407006,0.0739457563426862,0.08801874130606564,0.9947672456356663,-0.2,-0.19680587038637753,0.5235987755982988,0.5235497270300078,-0.6,-0.5881158353233573,1.0471975511965976,1.0460434952259288,0.6,0.599261590920598,1.0471975511965976,1.047010478957409
grid_1582,0.2793060348937029,0.2517873079979114,0.04595727593637198,0.055539409857544,1.0066323516640314,-0.2,-0.1988502688358853,0.5235987755982988,0.5247895239851967,-0.6,-0.5924985841507731,1.0471975511965976,1.0472145978046417,0.6,0.5965124777903066,0.5235987755982988,0.5201141643702449
grid_1583,0.5244289909737162,0.4939562153062907,0.13388247206160067,0.1119283822708716,0.998270460231128,-0.2,-0.19985612263035346,0.5235987755982988,0.525604588591305,-0.6,-0.595415584729392,1.0471975511965976,1.0488951293863025,0.6,0.5937725719631839,0.0,-0.005659623005562331
grid_1584,0.255048871206843,0.2787555132509594,0.3033403643383197,0.17677429210838955,1.010395337740817,-0.2,-0.19982843767757608,0.5235987755982988,0.5224759959273664,-0.6,-0.5970067172993501,1.5707963267948966,1.5707487343919162,0.6,0.596889253334175,0.0,-0.005726263299357548
grid_1585,0.5266870682202762,0.3980390479142258,0.2681995509446707,0.07461804993629187,1.0033576159144353,-0.2,-0.19817408950020798,0.5235987755982988,0.5230721001037324,-0.6,-0.5910199029303724,1.5707963267948966,1.570857103156981,0.6,0.5968855147987879,0.5235987755982988,0.5239973091518886
grid_1586,0.3416500081824516,0.23232012478932668,0.3287078332659811,0.14223159896825227,0.9881398476149139,-0.2,-0.19686097137517145,0.5235987755982988,0.5231438928570489,-0.6,-0.580411317747803,1.5707963267948966,1.570752976316463,0.6,0.5982764558240099,1.0471975511965976,1.0569743603880823
grid_1587,0.1899796351658551,0.19537532382665065,0.18505863450805687,0.08268780748206553,0.9961853674890602,-0.2,-0.1958777665269711,0.5235987755982988,0.5224157519462285,-0.6,-0.5719544439026656,1.5707963267948966,1.570838168622692,0.6,0.6004995466361658,1.5707963267948966,1.5708870859890034
grid_1588,0.315626327783467,0.26208135089583423,0.046305942530837405,0.07920448644278309,0.9977681339092912,-0.2,-0.19545527250864225,0.5235987755982988,0.524659804409473,-0.6,-0.5741328917233313,1.5707963267948966,1.5708841721203335,0.19999999999999996,0.2004855901893965,1.5707963267948966,1.5709103020994686
grid_1589,0.36596455609232537,0.3249081768880565,0.1902271691631941,0.15015683825385925,1.0021860551879926,-0.2,-0.19721821358823632,0.5235987755982988,0.5236698600801324,-0.6,-0.5818858354374816,1.5707963267948966,1.5708757956868018,0.19999999999999996,0.1977978043394204,1.0471975511965976,1.0505609617438276
grid_1590,0.6379342343706563,0.6271232866165826,0.08671564415436125,0.053750078394140775,0.9988438904006438,-0.2,-0.19847597778473602,0.5235987755982988,0.5230687871908399,-0.6,-0.5896264261937523,1.5707963267948966,1.5708194421765844,0.19999999999999996,0.19625517119937186,0.5235987755982988,0.5215576196733309
grid_1591,0.26315344154018533,0.24864175613332556,0.09523706142030583,0.07966512951132927,1.0022730391024122,-0.2,-0.1980613014279351,0.5235987755982988,0.5234302054034403,-0.6,-0.5943320845994213,1.5707963267948966,1.5707982892263264,0.19999999999999996,0.19441653558465433,0.0,-0.005171424276301906
grid_1592,0.17435029116497053,0.2075657244992057,0.13916859229146142,0.1359062480260496,0.98929323865204,-0.2,-0.1993588236876196,0.5235987755982988,0.524211975062479,-0.6,-0.594148111934885,1.5707963267948966,1.5705462966165777,-0.2,-0.20236431982027714,0.0,-0.004458464656114991
grid_1593,0.1771219216712539,0.269669713956187,0.008982780418183912,0.02311437744297849,1.006632426897167,-0.2,-0.19791075524589008,0.5235987755982988,0.5232782596085599,-0.6,-0.5912297959885029,1.5707963267948966,1.570691449053883,-0.2,-0.20324303298957425,0.5235987755982988,0.5191488125393615
grid_1594,0.11272049214388727,0.08550652831446123,0.028003341754146018,0.03626721733677484,0.9985753701491411,-0.2,-0.1965542903780122,0.5235987755982988,0.5237738650296064,-0.6,-0.5824370127660119,1.5707963267948966,1.570840365128979,-0.2,-0.20251616560328412,1.0471975511965976,1.0455837855170635
grid_1595,0.217205093313574,0.17240952146447544,0.10360949470823547,0.0794457292764626,0.9987500187054561,-0.2,-0.19554386733024476,0.5235987755982988,0.5229567595683253,-0.6,-0.5713126750923525,1.5707963267948966,1.5708857862237453,-0.2,-0.1973949005118536,1.5707963267948966,1.5710341523378384
grid_1596,0.09090246149669753,0.10711015321498195,0.19482713092466433,0.07034516112282337,1.0011601130991128,-0.2,-0.19633458612740817,0.5235987755982988,0.5246927749836088,-0.6,-0.5794416504221553,1.5707963267948966,1.5708522680817545,-0.6,-0.5974425033706741,1.5707963267948966,1.5677891631228436
grid_1597,0.12436092466930701,0.09438609502445461,0.007801849060507673,0.015998711124886118,1.0051773883699346,-0.2,-0.19612540309774928,0.5235987755982988,0.5235006216774112,-0.6,-0.5829065027684255,1.5707963267948966,1.5707227155676176,-0.6,-0.6009278190280947,1.0471975511965976,1.0389614391660063
grid_1598,0.16707510251905666,0.1586386336745857,0.06385469119732654,0.08425065220278447,0.993834972153363,-0.2,-0.19875954838846788,0.5235987755982988,0.5247221342531452,-0.6,-0.5908798714029793,1.5707963267948966,1.5708355365186657,-0.6,-0.5999981137714165,0.5235987755982988,0.5173810101225911
grid_1599,0.15263999925105703,0.2228128028891528,0.11379257779894605,0.10583802233313172,1.0028631588317194,-0.2,-0.19994923430557066,0.5235987755982988,0.52354640651828,-0.6,-0.594780283203443,1.5707963267948966,1.570758361430232,-0.6,-0.5986995323106221,0.0,-0.004003277449006859
grid_1600,0.45746965762810243,0.6507006008814898,0.3561151464972368,0.11998749720316274,1.0060234414398872,-0.2,-0.20104617101883004,0.5235987755982988,0.5247576908845843,-0.2,-0.19784804146263557,1.5707963267948966,1.5708001980773414,-0.6,-0.5985406486048346,0.0,-0.0013530197996347582
grid_1601,0.32588744706220896,0.24589036619089816,0.29824654467412054,0.12123152266316813,0.9957275910552073,-0.2,-0.1994403506103799,0.5235987755982988,0.524816231778968,-0.2,-0.19273732355692985,1.5707963267948966,1.5706894004198029,-0.6,-0.5984985555615907,0.5235987755982988,0.5186643039983823
grid_1602,0.16697229232133398,0.2385093212442768,0.08492370977163381,0.08404743375391505,1.0044762830397933,-0.2,-0.197023801278843,0.5235987755982988,0.5229081550702244,-0.2,-0.1849711511552865,1.5707963267948966,1.570772103032013,-0.6,-0.5990163599257574,1.0471975511965976,1.04019490996163
grid_1603,0.06942056273751994,0.0751386669676709,0.07808867006364352,0.06719254087915641,1.0093226074556945,-0.2,-0.19593465528866894,0.5235987755982988,0.5241483668813816,-0.2,-0.17852339261313954,1.5707963267948966,1.5707658802312503,-0.6,-0.5982513910271976,1.5707963267948966,1.5637732608777783
grid_1604,0.09875010826265238,0.08140795171535187,0.021130300675915138,0.030978713122145052,0.9937577194577656,-0.2,-0.19490746206551623,0.5235987755982988,0.5220697365936067,-0.2,-0.17513516056204637,1.5707963267948966,1.5703510732793067,-0.2,-0.19933909358074953,1.5707963267948966,1.5703849512890802
grid_1605,0.08504695760919814,0.07581549420513832,0.06505378571526557,0.07703528782246274,0.9975311329355618,-0.2,-0.19687505188776644,0.5235987755982988,0.5232981898933211,-0.2,-0.18516481111610172,1.5707963267948966,1.5707764047924284,-0.2,-0.20111608856370022,1.0471975511965976,1.0455419874043077
grid_1606,0.17476776663307844,0.18688109586658821,0.15194440983177465,0.07841447983832706,0.9990936471801033,-0.2,-0.19855858957193728,0.5235987755982988,0.5238990324381261,-0.2,-0.19324619209227656,1.5707963267948966,1.570790223371759,-0.2,-0.20267594697673985,0.5235987755982988,0.5216651726889863
grid_1607,0.18237929429712588,0.19590998294978773,0.15388528764957676,0.17949396152103783,0.9944834066799025,-0.2,-0.19893116021193613,0.5235987755982988,0.5237128421175852,-0.2,-0.19641785043926685,1.5707963267948966,1.5707900263072778,-0.2,-0.2027783645880632,0.0,-0.0006837415963616422
grid_1608,0.267423665398823,0.259454181749184,0.11387685038147093,0.13018078495637003,1.0036741224187673,-0.2,-0.19942131190451562,0.5235987755982988,0.5237576533586221,-0.2,-0.1975213655326451,1.5707963267948966,1.5707707816733372,0.19999999999999996,0.1949824507200617,0.0,-0.0011480081570667267
grid_1609,0.32469807767230974,0.25009588668060195,0.011979301475833275,0.022347220797045417,0.9992213328127738,-0.2,-0.19904143084034143,0.5235987755982988,0.5236751816350855,-0.2,-0.19280034474105,1.5707963267948966,1.5708459645818795,0.19999999999999996,0.19592497483578963,0.5235987755982988,0.5247783047962988
grid_1610,0.1730491743862669,0.1830104414089661,0.005415620387969897,0.0161260621079398,0.9987689817420279,-0.2,-0.19773110333179567,0.5235987755982988,0.5241419663674494,-0.2,-0.18416959813035838,1.5707963267948966,1.5708548533612632,0.19999999999999996,0.19785999305236857,1.0471975511965976,1.0511229718409636
grid_1611,0.20371580477629977,0.15584923141065024,0.02537065250448315,0.042043262991116014,1.0049916228380291,-0.2,-0.1957100112725616,0.5235987755982988,0.5237615966736238,-0.2,-0.1765385842704914,1.5707963267948966,1.5708775879957582,0.19999999999999996,0.20058859315593924,1.5707963267948966,1.5708549050379865
grid_1612,0.23465484581596258,0.17858863812204473,0.023371613445192816,0.04081942914582482,0.9982744293532964,-0.2,-0.19508632777902868,0.5235987755982988,0.5224084439394217,-0.2,-0.18039934148052872,1.5707963267948966,1.5707985700609433,0.6,0.5999409491948846,1.5707963267948966,1.5708367314295337
grid_1613,0.12726293354824367,0.12925924366831681,0.02643498182908463,0.04939650647225585,0.9977977385123704,-0.2,-0.1971279589341357,0.5235987755982988,0.524272179525406,-0.2,-0.1823361547238882,1.5707963267948966,1.5709091081456084,0.6,0.597812581832466,1.0471975511965976,1.06041888648973
grid_1614,0.40613001020862355,0.37369724513420344,0.19724767786834055,0.08092138287385728,1.0065143449842855,-0.2,-0.1988982038603222,0.5235987755982988,0.5233037618976395,-0.2,-0.19146242715041417,1.5707963267948966,1.5707724472734057,0.6,0.5972992269437061,0.5235987755982988,0.5291433249128472
grid_1615,0.3764420002470449,0.3967069674964567,0.3236894148397048,0.19796441819858576,1.0002541975181174,-0.2,-0.19956074007265734,0.5235987755982988,0.5229893519118622,-0.2,-0.19805770213410234,1.5707963267948966,1.5708433149286511,0.6,0.5955720357647927,0.0,-0.001231334059960787
grid_1616,0.2850180339451968,0.2755721520846308,0.09813194976756803,0.10104907176569236,0.9982798665594839,-0.2,-0.1975261950505658,0.5235987755982988,0.521313034835039,-0.2,-0.19591895508031243,1.0471975511965976,1.0488432892172224,0.6,0.5939448093395017,0.0,-0.0023456316980610126
grid_1617,0.43522435490844924,0.5555458697062986,0.22462847205570496,0.11105020839880414,1.0056473333092268,-0.2,-0.19874218935732912,0.5235987755982988,0.522665065151763,-0.2,-0.1933489455889852,1.0471975511965976,1.0461586501479685,0.6,0.5966243113123069,0.5235987755982988,0.5240719094107913
grid_1618,0.4548411099970567,0.3875069462813025,0.18760516096694224,0.06638115970061505,0.9927935173145034,-0.2,-0.19663664275357728,0.5235987755982988,0.5227195790272274,-0.2,-0.18857621687058668,1.0471975511965976,1.04759789281076,0.6,0.5993747542010563,1.0471975511965976,1.0526244972299628
grid_1619,0.13041485029920113,0.14002272107837682,0.005980461147865346,0.013971453254696349,1.002603098163064,-0.2,-0.19595502343395577,0.5235987755982988,0.5234166071814341,-0.2,-0.18599320453123713,1.0471975511965976,1.0481099598396781,0.6,0.601235125767051,1.5707963267948966,1.5708047704546688
grid_1620,0.12195188066763821,0.09474872157353176,0.011813606344772985,0.024086702324838782,1.0034636851860268,-0.2,-0.19638644175926956,0.5235987755982988,0.5235070653173688,-0.2,-0.18409897808616016,1.0471975511965976,1.047092577269094,0.19999999999999996,0.202814439755592,1.5707963267948966,1.5708138272023255
grid_1621,0.202034222121417,0.19060115574759373,0.02050700622386678,0.032791606897038236,0.9969341933253467,-0.2,-0.19675620412531813,0.5235987755982988,0.5233324102699122,-0.2,-0.18687228273001288,1.0471975511965976,1.0470461971303289,0.19999999999999996,0.19922482330945712,1.0471975511965976,1.0481685703614634
grid_1622,0.124356132651589,0.19449271131695403,0.01250030234357366,0.029771064606646795,1.0026234586462286,-0.2,-0.1975686979245923,0.5235987755982988,0.5232298904397226,-0.2,-0.1925741576899922,1.0471975511965976,1.047476480065746,0.19999999999999996,0.19649463357911046,0.5235987755982988,0.5233168567457476
grid_1623,0.1124831777575795,0.17732342493440606,0.11342918399781618,0.11782551100878536,1.009148869809565,-0.2,-0.1987791185641008,0.5235987755982988,0.5237765685003613,-0.2,-0.19540224968169717,1.0471975511965976,1.049653527765357,0.19999999999999996,0.19502454932283086,0.0,-0.0012177444870022924
grid_1624,0.5421508110520665,0.5630564257288125,0.24627127976161045,0.20574252367091878,0.9823811311770478,-0.2,-0.19982373973059975,0.5235987755982988,0.5256496446171379,-0.2,-0.1964025595777601,1.0471975511965976,1.0504330663638664,-0.2,-0.20204672737471174,0.0,0.00034434643406910936
grid_1625,0.34948703412860815,0.3323378198353766,0.18823155214258558,0.08947648537056953,1.0026114287623948,-0.2,-0.1990497878237285,0.5235987755982988,0.5250667315779882,-0.2,-0.19215293161398606,1.0471975511965976,1.0496036992974176,-0.2,-0.20143323115741207,0.5235987755982988,0.5214442725277353
grid_1626,0.09176271125369896,0.0692850356600421,0.14961381198837437,0.09045847645968351,1.0027979220070473,-0.2,-0.19715513098995885,0.5235987755982988,0.5245806950422303,-0.2,-0.18809067412560232,1.0471975511965976,1.0484287684707274,-0.2,-0.1985319657620801,1.0471975511965976,1.0437298840972744
grid_1627,0.13640969992768315,0.08017729808324911,0.0974467436501722,0.1066322280056587,1.0077362785012036,-0.2,-0.19631947332133937,0.5235987755982988,0.5234036568094753,-0.2,-0.18609741478449227,1.0471975511965976,1.0471634116266886,-0.2,-0.19535395260477006,1.5707963267948966,1.5682349707696126
grid_1628,0.2163214623808279,0.3011612813984121,0.0334613107780019,0.061524727281616357,0.9939368640430738,-0.2,-0.19665262391916993,0.5235987755982988,0.523238068445762,-0.2,-0.1858597113750422,1.0471975511965976,1.0462868118895763,-0.6,-0.5963200458387412,1.5707963267948966,1.5623968987346801
grid_1629,0.20317406431259127,0.14770710807069065,0.3090851675270906,0.19331877934146993,0.9934632919143981,-0.2,-0.19873798932884945,0.5235987755982988,0.5260944308632247,-0.2,-0.1886967340422956,1.0471975511965976,1.0518578961916294,-0.6,-0.5974725333989293,1.0471975511965976,1.0400292059798382
grid_1630,0.24561698240899577,0.2672735052544033,0.5967205093830221,0.11227755215462927,0.9939178331552373,-0.2,-0.19910828030787808,0.5235987755982988,0.5254044336826373,-0.2,-0.1910775717454838,1.0471975511965976,1.0503373626354522,-0.6,-0.5974215259970936,0.5235987755982988,0.5203263742587865
grid_1631,0.47071606339808597,0.43651746444752043,0.7922972150002402,0.19058861839085978,0.9988178456297696,-0.2,-0.19988487415006162,0.5235987755982988,0.526243814798935,-0.2,-0.1965045377594592,1.0471975511965976,1.0536432529085893,-0.6,-0.5981498823606275,0.0,0.0012770922148463981
grid_1632,0.6424973979965165,0.5236599649077154,1.3954901218520834,0.14597609055851116,0.9963559696147988,-0.2,-0.2016701469181177,0.5235987755982988,0.5270524211517893,-0.2,-0.20070331100799166,0.5235987755982988,0.5326007813160878,-0.6,-0.5983328220014252,0.0,0.004350678695040244
grid_1633,0.21874687332066028,0.16378429487789486,1.0385843340079197,0.19072174619189794,1.0048625145144237,-0.2,-0.19917534233052336,0.5235987755982988,0.5284378601749307,-0.2,-0.19381919892875388,0.5235987755982988,0.5320912522333172,-0.6,-0.5977494799139187,0.5235987755982988,0.52283810789584
grid_1634,0.15857517484224753,0.1286858393458273,0.8709020214614783,0.1264317080709433,1.0045857916478096,-0.2,-0.19845825986477905,0.5235987755982988,0.5267243123736067,-0.2,-0.1910634471621977,0.5235987755982988,0.5281433000341682,-0.6,-0.5951595816131174,1.0471975511965976,1.0417382514802194
grid_1635,0.2606463980334614,0.2610698767523274,0.3242018603414184,0.2035291078831201,1.003267829330297,-0.2,-0.1963149527011412,0.5235987755982988,0.5264683385049853,-0.2,-0.187206070415729,0.5235987755982988,0.5268734972285491,-0.6,-0.5947556895352415,1.5707963267948966,1.5644434208393463
grid_1636,0.18637137581514646,0.18137159733965508,0.1683052256233189,0.16338992705260544,1.0029602866771774,-0.2,-0.19615439308096239,0.5235987755982988,0.5247380715778549,-0.2,-0.18304683552962597,0.5235987755982988,0.5252746367211785,-0.2,-0.19624316255870156,1.5707963267948966,1.567758014424781
grid_1637,0.18517218571267918,0.14501342969707595,0.5005723578581505,0.10327733254089476,0.9940100497456855,-0.2,-0.1976341947138991,0.5235987755982988,0.5262885607313397,-0.2,-0.1897897901615737,0.5235987755982988,0.5280127677004574,-0.2,-0.1978592130129142,1.0471975511965976,1.044927808809467
grid_1638,0.20411932569959604,0.21474476749542104,0.8072578266060821,0.12603893892874454,1.0041374722566472,-0.2,-0.1985078280739696,0.5235987755982988,0.5266757229154964,-0.2,-0.19395406471683874,0.5235987755982988,0.5308353985080121,-0.2,-0.20099035692082712,0.5235987755982988,0.5243741628488214
grid_1639,0.54664220800463,0.5736316971067621,0.931729536870723,0.3087995156797489,0.995099986509277,-0.2,-0.20098486556912043,0.5235987755982988,0.5276106526548396,-0.2,-0.20016907283456042,0.5235987755982988,0.5335367945458298,-0.2,-0.20283794740310945,0.0,0.003744577914502223
grid_1640,0.3109180643153997,0.40981307748826556,0.3062747945317997,0.17892977068245422,1.0133163969664127,-0.2,-0.19917858712878544,0.5235987755982988,0.5277988045715851,-0.2,-0.19775451166438884,0.5235987755982988,0.5294720775251989,0.19999999999999996,0.1936232353381646,0.0,0.0015892378324213752
grid_1641,0.1695990470148459,0.2321898085941653,0.28152333606043334,0.06739271173431399,1.0020762895723527,-0.2,-0.19609261059158456,0.5235987755982988,0.525743988304729,-0.2,-0.1891537645821888,0.5235987755982988,0.5264474801820764,0.19999999999999996,0.19893528409137584,0.5235987755982988,0.5231897868938429
grid_1642,0.13422926702891885,0.1061496868892431,0.20310600397479744,0.10367803694975519,0.9941379763122992,-0.2,-0.19706921418497902,0.5235987755982988,0.525527203610932,-0.2,-0.18814329676071573,0.5235987755982988,0.5263438510263647,0.19999999999999996,0.20139758957903187,1.0471975511965976,1.0465455555521999
grid_1643,0.11300909172171665,0.1265575281701624,0.2412044869121451,0.08177050560998465,0.9988345866651519,-0.2,-0.1962213902163903,0.5235987755982988,0.5261878680343512,-0.2,-0.18643976904833082,0.5235987755982988,0.5255715128583685,0.19999999999999996,0.2041562064517315,1.5707963267948966,1.5695837295897777
grid_1644,0.1413999363102139,0.11345004583394384,0.1416791690549374,0.09881955710302631,1.0031129709649487,-0.2,-0.19636997740360762,0.5235987755982988,0.5253832044510176,-0.2,-0.18541714839633627,0.5235987755982988,0.5257011033191041,0.6,0.6034291179259084,1.5707963267948966,1.5707033308601037
grid_1645,0.8832531901966657,0.5574007354358135,0.063312780276088,0.07367266560611578,0.9991270448504815,-0.2,-0.195905781991784,0.5235987755982988,0.5223611362517344,-0.2,-0.18842678905271715,0.5235987755982988,0.5214366349627619,0.6,0.6003279392327174,1.0471975511965976,1.050027319269323
grid_1646,0.27879932328078877,0.3098567615451117,0.22720568479440226,0.1097603597512809,1.0069253800027889,-0.2,-0.1966092984046508,0.5235987755982988,0.5236895325585031,-0.2,-0.19009862864260096,0.5235987755982988,0.5214234842033756,0.6,0.598933799114266,0.5235987755982988,0.5225895594754988
grid_1647,0.19856083643110167,0.1780913316431298,0.3859257186962778,0.20096587698283744,0.9954593044007736,-0.2,-0.19894854017398522,0.5235987755982988,0.523577736359349,-0.2,-0.19634053784897088,0.5235987755982988,0.5204724017162699,0.6,0.5926581867328693,0.0,-0.004371676495507515
grid_1648,2.314026904154738,1.4518269326362403,0.02105215411952669,0.0303190051760153,0.9365746729774586,-0.2,-0.17598585335176065,0.5235987755982988,0.48477044300820715,-0.2,-0.1574571005101344,0.0,-0.041099050042096685,0.6,0.6048820561667227,0.0,-0.0055843129544985715
grid_1649,0.5503553247507089,0.26834524809627314,0.3518283794390097,0.09124236550015655,1.0037039206056027,-0.2,-0.1964134461473499,0.5235987755982988,0.6243120989209086,-0.2,-0.19024511891308826,0.0,0.5102491060537577,0.6,0.5989783797906396,0.5235987755982988,0.5244479204237456
grid_1650,0.3968117216059428,0.27454810881081215,0.05538240498763096,0.06073607529976116,0.9968536110921375,-0.2,-0.19344889391062914,0.5235987755982988,0.5266627301711839,-0.2,-0.18276943327574813,0.0,0.0013483185122717956,0.6,0.6027589129055055,1.0471975511965976,1.0465571980001567
grid_1651,0.20504457227050704,0.1587128910651877,0.4512955264850924,0.18765083680862568,0.9917012333331247,-0.2,-0.1945851867226409,0.5235987755982988,0.527233155735324,-0.2,-0.184065616356194,0.0,0.0041925700477865036,0.6,0.6029160398339162,1.5707963267948966,1.5701286159683683
grid_1652,0.24224175447200466,0.2501995788092863,0.7314003337552079,0.19360779729763988,0.9995309871538929,-0.2,-0.19527891929494512,0.5235987755982988,0.5289349450548189,-0.2,-0.1835199385724433,0.0,0.005651030627399578,0.19999999999999996,0.2048733116124044,1.5707963267948966,1.5698363091661376
grid_1653,0.12614644102000885,0.14966694664142302,0.8347467533680046,0.13923350746311738,0.9955812849308,-0.2,-0.19540233377185245,0.5235987755982988,0.5300050832704839,-0.2,-0.1854654652303429,0.0,0.00813813489590487,0.19999999999999996,0.20369916735346205,1.0471975511965976,1.0479274254328113
grid_1654,0.34761206110917814,0.3005672123826167,0.8457155265595215,0.1465571032159244,1.0026921935891007,-0.2,-0.19402822029337496,0.5235987755982988,0.5318041785407805,-0.2,-0.18655694913381726,0.0,0.01017533007355187,0.19999999999999996,0.2007089421779531,0.5235987755982988,0.526080327695718
grid_1655,0.3098062362229133,0.28461126291286515,0.6879384275072364,0.08157036630511262,0.9976225831343288,-0.2,-0.19661146705600085,0.5235987755982988,0.5314680178033164,-0.2,-0.19800258252787017,0.0,0.012715662626306745,0.19999999999999996,0.18879049478728582,0.0,0.0041187525614727605
grid_1656,0.8627414455212395,0.6430503247419679,0.462372153576106,0.4353054869362288,0.9947802168714514,-0.2,-0.20735071017518258,0.5235987755982988,0.5391699520411848,-0.2,-0.21470114474984037,0.0,0.01835382922747808,-0.2,-0.21242205806139758,0.0,0.0036179283480404223
grid_1657,0.2971715749325923,0.25294443975662256,1.7069076714493086,0.17492625108962223,1.002627152692862,-0.2,-0.19784142289083295,0.5235987755982988,0.5329500496722819,-0.2,-0.19295487104418108,0.0,0.016478752497229188,-0.2,-0.2012524795892343,0.5235987755982988,0.5284074464950317
grid_1658,0.24065430986587813,0.21953757033252955,1.344027496767728,0.26919842078997075,0.9917802948844908,-0.2,-0.19565613559970618,0.5235987755982988,0.5295706865277676,-0.2,-0.18873169204617657,0.0,0.012328749816846951,-0.2,-0.19840354480306388,1.0471975511965976,1.0479883119182745
grid_1659,0.4278757160427257,0.3890342761212699,0.9949743676948234,0.2661230853443201,1.0039037173358252,-0.2,-0.19367182057342358,0.5235987755982988,0.528924858754614,-0.2,-0.17860246633514887,0.0,0.008116241900865795,-0.2,-0.19468067769320196,1.5707963267948966,1.5703175306980919
grid_1660,0.455668197031578,0.3664219909171204,0.9630547443979232,0.2841873581283577,1.0001332713605267,-0.2,-0.19635400309228057,0.5235987755982988,0.5298948452413503,-0.2,-0.18259491539238581,0.0,0.008541495737350857,-0.6,-0.5938510184625159,1.5707963267948966,1.567231513368756
grid_1661,0.34936925226373716,0.3166919441646261,1.6525462961352915,0.17850021207600106,0.9990234543428376,-0.2,-0.19828565812047216,0.5235987755982988,0.5321213308230206,-0.2,-0.19144143125402024,0.0,0.014169729810692644,-0.6,-0.5959685245410808,1.0471975511965976,1.0467694431988335
grid_1662,0.4359693699392849,0.5506278436295008,1.6817196203422893,0.15520070799149768,0.9935941576697814,-0.2,-0.20181535490715685,0.5235987755982988,0.5313257989509896,-0.2,-0.20136499485135495,0.0,0.01582604101792562,-0.6,-0.5997841551487708,0.5235987755982988,0.5275293532293439
grid_1663,1.1476233285911692,0.8682243087345635,0.5342534079618964,0.23621377353444362,0.9951740770952175,-0.2,-0.20646357729974518,0.5235987755982988,0.5421163092389536,-0.2,-0.21409110064811454,0.0,0.01784363111226206,-0.6,-0.6084645727930162,0.0,0.0011568243721820082
grid_1664,0.339755797331621,0.4326334497104438,1.4696709818067508,0.008804418913699933,1.0113251637012688,-0.2,-0.19893786739672414,0.5235987755982988,0.5282152829412681,0.19999999999999996,0.19947901482041974,0.0,0.015210886527178502,-0.6,-0.6044721101052897,0.0,0.010094227376914233
grid_1665,0.5345754969074045,0.5935099824289823,1.2191612069022422,0.10488268414213726,1.001246571286839,-0.2,-0.19548463849081,0.5235987755982988,0.5271147065763326,0.19999999999999996,0.21020727481671564,0.0,0.011099858560097431,-0.6,-0.5981372665680587,0.5235987755982988,0.5297800663973895
grid_1666,0.25302637780255116,0.23698027126126123,0.5189305001484154,0.21189069329760396,1.0035148339160938,-0.2,-0.19442077285158366,0.5235987755982988,0.5243304064977021,0.19999999999999996,0.2164979767184967,0.0,0.005177470214843716,-0.6,-0.5949485507504244,1.0471975511965976,1.0510693298808622
grid_1667,0.5541405622804684,0.501380230754769,0.01566115214093999,0.025198155070573026,1.0005964674304346,-0.2,-0.19434021480346786,0.5235987755982988,0.5222166777473616,0.19999999999999996,0.21992967111409545,0.0,-0.0004880356325358548,-0.6,-0.5930773836779402,1.5707963267948966,1.5707094923902378
grid_1668,0.2631861795365889,0.2502337571973105,0.14239027160141587,0.11486729352848431,1.0028798617543668,-0.2,-0.1947412857094193,0.5235987755982988,0.5213541660905276,0.19999999999999996,0.21949209677253734,0.0,-0.0021833945334481797,-0.2,-0.19717159544552043,1.5707963267948966,1.5708976511765842
grid_1669,0.15054060026056212,0.17511753419398293,0.10207895153131094,0.13553843984277222,0.9989678120344401,-0.2,-0.19373508403152062,0.5235987755982988,0.5212305115333855,0.19999999999999996,0.21740299110757633,0.0,-0.0025868966767168544,-0.2,-0.19322765104415396,1.0471975511965976,1.0494302631007244
grid_1670,0.2269952663371205,0.30341062236632954,0.08340394392320943,0.09986285435432055,1.0002317755523351,-0.2,-0.1942624756429998,0.5235987755982988,0.5220040471331044,0.19999999999999996,0.21546057577154176,0.0,-0.0016089983783302841,-0.2,-0.19795399409561298,0.5235987755982988,0.5233639883510941
grid_1671,0.9491280353402566,0.7331248960858825,0.49604018344792333,0.034228613815720337,0.9972257353287011,-0.2,-0.19961024199540844,0.5235987755982988,0.49202178376180417,0.19999999999999996,0.20855067364667867,0.0,-0.017631136095046074,-0.2,-0.2067347112181137,0.0,0.008391366424541857
grid_1672,0.8438795407719271,0.6074250943470959,0.24302758515656508,0.029413209456589044,1.0001203463395067,-0.2,-0.20712451433744228,0.5235987755982988,0.4820745549861707,0.19999999999999996,0.1898399800807704,0.0,-0.046637235507140495,0.19999999999999996,0.17757686577538934,0.0,-0.007138248971745753
grid_1673,0.27865106507894744,0.23144439156056656,1.5808590144925634,0.07200622018062208,1.0092350818490674,-0.2,-0.19646158281964876,0.5235987755982988,0.515814400053384,0.19999999999999996,0.2119045210735626,0.0,-0.01713363726357464,0.19999999999999996,0.2003660826877418,0.5235987755982988,0.5172371122937021
grid_1674,0.29051116346121125,0.26360863693755526,0.7811259757621454,0.12876418598738454,0.9953384970405207,-0.2,-0.19578015583151043,0.5235987755982988,0.5183517529106769,0.19999999999999996,0.21310750607050366,0.0,-0.008626407673506975,0.19999999999999996,0.20179082079715815,1.0471975511965976,1.0483517646030718
grid_1675,0.33136666935759973,0.2618265257668503,0.3205733555264735,0.2397012039799656,1.0061138951238444,-0.2,-0.19442199042645392,0.5235987755982988,0.5211746022078261,0.19999999999999996,0.21643338315042548,0.0,-0.002769002018240485,0.19999999999999996,0.20383974787542414,1.5707963267948966,1.5707979172593198
grid_1676,0.35016863840093515,0.26761623007977264,0.6081941052242316,0.1115741417979494,0.9945969574552598,-0.2,-0.19712174210471556,0.5235987755982988,0.5210651532865436,0.19999999999999996,0.2129756948982573,0.0,-0.004173367989220189,0.6,0.6022822254018303,1.5707963267948966,1.5706622034515805
grid_1677,0.35156757398179517,0.37760773664506897,1.4040283680072303,0.12714077144235655,0.9926355680571419,-0.2,-0.1980490338093368,0.5235987755982988,0.5168554306733864,0.19999999999999996,0.2101705352378822,0.0,-0.013727181631689511,0.6,0.6009219004197881,1.0471975511965976,1.047058929871615
grid_1678,0.7318083558803709,0.448729015337665,1.7994729275564825,0.02750067349309947,1.0052410879006755,-0.2,-0.20131651100567005,0.5235987755982988,0.5133712125971552,0.19999999999999996,0.20119818592790661,0.0,-0.021827453098976157,0.6,0.5963523543592135,0.5235987755982988,0.5177024795541643
grid_1679,1.1160391004796053,0.5903397849994118,0.5122437555775414,0.028296782305162735,0.9936316744052324,-0.2,-0.20869111818578734,0.5235987755982988,0.4872212265353353,0.19999999999999996,0.18713766899465156,0.0,-0.042035292472106356,0.6,0.580699301907762,0.0,-0.005989138765503554
grid_1680,0.7032465247829445,0.532464036362128,1.4843038656426004,0.12948757306587083,1.0078605115569883,-0.2,-0.20259063474057903,0.5235987755982988,0.5178377215097179,0.19999999999999996,0.19874120233408998,0.5235987755982988,0.5096714428554296,0.6,0.5947739229053104,0.0,-0.006873115231074145
grid_1681,0.35495361183357305,0.2504328877423111,0.919543556087088,0.13719709931476431,1.0008622201814785,-0.2,-0.1998438163196381,0.5235987755982988,0.5201188816619391,0.19999999999999996,0.2048933722121946,0.5235987755982988,0.5171903113074281,0.6,0.5987555242521987,0.5235987755982988,0.5253983325704974
grid_1682,0.3211835476485346,0.3709248670585157,0.5787913741620896,0.09679502654400905,0.9982589144619645,-0.2,-0.19860026149989274,0.5235987755982988,0.5215748155544455,0.19999999999999996,0.2085695089210775,0.5235987755982988,0.5209465019671944,0.6,0.5996858969819021,1.0471975511965976,1.0525760397078185
grid_1683,0.10738316711935,0.09640635202654874,0.06008260664385869,0.07016441544429136,0.9947597325453975,-0.2,-0.19780164797065325,0.5235987755982988,0.5236092786247388,0.19999999999999996,0.2107724531651085,0.5235987755982988,0.525676692829065,0.6,0.6009615515789744,1.5707963267948966,1.5708348752740102
grid_1684,0.18337053387927366,0.20819580586377606,0.04840889194756522,0.05685719914519922,1.002975884236644,-0.2,-0.19681082683620232,0.5235987755982988,0.5234282592360726,0.19999999999999996,0.2112738057558614,0.5235987755982988,0.5250136202154962,0.19999999999999996,0.20217586137315458,1.5707963267948966,1.5708504242958359
grid_1685,0.21615082245698672,0.1956408557236731,0.06472529059626916,0.07271427022963194,1.00862896979704,-0.2,-0.19730977734735067,0.5235987755982988,0.5222040853395988,0.19999999999999996,0.21038301841840035,0.5235987755982988,0.522587585070192,0.19999999999999996,0.20051818933778964,1.0471975511965976,1.0512694996824417
grid_1686,0.2987883230495666,0.37807971255028694,0.45568630333648796,0.1730142621854611,0.9962593987861172,-0.2,-0.19884970162538007,0.5235987755982988,0.5207082156152234,0.19999999999999996,0.2061144582753478,0.5235987755982988,0.5196234195048683,0.19999999999999996,0.1980233533560316,0.5235987755982988,0.5247217866866274
grid_1687,0.48059988354961913,0.45798513542271163,0.7274422045400308,0.2230266952706079,1.0013244358155329,-0.2,-0.1980866562295125,0.5235987755982988,0.5194843195021157,0.19999999999999996,0.20549965152799565,0.5235987755982988,0.5147375054594852,0.19999999999999996,0.1959627629348093,0.0,-0.0033316075501534925
grid_1688,0.27254871635507444,0.32119854700630224,0.11714437532370037,0.09340049605415184,0.9872989254779204,-0.2,-0.19767048481616634,0.5235987755982988,0.5231592014556155,0.19999999999999996,0.2058746690801474,0.5235987755982988,0.5243406603479697,-0.2,-0.20327435522006354,0.0,0.0015505593243130278
grid_1689,0.23170028578599428,0.25007498213801516,0.061185532416373964,0.05507342170834267,1.0058109551741183,-0.2,-0.19646944018683143,0.5235987755982988,0.5227365765118916,0.19999999999999996,0.2100177632470226,0.5235987755982988,0.525332783720259,-0.2,-0.19971383534296727,0.5235987755982988,0.5259265389134384
grid_1690,0.26249758268999984,0.27124599238407204,0.14925957587238964,0.09414880593354742,1.0000085590821506,-0.2,-0.19672251954665398,0.5235987755982988,0.5234621458726654,0.19999999999999996,0.2099039798227995,0.5235987755982988,0.5256232135689309,-0.2,-0.1991266478595275,1.0471975511965976,1.0499923336981452
grid_1691,0.18146303962601518,0.2142003534597554,0.019377729495351072,0.04195489483115308,0.9946092816585501,-0.2,-0.1964438367603334,0.5235987755982988,0.5237274848266384,0.19999999999999996,0.21243694795510937,0.5235987755982988,0.5254333951686698,-0.2,-0.19716439716837542,1.5707963267948966,1.5708661076069559
grid_1692,0.2663353529754772,0.2505837517161966,0.08230032569462156,0.09362186159333759,0.9945541540101008,-0.2,-0.19675270014368618,0.5235987755982988,0.5239875139764347,0.19999999999999996,0.21237248693356392,0.5235987755982988,0.5266629540827497,-0.6,-0.5958778149775243,1.5707963267948966,1.5706886647884009
grid_1693,0.1618072749919889,0.12470290196696496,0.36406489398481756,0.19532135470661632,1.0027753091083975,-0.2,-0.19790659548262113,0.5235987755982988,0.5250300343573215,0.19999999999999996,0.20735762613726116,0.5235987755982988,0.5287911972549537,-0.6,-0.5982138162986352,1.0471975511965976,1.0475445101760075
grid_1694,0.22748938182216544,0.17413999790220686,0.7090740902697686,0.1506538402329376,0.9997980424635845,-0.2,-0.1967132064750574,0.5235987755982988,0.5248920492131228,0.19999999999999996,0.2069857437275946,0.5235987755982988,0.5295666036446427,-0.6,-0.5986614271504402,0.5235987755982988,0.5262472702702423
grid_1695,0.6707671796822099,0.6468561692913648,0.9128445986477347,0.18755563268379066,0.99635964175392,-0.2,-0.19893705371872183,0.5235987755982988,0.526274472602938,0.19999999999999996,0.20252317074504056,0.5235987755982988,0.5316655413156566,-0.6,-0.6013452699170285,0.0,0.005152990758159781
grid_1696,0.2651404683320221,0.2164162509601811,0.31291458400134886,0.21093266472731106,0.9944334464924989,-0.2,-0.20116387709699346,0.5235987755982988,0.5253365509448882,0.19999999999999996,0.20016169539233086,1.0471975511965976,1.0501516320797695,-0.6,-0.6007114885685807,0.0,0.003992662426433924
grid_1697,0.17266074610767843,0.17700667923670776,0.5947023508539251,0.09800033959503107,1.0022164848442972,-0.2,-0.19965100903011024,0.5235987755982988,0.5252962931354119,0.19999999999999996,0.20368992648408213,1.0471975511965976,1.0510654583629275,-0.6,-0.5986774981607406,0.5235987755982988,0.5242205370305442
grid_1698,0.08850898904576165,0.07921080724690815,0.422453031178111,0.08595113634670051,0.9991980219485483,-0.2,-0.19949958349032482,0.5235987755982988,0.5249331018477283,0.19999999999999996,0.20754825162755264,1.0471975511965976,1.0497253130592075,-0.6,-0.5976006638262108,1.0471975511965976,1.0441681533291352
grid_1699,0.09543306902986141,0.09000357575817575,0.06406262184455873,0.06908491763748452,1.0027094186946628,-0.2,-0.1968133391443665,0.5235987755982988,0.5230802448060219,0.19999999999999996,0.21235893174162257,1.0471975511965976,1.047513317749467,-0.6,-0.595604369983036,1.5707963267948966,1.5663887573261581
grid_1700,0.14949862197749625,0.1637325519048411,0.14796245712165493,0.09176147989638064,1.0107698735732429,-0.2,-0.19725162041231759,0.5235987755982988,0.5230806493095246,0.19999999999999996,0.20992997602061347,1.0471975511965976,1.047142363244573,-0.2,-0.19601219091818756,1.5707963267948966,1.5699308001431431
grid_1701,0.19764446028482993,0.1350446395599709,0.1742275897150392,0.07519053132701695,1.0007087569157012,-0.2,-0.19863725807188093,0.5235987755982988,0.5243153277460522,0.19999999999999996,0.20901297207794123,1.0471975511965976,1.0498422567600336,-0.2,-0.19877337276910012,1.0471975511965976,1.047914767672471
grid_1702,0.1471547128529768,0.13735438238705594,0.14946081506211162,0.11300518079870649,1.000419182361544,-0.2,-0.19873157794340113,0.5235987755982988,0.5243606629920308,0.19999999999999996,0.20521524354453202,1.0471975511965976,1.0504683379993232,-0.2,-0.2017110198157681,0.5235987755982988,0.526452264717193
grid_1703,0.21976457098223304,0.27077159116821314,0.172596692274883,0.17220221453909615,1.0067513471766434,-0.2,-0.19979863680041188,0.5235987755982988,0.5232907558312601,0.19999999999999996,0.20238348700926423,1.0471975511965976,1.0483809063226257,-0.2,-0.20345944448594722,0.0,0.0016727507879554793
grid_1704,0.5198200265281312,0.38614093775782077,0.13114771122266344,0.0841547208140766,1.0002274667520912,-0.2,-0.1997551487864282,0.5235987755982988,0.5228081227250927,0.19999999999999996,0.2027313932739485,1.0471975511965976,1.0482270904919897,0.19999999999999996,0.1952221944418273,0.0,0.0010403660457614095
grid_1705,0.4183118862517888,0.567356357811817,0.028076098509214286,0.05774327482283533,0.9970175179050518,-0.2,-0.1989727863792865,0.5235987755982988,0.5225058628634596,0.19999999999999996,0.20573405256858912,1.0471975511965976,1.047412252420716,0.19999999999999996,0.19795109360324048,0.5235987755982988,0.5273974253745228
grid_1706,0.22116536099811826,0.19072117340058334,0.03532389223310864,0.04738117581698083,0.9982138131242074,-0.2,-0.19856396732358483,0.5235987755982988,0.5232968575613208,0.19999999999999996,0.20849112339627496,1.0471975511965976,1.0476170285765507,0.19999999999999996,0.20000127274178148,1.0471975511965976,1.0515462097491772
grid_1707,0.1436453630025787,0.13589064354111785,0.1238023724966862,0.07912401308139672,0.9994935196919824,-0.2,-0.19789919574600923,0.5235987755982988,0.5229708593197548,0.19999999999999996,0.2091497951866108,1.0471975511965976,1.04769686528123,0.19999999999999996,0.20209945824991582,1.5707963267948966,1.5708066232064075
grid_1708,0.1257362689359876,0.12878919844328798,0.013818931816634317,0.03217404551374651,1.0017363302908977,-0.2,-0.19718521644941056,0.5235987755982988,0.5235852323663481,0.19999999999999996,0.20986751599440367,1.0471975511965976,1.049130822939226,0.6,0.600765505977253,1.5707963267948966,1.5708423702773047
grid_1709,0.14736303990166,0.13608815535878419,0.09932122173896017,0.10464461604140257,0.9987673547901386,-0.2,-0.1987523057448639,0.5235987755982988,0.5229705830330698,0.19999999999999996,0.20792387448086735,1.0471975511965976,1.049005229157875,0.6,0.5994690689481903,1.0471975511965976,1.0555234183281756
grid_1710,0.12566925487551656,0.09541817780878992,0.3130987845937344,0.09518455346559815,1.0033046668533443,-0.2,-0.19882790273823936,0.5235987755982988,0.5222440863230293,0.19999999999999996,0.206476303976042,1.0471975511965976,1.0479526963174965,0.6,0.5995221875149719,0.5235987755982988,0.5307730733407681
grid_1711,0.5386163799762722,0.4234149903768736,0.6658297659068525,0.1229076207229223,0.9990389145181403,-0.2,-0.20063833745324278,0.5235987755982988,0.5216532202867432,0.19999999999999996,0.20128525528792718,1.0471975511965976,1.044691259698868,0.6,0.5968026377883584,0.0,-0.0005680037442328256
grid_1712,0.9272443812474428,0.7041517597502168,0.23155880973410697,0.12576958410645764,0.9983566192722193,-0.2,-0.2014886980211994,0.5235987755982988,0.5237866577997199,0.19999999999999996,0.2009286124512233,1.5707963267948966,1.5705291893849749,0.6,0.5969653797365879,0.0,0.002219741642583095
grid_1713,0.21764867123328763,0.19270966284680693,0.007617860113975425,0.01669562639916601,0.9950745882358849,-0.2,-0.19840425376201498,0.5235987755982988,0.5238096175142379,0.19999999999999996,0.20829455681629128,1.5707963267948966,1.5709676549338623,0.6,0.5964725356804026,0.5235987755982988,0.5329222090833907
grid_1714,0.14770752117844474,0.11341641623978714,0.004450540662018292,0.0105120157518384,0.9983575751711463,-0.2,-0.1982331569830631,0.5235987755982988,0.5236410213617742,0.19999999999999996,0.21158438906660226,1.5707963267948966,1.570795400735931,0.6,0.5986597813374122,1.0471975511965976,1.0551564457035836
grid_1715,0.11604146749606947,0.11371278539021133,0.08587822867229929,0.10448073042991489,0.9941979411234311,-0.2,-0.1976948490070054,0.5235987755982988,0.523133351838359,0.19999999999999996,0.21041919389531927,1.5707963267948966,1.570457567037697,0.6,0.6006872597962962,1.5707963267948966,1.5708324236893594
grid_1716,0.07033235470309195,0.11802991133738401,0.1049970643432326,0.06339102833683062,0.9937530434173016,-0.2,-0.19753847289653859,0.5235987755982988,0.5235029634598618,0.19999999999999996,0.21246570108507878,1.5707963267948966,1.5705192861331945,0.19999999999999996,0.20071894239717558,1.5707963267948966,1.5707599814709976
grid_1717,0.08357719337291868,0.059851986486333206,0.14057212963543625,0.07184075706513149,1.0092548554116343,-0.2,-0.19809760941811216,0.5235987755982988,0.5236032556537848,0.19999999999999996,0.20937213270099875,1.5707963267948966,1.570751324227201,0.19999999999999996,0.19892806786843753,1.0471975511965976,1.0499318667729671
grid_1718,0.31090561373348774,0.39142666358198364,0.06872952168354565,0.06389322986022088,1.001304233444148,-0.2,-0.20014157049230175,0.5235987755982988,0.524127599539856,0.19999999999999996,0.20405174806220128,1.5707963267948966,1.570790580889886,0.19999999999999996,0.1964887626440719,0.5235987755982988,0.5263002767738332
grid_1719,0.2755509255184519,0.28911756914643655,0.09848933826915443,0.07818885604664934,1.0000670284625577,-0.2,-0.20022368606733298,0.5235987755982988,0.5237988315183371,0.19999999999999996,0.20181963380111778,1.5707963267948966,1.5708432351340775,0.19999999999999996,0.1957290602054087,0.0,0.0020837778021842723
grid_1720,0.2391903780736307,0.38032804495853145,0.12946444351055844,0.15504917418776698,0.995346510430209,-0.2,-0.20269767493376456,0.5235987755982988,0.5254483117684678,0.19999999999999996,0.19977743834153472,1.5707963267948966,1.5701483089574237,-0.2,-0.2029774407543039,0.0,0.0014303112505889004
grid_1721,0.1621357977659007,0.16702395756038022,0.16529571558193973,0.09922542787645884,1.001978552682128,-0.2,-0.20103735306305381,0.5235987755982988,0.5248851258683569,0.19999999999999996,0.20299433750350993,1.5707963267948966,1.5706428181158278,-0.2,-0.20030757509052233,0.5235987755982988,0.5222983396496863
grid_1722,0.07310048541405804,0.07933246296786442,0.2341992578053941,0.12236859121950314,0.9992937136738744,-0.2,-0.19901942345790147,0.5235987755982988,0.5235455832410469,0.19999999999999996,0.20781449869229096,1.5707963267948966,1.5701017163936708,-0.2,-0.20059043781806185,1.0471975511965976,1.0447170397550796
grid_1723,0.07486568617337966,0.07114341085250236,0.24058783554370256,0.16596825333003565,1.0041459259178178,-0.2,-0.19858150995304769,0.5235987755982988,0.5250391858407539,0.19999999999999996,0.21303715881444063,1.5707963267948966,1.570941528569242,-0.2,-0.19862852710009626,1.5707963267948966,1.5658641437843475
grid_1724,0.09482558733511733,0.0869020290676268,0.11704085413221436,0.10521488753624235,0.9940363610759894,-0.2,-0.1981399175250811,0.5235987755982988,0.5235085683331588,0.19999999999999996,0.21528965525747257,1.5707963267948966,1.568467827724172,-0.6,-0.5968896094280574,1.5707963267948966,1.5588678302922094
grid_1725,0.19187245054070723,0.2028886115823051,0.346357625589615,0.11275800633470966,0.9988684795310855,-0.2,-0.19920125042571968,0.5235987755982988,0.5236697806150383,0.19999999999999996,0.20702289167080767,1.5707963267948966,1.5696639776883092,-0.6,-0.5983920460711314,1.0471975511965976,1.040439378974101
grid_1726,0.33075296102366447,0.3332575109449573,0.37770112873901057,0.09807701044743779,0.9936031365665292,-0.2,-0.20114647564513266,0.5235987755982988,0.5243341582845833,0.19999999999999996,0.20277609204144564,1.5707963267948966,1.568832913665772,-0.6,-0.5980766468016583,0.5235987755982988,0.5209501246833472
grid_1727,0.5179611297776872,0.5596076016683718,0.4630557820526646,0.20889938574202568,1.0007034480355055,-0.2,-0.2021923944806856,0.5235987755982988,0.5243319386830185,0.19999999999999996,0.19755678502708474,1.5707963267948966,1.5702777148419997,-0.6,-0.5982534881199486,0.0,0.0020483430389761637
grid_1728,0.28835482724725325,0.3826900535011999,0.3738996777655831,0.21279666290258728,0.9995165458250291,-0.2,-0.20247409824999618,0.5235987755982988,0.5242649354844762,0.6,0.5956512208141911,1.5707963267948966,1.5709146224611858,-0.6,-0.5985741133591524,0.0,0.006678943796805115
grid_1729,0.35412659103029015,0.3051968358030058,0.4261536538931893,0.08089147422227301,0.9978219664180348,-0.2,-0.20163623671831665,0.5235987755982988,0.5236523961653239,0.6,0.5984167472679465,1.5707963267948966,1.5693481368583324,-0.6,-0.5984766678466684,0.5235987755982988,0.5246043677961261
grid_1730,0.2902294946852515,0.24674429028137093,0.28920709072010664,0.19739610308561975,1.004834595501433,-0.2,-0.20065393072788762,0.5235987755982988,0.5240966281540649,0.6,0.6029049899693,1.5707963267948966,1.5680869895249305,-0.6,-0.5970431620601149,1.0471975511965976,1.0422492027870591
grid_1731,0.22325925759521015,0.2941547746879647,0.37820040504520164,0.09572748023536248,0.9965781644676535,-0.2,-0.19973349362613302,0.5235987755982988,0.5241104557640961,0.6,0.6082661228235491,1.5707963267948966,1.5691337118511681,-0.6,-0.5963668953113057,1.5707963267948966,1.5555339902534167
grid_1732,0.09022899875390489,0.06385641890493093,0.4215754726011901,0.17082458250735377,1.003186519174056,-0.2,-0.20036366618688373,0.5235987755982988,0.5235017940511328,0.6,0.6066912112834553,1.5707963267948966,1.5677738403611308,-0.2,-0.1952471389932997,1.5707963267948966,1.5634061512429103
grid_1733,0.1263635977028296,0.14574498086929774,0.28007489063100144,0.1438340092265831,0.9988469370655124,-0.2,-0.20047624434912237,0.5235987755982988,0.5242696504328306,0.6,0.6029763912074122,1.5707963267948966,1.5695281560346048,-0.2,-0.19811730188094856,1.0471975511965976,1.0452974227406937
grid_1734,0.21727728946471275,0.21679106336726922,0.29144754932810146,0.06004965987615702,0.9979471142177527,-0.2,-0.20022943008468808,0.5235987755982988,0.5233404451729644,0.6,0.599472442376471,1.5707963267948966,1.5700263896107884,-0.2,-0.20269104898706658,0.5235987755982988,0.5262351317747527
grid_1735,0.4283236091820359,0.4193843915005414,0.28142085418088236,0.22504591181475447,1.0036719873506192,-0.2,-0.20242011023773543,0.5235987755982988,0.5237698316107346,0.6,0.5967264337073805,1.5707963267948966,1.5702916925990618,-0.2,-0.20212995658421562,0.0,0.00511392893939977
grid_1736,0.29245172809142783,0.2457057223463909,0.025808768331961017,0.04441144370901121,1.0103250421141996,-0.2,-0.20149715402878954,0.5235987755982988,0.5237590747221867,0.6,0.5975500429134222,1.5707963267948966,1.570767632564019,0.19999999999999996,0.1974962106451459,0.0,0.004973600873044326
grid_1737,0.1205653483541538,0.11466948198643226,0.09841339425384657,0.09996134617146554,0.9936165655611203,-0.2,-0.20141739281423554,0.5235987755982988,0.5246720828093281,0.6,0.6011526708631836,1.5707963267948966,1.570127585467401,0.19999999999999996,0.19770141054489532,0.5235987755982988,0.5273188219466132
grid_1738,0.08944295143194873,0.07047696046866345,0.27082540410662154,0.1337077262384022,0.9973050547347796,-0.2,-0.20044203222722778,0.5235987755982988,0.5245370634497055,0.6,0.6024035684336937,1.5707963267948966,1.57029929032917,0.19999999999999996,0.19879309077987806,1.0471975511965976,1.0481702689041583
grid_1739,0.09115719071524955,0.07651712173440695,0.3267303685494207,0.10889927565830299,0.9973228651281392,-0.2,-0.20014608271563983,0.5235987755982988,0.5225771200952103,0.6,0.6059628737204577,1.5707963267948966,1.5666727502413345,0.19999999999999996,0.20145389007106118,1.5707963267948966,1.567089912557278
grid_1740,0.10972937513993326,0.08430927748030628,0.2627059055288729,0.08218618710936205,1.0050554243487986,-0.2,-0.19969109412418895,0.5235987755982988,0.5235337607565702,0.6,0.6041148485808732,1.5707963267948966,1.568877548979808,0.6,0.599374905733205,1.5707963267948966,1.5706956025477776
grid_1741,0.09070636128180919,0.07200602935400796,0.06757528531869231,0.08164887147033813,1.0010787190234791,-0.2,-0.19908260399253308,0.5235987755982988,0.5239831319209296,0.6,0.6043548327579957,1.5707963267948966,1.5702719759726689,0.6,0.5982640651730042,1.0471975511965976,1.0529267764238552
grid_1742,0.5439152811394699,0.39809945287015386,0.010270148309907367,0.023775532629369087,1.0042093607939322,-0.2,-0.19940502052567588,0.5235987755982988,0.522639482527377,0.6,0.6022972144183001,1.5707963267948966,1.570749332621114,0.6,0.5982411547335067,0.5235987755982988,0.5341579309906956
grid_1743,0.41072020965714345,0.37374250027232064,0.04851522372142812,0.043046206159234664,1.0028055169390475,-0.2,-0.20028514602429492,0.5235987755982988,0.5232272896672514,0.6,0.6012579132926943,1.5707963267948966,1.5708206009434376,0.6,0.5990029735552262,0.0,0.00865808421687042
grid_1744,0.36936080659775167,0.4901158550811969,0.6361010490775537,0.10704740547910946,1.0042370863992822,-0.2,-0.20068084535816144,0.5235987755982988,0.5206452385736826,0.6,0.6026616121439154,1.0471975511965976,1.0463712439795225,0.6,0.6014534426460747,0.0,0.005635230737965458
grid_1745,0.38953855543666527,0.2961054164709064,0.16389839468135192,0.184499816071116,0.9951233373965909,-0.2,-0.19965687693999357,0.5235987755982988,0.5223448683758134,0.6,0.6050146824699505,1.0471975511965976,1.049213818697222,0.6,0.6011979591024463,0.5235987755982988,0.5370286023492277
grid_1746,0.16353179798064396,0.15144781135148272,0.013291869547494662,0.03256123774024829,0.9962150624068757,-0.2,-0.199017590816573,0.5235987755982988,0.5231427869033656,0.6,0.6053801258555209,1.0471975511965976,1.0495967922891252,0.6,0.6006525004709493,1.0471975511965976,1.0567921676884815
grid_1747,0.2958003896483425,0.165070371032861,0.14360018078889994,0.1129084017688641,0.9955188445734275,-0.2,-0.19934529588252836,0.5235987755982988,0.523179697799713,0.6,0.6040962820077374,1.0471975511965976,1.0486957605051561,0.6,0.6001324718398253,1.5707963267948966,1.5708240348071625
grid_1748,0.4406232539018671,0.29053739434489323,0.14308355697408054,0.13734366339988402,1.0071762000816478,-0.2,-0.19910208430148124,0.5235987755982988,0.5226131250075037,0.6,0.6044767101804585,1.0471975511965976,1.0481329079841624,0.19999999999999996,0.20105464870856604,1.5707963267948966,1.5708560814726384
grid_1749,0.21136316134587235,0.15618250396963534,0.03090503507154485,0.059273061967040276,0.9982605327598149,-0.2,-0.19881400042426467,0.5235987755982988,0.5229131993056138,0.6,0.6050310786069009,1.0471975511965976,1.0490353421980778,0.19999999999999996,0.20109455241041907,1.0471975511965976,1.0545807950596089
grid_1750,0.5829094200035978,0.5886817775201384,0.09315234828289955,0.10937304984879319,1.0044986337315651,-0.2,-0.20006881790149134,0.5235987755982988,0.5225161206363733,0.6,0.6036065985602743,1.0471975511965976,1.0489339830903113,0.19999999999999996,0.19945210929234403,0.5235987755982988,0.531116729737195
grid_1751,0.7760743608757567,0.7070740170301931,0.22585867889082673,0.10384265702712565,1.0030346483567003,-0.2,-0.2018493281055802,0.5235987755982988,0.5215086652549497,0.6,0.6000838438103724,1.0471975511965976,1.0449756034812152,0.19999999999999996,0.19745338011170865,0.0,0.002853730973789048
grid_1752,0.5569939145159928,0.5455132420853684,0.12945575123555259,0.10823662886720027,0.9973288519122457,-0.2,-0.1997234173611293,0.5235987755982988,0.5217731856536298,0.6,0.600051666935908,1.0471975511965976,1.0474032272339953,-0.2,-0.2044653335200861,0.0,0.004542527283565967
grid_1753,0.25814770117021657,0.29295964774106115,0.07563725233101215,0.07197642569551588,0.9948425235517501,-0.2,-0.20035458592414734,0.5235987755982988,0.5230862228759241,0.6,0.6009041042947665,1.0471975511965976,1.047993207954935,-0.2,-0.2014282404488128,0.5235987755982988,0.5288030978590941
grid_1754,0.39583873755098076,0.3647242458100191,0.09523096891805698,0.10831996579821626,0.9899088137558012,-0.2,-0.19962335594260328,0.5235987755982988,0.5229753155736718,0.6,0.6038048843535799,1.0471975511965976,1.0483952401299144,-0.2,-0.19962725257036862,1.0471975511965976,1.0512498618298318
grid_1755,0.3131027424712952,0.22349188137194403,0.18599168539987498,0.1283254987684794,0.995492723981954,-0.2,-0.19879038500193058,0.5235987755982988,0.5237674530955747,0.6,0.6064253919594522,1.0471975511965976,1.0503694693560774,-0.2,-0.19647973714251332,1.5707963267948966,1.570690025779851
grid_1756,0.3049717505781767,0.28230575506308475,0.33622475554801007,0.1455192297493028,1.0007037163884531,-0.2,-0.19863584259042177,0.5235987755982988,0.523252716552518,0.6,0.606069035420508,1.0471975511965976,1.0479388996153478,-0.6,-0.5969453624320407,1.5707963267948966,1.5699345678717576
grid_1757,0.2470570050653286,0.19768434786573358,0.546370722319775,0.07828962596592941,1.0048020201403198,-0.2,-0.19972518008185247,0.5235987755982988,0.5240711359318055,0.6,0.6030482547146638,1.0471975511965976,1.049305070669722,-0.6,-0.5985149188679326,1.0471975511965976,1.048709020708145
grid_1758,0.42807403595136845,0.5092032212122698,0.388894622272112,0.09308984662173006,1.0007905694413326,-0.2,-0.20151594578734855,0.5235987755982988,0.5253342574991775,0.6,0.6006271846605973,1.0471975511965976,1.0500460249534616,-0.6,-0.599620617731242,0.5235987755982988,0.5273861009046552
grid_1759,0.3708013656636132,0.31781641515014003,0.19234511590884243,0.16878397199087053,1.0019059614056924,-0.2,-0.20134510088065216,0.5235987755982988,0.523441651037694,0.6,0.5971935231638827,1.0471975511965976,1.048628615511931,-0.6,-0.6032642801373322,0.0,0.007576569378716869
grid_1760,0.48181926843141076,0.4050080097725368,0.16444152497411485,0.16171214944382306,1.0062999611529873,-0.2,-0.19995328151063685,0.5235987755982988,0.5198059783080966,0.6,0.6002335864520836,0.5235987755982988,0.5211181598066128,-0.6,-0.6055953602285706,0.0,0.0020561475214098124
grid_1761,0.37774731759073976,0.30581509054926675,0.01677403470838195,0.03416210128040911,0.9925037565678642,-0.2,-0.19958287836647948,0.5235987755982988,0.5216537475859369,0.6,0.6037295737744071,0.5235987755982988,0.5235519913585156,-0.6,-0.60280309116159,0.5235987755982988,0.5277204917533034
grid_1762,0.3468125144120171,0.28477900756704433,0.014493160853995412,0.027710582388722912,0.9996975708320598,-0.2,-0.19761536022351844,0.5235987755982988,0.5210060857813614,0.6,0.6073608503613954,0.5235987755982988,0.5246338489740596,-0.6,-0.5998330886551555,1.0471975511965976,1.0528612164299256
grid_1763,0.4542466590938507,0.37951744662302456,0.02022790971806518,0.05000519893956609,0.9996229692784511,-0.2,-0.19790491041786762,0.5235987755982988,0.5203116624241826,0.6,0.6074419062448513,0.5235987755982988,0.5235346991985939,-0.6,-0.5966771463153613,1.5707963267948966,1.5707951165716416
grid_1764,0.36311282180760984,0.34898487692452024,0.08697580153668769,0.06823446821551618,1.0077445232841673,-0.2,-0.198015113386111,0.5235987755982988,0.5207830341575361,0.6,0.6072767842616553,0.5235987755982988,0.5241040838192728,-0.2,-0.19698260709013482,1.5707963267948966,1.5709270221541738
grid_1765,0.22636550771575598,0.2146735988358865,0.2493334977514511,0.10540991298762614,1.00273801601278,-0.2,-0.19873162775915887,0.5235987755982988,0.5211685446640866,0.6,0.6072299004657493,0.5235987755982988,0.5230406404154735,-0.2,-0.1997451593959445,1.0471975511965976,1.0540891964399046
grid_1766,0.16257920734721837,0.14472610256985244,0.4849482722930377,0.10671898983594633,0.994238244817625,-0.2,-0.19999578351884395,0.5235987755982988,0.5201707510229188,0.6,0.6039950662778875,0.5235987755982988,0.5197131078341961,-0.2,-0.2025906139236504,0.5235987755982988,0.5265969362915968
grid_1767,0.812061850086676,0.5806445694891887,0.5781004435080598,0.17468556856602468,1.0111408699902829,-0.2,-0.2007667757643521,0.5235987755982988,0.518568573571728,0.6,0.6000258834526511,0.5235987755982988,0.5185763289857412,-0.2,-0.20901312560700802,0.0,-0.0008753432677526263
grid_1768,0.7156377951830158,0.7447312834870048,1.2407095983480076,0.16938214582438882,1.0017381252246604,-0.2,-0.20448182369222856,0.5235987755982988,0.5165755600445952,0.6,0.5955574272079422,0.5235987755982988,0.5098975341666785,0.19999999999999996,0.19363345047357328,0.0,-0.004180154144060921
grid_1769,0.23063457500243817,0.2212668732775685,0.96709155705871,0.13160333183393733,0.9918349924376304,-0.2,-0.20108431912569635,0.5235987755982988,0.5187757974647873,0.6,0.6026065552072009,0.5235987755982988,0.5179019417501758,0.19999999999999996,0.19801839081193684,0.5235987755982988,0.528565570748813
grid_1770,0.3665398286763192,0.377831039299298,0.40488901352964646,0.166889800954281,0.9937227249255989,-0.2,-0.2003091770822376,0.5235987755982988,0.5210393211331157,0.6,0.605206105617877,0.5235987755982988,0.5222121483227529,0.19999999999999996,0.19988299684543787,1.0471975511965976,1.0558631451700942
grid_1771,0.17376538254219573,0.10090224726561528,0.1700681620030619,0.12799705713169587,0.9957330044243372,-0.2,-0.19876998183858152,0.5235987755982988,0.5209849845383445,0.6,0.6065355138020507,0.5235987755982988,0.5242766138830923,0.19999999999999996,0.20083422852147859,1.5707963267948966,1.570840501642219
grid_1772,0.39966262208826275,0.3367282190896322,0.2185657602420549,0.13389732496886345,0.9989035687348731,-0.2,-0.1994060649294589,0.5235987755982988,0.5205524759229379,0.6,0.6043880813106002,0.5235987755982988,0.5245240242174951,0.6,0.5996646862977322,1.5707963267948966,1.5708276354967419
grid_1773,0.36566645878857834,0.357277514555204,0.5895518475719049,0.125425248849288,1.0038436004032785,-0.2,-0.19944924550256893,0.5235987755982988,0.5203608693135395,0.6,0.6056998805349965,0.5235987755982988,0.5226428216962828,0.6,0.6007739934583896,1.0471975511965976,1.0575490598311381
grid_1774,0.3839662592188172,0.3230298355022926,1.1596061456788107,0.1175239489296074,0.9991898431211814,-0.2,-0.2021304346431707,0.5235987755982988,0.5189199078074047,0.6,0.6021553172901211,0.5235987755982988,0.5183710639317276,0.6,0.6019394478172329,0.5235987755982988,0.5324752313511416
grid_1775,1.0621932340296034,0.36730536711424194,1.487893060922049,0.09954390337753867,1.0049953929227686,-0.2,-0.20473558620188737,0.5235987755982988,0.5174001353806279,0.6,0.5945238559187667,0.5235987755982988,0.5122665231726442,0.6,0.5968490513792748,0.0,-0.003261811767784728
grid_1776,1.2640148743361899,0.7204698952039104,0.6874452822473274,0.34590471036875725,0.9969181226202581,-0.2,-0.2168972812995973,0.5235987755982988,0.503342637912092,0.6,0.5736077819463787,0.0,-0.022024833413197165,0.6,0.5838799639725298,0.0,-0.0034907731658222474
grid_1777,0.7200081834231673,0.4596294395302123,1.8349714195512814,0.19625630007924405,1.0034043300592816,-0.2,-0.20894275763753978,0.5235987755982988,0.5162213208624014,0.6,0.5907284035084608,0.0,-0.015420869273228277,0.6,0.5946933192329036,0.5235987755982988,0.5239912921678069
grid_1778,0.6124666938236141,0.46609361781444136,1.80368220421938,0.10786288195087441,0.9930039548937533,-0.2,-0.20458759250742453,0.5235987755982988,0.5155978411385052,0.6,0.6003610080491928,0.0,-0.013311372253223652,0.6,0.600008602651779,1.0471975511965976,1.055455681847592
grid_1779,0.4280464781430428,0.35347739025386105,1.3679770511425253,0.1288229651108566,0.9983656279856186,-0.2,-0.20088306280795276,0.5235987755982988,0.5160621158504446,0.6,0.604203232400458,0.0,-0.007863008310107666,0.6,0.5992853744806954,1.5707963267948966,1.5708572981353033
grid_1780,0.3473294225025546,0.36208863965379756,1.2815316515740784,0.11296541251358906,1.0041282246484036,-0.2,-0.1999563995727609,0.5235987755982988,0.516657615621142,0.6,0.6078336110576927,0.0,-0.008115068142855897,0.19999999999999996,0.20132886147109286,1.5707963267948966,1.570907997787728
grid_1781,0.42609284864719055,0.3514375476075902,1.6470535484620812,0.18574605991287474,0.997970205538093,-0.2,-0.20145341176988918,0.5235987755982988,0.5135760382373045,0.6,0.6028239066804186,0.0,-0.01475499468191277,0.19999999999999996,0.20018499548213953,1.0471975511965976,1.0528802775401882
grid_1782,0.6845136674372647,0.30984447869114246,2.0969657932993617,0.04366714461801202,0.9930118673623405,-0.2,-0.20599652333220053,0.5235987755982988,0.5134329220658005,0.6,0.5946066339768832,0.0,-0.0190782375524865,0.19999999999999996,0.19212282616514464,0.5235987755982988,0.520558850160084
grid_1783,1.7297461203352569,0.5190023600502045,0.7596268064449211,0.040630030832412366,1.0011573095631567,-0.2,-0.223503830620003,0.5235987755982988,0.49558430980393364,0.6,0.5631935902102088,0.0,-0.03217373972991755,0.19999999999999996,0.16258177921515315,0.0,-0.003822137359591693
grid_1784,1.5034645759942624,0.6477768521890301,0.500539097013204,0.023556077340059236,0.9960761512780512,-0.2,-0.22236098669976911,0.5235987755982988,0.4935908302231624,0.6,0.568114421023437,0.0,-0.03281760069970119,-0.2,-0.22727734535818378,0.0,-0.0029509881782194824
grid_1785,0.6860864037770507,0.5912847605991812,1.9063333951670578,0.04899450001078524,1.0064495109830718,-0.2,-0.2031928608324698,0.5235987755982988,0.5106238664559655,0.6,0.5990947891153722,0.0,-0.021308621320319965,-0.2,-0.2068964009546166,0.5235987755982988,0.5174988067027932
grid_1786,0.47608259804758746,0.3464711010162929,1.383260284844761,0.13236887465165437,0.9964714745335476,-0.2,-0.19949688896351336,0.5235987755982988,0.514131026272513,0.6,0.6075239326799773,0.0,-0.013284176403372427,-0.2,-0.19930563747141328,1.0471975511965976,1.0502662978861403
grid_1787,0.4090937068540918,0.43596115890853315,1.2076417689402543,0.13134429000187214,1.004723994516227,-0.2,-0.1998192138316499,0.5235987755982988,0.5167782304663779,0.6,0.6096694703874705,0.0,-0.007225627022804382,-0.2,-0.19762336132310576,1.5707963267948966,1.5709310046110714
grid_1788,0.6736767187983136,0.4581502710925635,0.9835075558045568,0.1420367392433927,1.002174048815698,-0.2,-0.19870132938253438,0.5235987755982988,0.516935918716622,0.6,0.6111366903259627,0.0,-0.006581398850813436,-0.6,-0.5959225145312841,1.5707963267948966,1.570970863425643
grid_1789,0.6887403382654036,0.6027163186364997,1.0508237649154353,0.1483493565357587,0.9987685206998865,-0.2,-0.19997548410888832,0.5235987755982988,0.5160067200778782,0.6,0.608385381536368,0.0,-0.008524910556870324,-0.6,-0.5988268663694045,1.0471975511965976,1.0494178930089397
grid_1790,0.31506402291350194,0.41064579136181617,0.8797492880976308,0.17170082347760357,0.9953440739246091,-0.2,-0.19878840951377885,0.5235987755982988,0.5124420367607758,0.6,0.6064110434661796,0.0,-0.013726080560177323,-0.6,-0.6019121275271084,0.5235987755982988,0.5202353873450907
grid_1791,1.6432848267691829,0.48472730745321724,0.7127441517961752,0.046219189333717714,1.0009244932346035,-0.2,-0.17023093896761665,0.5235987755982988,0.5280022566099545,0.6,0.6409393816923465,0.0,-0.012826216382511468,-0.6,-0.590481284387665,0.0,-0.03115909797857963
grid_1792,1.364271681173531,1.3343681559063592,0.09154886003153243,0.11921510618134569,0.9358938815281054,-0.2,-0.2242639389182397,0.0,-0.049464208293946044,0.6,0.5615901457895562,0.0,-0.0960334246066239,-0.6,-0.6134567590066506,0.0,-0.061326655001845864
grid_1793,2.3100,nan,0.9326,nan,1.02,-0.2,nan,0,nan,0.6,nan,0,nan,-0.6,nan,0.523598775598,nan
grid_1794,1.0952,nan,1.2006,nan,1.00,-0.2,nan,0,nan,0.6,nan,0,nan,-0.6,nan,1.0471975512,nan
grid_1795,0.3412,nan,1.0545,nan,1.00,-0.2,nan,0,nan,0.6,nan,0,nan,-0.6,nan,1.57079632679,nan
grid_1796,0.9133,nan,1.1444,nan,1.00,-0.2,nan,0,nan,0.6,nan,0,nan,-0.2,nan,1.57079632679,nan
grid_1797,1.3530,nan,1.3072,nan,1.00,-0.2,nan,0,nan,0.6,nan,0,nan,-0.2,nan,1.0471975512,nan
grid_1798,1.9888,nan,0.3429,nan,1.00,-0.2,nan,0,nan,0.6,nan,0,nan,-0.2,nan,0.523598775598,nan
grid_1799,3.6265,nan,0.3013,nan,1.00,-0.2,nan,0,nan,0.6,nan,0,nan,-0.2,nan,0,nan
grid_1800,2.0959,nan,0.5548,nan,1.00,-0.2,nan,0,nan,0.6,nan,0,nan,0.2,nan,0,nan
grid_1801,1.4198,nan,0.5844,nan,1.00,-0.2,nan,0,nan,0.6,nan,0,nan,0.2,nan,0.523598775598,nan
grid_1802,0.5632,nan,1.1254,nan,1.00,-0.2,nan,0,nan,0.6,nan,0,nan,0.2,nan,1.0471975512,nan
grid_1803,0.8961,nan,1.1005,nan,1.00,-0.2,nan,0,nan,0.6,nan,0,nan,0.2,nan,1.57079632679,nan
grid_1804,0.4030,nan,1.1285,nan,1.01,-0.2,nan,0,nan,0.6,nan,0,nan,0.6,nan,1.57079632679,nan
grid_1805,0.5973,nan,1.0618,nan,1.01,-0.2,nan,0,nan,0.6,nan,0,nan,0.6,nan,1.0471975512,nan
grid_1806,1.4261,nan,0.3750,nan,1.01,-0.2,nan,0,nan,0.6,nan,0,nan,0.6,nan,0.523598775598,nan
grid_1807,2.5429,nan,0.7018,nan,1.00,-0.2,nan,0,nan,0.6,nan,0,nan,0.6,nan,0,nan
grid_1808,0.8172,nan,1.2710,nan,1.00,-0.2,nan,0,nan,0.6,nan,0.523598775598,nan,0.6,nan,0,nan
grid_1809,0.4983,nan,1.2825,nan,1.01,-0.2,nan,0,nan,0.6,nan,0.523598775598,nan,0.6,nan,0.523598775598,nan
grid_1810,0.5353,nan,0.6593,nan,0.99,-0.2,nan,0,nan,0.6,nan,0.523598775598,nan,0.6,nan,1.0471975512,nan
grid_1811,0.3801,nan,0.4797,nan,1.00,-0.2,nan,0,nan,0.6,nan,0.523598775598,nan,0.6,nan,1.57079632679,nan
grid_1812,0.4917,nan,0.3541,nan,1.00,-0.2,nan,0,nan,0.6,nan,0.523598775598,nan,0.2,nan,1.57079632679,nan
grid_1813,0.4522,nan,0.5659,nan,1.01,-0.2,nan,0,nan,0.6,nan,0.523598775598,nan,0.2,nan,1.0471975512,nan
grid_1814,1.1287,nan,0.8927,nan,1.00,-0.2,nan,0,nan,0.6,nan,0.523598775598,nan,0.2,nan,0.523598775598,nan
grid_1815,0.5665,nan,1.3740,nan,1.00,-0.2,nan,0,nan,0.6,nan,0.523598775598,nan,0.2,nan,0,nan
grid_1816,0.9205,nan,1.2525,nan,1.00,-0.2,nan,0,nan,0.6,nan,0.523598775598,nan,-0.2,nan,0,nan
grid_1817,0.4303,nan,0.6416,nan,1.00,-0.2,nan,0,nan,0.6,nan,0.523598775598,nan,-0.2,nan,0.523598775598,nan
grid_1818,0.4357,nan,0.1160,nan,1.00,-0.2,nan,0,nan,0.6,nan,0.523598775598,nan,-0.2,nan,1.0471975512,nan
grid_1819,0.4720,nan,0.2215,nan,1.00,-0.2,nan,0,nan,0.6,nan,0.523598775598,nan,-0.2,nan,1.57079632679,nan
grid_1820,0.6284,nan,0.0485,nan,1.00,-0.2,nan,0,nan,0.6,nan,0.523598775598,nan,-0.6,nan,1.57079632679,nan
grid_1821,0.3750,nan,0.0712,nan,1.00,-0.2,nan,0,nan,0.6,nan,0.523598775598,nan,-0.6,nan,1.0471975512,nan
grid_1822,0.5827,nan,0.2311,nan,1.01,-0.2,nan,0,nan,0.6,nan,0.523598775598,nan,-0.6,nan,0.523598775598,nan
grid_1823,0.8006,nan,0.2482,nan,1.00,-0.2,nan,0,nan,0.6,nan,0.523598775598,nan,-0.6,nan,0,nan
grid_1824,0.1876,nan,0.1352,nan,0.99,-0.2,nan,0,nan,0.6,nan,1.0471975512,nan,-0.6,nan,0,nan
grid_1825,0.2207,nan,0.7258,nan,1.00,-0.2,nan,0,nan,0.6,nan,1.0471975512,nan,-0.6,nan,0.523598775598,nan
grid_1826,0.1774,nan,0.1869,nan,1.00,-0.2,nan,0,nan,0.6,nan,1.0471975512,nan,-0.6,nan,1.0471975512,nan
grid_1827,0.2706,nan,0.4971,nan,1.00,-0.2,nan,0,nan,0.6,nan,1.0471975512,nan,-0.6,nan,1.57079632679,nan
grid_1828,0.3359,nan,0.2980,nan,1.01,-0.2,nan,0,nan,0.6,nan,1.0471975512,nan,-0.2,nan,1.57079632679,nan
grid_1829,0.4384,nan,0.2069,nan,1.00,-0.2,nan,0,nan,0.6,nan,1.0471975512,nan,-0.2,nan,1.0471975512,nan
grid_1830,0.1815,nan,0.2500,nan,1.00,-0.2,nan,0,nan,0.6,nan,1.0471975512,nan,-0.2,nan,0.523598775598,nan
grid_1831,0.1798,nan,0.4340,nan,1.00,-0.2,nan,0,nan,0.6,nan,1.0471975512,nan,-0.2,nan,0,nan
grid_1832,0.1327,nan,0.4136,nan,1.01,-0.2,nan,0,nan,0.6,nan,1.0471975512,nan,0.2,nan,0,nan
grid_1833,0.2158,nan,0.2547,nan,1.00,-0.2,nan,0,nan,0.6,nan,1.0471975512,nan,0.2,nan,0.523598775598,nan
grid_1834,0.2219,nan,0.2212,nan,0.99,-0.2,nan,0,nan,0.6,nan,1.0471975512,nan,0.2,nan,1.0471975512,nan
grid_1835,0.4862,nan,0.3575,nan,1.00,-0.2,nan,0,nan,0.6,nan,1.0471975512,nan,0.2,nan,1.57079632679,nan
grid_1836,0.2740,nan,0.1309,nan,1.00,-0.2,nan,0,nan,0.6,nan,1.0471975512,nan,0.6,nan,1.57079632679,nan
grid_1837,0.2357,nan,0.1157,nan,1.00,-0.2,nan,0,nan,0.6,nan,1.0471975512,nan,0.6,nan,1.0471975512,nan
grid_1838,0.1332,nan,0.2772,nan,1.00,-0.2,nan,0,nan,0.6,nan,1.0471975512,nan,0.6,nan,0.523598775598,nan
grid_1839,0.2543,nan,0.7370,nan,1.00,-0.2,nan,0,nan,0.6,nan,1.0471975512,nan,0.6,nan,0,nan
grid_1840,0.2541,nan,0.3096,nan,1.00,-0.2,nan,0,nan,0.6,nan,1.57079632679,nan,0.6,nan,0,nan
grid_1841,0.2585,nan,0.1022,nan,0.99,-0.2,nan,0,nan,0.6,nan,1.57079632679,nan,0.6,nan,0.523598775598,nan
grid_1842,0.3661,nan,0.3118,nan,1.00,-0.2,nan,0,nan,0.6,nan,1.57079632679,nan,0.6,nan,1.0471975512,nan
grid_1843,0.1709,nan,0.2845,nan,1.00,-0.2,nan,0,nan,0.6,nan,1.57079632679,nan,0.6,nan,1.57079632679,nan
grid_1844,0.2048,nan,0.2773,nan,1.00,-0.2,nan,0,nan,0.6,nan,1.57079632679,nan,0.2,nan,1.57079632679,nan
grid_1845,0.0650,nan,0.0448,nan,1.00,-0.2,nan,0,nan,0.6,nan,1.57079632679,nan,0.2,nan,1.0471975512,nan
grid_1846,0.3146,nan,0.3048,nan,1.00,-0.2,nan,0,nan,0.6,nan,1.57079632679,nan,0.2,nan,0.523598775598,nan
grid_1847,0.2528,nan,0.7437,nan,1.01,-0.2,nan,0,nan,0.6,nan,1.57079632679,nan,0.2,nan,0,nan
grid_1848,0.1679,nan,0.5823,nan,1.00,-0.2,nan,0,nan,0.6,nan,1.57079632679,nan,-0.2,nan,0,nan
grid_1849,0.2636,nan,0.2712,nan,0.99,-0.2,nan,0,nan,0.6,nan,1.57079632679,nan,-0.2,nan,0.523598775598,nan
grid_1850,0.2294,nan,0.4094,nan,1.00,-0.2,nan,0,nan,0.6,nan,1.57079632679,nan,-0.2,nan,1.0471975512,nan
grid_1851,0.1465,nan,0.1516,nan,0.99,-0.2,nan,0,nan,0.6,nan,1.57079632679,nan,-0.2,nan,1.57079632679,nan
grid_1852,0.2094,nan,0.4029,nan,1.00,-0.2,nan,0,nan,0.6,nan,1.57079632679,nan,-0.6,nan,1.57079632679,nan
grid_1853,0.2423,nan,0.3735,nan,1.00,-0.2,nan,0,nan,0.6,nan,1.57079632679,nan,-0.6,nan,1.0471975512,nan
grid_1854,0.1595,nan,0.4813,nan,1.00,-0.2,nan,0,nan,0.6,nan,1.57079632679,nan,-0.6,nan,0.523598775598,nan
grid_1855,0.1988,nan,0.5446,nan,1.00,-0.2,nan,0,nan,0.6,nan,1.57079632679,nan,-0.6,nan,0,nan
grid_1856,0.1175,nan,0.5984,nan,1.01,-0.2,nan,0,nan,0.2,nan,1.57079632679,nan,-0.6,nan,0,nan
grid_1857,0.3066,nan,0.4604,nan,1.00,-0.2,nan,0,nan,0.2,nan,1.57079632679,nan,-0.6,nan,0.523598775598,nan
grid_1858,0.1523,nan,0.1794,nan,1.00,-0.2,nan,0,nan,0.2,nan,1.57079632679,nan,-0.6,nan,1.0471975512,nan
grid_1859,0.1285,nan,0.3179,nan,1.00,-0.2,nan,0,nan,0.2,nan,1.57079632679,nan,-0.6,nan,1.57079632679,nan
grid_1860,0.2334,nan,0.2059,nan,1.00,-0.2,nan,0,nan,0.2,nan,1.57079632679,nan,-0.2,nan,1.57079632679,nan
grid_1861,0.2318,nan,0.3249,nan,1.01,-0.2,nan,0,nan,0.2,nan,1.57079632679,nan,-0.2,nan,1.0471975512,nan
grid_1862,0.2971,nan,0.3574,nan,1.00,-0.2,nan,0,nan,0.2,nan,1.57079632679,nan,-0.2,nan,0.523598775598,nan
grid_1863,0.3001,nan,0.1076,nan,1.00,-0.2,nan,0,nan,0.2,nan,1.57079632679,nan,-0.2,nan,0,nan
grid_1864,0.2874,nan,0.3252,nan,1.00,-0.2,nan,0,nan,0.2,nan,1.57079632679,nan,0.2,nan,0,nan
grid_1865,0.2966,nan,0.2103,nan,1.00,-0.2,nan,0,nan,0.2,nan,1.57079632679,nan,0.2,nan,0.523598775598,nan
grid_1866,0.0817,nan,0.1794,nan,0.99,-0.2,nan,0,nan,0.2,nan,1.57079632679,nan,0.2,nan,1.0471975512,nan
grid_1867,0.2271,nan,0.1836,nan,1.00,-0.2,nan,0,nan,0.2,nan,1.57079632679,nan,0.2,nan,1.57079632679,nan
grid_1868,0.1704,nan,0.1010,nan,1.00,-0.2,nan,0,nan,0.2,nan,1.57079632679,nan,0.6,nan,1.57079632679,nan
grid_1869,0.1066,nan,0.0573,nan,1.00,-0.2,nan,0,nan,0.2,nan,1.57079632679,nan,0.6,nan,1.0471975512,nan
grid_1870,0.0780,nan,0.1523,nan,1.00,-0.2,nan,0,nan,0.2,nan,1.57079632679,nan,0.6,nan,0.523598775598,nan
grid_1871,0.1670,nan,0.4595,nan,1.01,-0.2,nan,0,nan,0.2,nan,1.57079632679,nan,0.6,nan,0,nan
grid_1872,0.0985,nan,0.7789,nan,1.00,-0.2,nan,0,nan,0.2,nan,1.0471975512,nan,0.6,nan,0,nan
grid_1873,0.34191212743002797,0.2818042680580614,0.27593577239431955,0.12710365383362915,1.007733328158013,-0.2,-0.19921836859736075,0.0,0.5860443573303176,0.19999999999999996,0.2063823604723165,1.0471975511965976,1.0507558912535933,0.6,0.5980081375179536,0.5235987755982988,0.5303600522062704
grid_1874,0.2813907648921943,0.17530512773837947,0.09576699977898247,0.13190212838660637,0.9971728477161411,-0.2,-0.19914774745126707,0.0,-9.995722914890592e-05,0.19999999999999996,0.2093027706456354,1.0471975511965976,1.053407605033799,0.6,0.6010592731737745,1.0471975511965976,1.0551876185828908
grid_1875,0.1035537767684607,0.1407348364011007,0.04712151735889854,0.07231336618838305,1.0019726718536321,-0.2,-0.19867442754486575,0.0,-0.0003659784960010626,0.19999999999999996,0.20897193603601316,1.0471975511965976,1.0485687351854063,0.6,0.6008304101880668,1.5707963267948966,1.5708731689210627
grid_1876,0.10051091972919957,0.10427715879298283,0.06856292609644207,0.061188953838879886,0.9980461008704857,-0.2,-0.19892408181848342,0.0,-0.00012700187436021082,0.19999999999999996,0.2088381907859933,1.0471975511965976,1.0488490077455728,0.19999999999999996,0.2021833700775355,1.5707963267948966,1.5707967939851528
grid_1877,0.20834049776607116,0.2718625267753031,0.07477325971470833,0.09592034714612244,1.0011346781199466,-0.2,-0.19910675150581092,0.0,-0.00158140630262249,0.19999999999999996,0.20656400080127835,1.0471975511965976,1.0466333142657032,0.19999999999999996,0.19925316664932957,1.0471975511965976,1.051355994389617
grid_1878,0.14675484171999353,0.130865842593155,0.07657274320270774,0.07683822091329813,0.9895015464136684,-0.2,-0.19993631465638373,0.0,-0.0009523627668786006,0.19999999999999996,0.20507296786618223,1.0471975511965976,1.0475086151402238,0.19999999999999996,0.1987383325982881,0.5235987755982988,0.5269612363550022
grid_1879,0.13234021104391763,0.10480701247285043,0.1582726345505525,0.11994314921998754,1.0033547750584157,-0.2,-0.2024450290366735,0.0,-0.0020330920999693802,0.19999999999999996,0.20087326987467335,1.0471975511965976,1.0456811844996476,0.19999999999999996,0.19727531384258157,0.0,-0.00020327915294160448
grid_1880,0.18949109990577492,0.25077634410343935,0.1343861276207689,0.12655815731373463,0.9908930698226026,-0.2,-0.2009996477428917,0.0,0.0007184569500093829,0.19999999999999996,0.2012845326298267,1.0471975511965976,1.0520363046555055,-0.2,-0.20226581557981582,0.0,0.002952138842812424
grid_1881,0.25786968662897175,0.33977163284408096,0.46072246239476033,0.2899205966557365,0.9981186954014385,-0.2,-0.2004906624080851,0.0,0.0001371314182980754,0.19999999999999996,0.20353336594488436,1.0471975511965976,1.0497251159978918,-0.2,-0.2007696914570003,0.5235987755982988,0.5253850985595214
grid_1882,0.33395196164566315,0.28318982522215536,0.349830782024749,0.16641904749402261,0.9994973607327319,-0.2,-0.19963280837649133,0.0,0.001081875862279702,0.19999999999999996,0.20758147434273422,1.0471975511965976,1.0523609261491824,-0.2,-0.1988585075436733,1.0471975511965976,1.048225221705553
grid_1883,0.1239562015668741,0.10940537194475249,0.1986089536697973,0.1908936984547481,1.0051442713078163,-0.2,-0.19838426627655892,0.0,-0.000752934664532745,0.19999999999999996,0.2095238789441547,1.0471975511965976,1.0468089035537886,-0.2,-0.19518969780549966,1.5707963267948966,1.5700134601533753
grid_1884,0.19834159953993397,0.2604667948438932,0.2645501069766138,0.2417371236355896,0.9974185621993076,-0.2,-0.19864759569958945,0.0,0.0007272010191448075,0.19999999999999996,0.21016182578874965,1.0471975511965976,1.050369503732135,-0.6,-0.5948388588125724,1.5707963267948966,1.567644097841364
grid_1885,0.2690894347052777,0.23934694282830823,0.36199644165419514,0.18993969918345505,1.0019391360764964,-0.2,-0.19967395318275294,0.0,0.0009183722411734152,0.19999999999999996,0.20580727734353133,1.0471975511965976,1.0498909656051802,-0.6,-0.5968529827920452,1.0471975511965976,1.0451180666443767
grid_1886,0.23409767318781735,0.2502235931304939,0.6023375205071553,0.3756278925265783,1.0007213742756167,-0.2,-0.2011964724743711,0.0,0.001815341564888051,0.19999999999999996,0.2019075798404586,1.0471975511965976,1.0527629797358262,-0.6,-0.5984527636109602,0.5235987755982988,0.5247691472576204
grid_1887,0.5043038273277046,0.3029176738077156,0.550355063566358,0.3280950535625206,0.9915521364936335,-0.2,-0.2022047356625407,0.0,0.001385511628289926,0.19999999999999996,0.19945518849362287,1.0471975511965976,1.0507585417777365,-0.6,-0.5968229809803312,0.0,0.003933736731940307
grid_1888,0.7903309852753897,0.6417037851101167,1.2285771244055876,0.08605390035723356,1.007879016509297,-0.2,-0.20435408738054495,0.0,0.004534969904156583,0.19999999999999996,0.19600637511510666,0.5235987755982988,0.5372185031797629,-0.6,-0.6010489784127415,0.0,0.007408543504687337
grid_1889,0.26146531543782636,0.20022120892838818,0.6530459973525023,0.3069025526915087,0.9999978416108254,-0.2,-0.20061998672909898,0.0,0.0025125661515525977,0.19999999999999996,0.20138570092477703,0.5235987755982988,0.5309767654651534,-0.6,-0.5993306479792766,0.5235987755982988,0.5263595036622606
grid_1890,0.6291385369378569,0.5201456415336843,0.5525514753781189,0.19465737914206233,0.9974496294639879,-0.2,-0.1992599378627915,0.0,0.0027009418173005173,0.19999999999999996,0.20864661658904105,0.5235987755982988,0.5316867605671236,-0.6,-0.5952340864310273,1.0471975511965976,1.0480869191343603
grid_1891,0.3795150314318113,0.44891272276774963,0.1145436656992026,0.11982270873458115,1.0092605850356908,-0.2,-0.19856838135107413,0.0,-0.0002220251571047882,0.19999999999999996,0.2157896906353498,0.5235987755982988,0.5272561559209095,-0.6,-0.5963597574892088,1.5707963267948966,1.5707737523969314
grid_1892,0.32187088477099157,0.3777211648165081,0.030266348785673157,0.051889133388257645,1.005114714656323,-0.2,-0.19814583908193306,0.0,-0.0010439421520453962,0.19999999999999996,0.21049520323409165,0.5235987755982988,0.5243663768326297,-0.2,-0.19710065397738497,1.5707963267948966,1.5707500420423868
grid_1893,0.30163107438159936,0.28297697600049276,0.15146616740948649,0.1290515120448562,1.0035330765281727,-0.2,-0.1986908447972482,0.0,0.00021615590080426017,0.19999999999999996,0.20986073477305123,0.5235987755982988,0.5278919837731637,-0.2,-0.1967938530513358,1.0471975511965976,1.0503945870252567
grid_1894,0.4311364622268344,0.5167840182264983,0.13121027541603164,0.11172967321577408,0.999979629942359,-0.2,-0.19866379563143166,0.0,-0.00013375885288180456,0.19999999999999996,0.20913427579461175,0.5235987755982988,0.5259027001961005,-0.2,-0.19915568018518748,0.5235987755982988,0.5256823237998756
grid_1895,0.19730015912215587,0.21543734365646605,0.08998175158245611,0.0813872948680227,0.9882228995487216,-0.2,-0.19991635614921588,0.0,-0.0006549516887561779,0.19999999999999996,0.20430838736730728,0.5235987755982988,0.5266942075202188,-0.2,-0.20321215615196575,0.0,0.0014514349672571925
grid_1896,0.7362082002004181,0.6442079902837781,0.9474861016786686,0.048345265312141776,1.0103775002653566,-0.2,-0.1988023979812592,0.0,-0.005609113014298117,0.19999999999999996,0.20387292682306146,0.5235987755982988,0.5142788366447677,0.19999999999999996,0.19330362745348317,0.0,-0.00517388893437154
grid_1897,0.32848134912377236,0.2639758617870062,0.5748433643925575,0.2506534037059142,0.9922248012592426,-0.2,-0.19927162550626765,0.0,-0.004467225710429901,0.19999999999999996,0.20793422260205574,0.5235987755982988,0.5170544318489307,0.19999999999999996,0.20000315755960774,0.5235987755982988,0.5226698151030229
grid_1898,0.3090626752564673,0.201052613594232,0.2548611612603665,0.1132728938291838,0.9905786161802776,-0.2,-0.1980546893411006,0.0,-0.0022919157534797563,0.19999999999999996,0.2118504511238486,0.5235987755982988,0.5233707855508998,0.19999999999999996,0.20378568790220175,1.0471975511965976,1.0492809910050038
grid_1899,0.23307366222675513,0.2240333339001911,0.06068361073841022,0.07670770337014009,0.9979454509418932,-0.2,-0.19896279726217436,0.0,-0.0007818489665760708,0.19999999999999996,0.2099001006056147,0.5235987755982988,0.52679635484371,0.19999999999999996,0.2021812096435145,1.5707963267948966,1.5707959172927026
grid_1900,0.34933846634345583,0.264877117576233,0.10232418222778468,0.0887765216548836,1.0025085019596873,-0.2,-0.19951968645697793,0.0,-0.0016614964133356835,0.19999999999999996,0.20847272022539443,0.5235987755982988,0.5244527635929206,0.6,0.6015007552728706,1.5707963267948966,1.5708039030012504
grid_1901,0.49125021459627627,0.5080538072313169,0.6460104805204411,0.1441971310887335,0.9992532193697364,-0.2,-0.20055472290189602,0.0,-0.0032093784750868437,0.19999999999999996,0.2066708781036688,0.5235987755982988,0.5208704479331141,0.6,0.6012698612497429,1.0471975511965976,1.0523206266528389
grid_1902,0.5608766024546548,0.4659504066427065,0.9970636479980592,0.29779772931744725,1.005131838863702,-0.2,-0.1999961711433782,0.0,-0.006237818926812189,0.19999999999999996,0.20503469317426148,0.5235987755982988,0.5119238869038423,0.6,0.6004203559320587,0.5235987755982988,0.5224184508368639
grid_1903,0.5041662928544401,0.3447398732236766,1.475129510191503,0.031623698137011054,0.9967576681433254,-0.2,-0.20464923368915944,0.0,-0.007973553888183105,0.19999999999999996,0.19222769540664597,0.5235987755982988,0.5063744004541331,0.6,0.5899836118679733,0.0,-0.009757369885970313
grid_1904,1.3581039277823723,0.7276747070752518,0.03855587461680352,0.045193955800257195,0.9829405379171074,-0.2,-0.24276224663563895,0.0,-0.027148117964256535,0.19999999999999996,0.0963045253993089,0.0,-0.025816275414533685,0.6,0.5234486440891146,0.0,-0.005912437820604133
grid_1905,1.9310612952387434,2.068485604059213,0.4494155466725707,0.046997095726550045,1.1279391650605386,-0.2,-0.19151247357782264,0.0,-0.04849534350550311,0.19999999999999996,0.214660620198047,0.0,-0.04841274167197884,0.6,0.5932945706159147,0.5235987755982988,0.5194670421978431
grid_1906,0.19348690405541755,0.1780070651434679,0.6424268783030497,0.1305521791324284,1.0003599006756745,-0.2,-0.20153698344267834,0.0,-0.00917468130057042,0.19999999999999996,0.20354777766108612,0.0,-0.017833129042625906,0.6,0.6014168685320564,1.0471975511965976,1.0440579901607974
grid_1907,0.21787366369685507,0.25902832651256663,0.4570145866742882,0.12271191694841033,1.000840381104896,-0.2,-0.20450987988556957,0.0,-0.005530567258404062,0.19999999999999996,0.2044952981794852,0.0,-0.007930349808050963,0.6,0.6010238583630629,1.5707963267948966,1.570669680001946
grid_1908,0.33046735144329853,0.2869212002961399,0.2956397776321058,0.0899427237378432,0.9970853580580432,-0.2,-0.20036517671836762,0.0,-0.0034885818817409486,0.19999999999999996,0.21123924575385278,0.0,-0.003685141623584798,0.19999999999999996,0.20415684026355585,1.5707963267948966,1.5707664748931638
grid_1909,0.2609919800574501,0.32080420414432953,0.6532451156713213,0.0776235545860731,1.0023616634729333,-0.2,-0.19940759949110465,0.0,-0.0075737040657548604,0.19999999999999996,0.21149219007643705,0.0,-0.013013367714317603,0.19999999999999996,0.20289865466752666,1.0471975511965976,1.0453169665355801
grid_1910,1.2913968096753972,1.244800047871727,0.17642114378435308,0.043458730351535274,0.9999179918050892,-0.2,-0.21519924964279635,0.0,0.0018345726224842096,0.19999999999999996,0.1735696030514191,0.0,-0.03867183404483043,0.19999999999999996,0.17419684710045402,0.5235987755982988,0.49550289506185585
grid_1911,1.2358361548185215,1.129666714612167,0.003284182134876746,0.008410048251454593,0.4426216733508448,-0.2,-0.1915649463611837,0.0,-0.014139841899238448,0.19999999999999996,0.12052996065311916,0.0,0.06463833651520545,0.19999999999999996,0.19610040492827707,0.0,0.051263760453504226
grid_1912,0.3504046948636612,0.36764573178444065,0.04941617764283225,0.07221597912576726,0.9985514612190409,-0.2,-0.19486133570505082,0.0,0.5246430146272223,0.19999999999999996,0.21333016892204792,0.0,0.1582659745759134,-0.2,-0.20261855576169552,0.0,0.1174160737221106
grid_1913,2.4940705609892135,1.1378654011197316,0.10089468188120436,0.018432391082052624,0.9596932583908062,-0.2,-0.1928266740215827,0.0,0.0029223576735715184,0.19999999999999996,0.23687089604663125,0.0,-0.03806402793333685,-0.2,-0.17564979757139643,0.5235987755982988,0.49252934947848814
grid_1914,0.15897804603756022,0.1325309305638917,0.1824770350908269,0.08377855356402499,1.0296255095337101,-0.2,-0.197593127269732,0.0,-0.0029961609200590544,0.19999999999999996,0.21617486036757683,0.0,-0.003662418843209281,-0.2,-0.1904471479231482,1.0471975511965976,1.0490129334021736
grid_1915,0.3500932496994112,0.3042343205015378,0.16187140921226997,0.08903474258864966,1.0024823093432857,-0.2,-0.19877922904913348,0.0,-0.0025550631933022316,0.19999999999999996,0.21720483036518257,0.0,-0.0024991177516504592,-0.2,-0.1949829167374757,1.5707963267948966,1.570827036604192
grid_1916,0.22956861032773604,0.17220289204646752,0.021020623025372102,0.03201372572486525,1.0002915522263636,-0.2,-0.20178927665722313,0.0,-0.0017236002216485247,0.19999999999999996,0.21479390340974014,0.0,-0.0008226350845763619,-0.6,-0.5932076587075574,1.5707963267948966,1.570910396537923
grid_1917,0.402305321550223,0.23168642633677464,0.26410811497130005,0.16430814728521517,0.9981106520183533,-0.2,-0.20612821025164063,0.0,0.0038986890308869704,0.19999999999999996,0.20455323809140502,0.0,0.009520448602674314,-0.6,-0.5930937616569558,1.0471975511965976,1.0518977731776884
grid_1918,1.053497255791443,0.8134470518892016,0.3287313455983942,0.016619249671259967,0.9720749250964094,-0.2,-0.18528126034698822,0.0,0.022197315665545503,0.19999999999999996,0.24978778792664347,0.0,0.0026428817126866733,-0.6,-0.5707602846468598,0.5235987755982988,0.5157369338357718
grid_1919,1.029273390017421,0.5839921749870003,1.2115569527600016,0.15721410270415492,1.0016256544707303,-0.2,-0.19970937021144852,0.0,0.49898604998075946,0.19999999999999996,0.20454937897394476,0.0,0.2780244340566549,-0.6,-0.6012214607431785,0.0,0.007637240828215042
grid_1920,3.8549884429856682,1.668857178451352,0.7780063633982683,0.045885128817301606,0.9730342030164912,-0.2,-0.2188476684991656,0.0,0.02163419596070959,-0.2,-0.23692534865096437,0.0,0.011884647173797447,-0.6,-0.6157327964422636,0.0,-0.005137393079047925
grid_1921,1.0779914140487454,0.8812769280679419,0.2491875067616594,0.25267702850860857,0.996505367726515,-0.2,-0.20674786373257792,0.0,0.01659020200276906,-0.2,-0.206158756936218,0.0,0.015393051721719786,-0.6,-0.6009804547711184,0.5235987755982988,0.5203513239001651
grid_1922,0.2392907075794378,0.2251874952738894,0.8761678341198536,0.25578747919564465,1.0062062039225317,-0.2,-0.20379976026468505,0.0,0.010286093988614908,-0.2,-0.19891391077447196,0.0,0.01814306284406353,-0.6,-0.5978239203188469,1.0471975511965976,1.0458500429426651
grid_1923,0.16548673153787075,0.14521416729694192,0.9765280330665789,0.12010656523309618,1.0113394670916378,-0.2,-0.20500210498555482,0.0,0.008583861578352447,-0.2,-0.1955996126241697,0.0,0.012921463212042461,-0.6,-0.5943130854965659,1.5707963267948966,1.5682217717647173
grid_1924,0.147237278739291,0.16644363705446844,0.9173674870241249,0.11277166099132432,0.9930230884765837,-0.2,-0.1965652159668121,0.0,0.008434558427810046,-0.2,-0.1789802814420831,0.0,0.011760613224200078,-0.2,-0.19410586006690966,1.5707963267948966,1.5700629243322295
grid_1925,0.2763626030291815,0.19166388150986668,1.1771287913067199,0.14283494791295356,1.0009421332894448,-0.2,-0.20702398346452533,0.0,0.011481733635315905,-0.2,-0.20098362700683836,0.0,0.019176076326723468,-0.2,-0.1981277450501162,1.0471975511965976,1.0499205467244668
grid_1926,1.0410887614278366,0.7561461428597209,0.14002167684708317,0.034276694651137536,0.9942237269673745,-0.2,-0.21131900068322373,0.0,0.03167750360759136,-0.2,-0.2179676787622311,0.0,0.020469437918531952,-0.2,-0.20915187146006353,0.5235987755982988,0.5166636019401762
grid_1927,3.8317447424455047,2.048802695814693,0.6610077435918884,0.017696736474791284,1.0017613873378994,-0.2,-0.22203500414341182,0.0,0.019328992658270927,-0.2,-0.24691534472256382,0.0,0.005685557016884779,-0.2,-0.2302191984919446,0.0,-0.008920525349418007
grid_1928,2.4467348864252627,2.0689279971149293,0.35979310299479217,0.041479370206082514,0.995699417129073,-0.2,-0.24123938311619497,0.0,0.009551821030000518,-0.2,-0.27065717317870686,0.0,-0.012687147983946545,0.19999999999999996,0.1630026949517802,0.0,-0.01711184510040198
grid_1929,1.058230713768035,0.8194310561359265,0.1863106762000968,0.021166161823041492,1.0069993147437724,-0.2,-0.21404961144610812,0.0,0.03272523507421887,-0.2,-0.22363332454436957,0.0,0.017700011238302338,0.19999999999999996,0.17664511493240198,0.5235987755982988,0.5159352487622408
grid_1930,0.2577321448402659,0.18228403397976417,1.0649767960515537,0.1041902548155076,1.0043339429356655,-0.2,-0.1980352975558839,0.0,0.008229531722149908,-0.2,-0.18595577285142362,0.0,0.01162205769650182,0.19999999999999996,0.2052920332683872,1.0471975511965976,1.0485165288157505
grid_1931,0.1653833833391952,0.11312466386511168,0.9513242825596313,0.07919267664414281,0.9991961178214991,-0.2,-0.1986047474137953,0.0,0.00780139425096138,-0.2,-0.18716041358515412,0.0,0.010943843109038731,0.19999999999999996,0.20429582574236171,1.5707963267948966,1.569728864766394
grid_1932,0.14897888892238428,0.133480103852281,0.7764112640491625,0.09895644282915658,0.993224221346316,-0.2,-0.20001146004200532,0.0,0.005914919572954425,-0.2,-0.18833877569171698,0.0,0.007374161440011129,0.6,0.6038107357859559,1.5707963267948966,1.5699317518903504
grid_1933,0.24524487437157352,0.2424337704601203,0.44011974798256215,0.1029194598394318,1.0012998632975196,-0.2,-0.1942892951577253,0.0,0.004982062672904242,-0.2,-0.1822536420813048,0.0,0.0032278599971924393,0.6,0.6035802240219894,1.0471975511965976,1.046243291075136
grid_1934,0.5667913896073126,0.5104590750522846,0.025815155300708464,0.02095258578440832,0.9952145755309807,-0.2,-0.222253483247151,0.0,0.02433098195634109,-0.2,-0.2423777505761633,0.0,-0.001290896040796241,0.6,0.571491072959823,0.5235987755982988,0.5107289328167797
grid_1935,0.960153582656571,0.5326385313136128,0.1598415250870195,0.0881662666180474,0.9973138478280766,-0.2,-0.19673936582339557,0.0,0.5551194010218587,-0.2,-0.1990277474279054,0.0,0.2755101097280779,0.6,0.5888458323653536,0.0,-0.003083609615265992
grid_1936,0.4832239565598562,0.3043245113279424,0.3994026258477113,0.11081138377205316,1.0014560548118603,-0.2,-0.1986470641310092,0.0,0.0004672034288457638,-0.2,-0.19573537641522432,0.5235987755982988,0.5197336832385835,0.6,0.5937042835326931,0.0,-0.005473769944910778
grid_1937,0.24575996046149623,0.27172997388166564,0.22935479358885794,0.19339049818876963,0.9941817592025677,-0.2,-0.19854232948517847,0.0,-0.00044760619433503734,-0.2,-0.19034591641964216,0.5235987755982988,0.5191314253786894,0.6,0.5996437633063936,0.5235987755982988,0.5213865266862046
grid_1938,0.2873596054281368,0.2727370538508932,0.12662167880829905,0.0893225909226945,1.0016583513583464,-0.2,-0.1985679922537864,0.0,0.0013554524550460911,-0.2,-0.1895299852595329,0.5235987755982988,0.5251425163748662,0.6,0.6012760037600673,1.0471975511965976,1.0481533925543642
grid_1939,0.3066008616455133,0.36888579406316263,0.18088851070394082,0.10954484145337459,0.999052544975225,-0.2,-0.1980596111017654,0.0,0.002178406350412665,-0.2,-0.18773476151603763,0.5235987755982988,0.5265647099387403,0.6,0.6028822806642316,1.5707963267948966,1.5705106063553602
grid_1940,0.29868502608315783,0.41491261848444716,0.26248715860004473,0.10191171635220778,0.9946807901627821,-0.2,-0.19819522398380585,0.0,0.0019286185952500645,-0.2,-0.18485924078438742,0.5235987755982988,0.5258033536499385,0.19999999999999996,0.2038090724837165,1.5707963267948966,1.5698503065844935
grid_1941,0.4707587292544818,0.4024708221121653,0.09783453255714947,0.10915273056420041,1.003111428202029,-0.2,-0.19760322462255875,0.0,0.002182807898800654,-0.2,-0.18569007465317355,0.5235987755982988,0.5243280562831361,0.19999999999999996,0.20237597145514385,1.0471975511965976,1.0461445708797745
grid_1942,0.5560951662100054,0.3609948748532991,0.2200513018378873,0.17496649888611704,0.9996670922453648,-0.2,-0.19829609650110225,0.0,0.0027810756360766575,-0.2,-0.18779429301807227,0.5235987755982988,0.5266152470348864,0.19999999999999996,0.2004557664439952,0.5235987755982988,0.5236377069287039
grid_1943,0.4970305141228681,0.5040016016451085,0.7022385857121163,0.11844586346678533,0.9993674110339157,-0.2,-0.19839330013314616,0.0,0.005299505602426535,-0.2,-0.19388646804952359,0.5235987755982988,0.5310910912924482,0.19999999999999996,0.1952207315489236,0.0,0.0008666495818605569
grid_1944,0.492085487251289,0.4791948255335451,1.2162457351525027,0.0590623459622333,0.9841155343130321,-0.2,-0.20276409675510365,0.0,0.007292673783728887,-0.2,-0.19907097739154267,0.5235987755982988,0.5369213673042585,-0.2,-0.20276097854409425,0.0,0.005220289026946823
grid_1945,0.34292202675364203,0.42652679377175823,1.0371299710013822,0.22916926645460556,0.9998574980081335,-0.2,-0.2005649636837834,0.0,0.0055232863137248955,-0.2,-0.19524411347126502,0.5235987755982988,0.5333175659007896,-0.2,-0.20189203382419052,0.5235987755982988,0.5243621935114628
grid_1946,0.36343693205875305,0.3562818538676408,0.6230192333131896,0.28219383046548085,1.0005643807561724,-0.2,-0.19828324130125363,0.0,0.003475328809884992,-0.2,-0.18716977586913774,0.5235987755982988,0.5287600075177155,-0.2,-0.19587490833434273,1.0471975511965976,1.044695520310122
grid_1947,0.38632542124679947,0.4755832504917693,0.4594797569556729,0.1572009620730318,1.009264521013251,-0.2,-0.1982109128131846,0.0,0.0025094072001925483,-0.2,-0.1846114139885735,0.5235987755982988,0.5267708197397418,-0.2,-0.19494496130146377,1.5707963267948966,1.5676756950418582
grid_1948,0.341210736616475,0.31100249791125073,0.4922020487838329,0.1363754347010496,0.9981835912708835,-0.2,-0.19813746183543302,0.0,0.003408911399457537,-0.2,-0.18166037642202948,0.5235987755982988,0.5291632652893288,-0.6,-0.5941256629495815,1.5707963267948966,1.5652188812965804
grid_1949,0.4005263717386674,0.4820522618243642,0.8546419357075635,0.1931433186133623,0.9930587559603422,-0.2,-0.19976525728290628,0.0,0.0042974090504834805,-0.2,-0.19146865468916996,0.5235987755982988,0.5295605675001447,-0.6,-0.5956645389900919,1.0471975511965976,1.043334176473338
grid_1950,0.8517049253016035,0.5870168819046871,1.053801746884234,0.2575968005739538,1.000388088795384,-0.2,-0.20290857426640674,0.0,0.005182167923342362,-0.2,-0.19948131058068164,0.5235987755982988,0.5321162521122007,-0.6,-0.5987807198973023,0.5235987755982988,0.5230947413720273
grid_1951,0.31175669546835205,0.3341351406198543,1.2854671155169284,0.07249205076777757,0.9951561424214411,-0.2,-0.20972390270410557,0.0,0.004963210981856925,-0.2,-0.20914426228857153,0.5235987755982988,0.5338923050387381,-0.6,-0.5993212838921709,0.0,0.004790707999225319
grid_1952,0.650278308782259,0.4089396962671674,0.7274202047557269,0.19454170082565944,1.0036161874336909,-0.2,-0.20351175446380054,0.0,0.0031555721239415746,-0.2,-0.1994135608124088,1.0471975511965976,1.0519235523801438,-0.6,-0.59811371384236,0.0,0.0017547234339208018
grid_1953,0.3365489986442715,0.254918411115328,0.5324346864048073,0.2594648328068784,1.0042911709159004,-0.2,-0.1997401491576012,0.0,0.0020540935735642307,-0.2,-0.1929539877357236,1.0471975511965976,1.04836201828134,-0.6,-0.5988253108621464,0.5235987755982988,0.52022918387242
grid_1954,0.34242502609698344,0.25299335841316345,0.5058905637677594,0.16061707799779076,1.0028984612364353,-0.2,-0.19939270360625283,0.0,0.002385522501514359,-0.2,-0.19079580652143768,1.0471975511965976,1.0516903345359898,-0.6,-0.5972760977796989,1.0471975511965976,1.0395409559426332
grid_1955,0.2141004545945025,0.17800711351603832,0.23805986522111655,0.16668002277112143,1.0037447068253391,-0.2,-0.19793220965834024,0.0,0.001084330378197329,-0.2,-0.18600367569972764,1.0471975511965976,1.0494635100929832,-0.6,-0.5961491226215845,1.5707963267948966,1.562858395186982
grid_1956,0.1774384103445273,0.18262587119040105,0.015437992412001925,0.03306910448679945,1.0010190308434894,-0.2,-0.19646294427012823,0.0,0.00010651072396683503,-0.2,-0.18479531128799564,1.0471975511965976,1.0470375428563719,-0.2,-0.196441811532992,1.5707963267948966,1.568411183583418
grid_1957,0.3758708982764011,0.2900229542443865,0.21271587537849207,0.13229089248937811,0.9937517441772521,-0.2,-0.19839046680916894,0.0,0.0006054494552110157,-0.2,-0.19021704555231,1.0471975511965976,1.0463854222794975,-0.2,-0.19946050493870615,1.0471975511965976,1.0436233385041955
grid_1958,0.1988636719257337,0.19078403614790063,0.45815689839176565,0.20984500763477607,0.9993316065378626,-0.2,-0.19973743422462498,0.0,0.0024999826934930525,-0.2,-0.19330622731633262,1.0471975511965976,1.0521001579033804,-0.2,-0.20140419290419853,0.5235987755982988,0.5220465745180398
grid_1959,0.33881334996065365,0.3544919809789635,0.6631050669255979,0.12171496807495352,0.9948393766547371,-0.2,-0.20040784235834241,0.0,0.0028988805375833593,-0.2,-0.19758687871468972,1.0471975511965976,1.0531570608935183,-0.2,-0.20265481154629494,0.0,0.0008308269068972862
grid_1960,0.30745241665771533,0.28864706349152663,0.08773536390718487,0.09146838712057306,1.0030399210466734,-0.2,-0.20001946605876775,0.0,0.000663229979626756,-0.2,-0.1972452608516333,1.0471975511965976,1.0480738088569792,0.19999999999999996,0.19471313338965412,0.0,-0.0016675300004473925
grid_1961,0.1832864583691372,0.16951440730244063,0.17400208325851263,0.11183625054590234,1.006356970278418,-0.2,-0.19930958689399692,0.0,0.0003702138906334085,-0.2,-0.19321096375288516,1.0471975511965976,1.0476468647950954,0.19999999999999996,0.19769558448730784,0.5235987755982988,0.5223289697708946
grid_1962,0.3088480938198666,0.30448892000525873,0.1625979424773687,0.15908204323818043,1.0052440795229993,-0.2,-0.19793880756589566,0.0,-0.0011956644478114953,-0.2,-0.1841714480472172,1.0471975511965976,1.0436220049167098,0.19999999999999996,0.20062796508248937,1.0471975511965976,1.0471316384734646
grid_1963,0.16877273924614303,0.1463335754127278,0.04089224220684952,0.071838433102076,0.9918018602725258,-0.2,-0.1982305412973666,0.0,0.000131651049703585,-0.2,-0.18324817726044706,1.0471975511965976,1.0477303526806283,0.19999999999999996,0.20322830594130892,1.5707963267948966,1.5706814797379929
grid_1964,0.13305042764866762,0.08076668325080706,0.047106696123516645,0.0777212278527362,1.0045776494428573,-0.2,-0.19763524131646104,0.0,0.0006577350140490879,-0.2,-0.1827674417895473,1.0471975511965976,1.047688831875428,0.6,0.6023459622941072,1.5707963267948966,1.5708211906738123
grid_1965,0.47735000488534834,0.33215322204588427,0.13905482919191278,0.11726660173827656,1.0029540286962093,-0.2,-0.19857167324425617,0.0,-0.00036283049535601464,-0.2,-0.18788085416032096,1.0471975511965976,1.047317770289503,0.6,0.5994583566734173,1.0471975511965976,1.0503452163895348
grid_1966,0.12724163375354852,0.12490756266540982,0.3031710604706544,0.22308111819659068,1.0011635466774191,-0.2,-0.19906766036333234,0.0,-0.0006773312217704941,-0.2,-0.19288656633360102,1.0471975511965976,1.0468597896774394,0.6,0.5980520973597656,0.5235987755982988,0.52452055546983
grid_1967,0.20468117224362808,0.13427267591957387,0.4961656096951068,0.3499581656052878,1.0050468671290742,-0.2,-0.20089668778775938,0.0,-0.001684441706585993,-0.2,-0.1982711462878033,1.0471975511965976,1.0431063880469287,0.6,0.5980907983982569,0.0,-0.004247111288677274
grid_1968,0.23084574604324298,0.23476130176612534,0.5641767161847943,0.4309906220226237,0.9986873353866361,-0.2,-0.2014677490827177,0.0,-0.0022378097086646065,-0.2,-0.1979293627818981,1.5707963267948966,1.5689054939337073,0.6,0.600107683341836,0.0,-0.003267758079796401
grid_1969,0.21986812079556645,0.16699436748932908,0.5170588356396699,0.2669276403697284,1.0006438595773994,-0.2,-0.1993658727594898,0.0,-0.001744363894305323,-0.2,-0.19286278037856341,1.5707963267948966,1.5698497982873212,0.6,0.5983425308798926,0.5235987755982988,0.526850407763801
grid_1970,0.23195147540949046,0.2718166508163956,0.22313800885589524,0.1344071599673865,0.9966108253205264,-0.2,-0.1976556179873281,0.0,-0.0013093733302156352,-0.2,-0.18501337043872024,1.5707963267948966,1.5702671494757885,0.6,0.5982335294943626,1.0471975511965976,1.0556346569648793
grid_1971,0.18747116886067935,0.1505759239393378,0.1439689398831683,0.15322574084477328,0.989815438464104,-0.2,-0.1969106481286671,0.0,0.0004328810408145145,-0.2,-0.18516132476886504,1.5707963267948966,1.5708800905129596,0.6,0.5998646990816097,1.5707963267948966,1.5708507585393203
grid_1972,0.11958092940258931,0.1421024442427673,0.023315039417689375,0.04492273663682046,0.9961474767717486,-0.2,-0.196927221875276,0.0,-0.0006479093496816191,-0.2,-0.17697532280607398,1.5707963267948966,1.5708078378712065,0.19999999999999996,0.20213804354072984,1.5707963267948966,1.5708661237129835
grid_1973,0.23824666668860983,0.16017339586702248,0.05697668379372124,0.07140039828459015,1.0018084502583178,-0.2,-0.19878573569889113,0.0,-0.0005808625368475262,-0.2,-0.18732232226983658,1.5707963267948966,1.570785531715873,0.19999999999999996,0.19922017880927,1.0471975511965976,1.0502327144652757
grid_1974,0.1489587993005725,0.19466613811429273,0.19318862254012437,0.16102872755692696,0.9977858222395998,-0.2,-0.19909581958502276,0.0,-0.0009523459561826542,-0.2,-0.19335291869928728,1.5707963267948966,1.5705031122345376,0.19999999999999996,0.19675545607868195,0.5235987755982988,0.5244021988022682
grid_1975,0.23343464246709256,0.14172924636399015,0.28822432671396203,0.17065047988183682,0.9965383334196591,-0.2,-0.20028233355932645,0.0,0.0002787406758333333,-0.2,-0.19736776518537358,1.5707963267948966,1.5708498470546894,0.19999999999999996,0.19560973450380814,0.0,-0.0012871349804699506
grid_1976,0.21278293727247286,0.17723723467406874,0.3997530393602912,0.21907936239791576,0.9970497461648458,-0.2,-0.1981954492826894,0.0,0.0005050963574078082,-0.2,-0.19665097153119238,1.5707963267948966,1.5708393170302148,-0.2,-0.20421966459703444,0.0,-0.0011418715762605558
grid_1977,0.16626492914606125,0.15158498173547683,0.07608235238126812,0.11553769196722481,0.9967966587831475,-0.2,-0.1991481052269961,0.0,0.0004815127787107798,-0.2,-0.19241987324013277,1.5707963267948966,1.5708849280772839,-0.2,-0.20228739423798547,0.5235987755982988,0.5215628758825934
grid_1978,0.15650573607954282,0.12983349662435634,0.09674943632817089,0.06274963456936332,0.995902235013937,-0.2,-0.19871942379694651,0.0,0.0005012859028665773,-0.2,-0.1892757153892095,1.5707963267948966,1.5709188060933714,-0.2,-0.20071081696488946,1.0471975511965976,1.0448281119998049
grid_1979,0.17566846646195983,0.14397153411203614,0.04603837631183391,0.07981334095527602,1.0067600799931316,-0.2,-0.19731134190532362,0.0,0.000876775491152948,-0.2,-0.18041503566465966,1.5707963267948966,1.570859702583121,-0.2,-0.19662667656452637,1.5707963267948966,1.5702585961037796
grid_1980,0.1527726638874007,0.23393580799390615,0.02354808354580922,0.040521476188562076,1.0001813060416902,-0.2,-0.19768158396983093,0.0,0.0002958094011562551,-0.2,-0.1845145425246555,1.5707963267948966,1.5709187788746295,-0.6,-0.5958186022576406,1.5707963267948966,1.563451208012891
grid_1981,0.17045285074012304,0.11289609465904803,0.1835889283209873,0.17094628601291542,0.9917203102588366,-0.2,-0.1987442561252042,0.0,0.0006948821321026699,-0.2,-0.18942832216508876,1.5707963267948966,1.5708511450832354,-0.6,-0.5985961766550147,1.0471975511965976,1.0411461806539668
grid_1982,0.13203759607238022,0.10956416761237968,0.1911338266153413,0.12262999734283729,0.9995401081064041,-0.2,-0.19964295540468147,0.0,0.001049860726119789,-0.2,-0.19361165979805417,1.5707963267948966,1.570632185079778,-0.6,-0.5983805839841594,0.5235987755982988,0.5194096303200268
grid_1983,0.08147473143212322,0.09261454561108941,0.7417718109343563,0.3856252875997033,1.0082382670815426,-0.2,-0.2009429817213224,0.0,0.001408544084458896,-0.2,-0.19885003494493958,1.5707963267948966,1.5706757179355026,-0.6,-0.5987375860722812,0.0,-0.0005753252432878497
grid_1984,0.1917288550171102,0.31376281052193195,0.4729188409094641,0.30431222654827933,1.0018200487160214,-0.2,-0.20054073307805353,0.0,0.0010012457142218878,-0.6,-0.5958546934129654,1.5707963267948966,1.5708418265390485,-0.6,-0.6000826392398935,0.0,-0.003624369761031865
grid_1985,0.17203002763850797,0.2236862523793652,0.1381301918101078,0.12201851584455685,1.007033482988413,-0.2,-0.19843013668448428,0.0,-0.0007065593721904406,-0.6,-0.5897648923026448,1.5707963267948966,1.5684707231298631,-0.6,-0.5999416959208563,0.5235987755982988,0.5152804816518035
grid_1986,0.25075040723076936,0.2281724710427573,0.08113693987327611,0.08639122006956457,1.0080099885862703,-0.2,-0.19779100347268486,0.0,-0.0004820972539265611,-0.6,-0.5854280210252645,1.5707963267948966,1.5708080117656174,-0.6,-0.5995658703971634,1.0471975511965976,1.0414370779458952
grid_1987,0.21285334944770362,0.13602233924085538,0.0876365291909161,0.07805755573059926,0.9975067767375398,-0.2,-0.19683009288818898,0.0,-2.8681871152791416e-05,-0.6,-0.5756371866482128,1.5707963267948966,1.5708851071182393,-0.6,-0.5980085127316439,1.5707963267948966,1.5679286630713003
grid_1988,0.24498803881430398,0.18031240575092858,0.1566959578295168,0.10777925317742863,1.0020640501878693,-0.2,-0.1970780738873632,0.0,-0.0012599909029731293,-0.6,-0.5746026699105204,1.5707963267948966,1.5707726494214347,-0.2,-0.19903350092634486,1.5707963267948966,1.5708878692605222
grid_1989,0.15221424480397386,0.12574414053255653,0.16535877070937083,0.12887848088132683,0.9965957895236258,-0.2,-0.19803949902119644,0.0,-0.0006310877751651844,-0.6,-0.5858814325905266,1.5707963267948966,1.5707812448293996,-0.2,-0.20126040609461082,1.0471975511965976,1.0456519052496018
grid_1990,0.1163798237289648,0.12098538312409096,0.10366829439037395,0.10367798136496881,0.9951232259400349,-0.2,-0.19854909947913413,0.0,0.00029386232796024814,-0.6,-0.5914670714789594,1.5707963267948966,1.57084711659264,-0.2,-0.2029220305981898,0.5235987755982988,0.5181587693410332
grid_1991,0.16956041935625987,0.14572086895280068,0.5113011514370351,0.48683978299858877,0.9973337504625723,-0.2,-0.20083441781101818,0.0,0.00031322030175218174,-0.6,-0.5938925093314547,1.5707963267948966,1.570701344998378,-0.2,-0.20360101430354227,0.0,-0.004328045988313711
grid_1992,0.19171059755400827,0.15834218513479748,0.6834734736698873,0.43101411425777475,1.0163716072381872,-0.2,-0.19997333246593207,0.0,-0.00015714930400712035,-0.6,-0.5965987857149653,1.5707963267948966,1.57079686283463,0.19999999999999996,0.19545023940883954,0.0,-0.005694266313350127
grid_1993,0.13142544757748437,0.12067264481907841,0.23368726122816613,0.1883972683272718,0.9920834525370814,-0.2,-0.19928223190691163,0.0,-0.00032359105344070827,-0.6,-0.5933002389716622,1.5707963267948966,1.5708309447839026,0.19999999999999996,0.19646817537548156,0.5235987755982988,0.520846217668808
grid_1994,0.17361943602029234,0.1523715887663749,0.19578052785761246,0.15961641295696888,1.0031462839686918,-0.2,-0.1979592732085642,0.0,-0.0008494571108723648,-0.6,-0.5849955730042868,1.5707963267948966,1.5708756690396637,0.19999999999999996,0.19863439265378702,1.0471975511965976,1.0504013499110263
grid_1995,0.3423142452844204,0.2470279504699618,0.14634755808940544,0.10405692889845963,0.9962150721816853,-0.2,-0.1962598515931937,0.0,-0.00032299403987146036,-0.6,-0.5747990231480493,1.5707963267948966,1.5708400890311935,0.19999999999999996,0.20128823839701404,1.5707963267948966,1.5709229231760409
grid_1996,0.2855078455140081,0.21114569547102835,0.47888628780404546,0.17081038847953642,1.0053497295597753,-0.2,-0.19665255697239115,0.0,-0.0014042763218631293,-0.6,-0.574555631290063,1.5707963267948966,1.5707360253536882,0.6,0.6009854708446403,1.5707963267948966,1.5709336740635322
grid_1997,0.1476731491401922,0.12433763640997071,0.3070398440205423,0.1643293929968376,0.9973778681491234,-0.2,-0.19770396425197223,0.0,-0.0010109947516223627,-0.6,-0.5819803122158795,1.5707963267948966,1.570802330556683,0.6,0.5995130609838712,1.0471975511965976,1.055078628857828
grid_1998,0.1779842980584733,0.14170971612357405,0.5842795909314682,0.33234720086529795,0.995069703732681,-0.2,-0.19978932916077063,0.0,-0.002224468788816658,-0.6,-0.5937189668043397,1.5707963267948966,1.569909298136901,0.6,0.6010417087222804,0.5235987755982988,0.5237500844782863
grid_1999,0.22492315626717962,0.2129586695242525,0.25445151263878957,0.15994404227225775,0.9975728062796658,-0.2,-0.19982494393202987,0.0,-0.001895273411769871,-0.6,-0.5964322310625514,1.5707963267948966,1.569924910340565,0.6,0.5977279638037416,0.0,-0.006024373118675541
grid_2000,0.3480069336972633,0.24289726584231439,0.2570890434554749,0.18165892478756568,0.9893535560806489,-0.2,-0.20129761771984533,0.0,0.002088252192370632,-0.6,-0.600242758285205,1.0471975511965976,1.0497494175851392,0.6,0.5926002929396308,0.0,-0.005130778431376548
grid_2001,0.418691257348755,0.35142749349852503,0.3950105389754197,0.3195929560624398,1.0084666166512455,-0.2,-0.19906245644309717,0.0,-0.0004162011049775316,-0.6,-0.5923046964055461,1.0471975511965976,1.045753561373206,0.6,0.5987551293010291,0.5235987755982988,0.5196877655211996
grid_2002,0.13862979730196165,0.18583292482834238,0.14004114226441372,0.13358660753304194,0.9855603349187698,-0.2,-0.19860091343614972,0.0,0.00044961312910718476,-0.6,-0.5867327039755876,1.0471975511965976,1.0478234838102294,0.6,0.5998647339611134,1.0471975511965976,1.046189441318825
grid_2003,0.23102654956829144,0.17779969789262298,0.06181227335880526,0.1090569595276531,1.0028109957729618,-0.2,-0.19748196134287888,0.0,0.0006753039928648619,-0.6,-0.5807525065531669,1.0471975511965976,1.0478304656602981,0.6,0.6022629552139707,1.5707963267948966,1.5708494130899773
grid_2004,0.16261940654152965,0.17093654755084506,0.02732938443075803,0.039521467471641175,0.9961006845613671,-0.2,-0.19746468264891615,0.0,-3.453847588197334e-05,-0.6,-0.5803622031078906,1.0471975511965976,1.0459190984079179,0.19999999999999996,0.20322920620919227,1.5707963267948966,1.570110028631027
grid_2005,0.2984863266595196,0.3151615830657026,0.08324660848738993,0.0900996916435906,0.999860103086547,-0.2,-0.19846699559227243,0.0,0.0003744951924256057,-0.6,-0.5868110343900987,1.0471975511965976,1.0455801340973192,0.19999999999999996,0.19968956069597255,1.0471975511965976,1.0423846540579307
grid_2006,0.3349038609064241,0.30064706588863266,0.3742414501249785,0.2417991948565183,0.9986774450624194,-0.2,-0.19931924934966982,0.0,0.0020877186349217425,-0.6,-0.5923194937940162,1.0471975511965976,1.0491178668181975,0.19999999999999996,0.19774473578975993,0.5235987755982988,0.5187839518063333
grid_2007,0.3062980986481632,0.27572539888685277,0.5460610464412584,0.26679013675062946,1.002247959416955,-0.2,-0.2000939138098614,0.0,0.0031048452249482494,-0.6,-0.5969542037679725,1.0471975511965976,1.0498879365553444,0.19999999999999996,0.1944370112100433,0.0,-0.0030051346238408883
grid_2008,0.2606648758368069,0.21356620162670198,0.6068692298886946,0.22344581659963297,0.9907964974796066,-0.2,-0.20108372191384483,0.0,0.003666529065784019,-0.6,-0.5969774739737934,1.0471975511965976,1.0522817634739958,-0.2,-0.2005697383424323,0.0,-0.0013510177065638729
grid_2009,0.23149054790677043,0.16407318711652352,0.5783998403992231,0.26919256717225226,1.0014754511922632,-0.2,-0.2003838331501493,0.0,0.00460847400599107,-0.6,-0.5938840333419186,1.0471975511965976,1.0545130044454023,-0.2,-0.20101757648655028,0.5235987755982988,0.5172405691864999
grid_2010,0.2405292069657105,0.2384572291617157,0.3090647690920285,0.11151778916148933,0.9994591471273246,-0.2,-0.1987289699431356,0.0,0.0021698348035652515,-0.6,-0.5892398716271945,1.0471975511965976,1.049873336470763,-0.2,-0.19772712106231527,1.0471975511965976,1.0397253791153922
grid_2011,0.2752344421675973,0.174432177568207,0.06837363310326286,0.10847453627632962,1.0038897485862568,-0.2,-0.19732738615595125,0.0,0.0017727391869684084,-0.6,-0.5844454926463847,1.0471975511965976,1.0491244660574726,-0.2,-0.19627001091110508,1.5707963267948966,1.5660106819521236
grid_2012,0.2950031036157964,0.2773686815288306,0.05575465578233966,0.08339137354854646,0.9968995994754767,-0.2,-0.198191501108667,0.0,0.0018753705859078096,-0.6,-0.5859735503024552,1.0471975511965976,1.048939863655777,-0.6,-0.5966551079156348,1.5707963267948966,1.558511755688187
grid_2013,0.17119133387918173,0.21195239122882165,0.2988814363209113,0.12228287222267432,0.9953100564617859,-0.2,-0.19855506913475018,0.0,0.001974792872844411,-0.6,-0.5870527422233369,1.0471975511965976,1.0473189588086074,-0.6,-0.5965090778874131,1.0471975511965976,1.0341203888906918
grid_2014,0.3160155088741834,0.3422783595197042,0.8360488010740712,0.17219362416171552,0.9918463930064142,-0.2,-0.1991326351763485,0.0,0.0023055934168985104,-0.6,-0.5902880155397234,1.0471975511965976,1.0483403751392126,-0.6,-0.5951061618896727,0.5235987755982988,0.5135663755474091
grid_2015,0.22533493507509056,0.23917905601929007,0.923311491824726,0.45236459538723517,1.0003006399681502,-0.2,-0.20154588706273024,0.0,0.003087269637688017,-0.6,-0.5958334793889497,1.0471975511965976,1.050218407855371,-0.6,-0.5973295415909412,0.0,-0.0018978881073028475
grid_2016,0.3581028425704974,0.3150174383843138,0.830421071697903,0.1680926404823886,0.9913856708507464,-0.2,-0.20663373330318002,0.0,0.004405926527460302,-0.6,-0.6062883746791776,0.5235987755982988,0.5305041718244041,-0.6,-0.5980242077377742,0.0,0.0015549177857101526
grid_2017,0.3275872115027964,0.2839183665700282,0.9124026888877325,0.12881993858551757,0.997271153860062,-0.2,-0.20384751839261384,0.0,0.005017960033227631,-0.6,-0.5976552019687951,0.5235987755982988,0.5294323166602171,-0.6,-0.5968504321697177,0.5235987755982988,0.5189542776249194
grid_2018,0.7256464567095556,0.6134174370688691,1.067948643224399,0.2470230894102899,1.007534780988883,-0.2,-0.20068768786758895,0.0,0.004654686302195898,-0.6,-0.592207671996638,0.5235987755982988,0.5282820908374077,-0.6,-0.5946577223391074,1.0471975511965976,1.0343964756413957
grid_2019,0.41569085285532664,0.321978016057062,0.7153575931776686,0.16350519078155862,1.0065822896067653,-0.2,-0.19858865177069784,0.0,0.004482826416302821,-0.6,-0.5826290915736365,0.5235987755982988,0.5263620950338082,-0.6,-0.5949547255975824,1.5707963267948966,1.5507665062218816
grid_2020,0.5717849416633403,0.46193329086010965,0.7817496411825369,0.12674064758528675,0.9997939552088646,-0.2,-0.19891364261638333,0.0,0.006063644955862202,-0.6,-0.5901342594538184,0.5235987755982988,0.5302480287123315,-0.2,-0.19449778521738548,1.5707963267948966,1.5610341234562881
grid_2021,0.44667522520429886,0.3261422917256224,0.8620702072043901,0.1609987873042073,0.999973944804051,-0.2,-0.20038772498789825,0.0,0.005934573947794952,-0.6,-0.5926382214468697,0.5235987755982988,0.5294967035217928,-0.2,-0.19804940844631247,1.0471975511965976,1.039339665693249
grid_2022,0.586968091720242,0.43226343305440734,1.1235051422015163,0.17047838984015262,0.998432822209218,-0.2,-0.20265746072287616,0.0,0.00618175855410108,-0.6,-0.5986448571844551,0.5235987755982988,0.5308311992631571,-0.2,-0.2023910736153951,0.5235987755982988,0.5200759363069656
grid_2023,0.3410600335903801,0.41408630856226425,0.9831702459208206,0.059999033973522374,0.989609222434035,-0.2,-0.2032487897849533,0.0,0.005818663945937885,-0.6,-0.6033878892971067,0.5235987755982988,0.5317623209328666,-0.2,-0.2059580132952652,0.0,0.001218607604986488
grid_2024,0.5608400504685106,0.3867651003709289,1.0031477904629253,0.09110010391877275,1.0160649229052212,-0.2,-0.20489780165144733,0.0,0.007752474664905584,-0.6,-0.6075192713225261,0.5235987755982988,0.5341812153676537,0.19999999999999996,0.1884993418558949,0.0,0.0014123684643934098
grid_2025,0.5947507569236921,0.5446341488211907,1.2105210927505234,0.22868475162053603,1.001618196616524,-0.2,-0.20113538278361354,0.0,0.0077188102480780785,-0.6,-0.5983372172758497,0.5235987755982988,0.5337995806728006,0.19999999999999996,0.19446582271326118,0.5235987755982988,0.5211402125774702
grid_2026,0.5639340032161857,0.428216583301007,0.6204011481972168,0.13830948120066222,1.002194951993949,-0.2,-0.19890358502311134,0.0,0.005701805422972939,-0.6,-0.5907053332475707,0.5235987755982988,0.5274568236189605,0.19999999999999996,0.20012732802954325,1.0471975511965976,1.0416341926749375
grid_2027,0.3375086282769907,0.2637762529099657,0.38107988630468365,0.17050598690366803,0.9961474981670004,-0.2,-0.19776049589084455,0.0,0.0036674360338997403,-0.6,-0.5870299150365392,0.5235987755982988,0.5247273713980007,0.19999999999999996,0.2055084207543496,1.5707963267948966,1.5632200499389564
grid_2028,0.6416212026241,0.5667387247328477,0.5084571483047216,0.19732978276731342,0.9960277077316204,-0.2,-0.19679678386545074,0.0,0.0038659742328883695,-0.6,-0.5849590923627188,0.5235987755982988,0.5253226490897944,0.6,0.6025778427978077,1.5707963267948966,1.5659559545477677
grid_2029,0.6858201946859476,0.4619534614312723,0.42632885259952635,0.21792227000066516,0.9942713919934872,-0.2,-0.19798427007639585,0.0,0.003949802578196326,-0.6,-0.5878273432533678,0.5235987755982988,0.5263333546009292,0.6,0.6009971487475712,1.0471975511965976,1.0443401337704241
grid_2030,0.3506651948677946,0.317719222370909,0.6497568447622539,0.26036793319411944,1.0006295109286447,-0.2,-0.1992641861706801,0.0,0.005909913279687373,-0.6,-0.594464902247279,0.5235987755982988,0.5287277701532318,0.6,0.5947225683601038,0.5235987755982988,0.5223847327080682
grid_2031,1.116421542473617,0.5704865520704702,0.7098150678673881,0.20549945273534057,0.9997376876646722,-0.2,-0.20267977039342888,0.0,0.007280527579151652,-0.6,-0.6006095123130146,0.5235987755982988,0.5309830792876751,0.6,0.5893827524467605,0.0,4.01605454580789e-06
grid_2032,1.460022343279755,0.46482020615550146,0.5508457490788965,0.02898312161150187,0.9857587429364736,-0.2,-0.24248713929021637,0.0,0.0011469119114666526,-0.6,-0.6684143127695581,0.0,-0.01809919784682812,0.6,0.5675716882753408,0.0,-0.018885487155780645
grid_2033,0.5137282696747849,0.4520680221634069,0.06706760555239324,0.04083323963235763,1.0068443009195795,-0.2,-0.22583449397109678,0.0,0.02138154266040182,-0.6,-0.6434085860672063,0.0,0.006635047768525304,0.6,0.5706166471498699,0.5235987755982988,0.5171296865200317
grid_2034,0.8285887013956991,0.4984945809782361,1.0785148292727853,0.2884946124846226,0.9977041342778247,-0.2,-0.20826366254038753,0.0,0.012733495823749053,-0.6,-0.6049718979205947,0.0,0.013441436369220128,0.6,0.5964139666413066,1.0471975511965976,1.0489767571138549
grid_2035,0.6662552713791785,0.501945209392897,1.2996534972656053,0.12970159770580314,1.0001235625568925,-0.2,-0.20139234539694062,0.0,0.010752866493761282,-0.6,-0.5930475422977111,0.0,0.010010656953028274,0.6,0.6031951833148383,1.5707963267948966,1.5671758952348318
grid_2036,0.8524377736678842,0.3269969423129313,1.3576004724210198,0.09792858184635075,0.9947425121941202,-0.2,-0.19934970211889436,0.0,0.01143769872182876,-0.6,-0.5912046832400337,0.0,0.012195868861144987,0.19999999999999996,0.20390567693264838,1.5707963267948966,1.5641308091405453
grid_2037,0.2718090249519162,0.23283288100290064,1.273622225021838,0.17106509960412752,1.0000337384532336,-0.2,-0.20232723993957968,0.0,0.011332611235189027,-0.6,-0.5984869233770516,0.0,0.013066286679780603,0.19999999999999996,0.19772500488113032,1.0471975511965976,1.0454512814336638
grid_2038,0.816696059345548,0.60933649177511,0.1781594267242031,0.0329788726997778,0.9948363462283953,-0.2,-0.22417838578322602,0.0,0.02177085275665558,-0.6,-0.6370892059422504,0.0,0.007550958897097004,0.19999999999999996,0.16923214034029233,0.5235987755982988,0.5143749749232525
grid_2039,2.2735403133568397,1.2916646657972386,0.8154541067757908,0.024346419578733843,1.0055023455697227,-0.2,-0.22768033168489588,0.0,0.009204012310384257,-0.6,-0.6437391393629373,0.0,-0.006888984799391373,0.19999999999999996,0.1734126728696319,0.0,-0.012341676894074283
grid_2040,1.9478428144948776,2.088815698951899,0.9912828042096079,0.027772237500787375,0.9976183124564135,-0.2,-0.22088916016643445,0.0,0.012637438722546968,-0.6,-0.630691577624436,0.0,-0.002590442014366978,-0.2,-0.2132056343738249,0.0,-0.009696727053682963
grid_2041,1.1351579916219114,0.7793643550654021,0.17212457780031382,0.13029295569318178,0.9958637862168777,-0.2,-0.21912961616512838,0.0,0.019470409713697734,-0.6,-0.6246782438179057,0.0,0.005600235027900524,-0.2,-0.2134428739794938,0.5235987755982988,0.5106422634033434
grid_2042,0.35786560599664774,0.23413409828947274,1.1772283251750744,0.2210488152048817,1.0054912117838954,-0.2,-0.20200325625625037,0.0,0.009897607246039719,-0.6,-0.5982860397437868,0.0,0.011658009579104345,-0.2,-0.20048009719130544,1.0471975511965976,1.0413644413537693
grid_2043,0.4301072263950026,0.2530049425543101,1.2007634989338718,0.24320369842619874,1.001087217537052,-0.2,-0.20740239187220944,0.0,0.009863177931261013,-0.6,-0.6013148291385448,0.0,0.010212409696202407,-0.2,-0.1969005255694638,1.5707963267948966,1.5598169940767956
grid_2044,0.3997647841965623,0.24123744100927139,1.2737468511142702,0.10085094602799152,0.9990704977334293,-0.2,-0.19724867583474381,0.0,0.009698641846789258,-0.6,-0.58878282443861,0.0,0.010435720114204017,-0.6,-0.5935762831437552,1.5707963267948966,1.5578363275756892
grid_2045,0.31587373839066046,0.23417504715692958,0.9170152869159944,0.22351910466956454,0.9982593124763348,-0.2,-0.2071898494347728,0.0,0.007428886110346866,-0.6,-0.6015545304441963,0.0,0.009126910272152955,-0.6,-0.5976131138254397,1.0471975511965976,1.0330265878055016
grid_2046,0.6873388294353704,0.4954625639001955,0.32902508237048794,0.1705186058192767,1.0013711443155169,-0.2,-0.2156490269732334,0.0,0.023035334468282542,-0.6,-0.620639459213117,0.0,0.012057820629975069,-0.6,-0.6032674784502507,0.5235987755982988,0.501858462673523
grid_2047,0.807671594235787,0.76566174279522,1.1432812886022166,0.04688296415947818,1.000384580149451,-0.2,-0.21837818379727292,0.0,0.015705218204715266,-0.6,-0.6263592979493486,0.0,0.0015700483824536704,-0.6,-0.6048948462727264,0.0,-0.0082268737952651
grid_2048,1.240453166512179,1.2543172064201547,0.5433222363196027,0.2760656061469379,0.9707299466183115,0.19999999999999996,0.1710715248928354,0.0,0.26382482273508945,-0.6,-0.6552076658492014,0.0,0.02418705916620567,-0.6,-0.6248899749892836,0.0,0.0004456713559228831
grid_2049,1.3326919947727154,0.7462826020902105,0.17612426898003106,0.15905826972845113,1.0106646360466243,0.19999999999999996,0.18659759204751936,0.0,0.019042449609441015,-0.6,-0.6062784490246971,0.0,0.014453824621962319,-0.6,-0.6000191322360626,0.5235987755982988,0.5168275513945009
grid_2050,0.19611924412303156,0.1693619124737806,1.0318345911633786,0.2236840709146942,1.007203239777088,0.19999999999999996,0.19663371317129918,0.0,0.00834444403811574,-0.6,-0.5951976505733452,0.0,0.014262778410987664,-0.6,-0.5962172784507853,1.0471975511965976,1.040444903401009
grid_2051,0.2739187679115389,0.3775322313175277,0.886941532667471,0.19041914765486045,1.0102672077846937,0.19999999999999996,0.19617145668395253,0.0,0.008884993581864897,-0.6,-0.5902756045209019,0.0,0.010177010804277131,-0.6,-0.5943317164948638,1.5707963267948966,1.5602556660795752
grid_2052,0.38465987332536516,0.34983037951701434,1.059927617770527,0.17400128100555243,0.9948333672347767,0.19999999999999996,0.19771561495890122,0.0,0.00876455100996587,-0.6,-0.5861221552789928,0.0,0.012090755681258614,-0.2,-0.1936063740872216,1.5707963267948966,1.5616893835008385
grid_2053,0.3638055732064971,0.30819157027223915,0.9624900523145549,0.39046037566326947,0.9974418076354986,0.19999999999999996,0.1952552737297859,0.0,0.009083945584304587,-0.6,-0.5961054005005604,0.0,0.015243219973225308,-0.2,-0.19891624252132623,1.0471975511965976,1.0422345698838509
grid_2054,0.5409282365912453,0.35405548305088635,0.5624581505336446,0.15964893973110383,0.9977495076288841,0.19999999999999996,0.18111262707705045,0.0,-0.008500309442473153,-0.6,-0.6236484097824393,0.0,0.013762228529103027,-0.2,-0.2124056215524197,0.5235987755982988,0.5333030446452645
grid_2055,1.8492314846014715,1.3717533527280017,0.8341293642362588,0.025617408432608388,0.9950174210854404,0.19999999999999996,0.17497845436337212,0.0,-0.01568800339055887,-0.6,-0.635751600339356,0.0,0.00046514492970928245,-0.2,-0.21644296238986094,0.0,0.009599279864525911
grid_2056,3.416720950757889,2.1784472028320736,0.6233625567948116,0.0375336628238718,1.0072982671555546,0.19999999999999996,0.17530316464729978,0.0,-0.010096945789894285,-0.6,-0.6377260618042175,0.0,0.010878511525995727,0.19999999999999996,0.17555664359259904,0.0,0.014964726259821148
grid_2057,0.6653571678528603,0.6826318780974759,0.08366307095586668,0.08433309368354797,0.9920744986877384,0.19999999999999996,0.1943535522579909,0.0,0.004229025950999166,-0.6,-0.5980611043432802,0.0,0.01784112721013731,0.19999999999999996,0.19509158871335153,0.5235987755982988,0.5312756804652023
grid_2058,0.30772409266150097,0.2923172036914837,1.2553627912277172,0.18299510562964003,1.0013450559523278,0.19999999999999996,0.19550296490317365,0.0,0.011094501461748507,-0.6,-0.5937650323404764,0.0,0.016520045593756194,0.19999999999999996,0.2013563903832276,1.0471975511965976,1.0459204840361105
grid_2059,0.3713975947714577,0.3819587101169384,0.9506104314512843,0.2391235453988131,0.9971594081928693,0.19999999999999996,0.19694466784731368,0.0,0.0077468898756922755,-0.6,-0.5889229669663933,0.0,0.009700501928832317,0.19999999999999996,0.20524905153624662,1.5707963267948966,1.5634340149582124
grid_2060,0.3821411927116058,0.3490582480637063,0.8850820939366665,0.12400434033882991,1.0001169581801184,0.19999999999999996,0.19621782544872612,0.0,0.008248455229423968,-0.6,-0.5901593516436634,0.0,0.009663679233638867,0.6,0.603485055428699,1.5707963267948966,1.5663183231418802
grid_2061,0.5572385956665468,0.5625674765046741,1.0645134202120061,0.20621121523452063,1.000989866496093,0.19999999999999996,0.20095859814574002,0.0,0.010326321283928408,-0.6,-0.5860649673634253,0.0,0.011743288451014244,0.6,0.6017537893238973,1.0471975511965976,1.0453988788693582
grid_2062,1.9264437162382726,0.8145890184565243,0.10675583810583522,0.03639427144264595,0.9957117693008184,0.19999999999999996,0.17802797455205255,0.0,0.029916763319596917,-0.6,-0.6272587264841238,0.0,0.017198143193907,0.6,0.5776870038760924,0.5235987755982988,0.5181470900836231
grid_2063,0.8184531703731229,0.7489679078133725,0.3995434187379575,0.03937829476870816,1.0018816163060937,0.19999999999999996,0.16278302402470501,0.0,0.00553414419632503,-0.6,-0.6506507781140538,0.0,-0.00993343216241982,0.6,0.5674541122760575,0.0,-0.015830647007425647
grid_2064,0.40959583295637875,0.3146394798546883,0.294350334804402,0.1928786631361213,0.9924157213853684,0.19999999999999996,0.19787760501879337,0.0,0.0045139628501527085,-0.6,-0.5929115548906481,0.5235987755982988,0.527831054710628,0.6,0.5939907432277982,0.0,-0.0010128659267643059
grid_2065,0.8283364183586095,0.4129070018878709,0.18104255151498108,0.1398604565419304,1.0059404736076991,0.19999999999999996,0.19898405820490783,0.0,0.001617457402964817,-0.6,-0.5900632382411137,0.5235987755982988,0.5235243777369964,0.6,0.5985098174909096,0.5235987755982988,0.5190494652638966
grid_2066,0.6136733053153657,0.4432873687248841,0.0532116486082448,0.05937942087130109,0.99592865434002,0.19999999999999996,0.20054890490686805,0.0,0.0002833815482174984,-0.6,-0.5857949048454607,0.5235987755982988,0.5202284609809888,0.6,0.6016050557529988,1.0471975511965976,1.041645780501307
grid_2067,0.3587067495341322,0.2570177770975242,0.051209162743737845,0.07583334079669155,0.9978781714229298,0.19999999999999996,0.20055703034405958,0.0,0.0013840343757731688,-0.6,-0.5856739085820069,0.5235987755982988,0.5236703724889811,0.6,0.6040277890751122,1.5707963267948966,1.5661379952518377
grid_2068,0.8058352353700551,0.23182828865757032,0.14853255004818577,0.1069883510866605,1.0006165745324123,0.19999999999999996,0.20108971936799325,0.0,0.00032920878395081843,-0.6,-0.5834953483720264,0.5235987755982988,0.5216799185955834,0.19999999999999996,0.20611301242483648,1.5707963267948966,1.5629427442067492
grid_2069,0.47836127300279774,0.4392609198833578,0.27899336982418105,0.14984843884919616,0.995497592252336,0.19999999999999996,0.1988570372547409,0.0,0.0022400823686536953,-0.6,-0.5875625849480306,0.5235987755982988,0.5248909773695027,0.19999999999999996,0.20299610105855237,1.0471975511965976,1.0411107633865164
grid_2070,0.6390766068314412,0.41825245244097314,0.8024692471187322,0.2859960416495239,1.0019308503415543,0.19999999999999996,0.197995503758027,0.0,0.004560417080632817,-0.6,-0.5904287246729076,0.5235987755982988,0.5285639058108673,0.19999999999999996,0.19993331927668478,0.5235987755982988,0.521477816663575
grid_2071,0.426178710510832,0.37001949385837873,1.0637091317235534,0.22733761326090893,0.99432236949848,0.19999999999999996,0.19324590549705967,0.0,0.007476321159598065,-0.6,-0.5994253871517641,0.5235987755982988,0.5347914916575096,0.19999999999999996,0.19377878878877386,0.0,0.0027806185786491966
grid_2072,0.42584557082616953,0.25583815163374796,1.208785972196512,0.06843940117629584,0.9936705849423605,0.19999999999999996,0.19067314135728086,0.0,0.0051043746224399555,-0.6,-0.6024652320679555,0.5235987755982988,0.5315775226108395,-0.2,-0.20074019201981397,0.0,0.0025964488854386403
grid_2073,0.2935951397272135,0.31457252221076654,1.0882766311016945,0.27254494984562105,1.0074239045091127,0.19999999999999996,0.19669882705857766,0.0,0.005254633202947723,-0.6,-0.5939174625502464,0.5235987755982988,0.5332561350993323,-0.2,-0.19811034721831255,0.5235987755982988,0.5205256666822269
grid_2074,0.2570516809680544,0.2353393176413746,0.4559165911775806,0.175427047575564,1.0090829112136395,0.19999999999999996,0.19927433597379096,0.0,0.0024930678074195356,-0.6,-0.587756191465842,0.5235987755982988,0.5249322647765391,-0.2,-0.19580154054138443,1.0471975511965976,1.0388806742998256
grid_2075,0.23662854252365412,0.21344627633666485,0.26336607260727374,0.131896308613831,1.0010538161581743,0.19999999999999996,0.1997433730175553,0.0,0.0019128814569526753,-0.6,-0.5864462556866474,0.5235987755982988,0.5231304050796162,-0.2,-0.19379429052506936,1.5707963267948966,1.5608061206326624
grid_2076,0.31311992564945496,0.49551656003257294,0.29751846601545634,0.15489054149269185,1.0048275711608088,0.19999999999999996,0.20005079819276528,0.0,0.000835352735628625,-0.6,-0.5811169983907201,0.5235987755982988,0.5220956500664915,-0.6,-0.5937171288409866,1.5707963267948966,1.5561909501575366
grid_2077,0.48386013845404696,0.5025360367861691,0.8228565021682069,0.23065559285193107,0.9902770592682056,0.19999999999999996,0.19759635313107804,0.0,0.004431080146058086,-0.6,-0.5918690087331608,0.5235987755982988,0.5296262923356405,-0.6,-0.595035470602455,1.0471975511965976,1.034653862620007
grid_2078,0.3820190899103648,0.32568785230811015,0.9791055372558148,0.23982217761839186,0.9932274113313021,0.19999999999999996,0.19453611827651596,0.0,0.0047847475221027835,-0.6,-0.5951478843595028,0.5235987755982988,0.5285155088954996,-0.6,-0.5950032422280591,0.5235987755982988,0.5197061546889339
grid_2079,0.5038430140098457,0.3018833192583071,0.9142056012140305,0.16271405228084518,0.9987741995216863,0.19999999999999996,0.1892374725705981,0.0,0.004304818424627932,-0.6,-0.6072981187684707,0.5235987755982988,0.5288478747106877,-0.6,-0.5986317464031599,0.0,0.0024194142922944195
grid_2080,0.4549859037649842,0.19331844610555865,0.39121323716594975,0.3490165296827398,1.0116187035930109,0.19999999999999996,0.19688888211877043,0.0,0.0015185878572987477,-0.6,-0.5915885776590724,1.0471975511965976,1.0496874334006208,-0.6,-0.5936922581899617,0.0,-0.0008374366535432998
grid_2081,0.20134417727444182,0.26887769141116147,0.39490315020886374,0.26564262443563974,0.9976595275872631,0.19999999999999996,0.19788975069713644,0.0,0.0008107118004332392,-0.6,-0.5900234482065514,1.0471975511965976,1.0476670932334278,-0.6,-0.5929869383291431,0.5235987755982988,0.5156124489996863
grid_2082,0.36830873772261685,0.4484443324469159,0.1049166072566707,0.07228252014312705,1.0081282157860738,0.19999999999999996,0.19906313964820654,0.0,-0.00065398546222184,-0.6,-0.5858253581774022,1.0471975511965976,1.0439650198347126,-0.6,-0.5964694839342943,1.0471975511965976,1.0343631387650145
grid_2083,0.30950900162215916,0.3040981365977382,0.2398003424343972,0.17556249939611018,1.0055260538242472,0.19999999999999996,0.20076252670716244,0.0,-0.002496543773398585,-0.6,-0.5860881949288235,1.0471975511965976,1.041928134753996,-0.6,-0.5964218307647,1.5707963267948966,1.5629474033822763
grid_2084,0.2832880004070826,0.1707823261976118,0.08931658330492316,0.12198778624163621,1.0026480566461293,0.19999999999999996,0.20031059970759735,0.0,-0.0019140734415072913,-0.6,-0.580942233405751,1.0471975511965976,1.044097030304524,-0.2,-0.19499287137200394,1.5707963267948966,1.5650910145749997
grid_2085,0.5795932593570415,0.535460365940403,0.16753905796528656,0.14179819410806743,0.9951134528547037,0.19999999999999996,0.20019425161276239,0.0,-0.0020130980819992317,-0.6,-0.5847574614624325,1.0471975511965976,1.0406496867009292,-0.2,-0.19721345804860402,1.0471975511965976,1.0388034591763384
grid_2086,0.19244580644989678,0.17529246386999817,0.13765478598141095,0.15053408994406012,0.9895223015048955,0.19999999999999996,0.19869015456607553,0.0,-0.0001796673109710767,-0.6,-0.5900627615378999,1.0471975511965976,1.0450198388239933,-0.2,-0.19665664536991034,0.5235987755982988,0.5149654004234021
grid_2087,0.21344701971102217,0.22517574570599075,0.44068935148193866,0.26027920824553186,1.000173497071166,0.19999999999999996,0.1966806286398679,0.0,0.0012706294128976836,-0.6,-0.5948388079226126,1.0471975511965976,1.0484747545480593,-0.2,-0.19974078800882022,0.0,-0.0020298081672676105
grid_2088,0.19007224317781102,0.18069610449200685,0.4869165623427317,0.255111375707358,1.007260925611706,0.19999999999999996,0.19968135679235832,0.0,0.0010335185005221348,-0.6,-0.5939837686123521,1.0471975511965976,1.0489034770221046,0.19999999999999996,0.1966941802544051,0.0,-0.0042838269712133226
grid_2089,0.30155584787144135,0.2549547948511481,0.15342328492699342,0.17026920901731876,0.9966547146534295,0.19999999999999996,0.19882087805767412,0.0,-0.0011533580489766493,-0.6,-0.5916359537355156,1.0471975511965976,1.0448893936440022,0.19999999999999996,0.1995943630555388,0.5235987755982988,0.5179423897759481
grid_2090,0.47447035950059036,0.5058982097724578,0.09892122479681167,0.15579632724589243,1.0030809933253044,0.19999999999999996,0.19971278096278944,0.0,-0.001274119547078456,-0.6,-0.5874307513358792,1.0471975511965976,1.0463623833912248,0.19999999999999996,0.20147996221184705,1.0471975511965976,1.0417994307079805
grid_2091,0.2729251606421329,0.31577142658295476,0.18963215453869003,0.1196175423594848,0.9974009529687423,0.19999999999999996,0.200294202899987,0.0,-0.0012881159087152483,-0.6,-0.5828082060863924,1.0471975511965976,1.0441015200565795,0.19999999999999996,0.20423986731931887,1.5707963267948966,1.567746375943723
grid_2092,0.17858965429350207,0.14860324805097677,0.33654097339309297,0.12565131936208881,1.003847330744167,0.19999999999999996,0.20046054949174597,0.0,-0.0015055741583269722,-0.6,-0.5844341258101835,1.0471975511965976,1.047294795485299,0.6,0.6032078435657553,1.5707963267948966,1.5707163696024278
grid_2093,0.42070410426838983,0.36464065528901635,0.5944632666080893,0.17786977966253023,1.0046868328343117,0.19999999999999996,0.20011665845147952,0.0,-0.0031071179012718275,-0.6,-0.588126424713324,1.0471975511965976,1.039455157214535,0.6,0.6005353558396127,1.0471975511965976,1.0449699631245295
grid_2094,0.2740393892095616,0.27034785175713033,0.39328952915270826,0.3463924152672688,1.0062500343035736,0.19999999999999996,0.1982271170096217,0.0,-0.0016190959419626338,-0.6,-0.5944204134026148,1.0471975511965976,1.0447737423080001,0.6,0.5967221125765789,0.5235987755982988,0.5163808122810565
grid_2095,0.4311248347335946,0.4046756158154957,0.2681406556707998,0.25175741810179,0.9968411739354283,0.19999999999999996,0.19809622835264484,0.0,-0.00030799521051427803,-0.6,-0.5961744361171837,1.0471975511965976,1.0462223967527828,0.6,0.5964853131974124,0.0,-0.006373333225170974
grid_2096,0.1938792195699926,0.20866185739123994,0.5901651627494469,0.12180279510437542,1.0007718168740496,0.19999999999999996,0.19694852604455182,0.0,-0.005463579128187845,-0.6,-0.5991834858815004,1.5707963267948966,1.5624127493996927,0.6,0.5998501508039116,0.0,-0.008837767927537321
grid_2097,0.3021454015503952,0.22693543872806057,1.0519562992832037,0.40053580096989905,1.0075023804616765,0.19999999999999996,0.19753492545732687,0.0,-0.004716358240495211,-0.6,-0.5948321417021285,1.5707963267948966,1.565585742404001,0.6,0.5994142093252597,0.5235987755982988,0.5203571043659263
grid_2098,0.10054209624590708,0.09616947805296347,0.6755644188886638,0.10679509586975645,0.9989809254893874,0.19999999999999996,0.1994575898756894,0.0,-0.002653212095255597,-0.6,-0.5861102326916487,1.5707963267948966,1.5703720507337842,0.6,0.5997208099057767,1.0471975511965976,1.0540665977647032
grid_2099,0.14426016533468072,0.12308657756347464,0.6903575214352029,0.09649303211971755,0.9951456671329181,0.19999999999999996,0.20097577152583668,0.0,-0.002341690939802632,-0.6,-0.5760437510077967,1.5707963267948966,1.5708192219196553,0.6,0.6007619685867605,1.5707963267948966,1.5708897524466217
grid_2100,0.1886906193165812,0.2560689941079623,0.4219551148507589,0.1299268112984601,1.0046538354825767,0.19999999999999996,0.20058625177767198,0.0,-0.002164304321323307,-0.6,-0.5769546931804035,1.5707963267948966,1.5708568108353012,0.19999999999999996,0.20253813426897427,1.5707963267948966,1.570917019667692
grid_2101,0.17830287916143445,0.2094152747504277,0.5107225973335088,0.27734257964155085,1.0015464309367774,0.19999999999999996,0.20007907944328984,0.0,-0.0026041696629057753,-0.6,-0.5849076151063404,1.5707963267948966,1.5689977671700932,0.19999999999999996,0.19880104538435361,1.0471975511965976,1.048059501033074
grid_2102,0.15114770947502118,0.13251790605063954,0.4437434816274089,0.3212385910057583,0.9951639722298555,0.19999999999999996,0.19855416412046,0.0,-0.002899773747697232,-0.6,-0.5928638027106254,1.5707963267948966,1.5685805228011223,0.19999999999999996,0.19809510145269638,0.5235987755982988,0.5197261555052322
grid_2103,0.17477980855093428,0.21375607956194814,0.3232938753269213,0.28323237155821684,1.0072658497893052,0.19999999999999996,0.19902646262569323,0.0,-0.003221563821538709,-0.6,-0.59587568291417,1.5707963267948966,1.5670008566889804,0.19999999999999996,0.19673249091230005,0.0,-0.0063771445214051425
grid_2104,0.16973155852871946,0.1492108628298031,0.7450764967061929,0.597518010432143,0.9984149977164009,0.19999999999999996,0.19891912372669207,0.0,-0.0020393598311612138,-0.6,-0.5927044623913256,1.5707963267948966,1.5675339703437645,-0.2,-0.1992595108621087,0.0,-0.005681488372084154
grid_2105,0.19455083647473867,0.18902694511412366,0.31036413603089674,0.20092769048201167,0.9851161298350201,0.19999999999999996,0.19842922923216566,0.0,-0.0027016881586447994,-0.6,-0.591744596844892,1.5707963267948966,1.5673334362886626,-0.2,-0.20083630227063232,0.5235987755982988,0.5172764846250475
grid_2106,0.11517809191873958,0.14519018441178064,0.2641068345443346,0.20502548919747546,1.0004147089813256,0.19999999999999996,0.20004745249582,0.0,-0.002514788220400632,-0.6,-0.5860731096358665,1.5707963267948966,1.569548824571985,-0.2,-0.19958257278443714,1.0471975511965976,1.0439554192149405
grid_2107,0.2527218756755486,0.20628695998582844,0.34779696550717987,0.21889503579392988,0.9988143526846083,0.19999999999999996,0.2007361453121046,0.0,-0.0018373071252444362,-0.6,-0.5776630085696128,1.5707963267948966,1.570661566069366,-0.2,-0.19866795055990583,1.5707963267948966,1.5707984315694494
grid_2108,0.24261884034339132,0.26726590622600266,0.24816495209654935,0.181785986752399,0.9960236708113686,0.19999999999999996,0.2001538500058313,0.0,-0.0029672256465405056,-0.6,-0.5791045432145623,1.5707963267948966,1.5683512062143397,-0.6,-0.5963591977798437,1.5707963267948966,1.5691988677046114
grid_2109,0.1722836580466281,0.1516526250043803,0.09542872488798645,0.10304758958573892,0.998368150018696,0.19999999999999996,0.1999655181436628,0.0,-0.0018229343605238313,-0.6,-0.5866291975538687,1.5707963267948966,1.5685591082185901,-0.6,-0.5999300662885876,1.0471975511965976,1.0403380607970085
grid_2110,0.23246331347722546,0.24388507413071897,0.02640600421454812,0.037939362310882935,1.0015073054126358,0.19999999999999996,0.19929456462114903,0.0,-0.0021322486183725786,-0.6,-0.5898986199954264,1.5707963267948966,1.5676649597477406,-0.6,-0.5977362276932174,0.5235987755982988,0.516130726982893
grid_2111,0.17207122050192633,0.1618726191992887,0.30954715964566326,0.26417794365978364,0.9917109597713264,0.19999999999999996,0.19828481963279287,0.0,-0.0006973656061370903,-0.6,-0.5926273288170787,1.5707963267948966,1.5690831693428464,-0.6,-0.5962580474956214,0.0,-0.005246946732868629
grid_2112,0.1319305222254871,0.13617566230530578,0.6383261046939726,0.39394967216750765,1.0120167964877995,0.19999999999999996,0.1966599862987266,0.0,0.00019552499137898138,-0.2,-0.19769041286947697,1.5707963267948966,1.5707178020942028,-0.6,-0.5984290309961864,0.0,-0.00047233177982874963
grid_2113,0.2883137635893942,0.19339139842339437,0.25378709601727245,0.17938604807513228,0.9879543137130588,0.19999999999999996,0.1978641372084935,0.0,-0.00041644088189585204,-0.2,-0.19445913750752641,1.5707963267948966,1.5707277777315367,-0.6,-0.5972612427057031,0.5235987755982988,0.5190699123522986
grid_2114,0.19858681700401135,0.11041223953145601,0.04744832970246084,0.07124516058159656,1.012207854785987,0.19999999999999996,0.1991872160976298,0.0,-0.002498260853281309,-0.2,-0.18688722113519862,1.5707963267948966,1.5665058584362868,-0.6,-0.5979435212416346,1.0471975511965976,1.0395158671595022
grid_2115,0.16051938196918997,0.1287358111400088,0.0971441389389187,0.11621673867690904,1.0021604389927732,0.19999999999999996,0.20088384901830647,0.0,-0.000750206625078853,-0.2,-0.18556830102442579,1.5707963267948966,1.5707484480576985,-0.6,-0.5953937264278251,1.5707963267948966,1.5633926262653732
grid_2116,0.1989660842115464,0.13734400908619235,0.2353953557355704,0.17425915527819485,0.9943733522280362,0.19999999999999996,0.2001305057861078,0.0,-0.002467247668723971,-0.2,-0.17990463203935736,1.5707963267948966,1.5665538875733738,-0.2,-0.1958566119726628,1.5707963267948966,1.5690079170715068
grid_2117,0.0682905737446752,0.09687991612128467,0.16870667691119434,0.17464502765469012,1.003111434696067,0.19999999999999996,0.19958711474566648,0.0,-0.0024273114376747174,-0.2,-0.18696353569966995,1.5707963267948966,1.5650946071958858,-0.2,-0.19960031197678152,1.0471975511965976,1.0436602807081288
grid_2118,0.24155676025757927,0.26925903831667036,0.1666386982367984,0.20357969380678906,0.994814734736216,0.19999999999999996,0.1983369671681201,0.0,-0.0013489659635572693,-0.2,-0.19289792979226394,1.5707963267948966,1.5694011151394305,-0.2,-0.20024823024119964,0.5235987755982988,0.520469429603974
grid_2119,0.08490949202310143,0.08740091625520777,0.4798342792836233,0.5152997607626487,1.0027078404871141,0.19999999999999996,0.19671369332151123,0.0,-0.0009232737810203062,-0.2,-0.19726655994014042,1.5707963267948966,1.5701831247503693,-0.2,-0.20184735073777382,0.0,-0.0015406527638628376
grid_2120,0.20047885735423998,0.2029987832095026,0.289971991546763,0.1260400601850179,1.0024050243168507,0.19999999999999996,0.1965663424558679,0.0,-0.0032398317112027897,-0.2,-0.1983573185204328,1.5707963267948966,1.5662410314389401,0.19999999999999996,0.1965444795171658,0.0,-0.0037182119669498803
grid_2121,0.24174632802694113,0.188155892240033,0.4043033175140775,0.401706268919818,1.001201414890311,0.19999999999999996,0.19829669074094536,0.0,-0.0030370067882792284,-0.2,-0.19491485437760314,1.5707963267948966,1.5655935409039259,0.19999999999999996,0.19776227904119814,0.5235987755982988,0.522865996146205
grid_2122,0.3348842782718663,0.23446552934668696,0.13746444416342327,0.11746200632832529,0.9980795981258475,0.19999999999999996,0.19990780171112643,0.0,-0.0024557575172998725,-0.2,-0.1890173326268476,1.5707963267948966,1.5682527177500774,0.19999999999999996,0.19915854038246295,1.0471975511965976,1.0491979739791422
grid_2123,0.1003122195364676,0.08391782959265852,0.03085842658900851,0.06435556058570412,1.0024199217350955,0.19999999999999996,0.19989155573026718,0.0,-0.0017580366618688004,-0.2,-0.18110245546826764,1.5707963267948966,1.570302001443773,0.19999999999999996,0.20149821498722087,1.5707963267948966,1.570816515173414
grid_2124,0.3839447100392647,0.39166974960795226,0.13719506298721298,0.15179244692263694,0.9999068711641366,0.19999999999999996,0.200314375356772,0.0,-0.000654170814841315,-0.2,-0.18550264917075676,1.5707963267948966,1.5707321301803514,0.6,0.6011420736827393,1.5707963267948966,1.5708573810686604
grid_2125,0.1102091203564409,0.1241370558947243,0.37398037362183206,0.12789933111415572,1.0031674347529325,0.19999999999999996,0.1990632148788558,0.0,-0.002108567347904433,-0.2,-0.18897045310702687,1.5707963267948966,1.5704403238082874,0.6,0.5993501628901177,1.0471975511965976,1.0535695010289778
grid_2126,0.10581603432987566,0.07765395258241309,0.3620224549911526,0.2691790016135782,1.005170508429766,0.19999999999999996,0.19810408717289718,0.0,-0.0027941730294909206,-0.2,-0.19503202744221326,1.5707963267948966,1.5697916576681825,0.6,0.5976554631631608,0.5235987755982988,0.525022399467507
grid_2127,0.16943046280014767,0.13692091278837404,0.4363244514787021,0.41176025583789067,0.9926191674830471,0.19999999999999996,0.19654793943809246,0.0,-0.004081061670497377,-0.2,-0.19858757766092694,1.5707963267948966,1.5664324187527914,0.6,0.5985043799038285,0.0,-0.004291334730205598
grid_2128,0.2521309314510403,0.276805534400139,0.8642938099410873,0.2721881986616063,0.9999846884403928,0.19999999999999996,0.1942983533161593,0.0,-0.005226347346593663,-0.2,-0.20181750645993102,1.0471975511965976,1.0385012726753322,0.6,0.5984332502925716,0.0,-0.006766527134979938
grid_2129,0.257149379069515,0.27088473340554525,0.8248961677888268,0.2959780573369505,1.002577186117839,0.19999999999999996,0.19853359193199616,0.0,-0.004956398862437261,-0.2,-0.19469604779176652,1.0471975511965976,1.0389212717557417,0.6,0.597622605253175,0.5235987755982988,0.5215052947849559
grid_2130,0.154055546023994,0.11509094173270101,0.41750000164017653,0.23566734315776472,0.9937780537842494,0.19999999999999996,0.19933035319407644,0.0,-0.0034148307474444195,-0.2,-0.18616365074996644,1.0471975511965976,1.0425759763440245,0.6,0.6005974960823259,1.0471975511965976,1.049497541017434
grid_2131,0.25902859147916585,0.2386545919057789,0.2252193736158699,0.13649066241730742,1.0063549171524682,0.19999999999999996,0.20052885208260207,0.0,-0.0026656632240715794,-0.2,-0.1855934835038351,1.0471975511965976,1.0446174668638282,0.6,0.6008001428568006,1.5707963267948966,1.5708127602915996
grid_2132,0.6412361237187862,0.3806256410485814,0.35931030973217776,0.21230173556590184,1.0004375392366618,0.19999999999999996,0.19999428419502596,0.0,-0.004088493316876551,-0.2,-0.18563220489692256,1.0471975511965976,1.0386037337194098,0.19999999999999996,0.20358487463713715,1.5707963267948966,1.5704972668604293
grid_2133,0.2290145789928713,0.26408230071414585,0.09869236317822015,0.14648406781968354,1.0004605292963684,0.19999999999999996,0.19907014914480214,0.0,-0.0032630521768250986,-0.2,-0.18821199488658635,1.0471975511965976,1.0419698971997198,0.19999999999999996,0.2013691076040276,1.0471975511965976,1.046470246679748
grid_2134,0.26729713553601947,0.22785070245760408,0.31383297207830735,0.23305768550928632,1.0052639626225215,0.19999999999999996,0.19924791191803237,0.0,-0.002482890350357536,-0.2,-0.1918366284662678,1.0471975511965976,1.0437385993867423,0.19999999999999996,0.19857849898842161,0.5235987755982988,0.5209156594516466
grid_2135,0.24624406533945886,0.1734478396292751,0.3799519037204502,0.17247619035794137,0.9933948842109139,0.19999999999999996,0.1959228351899842,0.0,-0.002400466776572685,-0.2,-0.19865783296367123,1.0471975511965976,1.0432976076961067,0.19999999999999996,0.19692605909567984,0.0,-0.0033638026151621148
grid_2136,0.1325643219602113,0.12738729101206683,0.09522867574190122,0.137745493188407,0.9916266822820596,0.19999999999999996,0.1962916761344191,0.0,-2.227463874415747e-05,-0.2,-0.19574250778201652,1.0471975511965976,1.0469095308764054,-0.2,-0.2006907570367904,0.0,-0.0006164357347753224
grid_2137,0.33942113108140926,0.3218142085679098,0.132938344578019,0.16452775541941575,0.9977730831646024,0.19999999999999996,0.19919495471260795,0.0,-0.0017054306463810676,-0.2,-0.19170155495560248,1.0471975511965976,1.0442347538769647,-0.2,-0.1992529295312968,0.5235987755982988,0.5197575162597978
grid_2138,0.2995945705608013,0.2755126796985941,0.05257600689457933,0.09220239089030612,1.0027787413783869,0.19999999999999996,0.1992985897431705,0.0,-0.0007555834119843396,-0.2,-0.18973948738527202,1.0471975511965976,1.045171279910778,-0.2,-0.1971727911351122,1.0471975511965976,1.0426658450045654
grid_2139,0.10703209081003437,0.11097054939502408,0.1281681290020511,0.09519068390416627,0.9993746066281458,0.19999999999999996,0.2005394889657266,0.0,-0.0025813390792190916,-0.2,-0.18441874887523735,1.0471975511965976,1.041976049215081,-0.2,-0.1949401929477368,1.5707963267948966,1.56706292743306
grid_2140,0.17301949652998042,0.13534884556800758,0.024539114023326626,0.043634435075456994,0.9971651791077504,0.19999999999999996,0.2001336628526209,0.0,-0.0018292224354112818,-0.2,-0.18302866808264717,1.0471975511965976,1.0441366946306987,-0.6,-0.5945581353415168,1.5707963267948966,1.5616030679953905
grid_2141,0.29405103140693856,0.2630626800132593,0.27751245795247115,0.21509524091812435,1.0011118864357684,0.19999999999999996,0.1994474777424733,0.0,-0.0007433583473863692,-0.2,-0.18912367212854964,1.0471975511965976,1.0446661587101689,-0.6,-0.5959134510180109,1.0471975511965976,1.0382655941139873
grid_2142,0.23847823555170167,0.17470476486451653,0.4062854929936973,0.2589118637918372,0.985503430244121,0.19999999999999996,0.19728259287544514,0.0,0.0015357127547774851,-0.2,-0.19404125167896513,1.0471975511965976,1.0526915906085987,-0.6,-0.5942532851536342,0.5235987755982988,0.5206018824582355
grid_2143,0.09801269719816666,0.07915890477163723,0.8867392347016247,0.2863685369573734,0.9953904731744139,0.19999999999999996,0.19619812687106197,0.0,0.0015754201221547248,-0.2,-0.19833160546266093,1.0471975511965976,1.0502459797491976,-0.6,-0.5975499605592862,0.0,0.0016785253836228975
grid_2144,0.3557525542274619,0.22413138398792865,1.2997619920308114,0.15421502958938962,0.9933467035313323,0.19999999999999996,0.1975535484347395,0.0,0.005650492905084015,-0.2,-0.20112445962377024,0.5235987755982988,0.535205483340266,-0.6,-0.6028885736401364,0.0,0.00527272169291404
grid_2145,0.4014027319073145,0.41954727110842227,1.0650585801944465,0.17403717360133858,1.00849674842772,0.19999999999999996,0.1966083964295553,0.0,0.0045841584419124,-0.2,-0.19761829063980407,0.5235987755982988,0.5334187411299594,-0.6,-0.5954717260804685,0.5235987755982988,0.5226896997003747
grid_2146,0.2938996952058489,0.3147166006019435,0.26371475417651846,0.2171166550071171,1.0028234922214876,0.19999999999999996,0.19820659839604637,0.0,0.001630206529152467,-0.2,-0.18982825393646152,0.5235987755982988,0.5248130609534467,-0.6,-0.5933003812827513,1.0471975511965976,1.042916471797649
grid_2147,0.3198397215109373,0.28137894641973227,0.15623694536774682,0.11868989949324103,1.0132917868593128,0.19999999999999996,0.2001891018072639,0.0,-0.0008032548403766882,-0.2,-0.1803464679106206,0.5235987755982988,0.5227971633468265,-0.6,-0.5940675875256956,1.5707963267948966,1.5637509415448658
grid_2148,0.46726084663674194,0.4612532237133612,0.010345167976608872,0.01466726000024959,1.0034144850313895,0.19999999999999996,0.20070766275902763,0.0,-0.000919962823189735,-0.2,-0.18446314451419976,0.5235987755982988,0.5221475641276889,-0.2,-0.19427852974838,1.5707963267948966,1.5665234657041118
grid_2149,0.2775240287454628,0.21319766466878007,0.10229085617840931,0.13688258908633913,0.9925851887872799,0.19999999999999996,0.19944167430968296,0.0,-0.0004982244103963751,-0.2,-0.18785565741927446,0.5235987755982988,0.522813588175687,-0.2,-0.19521763836980544,1.0471975511965976,1.0436357391069286
grid_2150,0.33016666947819473,0.2922596524350467,0.5743022211798001,0.3038502130811234,1.0037433836942173,0.19999999999999996,0.19841820625021267,0.0,0.0020135587516030284,-0.2,-0.19110533073230762,0.5235987755982988,0.5288036731151786,-0.2,-0.19715736549086493,0.5235987755982988,0.5236426835072123
grid_2151,0.19472135387660802,0.25558439525132765,0.8640687195850845,0.1199326438842294,0.9939909497846937,0.19999999999999996,0.1977000368126962,0.0,0.003564547902648485,-0.2,-0.19642461356639096,0.5235987755982988,0.5339524647883822,-0.2,-0.2003766639039366,0.0,0.004292557020455057
grid_2152,0.3054837168428339,0.3487668033630207,0.05331977222013092,0.06571328799256958,1.0055289364981959,0.19999999999999996,0.2003267569637215,0.0,-0.0015885793453840336,-0.2,-0.19199241353716978,0.5235987755982988,0.5202553945178785,0.19999999999999996,0.19838048382082807,0.0,-0.0022924105834842834
grid_2153,0.2588997334984557,0.18631849929878838,0.20324328667280883,0.17826663079774582,0.9923882676311063,0.19999999999999996,0.19972668649613556,0.0,-0.0023089929097830364,-0.2,-0.1887623613749696,0.5235987755982988,0.5193061322218782,0.19999999999999996,0.20168509792663603,0.5235987755982988,0.520163394254153
grid_2154,0.13824101339977118,0.1790375648664513,0.16028672846806083,0.1324748340947503,1.0014280610277693,0.19999999999999996,0.1994022861777065,0.0,-0.0018307485816206892,-0.2,-0.18550452620763647,0.5235987755982988,0.5211100757439269,0.19999999999999996,0.20342533965428444,1.0471975511965976,1.0444971639874865
grid_2155,0.3029722804746689,0.3217814692415415,0.03695784344351714,0.07871014829372083,1.001724117764873,0.19999999999999996,0.2002316717393331,0.0,-0.0012542062517404418,-0.2,-0.1862877392450324,0.5235987755982988,0.5216637304514071,0.19999999999999996,0.20460734481781628,1.5707963267948966,1.5695825647955175
grid_2156,0.29826301039485537,0.33061783490609686,0.19635401083157386,0.13277159028762356,0.9974309913614432,0.19999999999999996,0.20044815508568803,0.0,-0.003030850760522341,-0.2,-0.18644550283329941,0.5235987755982988,0.5163125236169037,0.6,0.6030468578274295,1.5707963267948966,1.5696793054759732
grid_2157,0.18537623178490908,0.1447177613134156,0.5517903472837616,0.3052971403337344,1.0094516020895554,0.19999999999999996,0.19974367259485248,0.0,-0.004510463653196517,-0.2,-0.18937459187622796,0.5235987755982988,0.5172923553580429,0.6,0.6016426288582659,1.0471975511965976,1.0457643140930166
grid_2158,0.3414527755922069,0.30942192861919326,0.9746662736145104,0.17444677514947127,0.9984972990383015,0.19999999999999996,0.1984771844329103,0.0,-0.006039906121860561,-0.2,-0.19377616062145897,0.5235987755982988,0.5112388609272767,0.6,0.5988958070499928,0.5235987755982988,0.5187154822823494
grid_2159,0.48331676206704366,0.41791677449602554,1.213215908879921,0.052347351582002793,1.0030678153755817,0.19999999999999996,0.19424884249603025,0.0,-0.00736401500976136,-0.2,-0.20371466819243444,0.5235987755982988,0.5095498138375438,0.6,0.5952626949252986,0.0,-0.01002946872185273
grid_2160,0.8982385642849025,1.0231162517153949,0.0925909568122243,0.09341030740549913,0.41795923965652115,0.19999999999999996,0.15067139495896154,0.0,-0.0333833858785475,-0.2,-0.2606497939553192,0.0,-0.05337600445913182,0.6,0.5981888690515733,0.0,-0.048069808476827625
grid_2161,1.1826753682964979,0.6652132469855658,1.2640238213025825,0.20792199839031078,1.0057511288012175,0.19999999999999996,0.20284027466190047,0.0,0.5250250491651407,-0.2,-0.18803067336406354,0.0,0.006653879790770922,0.6,0.6002298270140409,0.5235987755982988,0.5179290880406535
grid_2162,0.3629796928455942,0.3349090755289086,0.4105806609928807,0.13208350320010984,0.9990696800250489,0.19999999999999996,0.19865743021385285,0.0,-0.006780940535823454,-0.2,-0.18630959025782623,0.0,-0.013973829316404007,0.6,0.6050873724409138,1.0471975511965976,1.0401677054412817
grid_2163,0.16269781009142883,0.11606247231467616,0.024927012999006546,0.02913643673210457,0.9917538515724541,0.19999999999999996,0.1985886231664491,0.0,-0.0020085572507371197,-0.2,-0.18671193805087594,0.0,-0.003366772255213313,0.6,0.6037608110522239,1.5707963267948966,1.5656938884360647
grid_2164,0.23229253319865992,0.23109916843969333,0.1197541114408441,0.10804132429461964,1.0026768198982863,0.19999999999999996,0.19876440203198253,0.0,0.0005591404335820727,-0.2,-0.1857201599127185,0.0,0.0004522647788940404,0.19999999999999996,0.20535418640561254,1.5707963267948966,1.5672245102268052
grid_2165,0.18730617612545086,0.17754025410724938,0.003513044943669269,0.011136801411464307,1.0042731656595885,0.19999999999999996,0.19983034926822363,0.0,-0.0011933077979229267,-0.2,-0.1830360523959662,0.0,-0.0009258667392089137,0.19999999999999996,0.211297231427384,1.0471975511965976,1.0435227257502389
grid_2166,1.625219760385662,1.9711238052614248,0.07294784911850785,0.03521360837603251,0.9805047535724538,0.19999999999999996,0.1986191607582244,0.0,0.007537703499441939,-0.2,-0.18002444653376237,0.0,-0.03265895715370437,0.19999999999999996,0.21360860795614034,0.5235987755982988,0.4921680417368064
grid_2167,0.36534025725892644,0.27520217525054513,0.37882038006435836,0.14458396645528787,1.0109386996343046,0.19999999999999996,0.2044744475386162,0.0,0.49159688259915324,-0.2,-0.18743036835661897,0.0,0.1794326955248602,0.19999999999999996,0.19944784777338853,0.0,0.16700089783614658
grid_2168,0.980115893247215,1.0339273073068016,0.23434975497062865,0.1765664598980872,1.0133079535859586,0.19999999999999996,0.17168764561242256,0.0,0.03620097325445215,-0.2,-0.26145988202856163,0.0,0.03061367467185505,-0.2,-0.24274189722755501,0.0,0.0008807181058365643
grid_2169,0.8984415554098313,1.0926856094050055,0.313644878607621,0.015211294240046658,1.0028447830551863,0.19999999999999996,0.20687065084554312,0.0,0.02791426767621097,-0.2,-0.16132439036756452,0.0,0.008762630412483041,-0.2,-0.16845125842274822,0.5235987755982988,0.5132189388468023
grid_2170,0.14487925968638032,0.20243152079339494,0.49649055350751325,0.19749109365939688,1.0086004852782242,0.19999999999999996,0.19734979977866995,0.0,0.0062256826419062605,-0.2,-0.1888936845370548,0.0,0.011493538251006186,-0.2,-0.19367787750783894,1.0471975511965976,1.0479575898173126
grid_2171,0.39549526966737075,0.3570924427451936,0.1639494121881609,0.11085271888512764,1.0064206805005074,0.19999999999999996,0.19840956174623336,0.0,9.79556179077079e-05,-0.2,-0.18150404027289202,0.0,0.0010518162589008284,-0.2,-0.19275638421068475,1.5707963267948966,1.5678365116360498
grid_2172,0.2121785979273319,0.21785162757094156,0.35213223367393715,0.11344525053070065,0.9942421337010117,0.19999999999999996,0.19925843235498597,0.0,0.0019905173392071873,-0.2,-0.18281581629605537,0.0,0.00533031722189925,-0.6,-0.5932140425106791,1.5707963267948966,1.568880302507175
grid_2173,0.42840418867692176,0.415303250861833,0.7442930086010034,0.06776431808922365,0.9947508050927201,0.19999999999999996,0.1956347094058941,0.0,0.005040585842357004,-0.2,-0.1927215340124686,0.0,0.014105780964776216,-0.6,-0.5920497318731757,1.0471975511965976,1.046676900542728
grid_2174,0.5233129757098591,0.40602538259665705,0.2636742309526078,0.22032135741714404,0.9949023201227021,0.19999999999999996,0.1776838401992462,0.0,-0.012241193491448144,-0.2,-0.23650527825400225,0.0,0.013456687904475295,-0.6,-0.6144020788443161,0.5235987755982988,0.5334006243590217
grid_2175,3.468932634153063,1.8253257389801187,0.5887958788052499,0.04512513305951225,1.0021614479716223,0.19999999999999996,0.1752189556199646,0.0,-0.026700092466030334,-0.2,-0.2581297699000329,0.0,-0.01677751084152579,-0.6,-0.6399440234789369,0.0,0.00348916724217041
grid_2176,1.4905213673996047,0.8251282815247173,0.817068352402409,0.1602788813097502,0.9960302974534196,0.19999999999999996,0.19886107464431735,0.0,0.3457821709415567,0.19999999999999996,0.20897633104249103,0.0,0.11755936290663715,-0.6,-0.5961656295522051,0.0,0.006118921967074087
grid_2177,0.4783046164896124,0.32654065866457144,0.06306642739525414,0.06601804398716361,1.0009974691444907,0.19999999999999996,0.1998752007526452,0.0,0.3987552323267325,0.19999999999999996,0.20891441774517183,0.0,0.4448260850900949,-0.6,-0.598070413457493,0.5235987755982988,0.5249168745172659
grid_2178,0.20368883846701719,0.14948084194621958,0.6205123157761363,0.13640906180540172,1.0016617978684892,0.19999999999999996,0.19735429460004816,0.0,-0.007891369863772368,0.19999999999999996,0.20961696860565215,0.0,-0.0055943884201248295,-0.6,-0.5934642541215815,1.0471975511965976,1.0481580728120576
grid_2179,0.11901748731532227,0.10197939890242087,0.88687186420103,0.10815504433990131,1.000662921981489,0.19999999999999996,0.19870552886611925,0.0,-0.009564715190236939,0.19999999999999996,0.21132454770585252,0.0,-0.010841630920315204,-0.6,-0.5952106187873749,1.5707963267948966,1.5707304256044248
grid_2180,0.1704774808562833,0.10981266727252577,0.921683159044844,0.15537572441492525,1.0048847240074186,0.19999999999999996,0.19067702803936992,0.0,-0.009603893679962283,0.19999999999999996,0.20026614085835526,0.0,-0.011699308397602692,-0.2,-0.19556668247818276,1.5707963267948966,1.570719625583008
grid_2181,0.1554129819049659,0.14888244809476517,1.2926534375366447,0.10486118627745554,0.9976754761648644,0.19999999999999996,0.19576117017491423,0.0,-0.013067830847975692,0.19999999999999996,0.20691935367032688,0.0,-0.017766279487804404,-0.2,-0.19580718301743438,1.0471975511965976,1.0442630255731
grid_2182,1.1284397880303945,0.6641551039727567,0.1298577879115089,0.02857863726992561,0.9537066740272693,0.19999999999999996,0.18563524117233676,0.0,-0.01611278239449465,0.19999999999999996,0.19477488664996034,0.0,-0.06500195755292548,-0.2,-0.19447445577628475,0.5235987755982988,0.4812244475287466
grid_2183,1.9824676968108683,1.9542784458863898,0.29608046177354014,0.10226355146002176,0.5398506050186545,0.19999999999999996,0.09499988974073137,0.0,0.06777501150458676,0.19999999999999996,0.11916495204518363,0.0,0.06053514651461711,-0.2,-0.19824794616927655,0.0,0.020791422745416455
grid_2184,1.9998254101429995,0.9067684385216509,1.6039356884435996,0.36591884274422226,0.9992319284725258,0.19999999999999996,0.17796552237955687,0.0,0.2664212481546464,0.19999999999999996,0.16295146806706295,0.0,-0.029704245038484345,0.19999999999999996,0.17694415691232024,0.0,-0.010524257686353344
grid_2185,0.7008965207244883,0.6405805678029488,0.38283852280629527,0.040252552914401434,0.990737441273097,0.19999999999999996,0.1818557113814503,0.0,-0.03644562078897717,0.19999999999999996,0.17219448929727843,0.0,-0.02692187307540639,0.19999999999999996,0.18074475128515832,0.5235987755982988,0.528255008680528
grid_2186,0.18532670033040727,0.18698758495664108,1.2923962122733454,0.05703777081469091,1.008590157276768,0.19999999999999996,0.19102851390146114,0.0,-0.015993128997104478,0.19999999999999996,0.19696138725840662,0.0,-0.024449566889807706,0.19999999999999996,0.19911315245151417,1.0471975511965976,1.0430224775317107
grid_2187,0.20377038682589182,0.1902079465968855,1.086496990851722,0.13448563214556947,0.9951581645200172,0.19999999999999996,0.19242635693602317,0.0,-0.012071108556903631,0.19999999999999996,0.20265229367721638,0.0,-0.015443501724261566,0.19999999999999996,0.203447550390921,1.5707963267948966,1.570678818501027
grid_2188,0.16898782779746327,0.17709660402502223,1.0326303552137084,0.17515672681062844,1.0033990262216723,0.19999999999999996,0.19266178029103198,0.0,-0.011471625915173256,0.19999999999999996,0.20060359488440138,0.0,-0.015333079955628826,0.6,0.6006341545200664,1.5707963267948966,1.570749009676084
grid_2189,0.2784053388168214,0.2729924548199013,1.0593592961722766,0.07727333731352755,1.003030038786698,0.19999999999999996,0.19231701693559256,0.0,-0.013720607316806799,0.19999999999999996,0.1952904011431098,0.0,-0.022036332107814083,0.6,0.5956860079969255,1.0471975511965976,1.0484185591380664
grid_2190,1.9130692796435114,0.3500402353749167,0.25321247709140876,0.04822998838469238,1.0028999992317593,0.19999999999999996,0.18887118234154876,0.0,-0.03784828593650591,0.19999999999999996,0.1815716894012276,0.0,-0.02854039612891235,0.6,0.5823649086167206,0.5235987755982988,0.5299935976358574
grid_2191,2.8119955128919436,1.8364919285880146,0.4747941059571314,0.011085484394730186,0.9993590769456404,0.19999999999999996,0.17270277330325357,0.0,-0.024527182276209203,0.19999999999999996,0.14438915116988404,0.0,-0.013366063390480853,0.6,0.5623325409099458,0.0,0.005380623751204183
grid_2192,0.30821493765822106,0.2758341798587207,1.6732091584021886,0.056433425459618124,0.9997240087684306,0.19999999999999996,0.1912039278941826,0.0,-0.009514414199973231,0.19999999999999996,0.18611463298753783,0.5235987755982988,0.5066868614225282,0.6,0.5872354479411861,0.0,-0.007716409000351199
grid_2193,0.6812486842560854,0.3967923869822204,1.420135772672962,0.18206378018460254,1.0033758244830373,0.19999999999999996,0.19319702192667787,0.0,-0.00878253837082088,0.19999999999999996,0.19774263524529267,0.5235987755982988,0.512510335183654,0.6,0.596339930716379,0.5235987755982988,0.5211549479007429
grid_2194,0.5812971826863327,0.4480452103169289,0.8426434392121923,0.13034741296910704,1.0043619826616224,0.19999999999999996,0.19649665435502506,0.0,-0.006493477116435109,0.19999999999999996,0.20382118286254958,0.5235987755982988,0.5160845605821418,0.6,0.598831564381582,1.0471975511965976,1.0502503088426556
grid_2195,0.5512307246393859,0.5812252735403985,0.6930149394111728,0.12696271110810123,0.9972608162247691,0.19999999999999996,0.1983283015262911,0.0,-0.005698500614618851,0.19999999999999996,0.20701339081532133,0.5235987755982988,0.5168293339900547,0.6,0.6005657387583865,1.5707963267948966,1.570818100334134
grid_2196,0.2091362921628051,0.3146071764241576,0.5299836338695239,0.147185717482948,0.9958449825895661,0.19999999999999996,0.19789204725109322,0.0,-0.006371898555769029,0.19999999999999996,0.20828557526345648,0.5235987755982988,0.5153714657025752,0.19999999999999996,0.20184617313302233,1.5707963267948966,1.5708062471815323
grid_2197,0.3995805616529521,0.3692385676699625,0.8398194586414739,0.15766632608494624,0.9984372012324266,0.19999999999999996,0.19855814733055333,0.0,-0.006353466638689298,0.19999999999999996,0.20823542841853637,0.5235987755982988,0.516114167636661,0.19999999999999996,0.201517068022107,1.0471975511965976,1.0487001626200403
grid_2198,0.4196101089180727,0.5395920640671027,1.1577228898609533,0.16126178214153045,0.9997274632435227,0.19999999999999996,0.19585533878576378,0.0,-0.008536634548366173,0.19999999999999996,0.20255495337144502,0.5235987755982988,0.5107181996561225,0.19999999999999996,0.19781518087597494,0.5235987755982988,0.5209387169061772
grid_2199,0.2867281325174319,0.24945638409127496,1.496979484072877,0.0484797536985057,0.9917871550229878,0.19999999999999996,0.19477431641645815,0.0,-0.012326952744000863,0.19999999999999996,0.19448716748906048,0.5235987755982988,0.504013724109341,0.19999999999999996,0.18848657059901086,0.0,-0.008479714707467778
grid_2200,0.323659821426394,0.31458892767662,0.7616457618656949,0.029230963239853476,0.9942961537344711,0.19999999999999996,0.1956517356553471,0.0,-0.007877858694262052,0.19999999999999996,0.20120007776323945,0.5235987755982988,0.513143123731866,-0.2,-0.20413268005999186,0.0,-0.0033516408778613282
grid_2201,0.6376856600297783,0.5295116789358689,0.6166935582969109,0.18964942934608614,0.9995184178069746,0.19999999999999996,0.19734055482722912,0.0,-0.0048548738172264905,0.19999999999999996,0.20527855919134375,0.5235987755982988,0.518856004303581,-0.2,-0.20005792470735706,0.5235987755982988,0.5227122319270121
grid_2202,0.5318395864494928,0.5902041129159417,0.46710112211505744,0.19370357258251766,1.0010004526370808,0.19999999999999996,0.1987352053324436,0.0,-0.004682467773789334,0.19999999999999996,0.20852571348532933,0.5235987755982988,0.5184714605097502,-0.2,-0.19781845554173128,1.0471975511965976,1.046811542527312
grid_2203,0.430823042567566,0.43913348012518116,0.39431606136598674,0.19735260238495564,1.0030448200487303,0.19999999999999996,0.1985857048143398,0.0,-0.00529188624653365,0.19999999999999996,0.2130897642696743,0.5235987755982988,0.5172035398301613,-0.2,-0.19483458759998218,1.5707963267948966,1.5707512548948914
grid_2204,0.48376929917757866,0.43616287338747683,0.115559093755864,0.13211454108929646,0.9907852132640051,0.19999999999999996,0.19913881702447256,0.0,-0.004708709904816644,0.19999999999999996,0.21619592064156734,0.5235987755982988,0.5199186302598875,-0.6,-0.5959523988369515,1.5707963267948966,1.5698239484594962
grid_2205,0.21712909948261636,0.18394635441472887,0.05785501122824839,0.08085632817943793,1.0039626924068759,0.19999999999999996,0.19836621008174848,0.0,-0.004479134606565793,0.19999999999999996,0.2084322972747632,0.5235987755982988,0.519281127387111,-0.6,-0.5955673279612128,1.0471975511965976,1.045413217550232
grid_2206,0.2785229526913636,0.22119011046623863,0.15608432378629128,0.14180543882866606,0.996312235518422,0.19999999999999996,0.19814569718970798,0.0,-0.002112775248384935,0.19999999999999996,0.20645952820382618,0.5235987755982988,0.5253554117675057,-0.6,-0.598059755516072,0.5235987755982988,0.5246167052973041
grid_2207,0.34151317449441465,0.30344012083173116,0.35128320214192493,0.19886792504801548,0.9962984107769077,0.19999999999999996,0.19588803849922254,0.0,-0.0025161421698998154,0.19999999999999996,0.20092522501626942,0.5235987755982988,0.5262508171656952,-0.6,-0.6006941501482537,0.0,0.004774029460057783
grid_2208,0.3090872711740229,0.22706742345635808,0.26417505519768847,0.22293247908825922,1.0009445836484243,0.19999999999999996,0.1946027024776802,0.0,-0.000786679352649422,0.19999999999999996,0.19811107917129878,1.0471975511965976,1.047861272491578,-0.6,-0.597690024192663,0.0,0.0017678849506035377
grid_2209,0.17275287631866634,0.14490167858902406,0.29749113640341457,0.1950930523006337,0.9879921994817163,0.19999999999999996,0.19682923163506683,0.0,-0.0007560256391618836,0.19999999999999996,0.20304401448798792,1.0471975511965976,1.0471811506016344,-0.6,-0.5976062599918599,0.5235987755982988,0.5224913476039115
grid_2210,0.27972722104330605,0.2561096617238387,0.22791137053028637,0.11581113346939348,0.9962801893010006,0.19999999999999996,0.1979766816207862,0.0,-0.00020548134741904533,0.19999999999999996,0.2060587335216102,1.0471975511965976,1.0483426766431565,-0.6,-0.5965087187408056,1.0471975511965976,1.0446601119023233
grid_2211,0.49639317259196203,0.44244101947368647,0.23583868666356111,0.1729103537702154,1.00770723590696,0.19999999999999996,0.199447774860797,0.0,-0.0020250791545564084,0.19999999999999996,0.2099105713234053,1.0471975511965976,1.0474302101717177,-0.6,-0.5957144346526286,1.5707963267948966,1.5663218293144325
grid_2212,0.20592225106554363,0.255624341103729,0.03317732319368545,0.07554495620929123,0.998670831116792,0.19999999999999996,0.1988794338846267,0.0,-0.0019215705124970839,0.19999999999999996,0.20906937593128383,1.0471975511965976,1.046683400914099,-0.2,-0.1971510290310139,1.5707963267948966,1.5693817565373918
grid_2213,0.15860206294848153,0.24207848065573256,0.06511853666564761,0.07850288530909422,1.0042142017806879,0.19999999999999996,0.19793016679246822,0.0,-0.0013457737586133334,0.19999999999999996,0.2070117395826978,1.0471975511965976,1.0469479260077392,-0.2,-0.19843286484828404,1.0471975511965976,1.0459782581991357
grid_2214,0.30518907208472074,0.2087195155581822,0.15041033353420724,0.15471507056240674,1.0090277059729014,0.19999999999999996,0.19773393923919347,0.0,-0.0006592393320543621,0.19999999999999996,0.20404328491168577,1.0471975511965976,1.048741530921503,-0.2,-0.2014143766242178,0.5235987755982988,0.5240646889580969
grid_2215,0.1790578273441927,0.17831062060991915,0.06090498001810618,0.054330631952847215,0.9990172727359466,0.19999999999999996,0.19684703817109828,0.0,-0.0023793711322070976,0.19999999999999996,0.20157310664931405,1.0471975511965976,1.0456761454486125,-0.2,-0.2025600928763529,0.0,0.0006141372275436652
grid_2216,0.12013320572887316,0.1040620602170107,0.6421242191273712,0.09546840266720029,0.9999942444073622,0.19999999999999996,0.1973585436885621,0.0,-0.005619358797774865,0.19999999999999996,0.2004332228018697,1.0471975511965976,1.0395441997444816,0.19999999999999996,0.19303024299786653,0.0,-0.00240430971124983
grid_2217,0.30545367134201323,0.2905558334402044,0.5236123115747804,0.32164435133484215,1.002988935673025,0.19999999999999996,0.19715094579043768,0.0,-0.003833590784884322,0.19999999999999996,0.20398011619206713,1.0471975511965976,1.043537783630498,0.19999999999999996,0.1986465406981397,0.5235987755982988,0.5228398600490083
grid_2218,0.1991004903808807,0.191856047402882,0.15001098816345876,0.13386574844907795,0.9998932728330449,0.19999999999999996,0.19853821757352197,0.0,-0.0026276583377908835,0.19999999999999996,0.20747499853204854,1.0471975511965976,1.0454818266978902,0.19999999999999996,0.1997757786071661,1.0471975511965976,1.0491373972840856
grid_2219,0.10097734430035121,0.13319512084660282,0.09620379739373822,0.11324581018063458,1.0031172660898375,0.19999999999999996,0.19898958583731918,0.0,-0.003373873430708052,0.19999999999999996,0.20940685112947044,1.0471975511965976,1.0420236470973485,0.19999999999999996,0.2031525910973766,1.5707963267948966,1.5707296052756456
grid_2220,0.1959905147783769,0.190059839987378,0.16474527959123206,0.16827063525169367,1.0008626420181488,0.19999999999999996,0.19838475700511893,0.0,-0.003423773581666012,0.19999999999999996,0.2076557842869633,1.0471975511965976,1.0420575694033598,0.6,0.6018026621428314,1.5707963267948966,1.5708132100871008
grid_2221,0.2879045212908808,0.3123864642968577,0.5000918428715541,0.20652199561955037,1.0026969445053742,0.19999999999999996,0.19785807950345635,0.0,-0.0036354704152596895,0.19999999999999996,0.20627830897242294,1.0471975511965976,1.043931014392931,0.6,0.5998215485296035,1.0471975511965976,1.0536387329550516
grid_2222,0.3344487070399481,0.29198184536795274,0.7238017154868105,0.28634804562777105,1.0024294689459847,0.19999999999999996,0.19693212062189414,0.0,-0.004850472664739591,0.19999999999999996,0.2032433839709551,1.0471975511965976,1.0429943665905563,0.6,0.5983637807586302,0.5235987755982988,0.5257406950063448
grid_2223,0.21677406261651075,0.1752594431833082,0.9014406835047435,0.16890670304568048,1.0010935319959238,0.19999999999999996,0.19345376984147755,0.0,-0.005857679342364364,0.19999999999999996,0.1948940847345897,1.0471975511965976,1.03795171459325,0.6,0.5940487945923332,0.0,-0.0032294707176125925
grid_2224,0.2054234589372698,0.18037517069866713,0.6403202674935045,0.43761357292193553,1.0064627432911362,0.19999999999999996,0.19559365007575202,0.0,-0.003501897542930621,0.19999999999999996,0.19959660277614422,1.5707963267948966,1.5661460335987654,0.6,0.5954290508318145,0.0,-0.0011021976300220615
grid_2225,0.15332679707622318,0.14483455211819915,0.23272458115837744,0.18611075637548788,0.9919315157039559,0.19999999999999996,0.19777325394723366,0.0,-0.001888480218952715,0.19999999999999996,0.205185423611848,1.5707963267948966,1.5705040261999095,0.6,0.5975830746656445,0.5235987755982988,0.5277462266286754
grid_2226,0.17788469061214812,0.20366255813403886,0.0426752713829023,0.046558987808218225,0.9942434071976651,0.19999999999999996,0.19832745162770138,0.0,-0.000766424394861076,0.19999999999999996,0.20695491600574734,1.5707963267948966,1.5709134580103203,0.6,0.5983615490642347,1.0471975511965976,1.0522791536988052
grid_2227,0.13338907801244798,0.11955126707363653,0.05917182910166415,0.09205457214363294,0.9909588341384359,0.19999999999999996,0.1984596817210882,0.0,-0.0021022688387342114,0.19999999999999996,0.2113191150049536,1.5707963267948966,1.5660023899807474,0.6,0.6006648273307196,1.5707963267948966,1.5708480288532352
grid_2228,0.10806115316667364,0.07597916918948977,0.026161931229810857,0.05079605570936124,1.00885494329237,0.19999999999999996,0.19923909758923575,0.0,-0.0011135593928193188,0.19999999999999996,0.2108807980645251,1.5707963267948966,1.5687790196588995,0.19999999999999996,0.2020819050984013,1.5707963267948966,1.569276104951916
grid_2229,0.2600089103070037,0.1881707515359854,0.09631153225323949,0.10463194099914896,0.997660344866782,0.19999999999999996,0.1982472009671188,0.0,-0.0016818683997499306,0.19999999999999996,0.20748229092956283,1.5707963267948966,1.56701809568486,0.19999999999999996,0.19945579149641723,1.0471975511965976,1.04768644994075
grid_2230,0.15586136929108,0.17534757155404412,0.23138003300564663,0.17688345039457806,0.9979811996165333,0.19999999999999996,0.19754089185788093,0.0,-0.0014792178134230838,0.19999999999999996,0.20379684268207843,1.5707963267948966,1.5690444635181846,0.19999999999999996,0.19553964277027447,0.5235987755982988,0.5247017223115735
grid_2231,0.0839001673780955,0.07485321713662686,0.1615969208545392,0.15798333497942876,1.0030905384294475,0.19999999999999996,0.1945598371654942,0.0,-0.0016836719829713687,0.19999999999999996,0.20057329020826398,1.5707963267948966,1.5686180535518064,0.19999999999999996,0.1969591491709215,0.0,-0.0006282233476744281
grid_2232,0.12560900073341652,0.10933955932159714,0.2400343841125887,0.13736377702135424,0.9946305939472389,0.19999999999999996,0.19577988068238383,0.0,-0.00040313131651181777,0.19999999999999996,0.20043044358361062,1.5707963267948966,1.5707776533643774,-0.2,-0.20257358781194146,0.0,0.0008207652326888137
grid_2233,0.310208152885674,0.3113706720864504,0.2916991457958075,0.2780449970924658,0.9994759311389299,0.19999999999999996,0.1978355099711786,0.0,-0.00019022314064454093,0.19999999999999996,0.2046084114551805,1.5707963267948966,1.570785379736387,-0.2,-0.20113338299582306,0.5235987755982988,0.5223591530591509
grid_2234,0.09916707389730436,0.08780863911536635,0.08437091914908348,0.09918199695659423,0.9968679391443095,0.19999999999999996,0.19831040998421834,0.0,-0.0012870344376390008,0.19999999999999996,0.2075427317028833,1.5707963267948966,1.5677575489079203,-0.2,-0.1996857051890224,1.0471975511965976,1.0433260742342867
grid_2235,0.21932507092363726,0.15719687570349927,0.1271590238790582,0.10471868903976682,0.9925890717885641,0.19999999999999996,0.19992749251670272,0.0,-0.0009113776826188413,0.19999999999999996,0.2146261252455135,1.5707963267948966,1.5698211638734954,-0.2,-0.19757447233679581,1.5707963267948966,1.5652696297252717
grid_2236,0.19455315576047613,0.14946493623390658,0.03674989834466007,0.06965336559355392,1.0058377159801692,0.19999999999999996,0.19953432279661154,0.0,-0.00013218078958043833,0.19999999999999996,0.21524356130120115,1.5707963267948966,1.570342833907456,-0.6,-0.5967770050685592,1.5707963267948966,1.5581368178643737
grid_2237,0.1638145940883975,0.11958141986095058,0.20942704845100707,0.10758841172382097,0.9954878790675705,0.19999999999999996,0.19797021313797014,0.0,-0.00039570169083447126,0.19999999999999996,0.20786934569448512,1.5707963267948966,1.5702010712689303,-0.6,-0.59676179502764,1.0471975511965976,1.0387827151714015
grid_2238,0.17544655999114833,0.15370239526718538,0.37955999361006243,0.2384640662181533,0.9991175286243816,0.19999999999999996,0.19671764385139845,0.0,-0.0008887687642760156,0.19999999999999996,0.20357149031139166,1.5707963267948966,1.5676682320745483,-0.6,-0.596570693122696,0.5235987755982988,0.519859020333107
grid_2239,0.1682107839827749,0.17276907649415293,0.342831597129703,0.36218156886580477,1.0010639033338566,0.19999999999999996,0.19508731656036638,0.0,-6.327391863791831e-06,0.19999999999999996,0.20084770650286554,1.5707963267948966,1.569045574219846,-0.6,-0.5962509756147938,0.0,-0.00021093055981502573
grid_2240,0.2778110717014873,0.27191000122031017,0.27349710576043335,0.21584949534280323,0.9972749341927036,0.19999999999999996,0.1941613523963328,0.0,-0.0005270844205771397,0.6,0.5965148612634463,1.5707963267948966,1.5679625555820396,-0.6,-0.5966099906319258,0.0,0.002979549801307435
grid_2241,0.1568108209826236,0.15797027190914903,0.2698920827435002,0.21472477414918678,0.9988903455128042,0.19999999999999996,0.19590659747461192,0.0,-0.0006362014704013319,0.6,0.5989884997447286,1.5707963267948966,1.5682861139538051,-0.6,-0.6006933924370355,0.5235987755982988,0.524818227847482
grid_2242,0.27091830432444985,0.30148904852369734,0.47126460485728294,0.22507155891455946,0.9906841415119843,0.19999999999999996,0.19579601479209874,0.0,0.0008265005288672356,0.6,0.601439413868059,1.5707963267948966,1.5708022808995894,-0.6,-0.596382229535843,1.0471975511965976,1.042208064074007
grid_2243,0.5785608673644582,0.45448112855422507,0.4758433989795625,0.19538826494430275,1.0000082680475995,0.19999999999999996,0.19772393608945293,0.0,-0.0012512890996907444,0.6,0.6084675569152775,1.5707963267948966,1.5675802085112451,-0.6,-0.5952306550858504,1.5707963267948966,1.5549055745552423
grid_2244,0.18180539982412175,0.10513139493023238,0.22336091265595273,0.11509593249618595,1.0124708342310145,0.19999999999999996,0.197792256505398,0.0,-0.0016533794995883255,0.6,0.6069193011666831,1.5707963267948966,1.5656266696690908,-0.2,-0.19693411329244626,1.5707963267948966,1.5626611051845662
grid_2245,0.14294859242223307,0.1269868470033859,0.2513447754027088,0.17770285503997219,0.9931442858408552,0.19999999999999996,0.19740678510992282,0.0,-0.0016672468067611135,0.6,0.603833949549891,1.5707963267948966,1.5649862704058242,-0.2,-0.20072623402659673,1.0471975511965976,1.0443784121900261
grid_2246,0.19251187311206808,0.17764215526579513,0.3503075288372842,0.2914676820878373,1.00743289669226,0.19999999999999996,0.1960944944696772,0.0,-0.00038169070902149826,0.6,0.5999332535404323,1.5707963267948966,1.5694913880443657,-0.2,-0.20035528087617038,0.5235987755982988,0.5243623259555497
grid_2247,0.23193701990319138,0.35135876680523154,0.4588359488234112,0.3944925997097599,1.0009931800578526,0.19999999999999996,0.19583755128794067,0.0,-0.0007849895726108613,0.6,0.5979801363576254,1.5707963267948966,1.5701092696104624,-0.2,-0.20221628166632666,0.0,0.0037561708460964738
grid_2248,0.12978421407931892,0.12448506750444746,0.5015927885584855,0.3327375894727056,0.9978904318238877,0.19999999999999996,0.1942042369961241,0.0,-0.0013451991927881934,0.6,0.597390826332159,1.5707963267948966,1.5698635162114325,0.19999999999999996,0.19607715742548937,0.0,0.002643265752122481
grid_2249,0.13855887426954033,0.173280037819523,0.13910346588540926,0.12354035066043564,0.9853350828280416,0.19999999999999996,0.19621718932062215,0.0,-0.0019219431342438753,0.6,0.6011227288583738,1.5707963267948966,1.5672678432184846,0.19999999999999996,0.1979533339359243,0.5235987755982988,0.5260207194880264
grid_2250,0.14334043860725323,0.1636570820824961,0.06155965673605238,0.10317446354668067,0.9953594515743036,0.19999999999999996,0.1968846969903879,0.0,-0.0011883111866302087,0.6,0.6028195645527736,1.5707963267948966,1.5681892005580407,0.19999999999999996,0.19907361058787298,1.0471975511965976,1.0467940864090535
grid_2251,0.1458065065502931,0.20527800553169487,0.15123584069905704,0.154730574486844,1.005279831218121,0.19999999999999996,0.19718731691030555,0.0,-0.0013380785098346948,0.6,0.6039556581195518,1.5707963267948966,1.5670603364212825,0.19999999999999996,0.20179677726759948,1.5707963267948966,1.5663229773608425
grid_2252,0.36602749442959837,0.2498761862482464,0.1223519477796519,0.12823172819869968,1.0006484753035352,0.19999999999999996,0.19712316163899413,0.0,-0.0004258603262927707,0.6,0.6039341060889836,1.5707963267948966,1.569555421161139,0.6,0.6001510226543489,1.5707963267948966,1.5699180143070492
grid_2253,0.10369802891664344,0.1067109624297416,0.07333053091836708,0.08411061743330078,0.9942522212877997,0.19999999999999996,0.19753642840852148,0.0,-0.0022117439267796968,0.6,0.6040574717599734,1.5707963267948966,1.5671507899326613,0.6,0.5974244051754658,1.0471975511965976,1.0515041918984647
grid_2254,0.10129166427981559,0.12329311945628402,0.09655275693045172,0.12067829466099457,1.0100456661235957,0.19999999999999996,0.19747040908920077,0.0,-0.0018343915087157825,0.6,0.6034346755175672,1.5707963267948966,1.568737347367506,0.6,0.5972487614686406,0.5235987755982988,0.530481279994393
grid_2255,0.30280248613380695,0.2809193137553322,0.2823245516574311,0.22321908945967164,1.0073351875639096,0.19999999999999996,0.19582758969955094,0.0,-0.0016276387687597094,0.6,0.5994484582503645,1.5707963267948966,1.5708907447463014,0.6,0.5967695179210697,0.0,0.004449599741788823
grid_2256,0.28409983222943175,0.31696243148538766,1.2411571169095852,0.4672080037874183,1.0017005666591985,0.19999999999999996,0.1942748226266522,0.0,-0.006956890448720721,0.6,0.5961078821049322,1.0471975511965976,1.0402054420630193,0.6,0.5969927792388834,0.0,0.0018737149741498982
grid_2257,0.3063623197477425,0.2877743394276614,0.7050052845997498,0.2202009674287411,1.001178278725947,0.19999999999999996,0.19646649107053005,0.0,-0.004756372867890768,0.6,0.6015781362708426,1.0471975511965976,1.0441288493267482,0.6,0.6001292776225489,0.5235987755982988,0.531597565603386
grid_2258,0.23437485275860234,0.26750885459144486,0.2725542485315728,0.18011963429966066,0.9969524002579071,0.19999999999999996,0.19770415505089112,0.0,-0.00343499773914413,0.6,0.6019657281304385,1.0471975511965976,1.0465702596578286,0.6,0.5995101222286028,1.0471975511965976,1.0553512183468046
grid_2259,0.17880951364420125,0.21369988353317246,0.057678940507418064,0.07755789146385703,0.9956371474930608,0.19999999999999996,0.19743113007798563,0.0,-0.003733003367779375,0.6,0.6025548141459796,1.0471975511965976,1.045108033345528,0.6,0.6004792460531094,1.5707963267948966,1.5708088449036586
grid_2260,0.15528623240456824,0.11669609534660741,0.004998314908362984,0.010672127568831584,1.0005742384257514,0.19999999999999996,0.19804862446825577,0.0,-0.002572881184692122,0.6,0.6042722710666322,1.0471975511965976,1.0472385937003015,0.19999999999999996,0.20107114041328078,1.5707963267948966,1.5708116914403911
grid_2261,0.1473374501021797,0.13749756355475357,0.29723807727940427,0.1680349066851078,1.0051749678554631,0.19999999999999996,0.19781502462019507,0.0,-0.0031268581191019607,0.6,0.6038425755128358,1.0471975511965976,1.0468739423909676,0.19999999999999996,0.19949315553461666,1.0471975511965976,1.0523840254524135
grid_2262,0.22613741158934123,0.18882445224277217,0.5691717365379423,0.3182557182480511,1.0054330711996005,0.19999999999999996,0.19628048102228224,0.0,-0.005288046377225797,0.6,0.6001748066103989,1.0471975511965976,1.0425127184786467,0.19999999999999996,0.19726692393785417,0.5235987755982988,0.5293329610226127
grid_2263,0.19026080746020088,0.16924349165017505,0.8651409515339704,0.26574411997242225,1.0046677071079828,0.19999999999999996,0.19553328225751088,0.0,-0.006289760033810765,0.6,0.5969067419984366,1.0471975511965976,1.042403297646115,0.19999999999999996,0.19192977325201532,0.0,0.002244072210436876
grid_2264,0.4907963584364164,0.3215255660059941,0.511618292965825,0.3356244830181139,1.0050495719332433,0.19999999999999996,0.19390089435747448,0.0,-0.004831070644380375,0.6,0.5964265393973553,1.0471975511965976,1.0432828864999326,-0.2,-0.20572171407580164,0.0,0.0017439962323022584
grid_2265,0.14452982972300835,0.11680692628904232,0.3721401864328228,0.2949480849082067,0.9894757520469126,0.19999999999999996,0.19680900694792758,0.0,-0.0032100249471396225,0.6,0.6020726599315527,1.0471975511965976,1.0462996995558482,-0.2,-0.20132947025054637,0.5235987755982988,0.5261371050820021
grid_2266,0.3249077749733466,0.41634847493420624,0.1450550978446465,0.1433705562433149,0.9867039951857629,0.19999999999999996,0.19742764266551394,0.0,-0.0029535354208229947,0.6,0.6026267429376579,1.0471975511965976,1.0459363481342816,-0.2,-0.20047802128770886,1.0471975511965976,1.05059130692585
grid_2267,0.4017036248440663,0.48475873229810795,0.09380010394865738,0.12393977595300287,0.9951758956564406,0.19999999999999996,0.1979123459564871,0.0,-0.0040331131220234795,0.6,0.6043952176634919,1.0471975511965976,1.0434734549105755,-0.2,-0.19741629136171923,1.5707963267948966,1.5704152788976558
grid_2268,0.4039649883787605,0.39866279645466796,0.13723473722144325,0.1697987403787045,1.0019195967740928,0.19999999999999996,0.1985450550966119,0.0,-0.0015227648859355014,0.6,0.6058164743956578,1.0471975511965976,1.0492739841197913,-0.6,-0.595962702543428,1.5707963267948966,1.5690661275643745
grid_2269,0.3554298658735672,0.24512780695381942,0.09744135198693561,0.10598329078674418,1.0039857944855322,0.19999999999999996,0.19675224054922058,0.0,-0.0027477930476189627,0.6,0.6022923566892615,1.0471975511965976,1.0446613246978442,-0.6,-0.5980633048580799,1.0471975511965976,1.0478098492894672
grid_2270,0.22470288466615496,0.2436834382392782,0.38680665649226886,0.32391016435420505,1.0008658865749354,0.19999999999999996,0.19651568036866607,0.0,-0.0021739149443433803,0.6,0.6005624402371055,1.0471975511965976,1.047295298535393,-0.6,-0.6012021363092961,0.5235987755982988,0.5269127434966325
grid_2271,0.2771481718268702,0.3010105694355758,0.12214999894299246,0.11948101044459866,1.0007332269078464,0.19999999999999996,0.19466694790636385,0.0,-0.003869609887044767,0.6,0.5953301024164794,1.0471975511965976,1.0449611764340307,-0.6,-0.6028860375001752,0.0,0.00351385887808231
grid_2272,0.840681924449342,0.6382840762150283,0.7608754205955909,0.25323232712850097,1.0109492085252116,0.19999999999999996,0.19035806703653524,0.0,-0.008026439090395243,0.6,0.5902828811733469,0.5235987755982988,0.5178915380058653,-0.6,-0.6115074939491141,0.0,-0.0003880880983659907
grid_2273,0.6252120142199324,0.46694008016111427,0.538905859659607,0.21722125414554427,0.9967282535256125,0.19999999999999996,0.19495587366235867,0.0,-0.008167851958396533,0.6,0.5988596535053441,0.5235987755982988,0.5170913125175067,-0.6,-0.6021472663237946,0.5235987755982988,0.523065329705898
grid_2274,0.6549449485213579,0.4516299335729503,0.4891461247173625,0.19278660439670817,1.0031851676321575,0.19999999999999996,0.19624075852143896,0.0,-0.007256526950533804,0.6,0.6026060724700297,0.5235987755982988,0.5207279642915088,-0.6,-0.5996629053564577,1.0471975511965976,1.0494065481218176
grid_2275,0.38784790587034357,0.2959746500063495,0.5422873500367886,0.19437638113527242,0.9944504577805062,0.19999999999999996,0.19699517182179704,0.0,-0.007843731484324046,0.6,0.6025950439589733,0.5235987755982988,0.5185249967558505,-0.6,-0.5978585598217148,1.5707963267948966,1.5709003560235617
grid_2276,0.531916499681438,0.4068573630146438,0.5735009258912587,0.28953910432791286,1.0025123993565643,0.19999999999999996,0.1961831296159655,0.0,-0.008002843318942965,0.6,0.6032220999203641,0.5235987755982988,0.518172595651432,-0.2,-0.19848337992015175,1.5707963267948966,1.5708927999398608
grid_2277,0.5854892886268276,0.4424583721983055,0.7630544406116471,0.20508204823084691,0.9963650439425926,0.19999999999999996,0.19653670750252505,0.0,-0.008032538768357966,0.6,0.6031654456282807,0.5235987755982988,0.5187038962265644,-0.2,-0.20095678334676315,1.0471975511965976,1.0520758335650333
grid_2278,0.5297960786290321,0.38593336869793615,1.0831688358418277,0.21381729320049148,1.0048339606007206,0.19999999999999996,0.1947282844027498,0.0,-0.009997641436283011,0.6,0.5968704050955411,0.5235987755982988,0.5135902142261193,-0.2,-0.20910522656195152,0.5235987755982988,0.5252500720624917
grid_2279,0.26728105331408797,0.23979800695841885,1.4131335412793635,0.11056240902427977,1.002670533555945,0.19999999999999996,0.1901308858398103,0.0,-0.010596568774604798,0.6,0.5874784252914829,0.5235987755982988,0.512611809115219,-0.2,-0.21268386570933018,0.0,-0.0037671253219944134
grid_2280,0.4551696826322672,0.44206185891386324,1.413285618874497,0.10659010195122211,1.0034933429656476,0.19999999999999996,0.1892443551265881,0.0,-0.008815528070150513,0.6,0.5835729164856209,0.5235987755982988,0.5131889658490048,0.19999999999999996,0.18364123876749527,0.0,-0.003494171802135959
grid_2281,0.24205992299348864,0.17249956947686917,1.2749646118670463,0.21747515199367023,1.0029369020605907,0.19999999999999996,0.19358265974383126,0.0,-0.010290344750307767,0.6,0.5948801661882639,0.5235987755982988,0.5128128283685385,0.19999999999999996,0.19194863587048783,0.5235987755982988,0.5260703865961718
grid_2282,0.4698990494928162,0.4662080913880165,0.8959461895065279,0.21434453903975378,0.9943715774814287,0.19999999999999996,0.19535811077246468,0.0,-0.007306283649322509,0.6,0.5998649215656542,0.5235987755982988,0.5181930269461734,0.19999999999999996,0.19922164176714485,1.0471975511965976,1.054968688821087
grid_2283,0.5268160082596582,0.44860480015151405,0.7143788140337185,0.10400040955064617,0.9978029783298181,0.19999999999999996,0.1959912657978249,0.0,-0.008084882965919249,0.6,0.6012963412151766,0.5235987755982988,0.5172574538000259,0.19999999999999996,0.19981563856097662,1.5707963267948966,1.5709731357647616
grid_2284,0.5221375980957224,0.3620661009264188,0.7952088212188185,0.21511030586963334,1.0019650536454687,0.19999999999999996,0.19627991719584337,0.0,-0.00669793455723422,0.6,0.6020595470216037,0.5235987755982988,0.52172771582135,0.6,0.5993948264108262,1.5707963267948966,1.5708245179576892
grid_2285,0.32259576874401863,0.4148394374540068,0.9439200331014496,0.22810017466032856,1.0007169215439695,0.19999999999999996,0.19440916857337331,0.0,-0.00893159595620574,0.6,0.5984085837172648,0.5235987755982988,0.5155007988216909,0.6,0.5996251072868173,1.0471975511965976,1.0572466844156772
grid_2286,0.3057951992889441,0.233769470448723,1.443166560531901,0.21970814196488977,1.0018413866826081,0.19999999999999996,0.1928834225838525,0.0,-0.008992014027392692,0.6,0.5953380719945445,0.5235987755982988,0.5159728568637965,0.6,0.5975082969697336,0.5235987755982988,0.5311935015220239
grid_2287,0.1832566648976583,0.195191491933592,1.2838328917938209,0.09809032376644197,0.9996432363441663,0.19999999999999996,0.186534748238544,0.0,-0.007362000816232062,0.6,0.5830069690141055,0.5235987755982988,0.5158791772401914,0.6,0.5901844011740582,0.0,-0.0024182787663633576
grid_2288,1.5507078323212837,1.5576293194041948,0.9119597696920447,0.017013664631089737,0.9975647217757274,0.19999999999999996,0.17583012036044998,0.0,-0.019874534830381485,0.6,0.5591009051533629,0.0,-0.004344979376302405,0.6,0.5803076074338094,0.0,0.00946129087073988
grid_2289,0.8092036727741314,0.41231136454432205,0.418462831954358,0.35517808042650956,0.9996701560668368,0.19999999999999996,0.18762626415141348,0.0,-0.00916268709554302,0.6,0.5809855475898766,0.0,-0.010771069765193708,0.6,0.5888934312161167,0.5235987755982988,0.5293670665276862
grid_2290,0.20036124855037682,0.1824447447559264,1.1444009232459456,0.12416261888041832,0.9982403456850226,0.19999999999999996,0.18932755986406136,0.0,-0.011708473192657998,0.6,0.5873707469002074,0.0,-0.013172041255559819,0.6,0.5962745531029761,1.0471975511965976,1.0577378946409137
grid_2291,0.28962331069221386,0.22323952319726847,1.2109671017134924,0.17983599532996422,1.003607408790453,0.19999999999999996,0.19000782565257435,0.0,-0.013753111593485912,0.6,0.5902797247563338,0.0,-0.01287232356930712,0.6,0.5986191714584432,1.5707963267948966,1.57101427636582
grid_2292,0.6476703173003365,0.28061643089162674,1.1641985297823787,0.1869847569784692,1.0018690920558693,0.19999999999999996,0.18860384728079893,0.0,-0.011743093975192131,0.6,0.5901226549773408,0.0,-0.01092261307454745,0.19999999999999996,0.19995139049074417,1.5707963267948966,1.570948734790683
grid_2293,0.8682455826453817,0.2629267202968921,1.3820908623058423,0.037387813952814174,0.9991648916824285,0.19999999999999996,0.19076489737641822,0.0,-0.012627700936822528,0.6,0.5899317123990437,0.0,-0.013980754621981895,0.19999999999999996,0.19288053928607063,1.0471975511965976,1.0528484116304
grid_2294,0.747120775849488,0.3966332731053249,0.0014942007944155175,0.0035722655146588167,1.0066081700496645,0.19999999999999996,0.17371682507453556,0.0,-0.025904810324317573,0.6,0.5573781724805951,0.0,-0.009792937605844543,0.19999999999999996,0.17311844724080938,0.5235987755982988,0.537427608914455
grid_2295,1.4916251155292446,1.1825464444509635,0.7225790149654826,0.016404170931088907,0.9933085674708332,0.19999999999999996,0.16585400430807784,0.0,-0.016406850460145783,0.6,0.5434741822416349,0.0,0.0005580974074241851,0.19999999999999996,0.16360221093171035,0.0,0.010462425462213432
grid_2296,3.631525140326609,1.934570226158887,0.4871462678965967,0.016370211889849353,0.9924076741649662,0.19999999999999996,0.1647048198859773,0.0,-0.009552458066345082,0.6,0.5451048757172741,0.0,0.01017233141017293,-0.2,-0.24072127348440464,0.0,0.014351168272479065
grid_2297,1.1497727401264872,0.6674292891539343,0.020333480956067136,0.02279926804966295,0.992942095707301,0.19999999999999996,0.16832660421581824,0.0,-0.02681883702287191,0.6,0.5466627297527538,0.0,-0.01127859674861309,-0.2,-0.23755544650288485,0.5235987755982988,0.5309334112279176
grid_2298,0.7960084549502348,0.21961533325917487,1.4163365094281768,0.14329802211392426,1.0012070750244695,0.19999999999999996,0.19117688756878692,0.0,-0.013823597188999948,0.6,0.5917032097051225,0.0,-0.015178531226972325,-0.2,-0.20524081099543068,1.0471975511965976,1.04823257685951
grid_2299,0.5047339319175268,0.3168467650941547,1.3658614303213563,0.1656966993945947,0.9942039966189811,0.19999999999999996,0.19113759153959453,0.0,-0.013420816872597996,0.6,0.5938357835041863,0.0,-0.011722554876450353,-0.2,-0.19838734283759152,1.5707963267948966,1.5707358048349693
grid_2300,0.7607546277653995,0.35211773115698486,1.283533687691515,0.16300447000827095,1.0030912208823053,0.19999999999999996,0.18914007629520224,0.0,-0.013193940858476694,0.6,0.5930024576380477,0.0,-0.012116214583413942,-0.6,-0.5976151852596034,1.5707963267948966,1.5707936484959655
grid_2301,0.5959778691161698,0.4221144300098911,1.5028858688135904,0.13498124815194518,1.0043490108155235,0.19999999999999996,0.19017272448518252,0.0,-0.014934300903293618,0.6,0.5913340626511339,0.0,-0.014644612991820516,-0.6,-0.602046000072046,1.0471975511965976,1.0435841927413012
grid_2302,1.2545829650821965,0.593652688959069,0.2188492279963056,0.0216269527502265,0.9266774381543138,0.19999999999999996,0.1825036409525671,0.0,-0.008026038780696076,0.6,0.5960566555935731,0.0,-0.045251024805849305,-0.6,-0.5917448038679947,0.5235987755982988,0.48637898612418873
grid_2303,0.8584658107654771,0.9672386401458569,0.6720465725206128,0.310067914487529,0.5744926565444964,0.19999999999999996,0.07794045556239393,0.0,-0.045766080713853796,0.6,0.43743142112603906,0.0,-0.06509692540171308,-0.6,-0.6404969936254963,0.0,-0.011414594084909524
grid_2304,3.9105,nan,0.5406,nan,1.02,0.2,nan,0.523598775598,nan,0.6,nan,0,nan,-0.6,nan,0,nan
grid_2305,0.2219,nan,1.2870,nan,1.02,0.2,nan,0.523598775598,nan,0.6,nan,0,nan,-0.6,nan,0.523598775598,nan
grid_2306,0.6590,nan,1.4102,nan,1.01,0.2,nan,0.523598775598,nan,0.6,nan,0,nan,-0.6,nan,1.0471975512,nan
grid_2307,0.5126,nan,1.5307,nan,1.00,0.2,nan,0.523598775598,nan,0.6,nan,0,nan,-0.6,nan,1.57079632679,nan
grid_2308,0.9500,nan,1.6674,nan,1.00,0.2,nan,0.523598775598,nan,0.6,nan,0,nan,-0.2,nan,1.57079632679,nan
grid_2309,0.7504,nan,1.8547,nan,1.00,0.2,nan,0.523598775598,nan,0.6,nan,0,nan,-0.2,nan,1.0471975512,nan
grid_2310,0.4546,nan,1.8355,nan,1.00,0.2,nan,0.523598775598,nan,0.6,nan,0,nan,-0.2,nan,0.523598775598,nan
grid_2311,6.5803,nan,0.4430,nan,0.99,0.2,nan,0.523598775598,nan,0.6,nan,0,nan,-0.2,nan,0,nan
grid_2312,4.1245,nan,0.3057,nan,1.01,0.2,nan,0.523598775598,nan,0.6,nan,0,nan,0.2,nan,0,nan
grid_2313,0.5212,nan,1.9326,nan,1.00,0.2,nan,0.523598775598,nan,0.6,nan,0,nan,0.2,nan,0.523598775598,nan
grid_2314,0.3901,nan,1.8721,nan,1.00,0.2,nan,0.523598775598,nan,0.6,nan,0,nan,0.2,nan,1.0471975512,nan
grid_2315,0.5444,nan,1.5977,nan,1.00,0.2,nan,0.523598775598,nan,0.6,nan,0,nan,0.2,nan,1.57079632679,nan
grid_2316,0.2715,nan,1.7038,nan,1.00,0.2,nan,0.523598775598,nan,0.6,nan,0,nan,0.6,nan,1.57079632679,nan
grid_2317,0.2862,nan,1.7502,nan,0.99,0.2,nan,0.523598775598,nan,0.6,nan,0,nan,0.6,nan,1.0471975512,nan
grid_2318,0.4423,nan,1.8524,nan,1.00,0.2,nan,0.523598775598,nan,0.6,nan,0,nan,0.6,nan,0.523598775598,nan
grid_2319,0.6174,nan,0.7836,nan,1.00,0.2,nan,0.523598775598,nan,0.6,nan,0,nan,0.6,nan,0,nan
grid_2320,0.7162,nan,1.6441,nan,0.99,0.2,nan,0.523598775598,nan,0.6,nan,0.523598775598,nan,0.6,nan,0,nan
grid_2321,0.3795,nan,1.3852,nan,1.00,0.2,nan,0.523598775598,nan,0.6,nan,0.523598775598,nan,0.6,nan,0.523598775598,nan
grid_2322,0.2937,nan,1.1027,nan,1.00,0.2,nan,0.523598775598,nan,0.6,nan,0.523598775598,nan,0.6,nan,1.0471975512,nan
grid_2323,0.3945,nan,0.6513,nan,1.00,0.2,nan,0.523598775598,nan,0.6,nan,0.523598775598,nan,0.6,nan,1.57079632679,nan
grid_2324,0.4132,nan,0.4579,nan,0.99,0.2,nan,0.523598775598,nan,0.6,nan,0.523598775598,nan,0.2,nan,1.57079632679,nan
grid_2325,0.3894,nan,0.8282,nan,1.01,0.2,nan,0.523598775598,nan,0.6,nan,0.523598775598,nan,0.2,nan,1.0471975512,nan
grid_2326,0.3711,nan,1.3355,nan,1.00,0.2,nan,0.523598775598,nan,0.6,nan,0.523598775598,nan,0.2,nan,0.523598775598,nan
grid_2327,0.7632,nan,1.4637,nan,1.01,0.2,nan,0.523598775598,nan,0.6,nan,0.523598775598,nan,0.2,nan,0,nan
grid_2328,0.3311,nan,1.0430,nan,1.00,0.2,nan,0.523598775598,nan,0.6,nan,0.523598775598,nan,-0.2,nan,0,nan
grid_2329,0.4510,nan,0.9888,nan,0.99,0.2,nan,0.523598775598,nan,0.6,nan,0.523598775598,nan,-0.2,nan,0.523598775598,nan
grid_2330,0.4799,nan,0.6312,nan,0.99,0.2,nan,0.523598775598,nan,0.6,nan,0.523598775598,nan,-0.2,nan,1.0471975512,nan
grid_2331,0.4086,nan,0.5214,nan,1.00,0.2,nan,0.523598775598,nan,0.6,nan,0.523598775598,nan,-0.2,nan,1.57079632679,nan
grid_2332,0.2926,nan,0.2066,nan,1.00,0.2,nan,0.523598775598,nan,0.6,nan,0.523598775598,nan,-0.6,nan,1.57079632679,nan
grid_2333,0.3255,nan,0.2340,nan,1.00,0.2,nan,0.523598775598,nan,0.6,nan,0.523598775598,nan,-0.6,nan,1.0471975512,nan
grid_2334,0.3258,nan,0.3146,nan,1.00,0.2,nan,0.523598775598,nan,0.6,nan,0.523598775598,nan,-0.6,nan,0.523598775598,nan
grid_2335,0.8526,nan,0.4945,nan,1.00,0.2,nan,0.523598775598,nan,0.6,nan,0.523598775598,nan,-0.6,nan,0,nan
grid_2336,0.5817,nan,0.1510,nan,0.99,0.2,nan,0.523598775598,nan,0.6,nan,1.0471975512,nan,-0.6,nan,0,nan
grid_2337,0.5502,nan,0.0797,nan,1.00,0.2,nan,0.523598775598,nan,0.6,nan,1.0471975512,nan,-0.6,nan,0.523598775598,nan
grid_2338,0.1614,nan,0.1532,nan,1.00,0.2,nan,0.523598775598,nan,0.6,nan,1.0471975512,nan,-0.6,nan,1.0471975512,nan
grid_2339,0.2497,nan,0.0191,nan,1.01,0.2,nan,0.523598775598,nan,0.6,nan,1.0471975512,nan,-0.6,nan,1.57079632679,nan
grid_2340,0.0989,nan,0.0003,nan,1.00,0.2,nan,0.523598775598,nan,0.6,nan,1.0471975512,nan,-0.2,nan,1.57079632679,nan
grid_2341,0.6159,nan,0.0404,nan,1.00,0.2,nan,0.523598775598,nan,0.6,nan,1.0471975512,nan,-0.2,nan,1.0471975512,nan
grid_2342,0.3798,nan,0.1064,nan,1.00,0.2,nan,0.523598775598,nan,0.6,nan,1.0471975512,nan,-0.2,nan,0.523598775598,nan
grid_2343,0.3947,nan,0.2234,nan,1.00,0.2,nan,0.523598775598,nan,0.6,nan,1.0471975512,nan,-0.2,nan,0,nan
grid_2344,0.4372,nan,0.6808,nan,1.01,0.2,nan,0.523598775598,nan,0.6,nan,1.0471975512,nan,0.2,nan,0,nan
grid_2345,0.2430,nan,0.3498,nan,1.00,0.2,nan,0.523598775598,nan,0.6,nan,1.0471975512,nan,0.2,nan,0.523598775598,nan
grid_2346,0.3386,nan,0.0226,nan,1.00,0.2,nan,0.523598775598,nan,0.6,nan,1.0471975512,nan,0.2,nan,1.0471975512,nan
grid_2347,0.2082,nan,0.0051,nan,1.00,0.2,nan,0.523598775598,nan,0.6,nan,1.0471975512,nan,0.2,nan,1.57079632679,nan
grid_2348,0.1537,nan,0.0250,nan,1.01,0.2,nan,0.523598775598,nan,0.6,nan,1.0471975512,nan,0.6,nan,1.57079632679,nan
grid_2349,0.2926,nan,0.1013,nan,1.00,0.2,nan,0.523598775598,nan,0.6,nan,1.0471975512,nan,0.6,nan,1.0471975512,nan
grid_2350,0.2699,nan,0.5641,nan,1.00,0.2,nan,0.523598775598,nan,0.6,nan,1.0471975512,nan,0.6,nan,0.523598775598,nan
grid_2351,0.3204,nan,0.9306,nan,1.00,0.2,nan,0.523598775598,nan,0.6,nan,1.0471975512,nan,0.6,nan,0,nan
grid_2352,0.1800,nan,0.2620,nan,0.99,0.2,nan,0.523598775598,nan,0.6,nan,1.57079632679,nan,0.6,nan,0,nan
grid_2353,0.1935,nan,0.0577,nan,0.99,0.2,nan,0.523598775598,nan,0.6,nan,1.57079632679,nan,0.6,nan,0.523598775598,nan
grid_2354,0.0737,nan,0.0124,nan,1.00,0.2,nan,0.523598775598,nan,0.6,nan,1.57079632679,nan,0.6,nan,1.0471975512,nan
grid_2355,0.2127,nan,0.0873,nan,0.99,0.2,nan,0.523598775598,nan,0.6,nan,1.57079632679,nan,0.6,nan,1.57079632679,nan
grid_2356,0.1464,nan,0.1237,nan,1.00,0.2,nan,0.523598775598,nan,0.6,nan,1.57079632679,nan,0.2,nan,1.57079632679,nan
grid_2357,0.2135,nan,0.0798,nan,1.00,0.2,nan,0.523598775598,nan,0.6,nan,1.57079632679,nan,0.2,nan,1.0471975512,nan
grid_2358,0.1127,nan,0.0000,nan,1.00,0.2,nan,0.523598775598,nan,0.6,nan,1.57079632679,nan,0.2,nan,0.523598775598,nan
grid_2359,0.1983,nan,0.0124,nan,1.00,0.2,nan,0.523598775598,nan,0.6,nan,1.57079632679,nan,0.2,nan,0,nan
grid_2360,0.1399,nan,0.1332,nan,1.00,0.2,nan,0.523598775598,nan,0.6,nan,1.57079632679,nan,-0.2,nan,0,nan
grid_2361,0.3720,nan,0.0628,nan,1.00,0.2,nan,0.523598775598,nan,0.6,nan,1.57079632679,nan,-0.2,nan,0.523598775598,nan
grid_2362,0.1895,nan,0.1483,nan,0.99,0.2,nan,0.523598775598,nan,0.6,nan,1.57079632679,nan,-0.2,nan,1.0471975512,nan
grid_2363,0.1994,nan,0.2496,nan,1.00,0.2,nan,0.523598775598,nan,0.6,nan,1.57079632679,nan,-0.2,nan,1.57079632679,nan
grid_2364,0.1182,nan,0.2085,nan,1.01,0.2,nan,0.523598775598,nan,0.6,nan,1.57079632679,nan,-0.6,nan,1.57079632679,nan
grid_2365,0.1251,nan,0.1968,nan,0.99,0.2,nan,0.523598775598,nan,0.6,nan,1.57079632679,nan,-0.6,nan,1.0471975512,nan
grid_2366,0.3081,nan,0.3044,nan,1.01,0.2,nan,0.523598775598,nan,0.6,nan,1.57079632679,nan,-0.6,nan,0.523598775598,nan
grid_2367,0.2775,nan,0.1737,nan,1.00,0.2,nan,0.523598775598,nan,0.6,nan,1.57079632679,nan,-0.6,nan,0,nan
grid_2368,0.5068,nan,0.2245,nan,1.00,0.2,nan,0.523598775598,nan,0.2,nan,1.57079632679,nan,-0.6,nan,0,nan
grid_2369,0.4394,nan,0.0506,nan,0.99,0.2,nan,0.523598775598,nan,0.2,nan,1.57079632679,nan,-0.6,nan,0.523598775598,nan
grid_2370,0.1972,nan,0.0975,nan,1.00,0.2,nan,0.523598775598,nan,0.2,nan,1.57079632679,nan,-0.6,nan,1.0471975512,nan
grid_2371,0.2132,nan,0.0652,nan,1.00,0.2,nan,0.523598775598,nan,0.2,nan,1.57079632679,nan,-0.6,nan,1.57079632679,nan
grid_2372,0.1878,nan,0.0339,nan,1.00,0.2,nan,0.523598775598,nan,0.2,nan,1.57079632679,nan,-0.2,nan,1.57079632679,nan
grid_2373,0.1864,nan,0.0274,nan,0.99,0.2,nan,0.523598775598,nan,0.2,nan,1.57079632679,nan,-0.2,nan,1.0471975512,nan
grid_2374,0.2256,nan,0.0038,nan,1.01,0.2,nan,0.523598775598,nan,0.2,nan,1.57079632679,nan,-0.2,nan,0.523598775598,nan
grid_2375,0.1498,nan,0.1172,nan,1.01,0.2,nan,0.523598775598,nan,0.2,nan,1.57079632679,nan,-0.2,nan,0,nan
grid_2376,0.6000,nan,0.0683,nan,1.00,0.2,nan,0.523598775598,nan,0.2,nan,1.57079632679,nan,0.2,nan,0,nan
grid_2377,0.1146,nan,0.0617,nan,1.00,0.2,nan,0.523598775598,nan,0.2,nan,1.57079632679,nan,0.2,nan,0.523598775598,nan
grid_2378,0.1096,nan,0.0468,nan,1.00,0.2,nan,0.523598775598,nan,0.2,nan,1.57079632679,nan,0.2,nan,1.0471975512,nan
grid_2379,0.2472,nan,0.0178,nan,1.00,0.2,nan,0.523598775598,nan,0.2,nan,1.57079632679,nan,0.2,nan,1.57079632679,nan
grid_2380,0.1171,nan,0.0114,nan,1.00,0.2,nan,0.523598775598,nan,0.2,nan,1.57079632679,nan,0.6,nan,1.57079632679,nan
grid_2381,0.0642,nan,0.1279,nan,1.01,0.2,nan,0.523598775598,nan,0.2,nan,1.57079632679,nan,0.6,nan,1.0471975512,nan
grid_2382,0.3831,nan,0.3800,nan,1.00,0.2,nan,0.523598775598,nan,0.2,nan,1.57079632679,nan,0.6,nan,0.523598775598,nan
grid_2383,0.3958,nan,0.4392,nan,1.00,0.2,nan,0.523598775598,nan,0.2,nan,1.57079632679,nan,0.6,nan,0,nan
grid_2384,1.2910,nan,0.7405,nan,1.00,0.2,nan,0.523598775598,nan,0.2,nan,1.0471975512,nan,0.6,nan,0,nan
grid_2385,0.2046,nan,0.6935,nan,1.00,0.2,nan,0.523598775598,nan,0.2,nan,1.0471975512,nan,0.6,nan,0.523598775598,nan
grid_2386,0.2485,nan,0.3701,nan,1.00,0.2,nan,0.523598775598,nan,0.2,nan,1.0471975512,nan,0.6,nan,1.0471975512,nan
grid_2387,0.1188,nan,0.0725,nan,0.99,0.2,nan,0.523598775598,nan,0.2,nan,1.0471975512,nan,0.6,nan,1.57079632679,nan
grid_2388,0.1445,nan,0.0101,nan,1.00,0.2,nan,0.523598775598,nan,0.2,nan,1.0471975512,nan,0.2,nan,1.57079632679,nan
grid_2389,0.2291,nan,0.0398,nan,1.00,0.2,nan,0.523598775598,nan,0.2,nan,1.0471975512,nan,0.2,nan,1.0471975512,nan
grid_2390,0.2222,nan,0.2598,nan,1.00,0.2,nan,0.523598775598,nan,0.2,nan,1.0471975512,nan,0.2,nan,0.523598775598,nan
grid_2391,0.5457,nan,0.5303,nan,1.01,0.2,nan,0.523598775598,nan,0.2,nan,1.0471975512,nan,0.2,nan,0,nan
grid_2392,0.2550,nan,0.1252,nan,0.99,0.2,nan,0.523598775598,nan,0.2,nan,1.0471975512,nan,-0.2,nan,0,nan
grid_2393,0.4568,nan,0.0349,nan,1.00,0.2,nan,0.523598775598,nan,0.2,nan,1.0471975512,nan,-0.2,nan,0.523598775598,nan
grid_2394,0.1491,nan,0.0251,nan,1.00,0.2,nan,0.523598775598,nan,0.2,nan,1.0471975512,nan,-0.2,nan,1.0471975512,nan
grid_2395,0.1244,nan,0.0159,nan,1.00,0.2,nan,0.523598775598,nan,0.2,nan,1.0471975512,nan,-0.2,nan,1.57079632679,nan
grid_2396,0.2003,nan,0.0218,nan,1.00,0.2,nan,0.523598775598,nan,0.2,nan,1.0471975512,nan,-0.6,nan,1.57079632679,nan
grid_2397,0.1174,nan,0.1414,nan,1.00,0.2,nan,0.523598775598,nan,0.2,nan,1.0471975512,nan,-0.6,nan,1.0471975512,nan
grid_2398,0.2525,nan,0.2116,nan,1.00,0.2,nan,0.523598775598,nan,0.2,nan,1.0471975512,nan,-0.6,nan,0.523598775598,nan
grid_2399,0.5445,nan,0.4612,nan,1.00,0.2,nan,0.523598775598,nan,0.2,nan,1.0471975512,nan,-0.6,nan,0,nan
grid_2400,0.7504,nan,0.6229,nan,1.00,0.2,nan,0.523598775598,nan,0.2,nan,0.523598775598,nan,-0.6,nan,0,nan
grid_2401,0.3414,nan,0.2605,nan,1.00,0.2,nan,0.523598775598,nan,0.2,nan,0.523598775598,nan,-0.6,nan,0.523598775598,nan
grid_2402,0.1930,nan,0.0724,nan,0.99,0.2,nan,0.523598775598,nan,0.2,nan,0.523598775598,nan,-0.6,nan,1.0471975512,nan
grid_2403,0.1103,nan,0.0741,nan,1.00,0.2,nan,0.523598775598,nan,0.2,nan,0.523598775598,nan,-0.6,nan,1.57079632679,nan
grid_2404,0.2120,nan,0.1595,nan,1.00,0.2,nan,0.523598775598,nan,0.2,nan,0.523598775598,nan,-0.2,nan,1.57079632679,nan
grid_2405,0.3028,nan,0.1907,nan,1.00,0.2,nan,0.523598775598,nan,0.2,nan,0.523598775598,nan,-0.2,nan,1.0471975512,nan
grid_2406,0.3709,nan,0.1840,nan,1.00,0.2,nan,0.523598775598,nan,0.2,nan,0.523598775598,nan,-0.2,nan,0.523598775598,nan
grid_2407,0.2232,nan,0.3917,nan,1.00,0.2,nan,0.523598775598,nan,0.2,nan,0.523598775598,nan,-0.2,nan,0,nan
grid_2408,0.5292,nan,1.2602,nan,1.01,0.2,nan,0.523598775598,nan,0.2,nan,0.523598775598,nan,0.2,nan,0,nan
grid_2409,0.2458,nan,0.9212,nan,1.00,0.2,nan,0.523598775598,nan,0.2,nan,0.523598775598,nan,0.2,nan,0.523598775598,nan
grid_2410,0.1184,nan,0.7444,nan,0.99,0.2,nan,0.523598775598,nan,0.2,nan,0.523598775598,nan,0.2,nan,1.0471975512,nan
grid_2411,0.1188,nan,0.4477,nan,1.00,0.2,nan,0.523598775598,nan,0.2,nan,0.523598775598,nan,0.2,nan,1.57079632679,nan
grid_2412,0.2875,nan,0.4809,nan,1.00,0.2,nan,0.523598775598,nan,0.2,nan,0.523598775598,nan,0.6,nan,1.57079632679,nan
grid_2413,0.2241,nan,1.0622,nan,1.00,0.2,nan,0.523598775598,nan,0.2,nan,0.523598775598,nan,0.6,nan,1.0471975512,nan
grid_2414,0.2647,nan,1.3540,nan,1.00,0.2,nan,0.523598775598,nan,0.2,nan,0.523598775598,nan,0.6,nan,0.523598775598,nan
grid_2415,0.6564,nan,1.7355,nan,1.00,0.2,nan,0.523598775598,nan,0.2,nan,0.523598775598,nan,0.6,nan,0,nan
grid_2416,0.7143,nan,0.7025,nan,0.99,0.2,nan,0.523598775598,nan,0.2,nan,0,nan,0.6,nan,0,nan
grid_2417,0.3210,nan,2.0486,nan,1.00,0.2,nan,0.523598775598,nan,0.2,nan,0,nan,0.6,nan,0.523598775598,nan
grid_2418,0.4677,nan,1.9087,nan,1.00,0.2,nan,0.523598775598,nan,0.2,nan,0,nan,0.6,nan,1.0471975512,nan
grid_2419,0.1518,nan,1.4603,nan,0.99,0.2,nan,0.523598775598,nan,0.2,nan,0,nan,0.6,nan,1.57079632679,nan
grid_2420,0.1996,nan,1.1485,nan,1.00,0.2,nan,0.523598775598,nan,0.2,nan,0,nan,0.2,nan,1.57079632679,nan
grid_2421,0.5617,nan,1.8506,nan,1.00,0.2,nan,0.523598775598,nan,0.2,nan,0,nan,0.2,nan,1.0471975512,nan
grid_2422,0.3009,nan,2.0508,nan,1.00,0.2,nan,0.523598775598,nan,0.2,nan,0,nan,0.2,nan,0.523598775598,nan
grid_2423,0.4164,nan,0.5111,nan,1.00,0.2,nan,0.523598775598,nan,0.2,nan,0,nan,0.2,nan,0,nan
grid_2424,0.7770,nan,0.5527,nan,1.00,0.2,nan,0.523598775598,nan,0.2,nan,0,nan,-0.2,nan,0,nan
grid_2425,0.3341,nan,1.2557,nan,1.01,0.2,nan,0.523598775598,nan,0.2,nan,0,nan,-0.2,nan,0.523598775598,nan
grid_2426,0.3560,nan,1.1888,nan,1.00,0.2,nan,0.523598775598,nan,0.2,nan,0,nan,-0.2,nan,1.0471975512,nan
grid_2427,0.2876,nan,1.0046,nan,1.00,0.2,nan,0.523598775598,nan,0.2,nan,0,nan,-0.2,nan,1.57079632679,nan
grid_2428,0.1645,nan,0.6090,nan,1.00,0.2,nan,0.523598775598,nan,0.2,nan,0,nan,-0.6,nan,1.57079632679,nan
grid_2429,0.3041,nan,0.2833,nan,1.00,0.2,nan,0.523598775598,nan,0.2,nan,0,nan,-0.6,nan,1.0471975512,nan
grid_2430,0.3636,nan,0.2186,nan,0.99,0.2,nan,0.523598775598,nan,0.2,nan,0,nan,-0.6,nan,0.523598775598,nan
grid_2431,0.8522,nan,0.7675,nan,1.00,0.2,nan,0.523598775598,nan,0.2,nan,0,nan,-0.6,nan,0,nan
grid_2432,1.0585,nan,0.5142,nan,0.98,0.2,nan,0.523598775598,nan,-0.2,nan,0,nan,-0.6,nan,0,nan
grid_2433,0.6218,nan,1.5593,nan,1.00,0.2,nan,0.523598775598,nan,-0.2,nan,0,nan,-0.6,nan,0.523598775598,nan
grid_2434,0.1429,nan,1.3312,nan,1.01,0.2,nan,0.523598775598,nan,-0.2,nan,0,nan,-0.6,nan,1.0471975512,nan
grid_2435,0.4523,nan,0.2994,nan,0.99,0.2,nan,0.523598775598,nan,-0.2,nan,0,nan,-0.6,nan,1.57079632679,nan
grid_2436,0.1904,nan,0.1845,nan,1.00,0.2,nan,0.523598775598,nan,-0.2,nan,0,nan,-0.2,nan,1.57079632679,nan
grid_2437,0.1535,nan,0.6724,nan,1.00,0.2,nan,0.523598775598,nan,-0.2,nan,0,nan,-0.2,nan,1.0471975512,nan
grid_2438,0.4973,nan,1.2113,nan,1.00,0.2,nan,0.523598775598,nan,-0.2,nan,0,nan,-0.2,nan,0.523598775598,nan
grid_2439,1.7170,nan,0.8916,nan,1.00,0.2,nan,0.523598775598,nan,-0.2,nan,0,nan,-0.2,nan,0,nan
grid_2440,0.1857,nan,0.3112,nan,1.01,0.2,nan,0.523598775598,nan,-0.2,nan,0,nan,0.2,nan,0,nan
grid_2441,0.2577,nan,0.1658,nan,1.00,0.2,nan,0.523598775598,nan,-0.2,nan,0,nan,0.2,nan,0.523598775598,nan
grid_2442,0.4926,nan,0.1068,nan,1.00,0.2,nan,0.523598775598,nan,-0.2,nan,0,nan,0.2,nan,1.0471975512,nan
grid_2443,0.1945,nan,0.1127,nan,1.00,0.2,nan,0.523598775598,nan,-0.2,nan,0,nan,0.2,nan,1.57079632679,nan
grid_2444,0.2272,nan,0.1404,nan,1.01,0.2,nan,0.523598775598,nan,-0.2,nan,0,nan,0.6,nan,1.57079632679,nan
grid_2445,0.2208,nan,0.9392,nan,1.00,0.2,nan,0.523598775598,nan,-0.2,nan,0,nan,0.6,nan,1.0471975512,nan
grid_2446,0.3543,nan,1.4925,nan,1.00,0.2,nan,0.523598775598,nan,-0.2,nan,0,nan,0.6,nan,0.523598775598,nan
grid_2447,0.7755,nan,1.1238,nan,1.00,0.2,nan,0.523598775598,nan,-0.2,nan,0,nan,0.6,nan,0,nan
grid_2448,0.7277,nan,1.1180,nan,1.00,0.2,nan,0.523598775598,nan,-0.2,nan,0.523598775598,nan,0.6,nan,0,nan
grid_2449,0.2481,nan,0.8469,nan,1.00,0.2,nan,0.523598775598,nan,-0.2,nan,0.523598775598,nan,0.6,nan,0.523598775598,nan
grid_2450,0.1343,nan,0.5704,nan,1.00,0.2,nan,0.523598775598,nan,-0.2,nan,0.523598775598,nan,0.6,nan,1.0471975512,nan
grid_2451,0.1278,nan,0.1339,nan,1.00,0.2,nan,0.523598775598,nan,-0.2,nan,0.523598775598,nan,0.6,nan,1.57079632679,nan
grid_2452,0.2456,nan,0.1095,nan,1.00,0.2,nan,0.523598775598,nan,-0.2,nan,0.523598775598,nan,0.2,nan,1.57079632679,nan
grid_2453,0.1667,nan,0.1844,nan,1.00,0.2,nan,0.523598775598,nan,-0.2,nan,0.523598775598,nan,0.2,nan,1.0471975512,nan
grid_2454,0.1988,nan,0.0942,nan,1.00,0.2,nan,0.523598775598,nan,-0.2,nan,0.523598775598,nan,0.2,nan,0.523598775598,nan
grid_2455,0.2731,nan,0.0924,nan,1.01,0.2,nan,0.523598775598,nan,-0.2,nan,0.523598775598,nan,0.2,nan,0,nan
grid_2456,0.5277,nan,0.5868,nan,0.99,0.2,nan,0.523598775598,nan,-0.2,nan,0.523598775598,nan,-0.2,nan,0,nan
grid_2457,0.1741,nan,0.3943,nan,1.00,0.2,nan,0.523598775598,nan,-0.2,nan,0.523598775598,nan,-0.2,nan,0.523598775598,nan
grid_2458,0.3100,nan,0.1272,nan,1.00,0.2,nan,0.523598775598,nan,-0.2,nan,0.523598775598,nan,-0.2,nan,1.0471975512,nan
grid_2459,0.4371,nan,0.0046,nan,1.00,0.2,nan,0.523598775598,nan,-0.2,nan,0.523598775598,nan,-0.2,nan,1.57079632679,nan
grid_2460,0.3225,nan,0.0615,nan,1.00,0.2,nan,0.523598775598,nan,-0.2,nan,0.523598775598,nan,-0.6,nan,1.57079632679,nan
grid_2461,0.5010,nan,0.3885,nan,1.00,0.2,nan,0.523598775598,nan,-0.2,nan,0.523598775598,nan,-0.6,nan,1.0471975512,nan
grid_2462,0.3083,nan,0.8405,nan,0.99,0.2,nan,0.523598775598,nan,-0.2,nan,0.523598775598,nan,-0.6,nan,0.523598775598,nan
grid_2463,0.6439,nan,1.2958,nan,1.00,0.2,nan,0.523598775598,nan,-0.2,nan,0.523598775598,nan,-0.6,nan,0,nan
grid_2464,0.8570,nan,0.4744,nan,1.00,0.2,nan,0.523598775598,nan,-0.2,nan,1.0471975512,nan,-0.6,nan,0,nan
grid_2465,0.2366,nan,0.3562,nan,1.00,0.2,nan,0.523598775598,nan,-0.2,nan,1.0471975512,nan,-0.6,nan,0.523598775598,nan
grid_2466,0.3535,nan,0.0457,nan,1.00,0.2,nan,0.523598775598,nan,-0.2,nan,1.0471975512,nan,-0.6,nan,1.0471975512,nan
grid_2467,0.1550,nan,0.0537,nan,1.01,0.2,nan,0.523598775598,nan,-0.2,nan,1.0471975512,nan,-0.6,nan,1.57079632679,nan
grid_2468,0.1495,nan,0.1892,nan,1.00,0.2,nan,0.523598775598,nan,-0.2,nan,1.0471975512,nan,-0.2,nan,1.57079632679,nan
grid_2469,0.3634,nan,0.0014,nan,1.00,0.2,nan,0.523598775598,nan,-0.2,nan,1.0471975512,nan,-0.2,nan,1.0471975512,nan
grid_2470,0.2278,nan,0.0172,nan,0.99,0.2,nan,0.523598775598,nan,-0.2,nan,1.0471975512,nan,-0.2,nan,0.523598775598,nan
grid_2471,0.5224,nan,0.0981,nan,1.00,0.2,nan,0.523598775598,nan,-0.2,nan,1.0471975512,nan,-0.2,nan,0,nan
grid_2472,0.3307,nan,0.2597,nan,1.01,0.2,nan,0.523598775598,nan,-0.2,nan,1.0471975512,nan,0.2,nan,0,nan
grid_2473,0.2577,nan,0.1467,nan,1.00,0.2,nan,0.523598775598,nan,-0.2,nan,1.0471975512,nan,0.2,nan,0.523598775598,nan
grid_2474,0.1126,nan,0.1815,nan,1.00,0.2,nan,0.523598775598,nan,-0.2,nan,1.0471975512,nan,0.2,nan,1.0471975512,nan
grid_2475,0.2810,nan,0.0450,nan,1.00,0.2,nan,0.523598775598,nan,-0.2,nan,1.0471975512,nan,0.2,nan,1.57079632679,nan
grid_2476,0.1605,nan,0.1985,nan,1.00,0.2,nan,0.523598775598,nan,-0.2,nan,1.0471975512,nan,0.6,nan,1.57079632679,nan
grid_2477,0.2524,nan,0.4966,nan,1.01,0.2,nan,0.523598775598,nan,-0.2,nan,1.0471975512,nan,0.6,nan,1.0471975512,nan
grid_2478,0.3586,nan,0.6959,nan,1.01,0.2,nan,0.523598775598,nan,-0.2,nan,1.0471975512,nan,0.6,nan,0.523598775598,nan
grid_2479,0.5967,nan,0.5846,nan,1.01,0.2,nan,0.523598775598,nan,-0.2,nan,1.0471975512,nan,0.6,nan,0,nan
grid_2480,0.5245,nan,0.6341,nan,1.00,0.2,nan,0.523598775598,nan,-0.2,nan,1.57079632679,nan,0.6,nan,0,nan
grid_2481,0.1607,nan,0.4680,nan,0.99,0.2,nan,0.523598775598,nan,-0.2,nan,1.57079632679,nan,0.6,nan,0.523598775598,nan
grid_2482,0.1363,nan,0.3482,nan,1.00,0.2,nan,0.523598775598,nan,-0.2,nan,1.57079632679,nan,0.6,nan,1.0471975512,nan
grid_2483,0.1477,nan,0.0662,nan,1.00,0.2,nan,0.523598775598,nan,-0.2,nan,1.57079632679,nan,0.6,nan,1.57079632679,nan
grid_2484,0.1367,nan,0.2553,nan,1.00,0.2,nan,0.523598775598,nan,-0.2,nan,1.57079632679,nan,0.2,nan,1.57079632679,nan
grid_2485,0.1329,nan,0.2039,nan,1.00,0.2,nan,0.523598775598,nan,-0.2,nan,1.57079632679,nan,0.2,nan,1.0471975512,nan
grid_2486,0.1775,nan,0.1893,nan,1.00,0.2,nan,0.523598775598,nan,-0.2,nan,1.57079632679,nan,0.2,nan,0.523598775598,nan
grid_2487,0.1870,nan,0.1189,nan,1.00,0.2,nan,0.523598775598,nan,-0.2,nan,1.57079632679,nan,0.2,nan,0,nan
grid_2488,0.6370,nan,0.1185,nan,0.99,0.2,nan,0.523598775598,nan,-0.2,nan,1.57079632679,nan,-0.2,nan,0,nan
grid_2489,0.1313,nan,0.0669,nan,1.00,0.2,nan,0.523598775598,nan,-0.2,nan,1.57079632679,nan,-0.2,nan,0.523598775598,nan
grid_2490,0.2737,nan,0.0332,nan,1.01,0.2,nan,0.523598775598,nan,-0.2,nan,1.57079632679,nan,-0.2,nan,1.0471975512,nan
grid_2491,0.1338,nan,0.1149,nan,1.00,0.2,nan,0.523598775598,nan,-0.2,nan,1.57079632679,nan,-0.2,nan,1.57079632679,nan
grid_2492,0.0830,nan,0.1812,nan,1.01,0.2,nan,0.523598775598,nan,-0.2,nan,1.57079632679,nan,-0.6,nan,1.57079632679,nan
grid_2493,0.1916,nan,0.0342,nan,0.99,0.2,nan,0.523598775598,nan,-0.2,nan,1.57079632679,nan,-0.6,nan,1.0471975512,nan
grid_2494,0.4914,nan,0.0944,nan,1.00,0.2,nan,0.523598775598,nan,-0.2,nan,1.57079632679,nan,-0.6,nan,0.523598775598,nan
grid_2495,0.2703,nan,0.2361,nan,1.01,0.2,nan,0.523598775598,nan,-0.2,nan,1.57079632679,nan,-0.6,nan,0,nan
grid_2496,0.5805,nan,0.0435,nan,0.99,0.2,nan,0.523598775598,nan,-0.6,nan,1.57079632679,nan,-0.6,nan,0,nan
grid_2497,0.4311,nan,0.0193,nan,1.01,0.2,nan,0.523598775598,nan,-0.6,nan,1.57079632679,nan,-0.6,nan,0.523598775598,nan
grid_2498,0.1342,nan,0.1221,nan,1.00,0.2,nan,0.523598775598,nan,-0.6,nan,1.57079632679,nan,-0.6,nan,1.0471975512,nan
grid_2499,0.2293,nan,0.2203,nan,1.01,0.2,nan,0.523598775598,nan,-0.6,nan,1.57079632679,nan,-0.6,nan,1.57079632679,nan
grid_2500,0.0919,nan,0.3040,nan,1.01,0.2,nan,0.523598775598,nan,-0.6,nan,1.57079632679,nan,-0.2,nan,1.57079632679,nan
grid_2501,0.1038,nan,0.1465,nan,0.99,0.2,nan,0.523598775598,nan,-0.6,nan,1.57079632679,nan,-0.2,nan,1.0471975512,nan
grid_2502,0.1770,nan,0.1212,nan,1.00,0.2,nan,0.523598775598,nan,-0.6,nan,1.57079632679,nan,-0.2,nan,0.523598775598,nan
grid_2503,0.1490,nan,0.0311,nan,1.00,0.2,nan,0.523598775598,nan,-0.6,nan,1.57079632679,nan,-0.2,nan,0,nan
grid_2504,0.2713,nan,0.2928,nan,1.00,0.2,nan,0.523598775598,nan,-0.6,nan,1.57079632679,nan,0.2,nan,0,nan
grid_2505,0.1238,nan,0.3546,nan,1.00,0.2,nan,0.523598775598,nan,-0.6,nan,1.57079632679,nan,0.2,nan,0.523598775598,nan
grid_2506,0.2390,nan,0.4347,nan,1.00,0.2,nan,0.523598775598,nan,-0.6,nan,1.57079632679,nan,0.2,nan,1.0471975512,nan
grid_2507,0.0985,nan,0.3914,nan,1.00,0.2,nan,0.523598775598,nan,-0.6,nan,1.57079632679,nan,0.2,nan,1.57079632679,nan
grid_2508,0.1286,nan,0.5274,nan,1.00,0.2,nan,0.523598775598,nan,-0.6,nan,1.57079632679,nan,0.6,nan,1.57079632679,nan
grid_2509,0.1411,nan,0.4858,nan,0.99,0.2,nan,0.523598775598,nan,-0.6,nan,1.57079632679,nan,0.6,nan,1.0471975512,nan
grid_2510,0.2563,nan,0.6431,nan,1.00,0.2,nan,0.523598775598,nan,-0.6,nan,1.57079632679,nan,0.6,nan,0.523598775598,nan
grid_2511,0.1407,nan,0.5996,nan,1.00,0.2,nan,0.523598775598,nan,-0.6,nan,1.57079632679,nan,0.6,nan,0,nan
grid_2512,0.6966,nan,0.3421,nan,0.99,0.2,nan,0.523598775598,nan,-0.6,nan,1.0471975512,nan,0.6,nan,0,nan
grid_2513,0.4356,nan,0.4347,nan,1.00,0.2,nan,0.523598775598,nan,-0.6,nan,1.0471975512,nan,0.6,nan,0.523598775598,nan
grid_2514,0.1278,nan,0.3868,nan,1.00,0.2,nan,0.523598775598,nan,-0.6,nan,1.0471975512,nan,0.6,nan,1.0471975512,nan
grid_2515,0.1427,nan,0.3722,nan,1.00,0.2,nan,0.523598775598,nan,-0.6,nan,1.0471975512,nan,0.6,nan,1.57079632679,nan
grid_2516,0.2865,nan,0.2233,nan,1.01,0.2,nan,0.523598775598,nan,-0.6,nan,1.0471975512,nan,0.2,nan,1.57079632679,nan
grid_2517,0.3581,nan,0.1648,nan,0.99,0.2,nan,0.523598775598,nan,-0.6,nan,1.0471975512,nan,0.2,nan,1.0471975512,nan
grid_2518,0.3261,nan,0.0329,nan,1.00,0.2,nan,0.523598775598,nan,-0.6,nan,1.0471975512,nan,0.2,nan,0.523598775598,nan
grid_2519,0.4110,nan,0.2977,nan,1.00,0.2,nan,0.523598775598,nan,-0.6,nan,1.0471975512,nan,0.2,nan,0,nan
grid_2520,0.6868,nan,0.2923,nan,0.99,0.2,nan,0.523598775598,nan,-0.6,nan,1.0471975512,nan,-0.2,nan,0,nan
grid_2521,0.2837,nan,0.1301,nan,1.00,0.2,nan,0.523598775598,nan,-0.6,nan,1.0471975512,nan,-0.2,nan,0.523598775598,nan
grid_2522,0.2099,nan,0.0154,nan,1.00,0.2,nan,0.523598775598,nan,-0.6,nan,1.0471975512,nan,-0.2,nan,1.0471975512,nan
grid_2523,0.3562,nan,0.2467,nan,1.00,0.2,nan,0.523598775598,nan,-0.6,nan,1.0471975512,nan,-0.2,nan,1.57079632679,nan
grid_2524,0.2250,nan,0.1268,nan,1.00,0.2,nan,0.523598775598,nan,-0.6,nan,1.0471975512,nan,-0.6,nan,1.57079632679,nan
grid_2525,0.1885,nan,0.0036,nan,0.99,0.2,nan,0.523598775598,nan,-0.6,nan,1.0471975512,nan,-0.6,nan,1.0471975512,nan
grid_2526,0.5190,nan,0.2538,nan,0.99,0.2,nan,0.523598775598,nan,-0.6,nan,1.0471975512,nan,-0.6,nan,0.523598775598,nan
grid_2527,0.4671,nan,0.6125,nan,1.00,0.2,nan,0.523598775598,nan,-0.6,nan,1.0471975512,nan,-0.6,nan,0,nan
grid_2528,0.5893,nan,1.1250,nan,0.99,0.2,nan,0.523598775598,nan,-0.6,nan,0.523598775598,nan,-0.6,nan,0,nan
grid_2529,0.2310,nan,0.9383,nan,1.00,0.2,nan,0.523598775598,nan,-0.6,nan,0.523598775598,nan,-0.6,nan,0.523598775598,nan
grid_2530,0.6173,nan,0.8878,nan,1.00,0.2,nan,0.523598775598,nan,-0.6,nan,0.523598775598,nan,-0.6,nan,1.0471975512,nan
grid_2531,0.2193,nan,0.2240,nan,1.01,0.2,nan,0.523598775598,nan,-0.6,nan,0.523598775598,nan,-0.6,nan,1.57079632679,nan
grid_2532,0.3148,nan,0.2088,nan,1.00,0.2,nan,0.523598775598,nan,-0.6,nan,0.523598775598,nan,-0.2,nan,1.57079632679,nan
grid_2533,0.2787,nan,0.4373,nan,1.00,0.2,nan,0.523598775598,nan,-0.6,nan,0.523598775598,nan,-0.2,nan,1.0471975512,nan
grid_2534,0.2250,nan,0.7198,nan,0.99,0.2,nan,0.523598775598,nan,-0.6,nan,0.523598775598,nan,-0.2,nan,0.523598775598,nan
grid_2535,0.7849,nan,1.0184,nan,1.00,0.2,nan,0.523598775598,nan,-0.6,nan,0.523598775598,nan,-0.2,nan,0,nan
grid_2536,0.7086,nan,0.7939,nan,1.00,0.2,nan,0.523598775598,nan,-0.6,nan,0.523598775598,nan,0.2,nan,0,nan
grid_2537,0.3520,nan,0.4165,nan,1.00,0.2,nan,0.523598775598,nan,-0.6,nan,0.523598775598,nan,0.2,nan,0.523598775598,nan
grid_2538,0.4204,nan,0.1289,nan,1.01,0.2,nan,0.523598775598,nan,-0.6,nan,0.523598775598,nan,0.2,nan,1.0471975512,nan
grid_2539,0.3806,nan,0.0597,nan,1.00,0.2,nan,0.523598775598,nan,-0.6,nan,0.523598775598,nan,0.2,nan,1.57079632679,nan
grid_2540,0.3960,nan,0.0350,nan,1.00,0.2,nan,0.523598775598,nan,-0.6,nan,0.523598775598,nan,0.6,nan,1.57079632679,nan
grid_2541,0.3251,nan,0.0324,nan,0.99,0.2,nan,0.523598775598,nan,-0.6,nan,0.523598775598,nan,0.6,nan,1.0471975512,nan
grid_2542,0.5232,nan,0.0128,nan,1.00,0.2,nan,0.523598775598,nan,-0.6,nan,0.523598775598,nan,0.6,nan,0.523598775598,nan
grid_2543,0.4838,nan,0.1811,nan,1.01,0.2,nan,0.523598775598,nan,-0.6,nan,0.523598775598,nan,0.6,nan,0,nan
grid_2544,0.8523,nan,0.4977,nan,0.99,0.2,nan,0.523598775598,nan,-0.6,nan,0,nan,0.6,nan,0,nan
grid_2545,0.6310,nan,0.2655,nan,0.99,0.2,nan,0.523598775598,nan,-0.6,nan,0,nan,0.6,nan,0.523598775598,nan
grid_2546,0.3361,nan,0.7461,nan,1.00,0.2,nan,0.523598775598,nan,-0.6,nan,0,nan,0.6,nan,1.0471975512,nan
grid_2547,0.3204,nan,0.8365,nan,0.99,0.2,nan,0.523598775598,nan,-0.6,nan,0,nan,0.6,nan,1.57079632679,nan
grid_2548,0.2462,nan,1.1821,nan,1.00,0.2,nan,0.523598775598,nan,-0.6,nan,0,nan,0.2,nan,1.57079632679,nan
grid_2549,0.2397,nan,1.2464,nan,0.99,0.2,nan,0.523598775598,nan,-0.6,nan,0,nan,0.2,nan,1.0471975512,nan
grid_2550,0.2830,nan,1.3864,nan,0.99,0.2,nan,0.523598775598,nan,-0.6,nan,0,nan,0.2,nan,0.523598775598,nan
grid_2551,0.5936,nan,1.1894,nan,1.00,0.2,nan,0.523598775598,nan,-0.6,nan,0,nan,0.2,nan,0,nan
grid_2552,1.5878,nan,0.7758,nan,1.00,0.2,nan,0.523598775598,nan,-0.6,nan,0,nan,-0.2,nan,0,nan
grid_2553,0.2522,nan,1.6414,nan,1.00,0.2,nan,0.523598775598,nan,-0.6,nan,0,nan,-0.2,nan,0.523598775598,nan
grid_2554,0.8001,nan,1.3961,nan,0.99,0.2,nan,0.523598775598,nan,-0.6,nan,0,nan,-0.2,nan,1.0471975512,nan
grid_2555,0.4737,nan,1.3336,nan,1.01,0.2,nan,0.523598775598,nan,-0.6,nan,0,nan,-0.2,nan,1.57079632679,nan
grid_2556,0.4976,nan,1.0511,nan,1.00,0.2,nan,0.523598775598,nan,-0.6,nan,0,nan,-0.6,nan,1.57079632679,nan
grid_2557,0.3417,nan,1.6050,nan,0.99,0.2,nan,0.523598775598,nan,-0.6,nan,0,nan,-0.6,nan,1.0471975512,nan
grid_2558,0.3354,nan,1.4878,nan,1.00,0.2,nan,0.523598775598,nan,-0.6,nan,0,nan,-0.6,nan,0.523598775598,nan
grid_2559,1.4304,nan,0.0204,nan,1.00,0.2,nan,0.523598775598,nan,-0.6,nan,0,nan,-0.6,nan,0,nan
grid_2560,0.6121,nan,1.1551,nan,1.00,0.2,nan,1.0471975512,nan,-0.6,nan,0,nan,-0.6,nan,0,nan
grid_2561,0.4846,nan,1.4356,nan,1.00,0.2,nan,1.0471975512,nan,-0.6,nan,0,nan,-0.6,nan,0.523598775598,nan
grid_2562,0.2620,nan,1.6601,nan,1.02,0.2,nan,1.0471975512,nan,-0.6,nan,0,nan,-0.6,nan,1.0471975512,nan
grid_2563,0.3859,nan,1.1748,nan,1.01,0.2,nan,1.0471975512,nan,-0.6,nan,0,nan,-0.6,nan,1.57079632679,nan
grid_2564,0.6714,nan,0.6373,nan,1.00,0.2,nan,1.0471975512,nan,-0.6,nan,0,nan,-0.2,nan,1.57079632679,nan
grid_2565,0.4910,nan,1.0603,nan,0.99,0.2,nan,1.0471975512,nan,-0.6,nan,0,nan,-0.2,nan,1.0471975512,nan
grid_2566,0.4748,nan,1.3055,nan,1.00,0.2,nan,1.0471975512,nan,-0.6,nan,0,nan,-0.2,nan,0.523598775598,nan
grid_2567,0.4584,nan,1.2841,nan,1.00,0.2,nan,1.0471975512,nan,-0.6,nan,0,nan,-0.2,nan,0,nan
grid_2568,0.6280,nan,1.0298,nan,1.01,0.2,nan,1.0471975512,nan,-0.6,nan,0,nan,0.2,nan,0,nan
grid_2569,0.1775,nan,1.0342,nan,1.00,0.2,nan,1.0471975512,nan,-0.6,nan,0,nan,0.2,nan,0.523598775598,nan
grid_2570,0.2983,nan,0.8389,nan,1.00,0.2,nan,1.0471975512,nan,-0.6,nan,0,nan,0.2,nan,1.0471975512,nan
grid_2571,0.2889,nan,0.7225,nan,1.01,0.2,nan,1.0471975512,nan,-0.6,nan,0,nan,0.2,nan,1.57079632679,nan
grid_2572,0.3407,nan,0.4351,nan,1.00,0.2,nan,1.0471975512,nan,-0.6,nan,0,nan,0.6,nan,1.57079632679,nan
grid_2573,0.3218,nan,0.3399,nan,1.00,0.2,nan,1.0471975512,nan,-0.6,nan,0,nan,0.6,nan,1.0471975512,nan
grid_2574,0.2213,nan,0.2623,nan,1.00,0.2,nan,1.0471975512,nan,-0.6,nan,0,nan,0.6,nan,0.523598775598,nan
grid_2575,0.3862,nan,0.2389,nan,1.00,0.2,nan,1.0471975512,nan,-0.6,nan,0,nan,0.6,nan,0,nan
grid_2576,0.5667,nan,0.0786,nan,1.00,0.2,nan,1.0471975512,nan,-0.6,nan,0.523598775598,nan,0.6,nan,0,nan
grid_2577,0.7430,nan,0.0575,nan,1.01,0.2,nan,1.0471975512,nan,-0.6,nan,0.523598775598,nan,0.6,nan,0.523598775598,nan
grid_2578,0.3183,nan,0.0784,nan,1.00,0.2,nan,1.0471975512,nan,-0.6,nan,0.523598775598,nan,0.6,nan,1.0471975512,nan
grid_2579,0.2010,nan,0.0266,nan,1.00,0.2,nan,1.0471975512,nan,-0.6,nan,0.523598775598,nan,0.6,nan,1.57079632679,nan
grid_2580,0.1253,nan,0.0412,nan,1.00,0.2,nan,1.0471975512,nan,-0.6,nan,0.523598775598,nan,0.2,nan,1.57079632679,nan
grid_2581,0.2242,nan,0.0798,nan,1.00,0.2,nan,1.0471975512,nan,-0.6,nan,0.523598775598,nan,0.2,nan,1.0471975512,nan
grid_2582,0.1804,nan,0.1041,nan,1.01,0.2,nan,1.0471975512,nan,-0.6,nan,0.523598775598,nan,0.2,nan,0.523598775598,nan
grid_2583,0.2843,nan,0.3172,nan,0.99,0.2,nan,1.0471975512,nan,-0.6,nan,0.523598775598,nan,0.2,nan,0,nan
grid_2584,0.3723,nan,0.7324,nan,0.99,0.2,nan,1.0471975512,nan,-0.6,nan,0.523598775598,nan,-0.2,nan,0,nan
grid_2585,0.2190,nan,0.7279,nan,1.00,0.2,nan,1.0471975512,nan,-0.6,nan,0.523598775598,nan,-0.2,nan,0.523598775598,nan
grid_2586,0.1088,nan,0.2563,nan,1.00,0.2,nan,1.0471975512,nan,-0.6,nan,0.523598775598,nan,-0.2,nan,1.0471975512,nan
grid_2587,0.3141,nan,0.0404,nan,1.01,0.2,nan,1.0471975512,nan,-0.6,nan,0.523598775598,nan,-0.2,nan,1.57079632679,nan
grid_2588,0.3421,nan,0.0423,nan,1.00,0.2,nan,1.0471975512,nan,-0.6,nan,0.523598775598,nan,-0.6,nan,1.57079632679,nan
grid_2589,0.6391,nan,0.3743,nan,0.99,0.2,nan,1.0471975512,nan,-0.6,nan,0.523598775598,nan,-0.6,nan,1.0471975512,nan
grid_2590,0.2909,nan,0.8464,nan,1.00,0.2,nan,1.0471975512,nan,-0.6,nan,0.523598775598,nan,-0.6,nan,0.523598775598,nan
grid_2591,0.3572,nan,0.8830,nan,0.99,0.2,nan,1.0471975512,nan,-0.6,nan,0.523598775598,nan,-0.6,nan,0,nan
grid_2592,0.5230,nan,0.2559,nan,1.01,0.2,nan,1.0471975512,nan,-0.6,nan,1.0471975512,nan,-0.6,nan,0,nan
grid_2593,0.3851,nan,0.1873,nan,1.00,0.2,nan,1.0471975512,nan,-0.6,nan,1.0471975512,nan,-0.6,nan,0.523598775598,nan
grid_2594,0.5097,nan,0.0093,nan,1.00,0.2,nan,1.0471975512,nan,-0.6,nan,1.0471975512,nan,-0.6,nan,1.0471975512,nan
grid_2595,0.5473,nan,0.2052,nan,1.01,0.2,nan,1.0471975512,nan,-0.6,nan,1.0471975512,nan,-0.6,nan,1.57079632679,nan
grid_2596,0.4189,nan,0.2377,nan,1.01,0.2,nan,1.0471975512,nan,-0.6,nan,1.0471975512,nan,-0.2,nan,1.57079632679,nan
grid_2597,0.3565,nan,0.0021,nan,1.00,0.2,nan,1.0471975512,nan,-0.6,nan,1.0471975512,nan,-0.2,nan,1.0471975512,nan
grid_2598,0.4050,nan,0.0203,nan,1.00,0.2,nan,1.0471975512,nan,-0.6,nan,1.0471975512,nan,-0.2,nan,0.523598775598,nan
grid_2599,0.5709,nan,0.2268,nan,1.00,0.2,nan,1.0471975512,nan,-0.6,nan,1.0471975512,nan,-0.2,nan,0,nan
grid_2600,0.2656,nan,0.0786,nan,1.01,0.2,nan,1.0471975512,nan,-0.6,nan,1.0471975512,nan,0.2,nan,0,nan
grid_2601,0.1961,nan,0.0706,nan,1.00,0.2,nan,1.0471975512,nan,-0.6,nan,1.0471975512,nan,0.2,nan,0.523598775598,nan
grid_2602,0.3429,nan,0.1698,nan,1.00,0.2,nan,1.0471975512,nan,-0.6,nan,1.0471975512,nan,0.2,nan,1.0471975512,nan
grid_2603,0.2464,nan,0.0968,nan,1.00,0.2,nan,1.0471975512,nan,-0.6,nan,1.0471975512,nan,0.2,nan,1.57079632679,nan
grid_2604,0.2628,nan,0.2244,nan,1.00,0.2,nan,1.0471975512,nan,-0.6,nan,1.0471975512,nan,0.6,nan,1.57079632679,nan
grid_2605,0.3714,nan,0.2509,nan,1.00,0.2,nan,1.0471975512,nan,-0.6,nan,1.0471975512,nan,0.6,nan,1.0471975512,nan
grid_2606,0.1706,nan,0.4158,nan,1.00,0.2,nan,1.0471975512,nan,-0.6,nan,1.0471975512,nan,0.6,nan,0.523598775598,nan
grid_2607,0.4884,nan,0.2083,nan,0.99,0.2,nan,1.0471975512,nan,-0.6,nan,1.0471975512,nan,0.6,nan,0,nan
grid_2608,0.2838,nan,0.6360,nan,1.01,0.2,nan,1.0471975512,nan,-0.6,nan,1.57079632679,nan,0.6,nan,0,nan
grid_2609,0.1847,nan,0.4194,nan,1.00,0.2,nan,1.0471975512,nan,-0.6,nan,1.57079632679,nan,0.6,nan,0.523598775598,nan
grid_2610,0.0837,nan,0.5885,nan,0.99,0.2,nan,1.0471975512,nan,-0.6,nan,1.57079632679,nan,0.6,nan,1.0471975512,nan
grid_2611,0.0816,nan,0.4531,nan,1.00,0.2,nan,1.0471975512,nan,-0.6,nan,1.57079632679,nan,0.6,nan,1.57079632679,nan
grid_2612,0.0885,nan,0.2729,nan,1.00,0.2,nan,1.0471975512,nan,-0.6,nan,1.57079632679,nan,0.2,nan,1.57079632679,nan
grid_2613,0.2781,nan,0.2910,nan,1.00,0.2,nan,1.0471975512,nan,-0.6,nan,1.57079632679,nan,0.2,nan,1.0471975512,nan
grid_2614,0.2390,nan,0.3667,nan,0.99,0.2,nan,1.0471975512,nan,-0.6,nan,1.57079632679,nan,0.2,nan,0.523598775598,nan
grid_2615,0.1239,nan,0.0853,nan,1.00,0.2,nan,1.0471975512,nan,-0.6,nan,1.57079632679,nan,0.2,nan,0,nan
grid_2616,0.2199,nan,0.0090,nan,1.00,0.2,nan,1.0471975512,nan,-0.6,nan,1.57079632679,nan,-0.2,nan,0,nan
grid_2617,0.1183,nan,0.0547,nan,1.00,0.2,nan,1.0471975512,nan,-0.6,nan,1.57079632679,nan,-0.2,nan,0.523598775598,nan
grid_2618,0.0633,nan,0.2205,nan,1.00,0.2,nan,1.0471975512,nan,-0.6,nan,1.57079632679,nan,-0.2,nan,1.0471975512,nan
grid_2619,0.1110,nan,0.1298,nan,1.00,0.2,nan,1.0471975512,nan,-0.6,nan,1.57079632679,nan,-0.2,nan,1.57079632679,nan
grid_2620,0.0961,nan,0.2623,nan,1.00,0.2,nan,1.0471975512,nan,-0.6,nan,1.57079632679,nan,-0.6,nan,1.57079632679,nan
grid_2621,0.12071666271062746,0.09787499572027591,0.1507104038988991,0.07026920733313648,0.9941879205952683,0.19999999999999996,0.20159309905274636,1.0471975511965976,1.0475729829111788,-0.6,-0.5839557387727581,1.5707963267948966,1.5694176054677973,-0.6,-0.600184771762196,1.0471975511965976,1.0386053166744738
grid_2622,0.33091547788784037,0.21275423200470905,0.05612432806399566,0.048227083344682405,0.9985435272559234,0.19999999999999996,0.1995688523960082,1.0471975511965976,1.0477229789721738,-0.6,-0.5889828735317622,1.5707963267948966,1.5680866185045632,-0.6,-0.5976254840583337,0.5235987755982988,0.5149510387682437
grid_2623,0.42014901462642074,0.25468704419428473,0.020302623516110653,0.026049962906017753,0.9999553498983513,0.19999999999999996,0.19745525948050968,1.0471975511965976,1.048482622793233,-0.6,-0.5927326923941596,1.5707963267948966,1.5681033313852044,-0.6,-0.5963447952656447,0.0,-0.004917750117822806
grid_2624,0.23005558835150525,0.2254907159930477,0.11753777134495824,0.07502602193305184,0.9969859148765046,0.19999999999999996,0.19677931665327808,1.0471975511965976,1.0471411066921439,-0.2,-0.1955045761174512,1.5707963267948966,1.5671363139102752,-0.6,-0.5974858042272402,0.0,-0.0028335566045356586
grid_2625,0.3285424898005492,0.28452459740301067,0.004971751382464181,0.013492308700173,0.9988634187734693,0.19999999999999996,0.19955571628692237,1.0471975511965976,1.0472663002722218,-0.2,-0.19126546896771668,1.5707963267948966,1.5655553754515568,-0.6,-0.5990539329926863,0.5235987755982988,0.5160132364868559
grid_2626,0.2622229030982935,0.18917868326640705,0.013895960779584608,0.02229223582386133,1.007623498972417,0.19999999999999996,0.20001603899424403,1.0471975511965976,1.0475664619989056,-0.2,-0.18647047007381445,1.5707963267948966,1.5669130684207815,-0.6,-0.5984009438862197,1.0471975511965976,1.0366272164819907
grid_2627,0.05690523141077593,0.06823820988436359,0.04857547808361246,0.05994919786622001,0.9959290246485368,0.19999999999999996,0.20167256605091577,1.0471975511965976,1.0471763577712574,-0.2,-0.17606391025442836,1.5707963267948966,1.5670358972761127,-0.6,-0.5970681208672257,1.5707963267948966,1.559912173416035
grid_2628,0.2087487799086934,0.2290710388147738,0.10608117664326382,0.0692547974257274,1.0026509860468102,0.19999999999999996,0.201579670924116,1.0471975511965976,1.0476963403241504,-0.2,-0.17433997785229494,1.5707963267948966,1.5704745230263297,-0.2,-0.19660187151424413,1.5707963267948966,1.5698290175313758
grid_2629,0.11406644882638457,0.12701530564527225,0.10626082541702478,0.0661977285373605,0.9986539425568296,0.19999999999999996,0.20044099046146702,1.0471975511965976,1.0471027777036044,-0.2,-0.18667466303199465,1.5707963267948966,1.5672021759536996,-0.2,-0.20114577675589818,1.0471975511965976,1.0433957386049588
grid_2630,0.1313097090927954,0.13155390686393084,0.05668176467388666,0.03953257065441109,0.9998582944810035,0.19999999999999996,0.19781721867121416,1.0471975511965976,1.0469373697928956,-0.2,-0.19354705786181814,1.5707963267948966,1.569395599354043,-0.2,-0.20073903952413197,0.5235987755982988,0.5198974466908348
grid_2631,0.26345120794558713,0.26026152070749126,0.024807179123272422,0.06888601110016558,1.0085890705039104,0.19999999999999996,0.1982251212753523,1.0471975511965976,1.047011150006182,-0.2,-0.1953312700335399,1.5707963267948966,1.5706978815621424,-0.2,-0.20201208134097026,0.0,-0.0020527607288167715
grid_2632,0.15650066931883722,0.17415747888767083,0.09076490538651083,0.13519564741783707,0.9973564137831794,0.19999999999999996,0.1968386953542165,1.0471975511965976,1.0466237707336825,-0.2,-0.19716021338672451,1.5707963267948966,1.5707773147899484,0.19999999999999996,0.19686361837040867,0.0,-0.00186497289453591
grid_2633,0.1657653106994658,0.1677618617442757,0.12766717649876863,0.12003892109737263,1.0026170924700621,0.19999999999999996,0.19927035133935433,1.0471975511965976,1.0472128914520722,-0.2,-0.1913626373270194,1.5707963267948966,1.5694985219446682,0.19999999999999996,0.1959152750323092,0.5235987755982988,0.522870107467635
grid_2634,0.1622759453671685,0.12883377330918008,0.20787295574036432,0.05814337110431466,1.0037310304072882,0.19999999999999996,0.2001177698964094,1.0471975511965976,1.045707456176145,-0.2,-0.18468239355983496,1.5707963267948966,1.5706533384821117,0.19999999999999996,0.19887192190814673,1.0471975511965976,1.0496036201039969
grid_2635,0.3452847587249907,0.3182877633218827,0.09059899504929819,0.05721387932580771,0.9968252131722035,0.19999999999999996,0.2015308449627069,1.0471975511965976,1.0475844024146248,-0.2,-0.1835424791182909,1.5707963267948966,1.5707647165324783,0.19999999999999996,0.20139490866662246,1.5707963267948966,1.5708332264408211
grid_2636,0.1277843189418212,0.11711251993163681,0.20402587422576465,0.07087457590107964,0.9957589230032913,0.19999999999999996,0.2016591732651758,1.0471975511965976,1.0468419149575867,-0.2,-0.18373446086460543,1.5707963267948966,1.5704363184675536,0.6,0.6005067907268673,1.5707963267948966,1.57092773937386
grid_2637,0.21901782804076914,0.21324149240604662,0.36243027442242015,0.07269516186242261,1.0070820586822629,0.19999999999999996,0.200537323618299,1.0471975511965976,1.0460713236476327,-0.2,-0.18353983595101386,1.5707963267948966,1.5708572057547139,0.6,0.5978259300053397,1.0471975511965976,1.0590116791381883
grid_2638,0.2271983761713238,0.14051921466770403,0.2483547426206283,0.12953338312742338,0.9944559592094068,0.19999999999999996,0.19831393980723,1.0471975511965976,1.0465151166880196,-0.2,-0.19228425257782789,1.5707963267948966,1.5707420817669284,0.6,0.5970704057053897,0.5235987755982988,0.5270736685202158
grid_2639,0.2850053946509856,0.23910442497053305,0.43249924707925375,0.1364726460605542,0.9991342984619616,0.19999999999999996,0.19729327805948227,1.0471975511965976,1.0463604290686845,-0.2,-0.19778581423825248,1.5707963267948966,1.570263777556451,0.6,0.597438432331403,0.0,-0.002874542761258425
grid_2640,0.29831465194428564,0.2800300056212595,0.20118631283851146,0.14229052360118208,0.9939814319405572,0.19999999999999996,0.19890680476742606,1.0471975511965976,1.0454391793257747,-0.2,-0.1955649476710235,1.0471975511965976,1.0483964582371827,0.6,0.5959248636432468,0.0,-0.0028221754587445247
grid_2641,0.37912693124063723,0.2676375369268928,0.5786757546384544,0.07536211183515511,1.0009420861138558,0.19999999999999996,0.1994643172819357,1.0471975511965976,1.0453613855832318,-0.2,-0.1904790566768373,1.0471975511965976,1.0449169403499576,0.6,0.5971513338487782,0.5235987755982988,0.5241445302159562
grid_2642,0.1637065398233775,0.11082915311855572,0.4524142290254997,0.09328715079873871,1.008104581580459,0.19999999999999996,0.20084539786783928,1.0471975511965976,1.0464797849137204,-0.2,-0.18761551067809012,1.0471975511965976,1.0454673087113333,0.6,0.599130554793784,1.0471975511965976,1.0503047291766476
grid_2643,0.11017351844903538,0.09731466170816166,0.1822323007600849,0.10124953972853053,0.9948769356040996,0.19999999999999996,0.2011412870525069,1.0471975511965976,1.046635697424514,-0.2,-0.1848438151983256,1.0471975511965976,1.0446405147472024,0.6,0.6005769582328178,1.5707963267948966,1.570849785148555
grid_2644,0.15757800862149424,0.11407993605593665,0.13520379513140574,0.0991995849128577,1.0025121202300646,0.19999999999999996,0.20148598217388347,1.0471975511965976,1.0478982976444993,-0.2,-0.18601862802988478,1.0471975511965976,1.0465635684037586,0.19999999999999996,0.20304878681508232,1.5707963267948966,1.5707561587282806
grid_2645,0.1816897672161038,0.1796599239980522,0.21325483794854883,0.07093427469867397,1.0000982986568712,0.19999999999999996,0.2008493464753398,1.0471975511965976,1.0468846284465663,-0.2,-0.18826125592485354,1.0471975511965976,1.0444104273820036,0.19999999999999996,0.19941583126018614,1.0471975511965976,1.0457419920013953
grid_2646,0.16959456162641046,0.14081327150035083,0.20905024301930425,0.05343614326251481,0.9960986605386661,0.19999999999999996,0.20006738469132124,1.0471975511965976,1.046817173904624,-0.2,-0.19101162666789762,1.0471975511965976,1.0430189749221839,0.19999999999999996,0.19807507551325276,0.5235987755982988,0.5211989735302671
grid_2647,0.2553740464913388,0.2519668898142345,0.15919763758834682,0.1141000268195242,1.001273702161419,0.19999999999999996,0.19876100205420233,1.0471975511965976,1.0465789509517265,-0.2,-0.19397481567716746,1.0471975511965976,1.0454694747852846,0.19999999999999996,0.19647698636055289,0.0,-0.00288863624254887
grid_2648,0.5097860617164351,0.4139667263962691,0.030674430340044266,0.033308404640987097,0.9983913185645029,0.19999999999999996,0.19826986016470105,1.0471975511965976,1.0482485471190248,-0.2,-0.1922420988789515,1.0471975511965976,1.0485163654943355,-0.2,-0.20167249194636128,0.0,-0.0009917666105394574
grid_2649,0.40316647183611093,0.3647272778678037,0.004401911310504733,0.008714030939340003,0.994432073147842,0.19999999999999996,0.1990003321172642,1.0471975511965976,1.0486980553297274,-0.2,-0.18853449517851573,1.0471975511965976,1.0455859633361815,-0.2,-0.19953394183123851,0.5235987755982988,0.5193299291366671
grid_2650,0.21314196733116816,0.15639073674496448,0.030188106147993464,0.04190105630105267,1.0100553148395393,0.19999999999999996,0.2003472393301946,1.0471975511965976,1.0470461470085128,-0.2,-0.18832237914433225,1.0471975511965976,1.0449429021814414,-0.2,-0.19902231848397012,1.0471975511965976,1.042921322873771
grid_2651,0.11703898225855225,0.12967248383038563,0.10414598641391312,0.07282706657074521,1.0026512552550586,0.19999999999999996,0.2018067256385292,1.0471975511965976,1.046898034696115,-0.2,-0.18439869921822893,1.0471975511965976,1.0438338746929396,-0.2,-0.19672992440328763,1.5707963267948966,1.5669932483019515
grid_2652,0.07857269982786813,0.09665302734847456,0.04661043139554662,0.04911355261411693,1.0001636918978145,0.19999999999999996,0.2019706597941866,1.0471975511965976,1.0480031332812212,-0.2,-0.18285466489858582,1.0471975511965976,1.0438538165678253,-0.6,-0.5941076096218394,1.5707963267948966,1.560092437553111
grid_2653,0.18332799684718531,0.16485985517678384,0.017900379059108455,0.031669295454328804,0.9958483647536929,0.19999999999999996,0.20081189596913696,1.0471975511965976,1.047578823618692,-0.2,-0.18333684142465856,1.0471975511965976,1.0443941814071565,-0.6,-0.5969537033306347,1.0471975511965976,1.0367149955543136
grid_2654,0.5134627916642639,0.31833900630108897,0.15315481600395317,0.0818527024891111,0.9975484165879612,0.19999999999999996,0.19845264904224624,1.0471975511965976,1.048242388485499,-0.2,-0.19014852041418173,1.0471975511965976,1.048914798380971,-0.6,-0.5967887780546945,0.5235987755982988,0.5198362755431019
grid_2655,0.30897640365455137,0.2710888821500108,0.39724882735739653,0.16139370428865146,1.0011042849353409,0.19999999999999996,0.19711568654793865,1.0471975511965976,1.0470538626306745,-0.2,-0.19314221142549748,1.0471975511965976,1.0471119761581376,-0.6,-0.596528738907435,0.0,-0.0005003157996483765
grid_2656,0.41594581060152375,0.33949129966350217,0.9828867985823028,0.15747970396478428,0.9934619025708527,0.19999999999999996,0.19626756494593423,1.0471975511965976,1.0490824715170364,-0.2,-0.1944326610721019,0.5235987755982988,0.530552322297388,-0.6,-0.5958194755330979,0.0,0.004054085013240893
grid_2657,0.3991140243339843,0.2676076393686482,0.6605393013976169,0.13354718254249803,1.0090358430665956,0.19999999999999996,0.1993627953958832,1.0471975511965976,1.0499329827731998,-0.2,-0.19012962342386164,0.5235987755982988,0.5273668134784204,-0.6,-0.5944852305775585,0.5235987755982988,0.5215144312256426
grid_2658,0.37489654654361876,0.3165198958080612,0.41280464454015736,0.0850830566041616,1.001892939337718,0.19999999999999996,0.20123987025546075,1.0471975511965976,1.0495973363889197,-0.2,-0.18694350646575675,0.5235987755982988,0.524418546411578,-0.6,-0.5933767188303252,1.0471975511965976,1.039082544428445
grid_2659,0.1095821752317877,0.11274789719584094,0.04939367136658756,0.05761221565901759,1.006872231396161,0.19999999999999996,0.20246033707726685,1.0471975511965976,1.0472778793528406,-0.2,-0.1841177132712195,0.5235987755982988,0.521499617278887,-0.6,-0.5953411718327226,1.5707963267948966,1.5635414890990376
grid_2660,0.22878045312646308,0.1736238922310095,0.005804669535985533,0.011945185838208887,1.0030163035650141,0.19999999999999996,0.20200658906269986,1.0471975511965976,1.0478623492139985,-0.2,-0.18552945289227019,0.5235987755982988,0.5212532303603847,-0.2,-0.19392783300070882,1.5707963267948966,1.5659787801217115
grid_2661,0.1971104651633314,0.12798921438352534,0.05000493729396499,0.07341285615305511,1.0043141369679534,0.19999999999999996,0.20104860356848508,1.0471975511965976,1.0472670673675815,-0.2,-0.1866361145096187,0.5235987755982988,0.5222668606135956,-0.2,-0.19635657261878592,1.0471975511965976,1.0427533371064222
grid_2662,0.30980467321928545,0.23381785345009107,0.29132012938815566,0.09595736249368114,0.9976383101335777,0.19999999999999996,0.20053717685406358,1.0471975511965976,1.048351393747902,-0.2,-0.18888746943861268,0.5235987755982988,0.525137024622861,-0.2,-0.19883795557028972,0.5235987755982988,0.5218385803186418
grid_2663,0.29127812216523746,0.36197777945493087,0.38499202570080937,0.1988892876614939,0.9860733345538625,0.19999999999999996,0.19940163119600474,1.0471975511965976,1.0488346850845147,-0.2,-0.19193760482035227,0.5235987755982988,0.528632030597401,-0.2,-0.20110062636405512,0.0,0.001823608922846276
grid_2664,0.4177674724072512,0.46203411742507505,0.20025220782501568,0.1700893024127719,1.0151096640520922,0.19999999999999996,0.1985646665500802,1.0471975511965976,1.0473021702934755,-0.2,-0.1925780468139422,0.5235987755982988,0.5195884162374185,0.19999999999999996,0.19620305322407638,0.0,-0.0023488889227269993
grid_2665,0.2692601291829542,0.2589645075738727,0.04500701769977344,0.07170589319521056,0.9979193853122666,0.19999999999999996,0.20085261181135472,1.0471975511965976,1.0479788809981567,-0.2,-0.19007661833899014,0.5235987755982988,0.5215702219147591,0.19999999999999996,0.19898173385633555,0.5235987755982988,0.5206217864271885
grid_2666,0.3390625009442166,0.4425634647316547,0.13860075357736185,0.13471714318062628,1.002140193861187,0.19999999999999996,0.20262623635479393,1.0471975511965976,1.0480356536693405,-0.2,-0.18646788685473492,0.5235987755982988,0.5194988470821507,0.19999999999999996,0.20005892434343941,1.0471975511965976,1.0441250680190723
grid_2667,0.11317920918701507,0.12315153630832948,0.12399802568292155,0.10504944761128354,0.9970839842727924,0.19999999999999996,0.20252500420471797,1.0471975511965976,1.0473713143879362,-0.2,-0.18525348704983546,0.5235987755982988,0.5202693684058044,0.19999999999999996,0.20296791214573862,1.5707963267948966,1.5682842815415654
grid_2668,0.3230883050460648,0.3837430782807634,0.07686309636470785,0.12241533601853824,1.0018400755273227,0.19999999999999996,0.20393431923377392,1.0471975511965976,1.0464306937270562,-0.2,-0.18528513471046715,0.5235987755982988,0.5201977454751621,0.6,0.601000943416607,1.5707963267948966,1.570675867526675
grid_2669,0.18981079797977568,0.16972639739819656,0.44174365998030096,0.2288889298575628,1.000108733781349,0.19999999999999996,0.2008204797084545,1.0471975511965976,1.0454739714106562,-0.2,-0.18490962721416615,0.5235987755982988,0.5181649795172669,0.6,0.599650908058794,1.0471975511965976,1.047640670329307
grid_2670,0.33292478939885317,0.21115450257799548,0.8081906383264241,0.10367770409596337,1.0004962242544522,0.19999999999999996,0.20026742209894444,1.0471975511965976,1.0456614192067777,-0.2,-0.19149584738318026,0.5235987755982988,0.5164277911853628,0.6,0.5976702190956518,0.5235987755982988,0.5210044867321955
grid_2671,0.7967344348325384,0.727426199088452,0.7453192948442116,0.27696318354150046,1.001282859703861,0.19999999999999996,0.1981801739481197,1.0471975511965976,1.0447137768205454,-0.2,-0.19520598875225303,0.5235987755982988,0.5156995042150099,0.6,0.5948843216323638,0.0,-0.005725797697542667
grid_2672,0.29231495917391337,0.2321446171228536,1.3879798689838183,0.08990808154648909,0.9954347564000466,0.19999999999999996,0.199714176084135,1.0471975511965976,1.0437817622896262,-0.2,-0.19804642299102948,0.0,-0.013406614515002246,0.6,0.5909378092514315,0.0,-0.008711935250159897
grid_2673,0.2418708758116363,0.23702970925961597,1.1463075412029968,0.1732687474342301,0.9973036359147487,0.19999999999999996,0.20503068652533152,1.0471975511965976,1.0444784966189227,-0.2,-0.18829000657178874,0.0,-0.011803324945079297,0.6,0.5971405907187153,0.5235987755982988,0.5186178563486088
grid_2674,0.3961277795911349,0.27220312728448925,0.47361694172936764,0.1319419963270034,0.9953643158639449,0.19999999999999996,0.20505782322053356,1.0471975511965976,1.0457514158482502,-0.2,-0.18420831843244745,0.0,-0.006558760756797177,0.6,0.6014975530407822,1.0471975511965976,1.045059852323634
grid_2675,0.36494529965674516,0.3127657808068443,0.06918707613674757,0.09568974724339428,0.9933892945680818,0.19999999999999996,0.20657737333615778,1.0471975511965976,1.0456203248566558,-0.2,-0.1826404123007439,0.0,-0.0035413838808127096,0.6,0.6034123173725083,1.5707963267948966,1.5693068192015431
grid_2676,0.3691277782853454,0.32264531105201016,0.017324420404192624,0.02686352868522799,0.9987367097872598,0.19999999999999996,0.20549227431379524,1.0471975511965976,1.0476068995233803,-0.2,-0.17924776770945705,0.0,-0.0024968740454003324,0.19999999999999996,0.20367490766696772,1.5707963267948966,1.567786292186934
grid_2677,0.43897411152460053,0.47244501224874486,0.1249382333973212,0.0852192033892081,1.0066837573777452,0.19999999999999996,0.20617843833378746,1.0471975511965976,1.0472199166940461,-0.2,-0.18276950909493106,0.0,-0.00290805131466243,0.19999999999999996,0.20423169785133677,1.0471975511965976,1.0446117182474586
grid_2678,0.25929876779772876,0.25348031285259576,0.22118722872839788,0.12685765998142257,0.9999058625949463,0.19999999999999996,0.2072223119026102,1.0471975511965976,1.046536837095747,-0.2,-0.18467773528576004,0.0,-0.002568205271262336,0.19999999999999996,0.20044483701820592,0.5235987755982988,0.5215836722456597
grid_2679,0.35156811619577105,0.31712813205493234,0.036634683632249095,0.046674805873173214,0.9985131250098188,0.19999999999999996,0.20439191857070238,1.0471975511965976,1.0465136293762072,-0.2,-0.1922002285374651,0.0,-0.002192322564216198,0.19999999999999996,0.1925213930941556,0.0,-0.0011449453903011886
grid_2680,0.402845048709794,0.3332876138509003,1.0176513522035253,0.0942598871477999,0.993045573798458,0.19999999999999996,0.20107707130551855,1.0471975511965976,1.051637068764233,-0.2,-0.194753628049666,0.0,0.009666380434705246,-0.2,-0.2060462848042972,0.0,0.005136100599113291
grid_2681,0.44853023098336464,0.3588205088866776,0.8112775589513571,0.13847449867791514,0.9921894803394556,0.19999999999999996,0.20316825716286058,1.0471975511965976,1.0509615160431114,-0.2,-0.1863587788209875,0.0,0.006163085026224202,-0.2,-0.19802139621647719,0.5235987755982988,0.5246493167514519
grid_2682,0.2227316891657845,0.14955685655830048,0.4545518075769312,0.19184443388733888,1.0042122404723093,0.19999999999999996,0.20486873973997355,1.0471975511965976,1.0490397175932165,-0.2,-0.1827519243510638,0.0,0.002585161925087398,-0.2,-0.19474988241340352,1.0471975511965976,1.0445567070014716
grid_2683,0.33614829330068646,0.3338308346754489,0.091887023272503,0.11587269123069546,1.005379387063907,0.19999999999999996,0.20523159933345259,1.0471975511965976,1.0484442881089642,-0.2,-0.17990859848349405,0.0,8.864296571431396e-05,-0.2,-0.19390919628370185,1.5707963267948966,1.5670682097172248
grid_2684,0.32004487775133833,0.2527087192152879,0.3911806580266655,0.1253398743367174,0.9971412813715889,0.19999999999999996,0.20555949942757668,1.0471975511965976,1.0486792615168925,-0.2,-0.181448889632148,0.0,0.0006854283990733734,-0.6,-0.593670443471388,1.5707963267948966,1.5655722282723294
grid_2685,0.23630751267141212,0.26676850082551373,1.1468315239957563,0.1926451973397147,0.9969168149897454,0.19999999999999996,0.20148554466081592,1.0471975511965976,1.0508648929070459,-0.2,-0.1853463886586244,0.0,0.006418738511343669,-0.6,-0.5946749386877839,1.0471975511965976,1.045159521375063
grid_2686,0.35086782388517135,0.25185356267716513,1.5115926028280668,0.1756270984902261,0.9996570995051689,0.19999999999999996,0.19827729667021288,1.0471975511965976,1.0529099473827275,-0.2,-0.19047242821969324,0.0,0.011772379067041427,-0.6,-0.593749906734927,0.5235987755982988,0.5256235923790404
grid_2687,0.6109116006351365,0.5482443781645371,1.6369158794825533,0.0861155157558439,0.9957078010319972,0.19999999999999996,0.19609033720595104,1.0471975511965976,1.0524628233667501,-0.2,-0.19613085943386466,0.0,0.014403119672013354,-0.6,-0.5974427581278601,0.0,0.009073165341057177
grid_2688,0.15375676745896774,0.1322844899400776,0.6672842560554362,0.07960536248490309,1.0237853502310184,0.19999999999999996,0.20020780814135097,1.0471975511965976,1.044896258220044,0.19999999999999996,0.20547620414822898,0.0,0.0016812140044244472,-0.6,-0.6014859738694494,0.0,0.003037291081485982
grid_2689,0.4285268526914301,0.5100046854569382,0.18273441925152084,0.1260786072813806,1.0010415447380165,0.19999999999999996,0.203527123729228,1.0471975511965976,1.0441629212650492,0.19999999999999996,0.211906619649751,0.0,0.00045467262459553126,-0.6,-0.5982718107177423,0.5235987755982988,0.5252489513858478
grid_2690,0.16021327866067703,0.15423736867544172,0.009604728572676904,0.03342128934199783,1.0024699960418189,0.19999999999999996,0.20438802988376992,1.0471975511965976,1.0440812929363483,0.19999999999999996,0.21573069375901976,0.0,-0.0020036591979248897,-0.6,-0.5957899045453505,1.0471975511965976,1.047854830135817
grid_2691,0.29282302406452826,0.304459900617012,0.509450097181789,0.13179487778997204,1.0020633219102533,0.19999999999999996,0.20425647836866556,1.0471975511965976,1.044038057551882,0.19999999999999996,0.2231315723121261,0.0,-0.0037051724113323914,-0.6,-0.5939139134579845,1.5707963267948966,1.5708987434870707
grid_2692,0.20007135693475803,0.2358298597882117,0.799738957105498,0.16467084397238813,0.9947298075177793,0.19999999999999996,0.2042796378774865,1.0471975511965976,1.0421658740462432,0.19999999999999996,0.21547405955684606,0.0,-0.005628062737792483,-0.2,-0.19532737080343043,1.5707963267948966,1.5707940034681958
grid_2693,0.19630732359464176,0.14154553364949754,0.6964540123279183,0.13986656631878464,1.001323332787734,0.19999999999999996,0.20461287153198082,1.0471975511965976,1.042838870560579,0.19999999999999996,0.21416417240933328,0.0,-0.006552021973314837,-0.2,-0.1965579703030098,1.0471975511965976,1.0468053205647232
grid_2694,0.4146116310164099,0.3862333189880212,0.7756974883133859,0.18368176827513566,1.0038034703559509,0.19999999999999996,0.2040083417552303,1.0471975511965976,1.042145703343726,0.19999999999999996,0.21050768002351017,0.0,-0.00827857024709644,-0.2,-0.200471884184112,0.5235987755982988,0.521358736689697
grid_2695,0.263000947052327,0.19472900988981773,0.3324245912021679,0.1298348718250511,0.9940206344292319,0.19999999999999996,0.2008211893591758,1.0471975511965976,1.041147293341571,0.19999999999999996,0.1996429047871917,0.0,-0.010520049142100696,-0.2,-0.21157799027963708,0.0,-0.004001536268321004
grid_2696,0.3420818649194591,0.23082801404674955,1.4904702063285191,0.08129975570423563,1.003768912589612,0.19999999999999996,0.19674945794849474,1.0471975511965976,1.0383156495250265,0.19999999999999996,0.19643712373893063,0.0,-0.019724553150094692,0.19999999999999996,0.18354306530628328,0.0,-0.009601688960898969
grid_2697,0.2951208297975416,0.3651197761884712,1.4586273400479832,0.15007005674748855,0.9932903041908429,0.19999999999999996,0.20090238759432566,1.0471975511965976,1.0404159843051541,0.19999999999999996,0.20532479441036156,0.0,-0.015483184880861423,0.19999999999999996,0.19572786345764293,0.5235987755982988,0.5199677980006845
grid_2698,0.21319690744353811,0.19151290038629898,1.37094109031893,0.17896788689230428,0.9908144201696334,0.19999999999999996,0.20414432877051425,1.0471975511965976,1.040664523738359,0.19999999999999996,0.21167276796376022,0.0,-0.011068079140052589,0.19999999999999996,0.20171062146396235,1.0471975511965976,1.0476424578677621
grid_2699,0.08760883040229041,0.05733099868048762,1.074472552135551,0.09705667431427067,1.0097516601325573,0.19999999999999996,0.20363390710729146,1.0471975511965976,1.0427128916622932,0.19999999999999996,0.22080732306432438,0.0,-0.006250643444043469,0.19999999999999996,0.20310965506335332,1.5707963267948966,1.5707210072746216
grid_2700,0.14997036474526892,0.15203870632415095,1.1010912345953117,0.14605693876046658,1.0009558497547277,0.19999999999999996,0.20309864681747936,1.0471975511965976,1.0403852180204227,0.19999999999999996,0.21204468756706873,0.0,-0.0068389621851752125,0.6,0.6016138612085147,1.5707963267948966,1.5708312035691563
grid_2701,0.16433718016490256,0.12294781282347074,1.8282098640287736,0.13074507037822378,1.0008405702625636,0.19999999999999996,0.20109643022472756,1.0471975511965976,1.0402810884742513,0.19999999999999996,0.20809635946113492,0.0,-0.013000696793262989,0.6,0.5988420429510528,1.0471975511965976,1.04964371684573
grid_2702,0.2985665763402533,0.23400315280928827,2.036006849569214,0.09201229256131456,0.9958062651490186,0.19999999999999996,0.19598379176234015,1.0471975511965976,1.0393961534663667,0.19999999999999996,0.20151174998871646,0.0,-0.017789876283242023,0.6,0.5957737784932293,0.5235987755982988,0.5191748222016725
grid_2703,0.6204871062602053,0.492166853461058,1.818024849638973,0.10450910167040126,0.9974280775473054,0.19999999999999996,0.18896992677453284,1.0471975511965976,1.0406065328865086,0.19999999999999996,0.1914865344960912,0.0,-0.018911469982619167,0.6,0.5881545562563941,0.0,-0.011044611995290943
grid_2704,0.6469495379739196,0.4963121905123407,1.37407065925928,0.1747972056366869,1.0051276251811587,0.19999999999999996,0.19529969549121073,1.0471975511965976,1.0420610058668114,0.19999999999999996,0.19736038268917344,0.5235987755982988,0.5127312961661215,0.6,0.5941999276447456,0.0,-0.005271280781691701
grid_2705,0.15783761670892368,0.1423143238638883,1.278891908140577,0.14728505728341465,0.9955255288501152,0.19999999999999996,0.19927046986572616,1.0471975511965976,1.0431450706594525,0.19999999999999996,0.20613055774932576,0.5235987755982988,0.51496799568943,0.6,0.5983639446108269,0.5235987755982988,0.5249766948378696
grid_2706,0.273216542778172,0.2234299998000499,0.930517728297185,0.15447343877357506,0.9962675610157682,0.19999999999999996,0.19973219949042065,1.0471975511965976,1.0445508245404653,0.19999999999999996,0.20757756885899425,0.5235987755982988,0.5191706979265858,0.6,0.5996629430818237,1.0471975511965976,1.0523074765143052
grid_2707,0.29927231307567603,0.23957592034116135,0.2656018027281922,0.1793436120975677,0.9888247455238641,0.19999999999999996,0.2013229288406757,1.0471975511965976,1.0444721686403327,0.19999999999999996,0.20982668272401117,0.5235987755982988,0.5206418454173694,0.6,0.6005589202160522,1.5707963267948966,1.5708401558522676
grid_2708,0.22706864575583538,0.19451932063790675,0.21389273417914217,0.13158958462769035,0.9997612595386176,0.19999999999999996,0.2012983654189453,1.0471975511965976,1.0455559940782075,0.19999999999999996,0.2102937077576641,0.5235987755982988,0.5228262040091947,0.19999999999999996,0.20025523531798317,1.5707963267948966,1.5708984608120833
grid_2709,0.4260353699726938,0.37111166042093247,0.424909049334852,0.1781944968605383,0.9971777359093764,0.19999999999999996,0.20197367603871363,1.0471975511965976,1.044357360950162,0.19999999999999996,0.21074198560344826,0.5235987755982988,0.521032688823432,0.19999999999999996,0.200913717802905,1.0471975511965976,1.0512620766165215
grid_2710,0.2933057935580401,0.2619020819885514,0.6993628794507022,0.22530033248726825,1.004661192072452,0.19999999999999996,0.20065519677543708,1.0471975511965976,1.0425195602154949,0.19999999999999996,0.20684189482717574,0.5235987755982988,0.5165146384907233,0.19999999999999996,0.19760503452993028,0.5235987755982988,0.5248900258786593
grid_2711,0.30594023981913876,0.3811146586235609,0.8758926784850753,0.12926349305307244,1.0042850640768164,0.19999999999999996,0.19952903366588437,1.0471975511965976,1.0426581395310768,0.19999999999999996,0.20358139443169154,0.5235987755982988,0.5153115568419446,0.19999999999999996,0.19517318354494773,0.0,-0.0038346530600987805
grid_2712,0.27685717308269336,0.35980915634957195,0.15840034194779276,0.17870790518596424,0.9925596542674942,0.19999999999999996,0.19958932824661524,1.0471975511965976,1.0452327684402372,0.19999999999999996,0.20417874250563806,0.5235987755982988,0.5214268919901404,-0.2,-0.204542188260322,0.0,3.8613308715795824e-05
grid_2713,0.12370412898885319,0.12924281552461073,0.1957390095714121,0.15696938035809985,1.002119176980524,0.19999999999999996,0.2006916089089561,1.0471975511965976,1.0453110906318237,0.19999999999999996,0.20760858866024545,0.5235987755982988,0.5206627440379386,-0.2,-0.2019476375829381,0.5235987755982988,0.5237349088896384
grid_2714,0.16666614481512776,0.17275106080789282,0.24901530227100893,0.10910629784290686,0.9966635631404228,0.19999999999999996,0.20093371406742833,1.0471975511965976,1.0458178315410942,0.19999999999999996,0.21006175246998016,0.5235987755982988,0.5217425424963507,-0.2,-0.198956282030319,1.0471975511965976,1.0473550643518328
grid_2715,0.1256627583710262,0.12238763490790905,0.21035381842562603,0.1388606343487633,0.9967149182161984,0.19999999999999996,0.20202559581068336,1.0471975511965976,1.045401517637262,0.19999999999999996,0.21192814486993417,0.5235987755982988,0.521496493347497,-0.2,-0.19606599388664225,1.5707963267948966,1.5707136275026716
grid_2716,0.0841535426335063,0.07748811647100867,0.044399115781391565,0.06530724873121344,1.0042466805652568,0.19999999999999996,0.20252826162009718,1.0471975511965976,1.04616569359888,0.19999999999999996,0.21526730831777918,0.5235987755982988,0.5216682883598143,-0.6,-0.5950429176363512,1.5707963267948966,1.5687249732564092
grid_2717,0.10776053208239864,0.14434746966213616,0.005561934758546515,0.017616950260321087,0.9956566992361473,0.19999999999999996,0.20127501995669395,1.0471975511965976,1.0456022392076587,0.19999999999999996,0.21001583058277618,0.5235987755982988,0.5229662415043475,-0.6,-0.5976205026219708,1.0471975511965976,1.0460592246913647
grid_2718,0.3403249345099967,0.447419017598642,0.31119809991694164,0.08733198939719782,1.0030693877909551,0.19999999999999996,0.19947841914507514,1.0471975511965976,1.0469847575596711,0.19999999999999996,0.207585342022659,0.5235987755982988,0.5243333134980981,-0.6,-0.5973432373504313,0.5235987755982988,0.5236018639045428
grid_2719,0.2773868947461686,0.33357295245032365,0.3422444359260168,0.13691821933695844,1.001934166775747,0.19999999999999996,0.19925772420143684,1.0471975511965976,1.0466298711875837,0.19999999999999996,0.20436354581731386,0.5235987755982988,0.5244665041294132,-0.6,-0.6005116689632031,0.0,0.0022529962540147608
grid_2720,0.6407092997597597,0.4589055625054528,0.06558868789245108,0.07419309797208175,0.999442872853952,0.19999999999999996,0.19740612904291055,1.0471975511965976,1.048158891739564,0.19999999999999996,0.20251864327740687,1.0471975511965976,1.0446672175416474,-0.6,-0.5996264260143409,0.0,0.0016269773023918077
grid_2721,0.14606454740215263,0.1075754166208337,0.2539749676088484,0.10389430068458512,1.002352487805912,0.19999999999999996,0.19903192972479022,1.0471975511965976,1.0474331152903682,0.19999999999999996,0.20794610394941238,1.0471975511965976,1.046292434192698,-0.6,-0.5976737485006494,0.5235987755982988,0.5219598898821367
grid_2722,0.17428210303630182,0.1818729239062344,0.24695904813867017,0.10509449986282039,1.0038972526716432,0.19999999999999996,0.19931810008339568,1.0471975511965976,1.0472190081393515,0.19999999999999996,0.21041859766158044,1.0471975511965976,1.045768831072146,-0.6,-0.597439265049287,1.0471975511965976,1.0433579901293264
grid_2723,0.3326675317598408,0.34494614038653504,0.03052112306241258,0.03938131924229355,1.0056668217588012,0.19999999999999996,0.20154398633850246,1.0471975511965976,1.0475197869117459,0.19999999999999996,0.21321709666045052,1.0471975511965976,1.044379744980895,-0.6,-0.5955340897890986,1.5707963267948966,1.564555561867368
grid_2724,0.11093578250515441,0.09550329667294226,0.02557814640020341,0.029209361784013694,1.0040826595397354,0.19999999999999996,0.20113588399818472,1.0471975511965976,1.0459670017998581,0.19999999999999996,0.2104846819858901,1.0471975511965976,1.044214094335005,-0.2,-0.19672191939031514,1.5707963267948966,1.5693777952726462
grid_2725,0.07745866440922004,0.06381554268234128,0.010105818837297293,0.019095810710628616,0.9993534785939623,0.19999999999999996,0.19973579732637337,1.0471975511965976,1.0468681627920384,0.19999999999999996,0.2084773605033261,1.0471975511965976,1.0454925001924407,-0.2,-0.19983556028105376,1.0471975511965976,1.0467492986695373
grid_2726,0.12362190014880567,0.1560059428894658,0.005052657139117798,0.012860594400911302,0.9979430376632843,0.19999999999999996,0.19910664296001457,1.0471975511965976,1.046785116029059,0.19999999999999996,0.20599391914391685,1.0471975511965976,1.0462098624123604,-0.2,-0.20109807837996652,0.5235987755982988,0.5241796260724954
grid_2727,0.22791164509032535,0.3223640399412483,0.058770123198884174,0.07185472685892937,1.0037149518888477,0.19999999999999996,0.19804350486851696,1.0471975511965976,1.0460903523964697,0.19999999999999996,0.20252320315045402,1.0471975511965976,1.0466581975444313,-0.2,-0.20328381227198378,0.0,0.0010786165046594576
grid_2728,0.17822831176108064,0.17089558046899095,0.34936719145607387,0.2100696328423375,0.9974071731938965,0.19999999999999996,0.19817335352232313,1.0471975511965976,1.0452923744603906,0.19999999999999996,0.2031951411925661,1.0471975511965976,1.0438659827663281,0.19999999999999996,0.19635730617151026,0.0,-0.00024562300038155627
grid_2729,0.23015220780057494,0.18128901577790144,0.2620298502332025,0.08642387781876618,1.001200172689085,0.19999999999999996,0.19919258894312541,1.0471975511965976,1.045607456912017,0.19999999999999996,0.2071578067082882,1.0471975511965976,1.044618019690228,0.19999999999999996,0.19766371526123194,0.5235987755982988,0.5257503268794181
grid_2730,0.08352903825756698,0.07950448614464566,0.07457687639611148,0.11170001751390198,0.9993424460506557,0.19999999999999996,0.1994037118262426,1.0471975511965976,1.046642721581505,0.19999999999999996,0.20888246158025936,1.0471975511965976,1.045535102577884,0.19999999999999996,0.19835251187738034,1.0471975511965976,1.0502296027322826
grid_2731,0.05903624526553487,0.05353710987588257,0.06512741876883689,0.06414978004036143,0.9957663810207551,0.19999999999999996,0.19977239205662123,1.0471975511965976,1.0467450071849793,0.19999999999999996,0.21161501743312705,1.0471975511965976,1.0472732280929788,0.19999999999999996,0.20315294805416517,1.5707963267948966,1.5707478417759315
grid_2732,0.16025815220213704,0.13153288100858776,0.029918832814109675,0.05927666388239778,0.9998277020437456,0.19999999999999996,0.20061999704459677,1.0471975511965976,1.0465461200409294,0.19999999999999996,0.21083421247357226,1.0471975511965976,1.047191369290517,0.6,0.6020409773384312,1.5707963267948966,1.5707863969675238
grid_2733,0.16190505333581165,0.14573584457517946,0.311475172609016,0.15658545649341823,0.9963723425308327,0.19999999999999996,0.1998437722301425,1.0471975511965976,1.0465650906521677,0.19999999999999996,0.2106056728006589,1.0471975511965976,1.0475537602191984,0.6,0.5997924989326968,1.0471975511965976,1.0544478672697615
grid_2734,0.12287222817083951,0.12993585511017078,0.6132446328622224,0.10820386733856846,1.008530783632064,0.19999999999999996,0.19970344603071144,1.0471975511965976,1.0452620186564774,0.19999999999999996,0.20794037570252666,1.0471975511965976,1.0447805890821478,0.6,0.5992833134804005,0.5235987755982988,0.5284269288551577
grid_2735,0.26235951959176596,0.26934529421764036,0.6879307034292678,0.09784120072080507,0.9982522044160549,0.19999999999999996,0.19809641854349103,1.0471975511965976,1.0446942262322407,0.19999999999999996,0.20203463287281576,1.0471975511965976,1.043780245179958,0.6,0.5967027182148579,0.0,-0.0005384045203316035
grid_2736,0.2982628211618553,0.23320651010383717,0.5466601717493614,0.15459302237276726,0.9955971605907836,0.19999999999999996,0.19614155423169422,1.0471975511965976,1.0475038960133132,0.19999999999999996,0.19929815119584582,1.5707963267948966,1.5684041511271785,0.6,0.596624474127541,0.0,0.0010699839557384294
grid_2737,0.1463967895540052,0.11615282427822952,0.24069550477769122,0.08622419181208435,0.9962795430491906,0.19999999999999996,0.1978800280128068,1.0471975511965976,1.0477430559608791,0.19999999999999996,0.20509560672291016,1.5707963267948966,1.5704858616823465,0.6,0.5969873294539898,0.5235987755982988,0.5293920391608706
grid_2738,0.09283421258717064,0.11653229495578868,0.09576376663429828,0.08573928505503926,0.9935727339318332,0.19999999999999996,0.19992668977179395,1.0471975511965976,1.0466412355445724,0.19999999999999996,0.2109839419848445,1.5707963267948966,1.5692918412654144,0.6,0.5977252004413414,1.0471975511965976,1.0550358840388085
grid_2739,0.06173025768071472,0.04835072729971533,0.02801724062657395,0.03170434852708917,0.9989673211979954,0.19999999999999996,0.20095309022932106,1.0471975511965976,1.0467717122346523,0.19999999999999996,0.2130009258239216,1.5707963267948966,1.5689299265779217,0.6,0.5987374906449316,1.5707963267948966,1.5707821407903273
grid_2740,0.1194456133691578,0.1108885351926855,0.029786220435595746,0.03770043851962395,1.003234109362736,0.19999999999999996,0.2002674037608223,1.0471975511965976,1.046592317369564,0.19999999999999996,0.21856438429428504,1.5707963267948966,1.5660912381943026,0.19999999999999996,0.2017173129378591,1.5707963267948966,1.5707241756696542
grid_2741,0.29332568007973914,0.3065351228365067,0.032460956699727886,0.050002221283218316,0.99675043919957,0.19999999999999996,0.1988422142748334,1.0471975511965976,1.0474418406236037,0.19999999999999996,0.20965425868335252,1.5707963267948966,1.5689423004960323,0.19999999999999996,0.19867107308048837,1.0471975511965976,1.0491593307902374
grid_2742,0.22477553049084112,0.29491554686789456,0.07334062501324726,0.05143772278256992,0.9919072091454341,0.19999999999999996,0.1975759435833533,1.0471975511965976,1.0473785939342415,0.19999999999999996,0.2044241394125601,1.5707963267948966,1.5683089280592126,0.19999999999999996,0.19677853765402897,0.5235987755982988,0.5252411792377742
grid_2743,0.09275111109077631,0.09096989357679987,0.20322764460892512,0.15945475568703274,1.0059727344387968,0.19999999999999996,0.19602853722934555,1.0471975511965976,1.0471988953354385,0.19999999999999996,0.20087348712846786,1.5707963267948966,1.5698339522963378,0.19999999999999996,0.1963026802220229,0.0,0.0008856879876457668
grid_2744,0.16795620434096234,0.22824370466696062,0.0700849472551252,0.06641717000115974,0.9920357596558007,0.19999999999999996,0.19644702263817848,1.0471975511965976,1.0468647558513249,0.19999999999999996,0.1996961175963632,1.5707963267948966,1.5681168124419447,-0.2,-0.20235376010949047,0.0,0.00037515346402550165
grid_2745,0.42329395933348585,0.25847505417669014,0.010657820674563579,0.02375397149205703,0.9995244048375609,0.19999999999999996,0.1976049243570328,1.0471975511965976,1.0475560737628165,0.19999999999999996,0.20424582488319487,1.5707963267948966,1.565529756357277,-0.2,-0.20198697810552613,0.5235987755982988,0.5216200157391278
grid_2746,0.14814981413423753,0.1363867647029327,0.008568016814018722,0.01663961416546992,1.0040084720951084,0.19999999999999996,0.19877990285035452,1.0471975511965976,1.045965067473805,0.19999999999999996,0.2098331138892391,1.5707963267948966,1.5646065087758911,-0.2,-0.2002510816794807,1.0471975511965976,1.043197733036192
grid_2747,0.20581602666251894,0.1509897770872913,0.012199302453224611,0.021360086484859545,0.9968482264544626,0.19999999999999996,0.20014815248258078,1.0471975511965976,1.0473562686856628,0.19999999999999996,0.21507684804333138,1.5707963267948966,1.5677959492133233,-0.2,-0.19785858589728988,1.5707963267948966,1.5656505037245099
grid_2748,0.40197370626117024,0.36383183132253366,0.049371972494728536,0.06573888610554966,1.0004649246490318,0.19999999999999996,0.20101561300266457,1.0471975511965976,1.0462051169891042,0.19999999999999996,0.21773603668466102,1.5707963267948966,1.5674118382341913,-0.6,-0.5956228763500269,1.5707963267948966,1.5558715663778848
grid_2749,0.3161135724113921,0.19137551923609336,0.07038557517293434,0.07434176120746677,0.9951976387722061,0.19999999999999996,0.19932616276943182,1.0471975511965976,1.0472815434210316,0.19999999999999996,0.20964204204740877,1.5707963267948966,1.565808958675583,-0.6,-0.5969475249008838,1.0471975511965976,1.0363525973229306
grid_2750,0.40622311300607217,0.25622399088558523,0.08881323420581555,0.10575842476248505,0.9973122089628961,0.19999999999999996,0.1974025505622823,1.0471975511965976,1.0466092440552206,0.19999999999999996,0.20381163935559865,1.5707963267948966,1.566390541069774,-0.6,-0.5975055797362145,0.5235987755982988,0.5197615083526452
grid_2751,0.44833137995849226,0.3421655191767528,0.05182648827016536,0.10229934344530899,1.001485939259576,0.19999999999999996,0.19531326228752732,1.0471975511965976,1.0476887510641966,0.19999999999999996,0.20092632193411575,1.5707963267948966,1.5665919629746536,-0.6,-0.5968452685125802,0.0,-0.00029908725801952585
grid_2752,0.4170747721296637,0.2899939086785293,0.19398061564603386,0.158423945340461,1.0010790817957855,0.19999999999999996,0.1941507354464207,1.0471975511965976,1.0460542254492449,0.6,0.5969504987197656,1.5707963267948966,1.563947319377708,-0.6,-0.5983766778465238,0.0,0.0021438302763732153
grid_2753,0.1944593930204585,0.19110189527010685,0.09371239590673676,0.08573617639680414,0.998965895390592,0.19999999999999996,0.1956302715177456,1.0471975511965976,1.0480199096449283,0.6,0.5998422756628319,1.5707963267948966,1.5632205910175747,-0.6,-0.5979515209831314,0.5235987755982988,0.5216683554950139
grid_2754,0.21864033881571593,0.18368745457600624,0.12715015196040397,0.10536346086717932,0.9976168343890828,0.19999999999999996,0.19605286751551443,1.0471975511965976,1.0477274672801675,0.6,0.6015316999659648,1.5707963267948966,1.5636322098785946,-0.6,-0.5969953883139194,1.0471975511965976,1.0395485653304943
grid_2755,0.20304177481322014,0.15683292405725707,0.13648871503966648,0.08061324787052174,1.0139334970241511,0.19999999999999996,0.1982637651910295,1.0471975511965976,1.0475687810049061,0.6,0.6080765714676932,1.5707963267948966,1.564414367550789,-0.6,-0.5965132674995504,1.5707963267948966,1.5559219370720356
grid_2756,0.541023086600689,0.4022405428223645,0.015316410757936499,0.020939856074425823,1.0018527462317155,0.19999999999999996,0.19883297646186726,1.0471975511965976,1.045664071799151,0.6,0.6098961710067847,1.5707963267948966,1.5615834649225588,-0.2,-0.19599064862149707,1.5707963267948966,1.5624069572315555
grid_2757,0.4153921751732238,0.20564520300133213,0.1701148065189993,0.09335489941121441,0.9994051353854504,0.19999999999999996,0.1961816697332308,1.0471975511965976,1.0478113127132644,0.6,0.6020041959696378,1.5707963267948966,1.56571073696053,-0.2,-0.1992892337235732,1.0471975511965976,1.043510653326548
grid_2758,0.4509001254310315,0.43887253991275593,0.03805830551540603,0.045047331347610874,1.0006261542974084,0.19999999999999996,0.19620985819307268,1.0471975511965976,1.0478544048728482,0.6,0.600964144717949,1.5707963267948966,1.563297773483261,-0.2,-0.20100359293061487,0.5235987755982988,0.5231392164804198
grid_2759,0.17024999301112506,0.16582921907461334,0.032627285923931035,0.05680296399052763,1.0076780775293148,0.19999999999999996,0.1944100093676262,1.0471975511965976,1.046720745281653,0.6,0.5976410390932223,1.5707963267948966,1.5655664698931364,-0.2,-0.2013792415400113,0.0,0.0028363104700677155
grid_2760,0.16403615331822213,0.15516602547518074,0.12641191937215052,0.10069799426653682,1.0023186637892603,0.19999999999999996,0.1953792597245858,1.0471975511965976,1.047256065715378,0.6,0.5986853932294052,1.5707963267948966,1.5668754164348284,0.19999999999999996,0.19615042430781404,0.0,0.0037204445395406793
grid_2761,0.08780922027843538,0.07769982115507837,0.0004558505965337299,0.0019870066836432613,0.996685387124886,0.19999999999999996,0.19638176797104556,1.0471975511965976,1.0469789410926635,0.6,0.5998703709077455,1.5707963267948966,1.5672548476460602,0.19999999999999996,0.19745039451607838,0.5235987755982988,0.5266068904131478
grid_2762,0.2166303257588887,0.2721091681644671,0.0033807807656610804,0.010307776856728394,0.9923586730014098,0.19999999999999996,0.1969210152274128,1.0471975511965976,1.0468743073489737,0.6,0.6030410683185741,1.5707963267948966,1.565294539618086,0.19999999999999996,0.19921977029056848,1.0471975511965976,1.0474219753082412
grid_2763,0.2333911809687589,0.19802780024699962,0.023186448486436147,0.03672849022614038,0.997941054567843,0.19999999999999996,0.19803796369216453,1.0471975511965976,1.0475929318668271,0.6,0.6046063604013261,1.5707963267948966,1.5648089669531124,0.19999999999999996,0.2013780208831486,1.5707963267948966,1.566422708081494
grid_2764,0.17569261818720538,0.1347743211779665,0.15990328881921373,0.0802528026664921,0.9979005490482298,0.19999999999999996,0.19934580990650286,1.0471975511965976,1.0463634069813619,0.6,0.6064506255442517,1.5707963267948966,1.5641625496345624,0.6,0.5992830336781125,1.5707963267948966,1.5707723788868
grid_2765,0.19188496920409065,0.16419392446048392,0.013319224442378166,0.016258403516922176,1.005614341984661,0.19999999999999996,0.1979566038002556,1.0471975511965976,1.0465051827123668,0.6,0.6032647439890111,1.5707963267948966,1.5672944655397476,0.6,0.5971013878071165,1.0471975511965976,1.0513382501954815
grid_2766,0.13029146058179963,0.12613855571861807,0.0685879457633858,0.06544038159750148,1.009042750943361,0.19999999999999996,0.19710333387339407,1.0471975511965976,1.0473026266082446,0.6,0.6013402315139347,1.5707963267948966,1.5689028217162209,0.6,0.5978749893884192,0.5235987755982988,0.5320449844732398
grid_2767,0.12612558531178789,0.11287900061327968,0.18850326422040273,0.09548972825776335,0.9998072413624751,0.19999999999999996,0.19545880086763923,1.0471975511965976,1.0467285799671249,0.6,0.5989753810486214,1.5707963267948966,1.5706219580548026,0.6,0.5993191157284379,0.0,0.005763552291646157
grid_2768,0.4790879152112704,0.2628833984081079,0.6608604141084807,0.1439216316833299,1.0024053341232357,0.19999999999999996,0.19704551301070605,1.0471975511965976,1.0451762351314153,0.6,0.6015622906200315,1.0471975511965976,1.0454004032019037,0.6,0.6006183571506174,0.0,0.005381875625423582
grid_2769,0.2547112651840124,0.24821133682292856,0.4895662460840674,0.1780486310482496,0.9987070334046109,0.19999999999999996,0.19798610936829153,1.0471975511965976,1.045649810752896,0.6,0.603737258860467,1.0471975511965976,1.0466407070929913,0.6,0.601763592063735,0.5235987755982988,0.5367797182954792
grid_2770,0.28984435541587994,0.27915264709114657,0.09100047550230021,0.09478149761558081,0.997296854428814,0.19999999999999996,0.19817937754310044,1.0471975511965976,1.0454443608259991,0.6,0.6039329598507335,1.0471975511965976,1.0480910732574005,0.6,0.5998592693704392,1.0471975511965976,1.0559882051987435
grid_2771,0.22150492031632263,0.18288485055342457,0.0066131500517494154,0.013404343793847305,0.9935185251377936,0.19999999999999996,0.1992506776922749,1.0471975511965976,1.0456364348360223,0.6,0.6040724773744879,1.0471975511965976,1.0466874872283922,0.6,0.5991358817518098,1.5707963267948966,1.570809924930626
grid_2772,0.11208302248215371,0.12645283602999663,0.0672472392464355,0.06970636485202494,0.994419222749195,0.19999999999999996,0.19876312208512026,1.0471975511965976,1.0465202670619709,0.6,0.6044678344503192,1.0471975511965976,1.0475860689459733,0.19999999999999996,0.20105255843641867,1.5707963267948966,1.5708003947012328
grid_2773,0.32462319729177647,0.27473633379616746,0.019753501661352393,0.03434469675883166,0.9993348862963238,0.19999999999999996,0.19825804241222755,1.0471975511965976,1.0473396986378551,0.6,0.6044817199052543,1.0471975511965976,1.0479753622187875,0.19999999999999996,0.20011276929475397,1.0471975511965976,1.0532820098416034
grid_2774,0.10282390415748913,0.08123527216446193,0.18108656491353253,0.11608687596403645,1.001062780679525,0.19999999999999996,0.1971140778234748,1.0471975511965976,1.0472365218059458,0.6,0.6016936556105987,1.0471975511965976,1.0456094392890458,0.19999999999999996,0.19893882411175046,0.5235987755982988,0.5292700782105566
grid_2775,0.42441106190394995,0.3163649381592488,0.25752690900215613,0.08844075610121507,1.006152142330863,0.19999999999999996,0.19656599858655177,1.0471975511965976,1.0454812077055173,0.6,0.6015033516400017,1.0471975511965976,1.047210416660593,0.19999999999999996,0.19751355143242666,0.0,0.00386577209301997
grid_2776,0.4233848073155332,0.2630486873302517,0.2415241889362835,0.19502578336781992,1.0016978263958267,0.19999999999999996,0.19600088294821028,1.0471975511965976,1.0460298410025084,0.6,0.5982736230584287,1.0471975511965976,1.0433418426552983,-0.2,-0.20494135785857193,0.0,0.0027961355960703926
grid_2777,0.19837915740223228,0.18041311428487133,0.04277008280514836,0.051727373133363536,0.9985356395462495,0.19999999999999996,0.19723068498057295,1.0471975511965976,1.045856317312043,0.6,0.6009529595205683,1.0471975511965976,1.0473730817095674,-0.2,-0.2026451515196408,0.5235987755982988,0.5281664707674789
grid_2778,0.11696352710870572,0.10729905856588681,0.022563659891217985,0.03930254828696867,0.9961470584229943,0.19999999999999996,0.19826576226154113,1.0471975511965976,1.0463159727529279,0.6,0.6030915636028347,1.0471975511965976,1.0463800983682487,-0.2,-0.2003032051212612,1.0471975511965976,1.0501707579660176
grid_2779,0.20930575957858516,0.24816799665760492,0.04471909856065003,0.06528438056312372,1.005968352277072,0.19999999999999996,0.19848084754168127,1.0471975511965976,1.0464899734467972,0.6,0.6050087030360523,1.0471975511965976,1.0466346401986444,-0.2,-0.19831817631457493,1.5707963267948966,1.5707842009583315
grid_2780,0.26364181715474905,0.25678229164716493,0.050144353307566725,0.07125827280604638,0.9962886232543123,0.19999999999999996,0.19968460053252102,1.0471975511965976,1.0453298203918457,0.6,0.6074512718817981,1.0471975511965976,1.0458076467497186,-0.6,-0.5975233170280383,1.5707963267948966,1.5682548256709703
grid_2781,0.19984309961172517,0.13586753149707315,0.15190543076883709,0.10891984905899721,0.9992886090074317,0.19999999999999996,0.1991718088923422,1.0471975511965976,1.0460011491654653,0.6,0.6049841541459644,1.0471975511965976,1.0459158684424947,-0.6,-0.5978397658434966,1.0471975511965976,1.0473570080764727
grid_2782,0.1978468183099614,0.22144691736286942,0.01699612608211199,0.030762615474765918,1.002936265530138,0.19999999999999996,0.19745781224019687,1.0471975511965976,1.0464612947960186,0.6,0.6020058421252532,1.0471975511965976,1.0458764717591285,-0.6,-0.6000395494136388,0.5235987755982988,0.5262092691452978
grid_2783,0.3799446576319827,0.36256823042107666,0.12219332872989785,0.11172003210934038,0.9923815131930022,0.19999999999999996,0.19599497878642413,1.0471975511965976,1.0466401516369972,0.6,0.59804487741801,1.0471975511965976,1.0424670935668354,-0.6,-0.6032617188389917,0.0,0.003917207333506312
grid_2784,0.331916263916875,0.3693972848241427,0.20755560014210853,0.18085730986530707,1.0081181849075507,0.19999999999999996,0.19781574184183626,1.0471975511965976,1.0423448886284792,0.6,0.6002446279749503,0.5235987755982988,0.5191827869846399,-0.6,-0.6061707142752528,0.0,0.0007627541559172002
grid_2785,0.44238576320508705,0.27384950904620503,0.1980121611355017,0.0858881579177293,1.0074275823624377,0.19999999999999996,0.19893456396260678,1.0471975511965976,1.044182729537261,0.6,0.6035451497277595,0.5235987755982988,0.521375572953418,-0.6,-0.6027738149041886,0.5235987755982988,0.5259624898351642
grid_2786,0.27985851177863413,0.24575192698948037,0.16154306776345118,0.11869695406766412,1.0000496581508704,0.19999999999999996,0.1999091544047218,1.0471975511965976,1.0442862244284692,0.6,0.6057747801566942,0.5235987755982988,0.5219976180007304,-0.6,-0.5999820536146405,1.0471975511965976,1.0507119872856032
grid_2787,0.10988221181157676,0.0948267256960323,0.2025123633455272,0.09366421360942716,1.0050677991581398,0.19999999999999996,0.20088773440900365,1.0471975511965976,1.0441318571273923,0.6,0.6084427898464337,0.5235987755982988,0.5239389918950712,-0.6,-0.596660701928978,1.5707963267948966,1.5708570333524525
grid_2788,0.5291544823678291,0.41347656989986237,0.27292641315431493,0.19837406226511142,1.0050079759477921,0.19999999999999996,0.2004370502679267,1.0471975511965976,1.043737353194504,0.6,0.607508420719503,0.5235987755982988,0.52293156938698,-0.2,-0.1965607702070038,1.5707963267948966,1.570871558209987
grid_2789,0.27244173715164977,0.17890735702336755,0.4355781565065075,0.09966017323960638,0.995187535818863,0.19999999999999996,0.19923793087640007,1.0471975511965976,1.044164246237516,0.6,0.6052583562771767,0.5235987755982988,0.5218035122294946,-0.2,-0.20047565388581923,1.0471975511965976,1.0536883212664971
grid_2790,0.22829979291210217,0.1512977874311923,0.6915709447882363,0.16162317135133247,0.9969119100249342,0.19999999999999996,0.19866340814709016,1.0471975511965976,1.0436841279660447,0.6,0.60365991217245,0.5235987755982988,0.519018227144783,-0.2,-0.20258272609289474,0.5235987755982988,0.5262133690832931
grid_2791,0.71148850609286,0.4246336378643004,0.8875789131446666,0.18703422948038562,1.013010181007266,0.19999999999999996,0.19672311007217314,1.0471975511965976,1.042021518472258,0.6,0.5987355595240356,0.5235987755982988,0.5146858896594537,-0.2,-0.2081919248522759,0.0,-0.0016610582301526122
grid_2792,0.1627648211656494,0.20897663187949242,1.1290819246381334,0.1644912706453712,0.9953358190815301,0.19999999999999996,0.19478508905385716,1.0471975511965976,1.0425101470580014,0.6,0.5984568334948266,0.5235987755982988,0.5131753532656278,0.19999999999999996,0.19472060187313733,0.0,-0.0030278613677143795
grid_2793,0.12960201168802823,0.10962557272366316,1.0564775753496036,0.16108878674775015,0.9987467527345226,0.19999999999999996,0.1973995264751096,1.0471975511965976,1.0426805550366707,0.6,0.6030595076055141,0.5235987755982988,0.5183121017874353,0.19999999999999996,0.19829649645682856,0.5235987755982988,0.5294563236760927
grid_2794,0.16057715187515897,0.13072670047177956,0.764188627602364,0.18205621023414462,1.001964978811785,0.19999999999999996,0.19938241497019682,1.0471975511965976,1.042672344924168,0.6,0.6055078430935872,0.5235987755982988,0.5212007400852405,0.19999999999999996,0.20079002159917803,1.0471975511965976,1.0571860753936164
grid_2795,0.12637586517238242,0.11969268114740361,0.36361528929000403,0.07780011343558853,0.9968601269718697,0.19999999999999996,0.19987073410555922,1.0471975511965976,1.04442133117871,0.6,0.6067908714406078,0.5235987755982988,0.5237855903642616,0.19999999999999996,0.2016953481468482,1.5707963267948966,1.5708945521535922
grid_2796,0.15620367303209143,0.11795777374331637,0.5208812945398755,0.05285122922796222,1.004466032761747,0.19999999999999996,0.1996328001676142,1.0471975511965976,1.0444629153684906,0.6,0.6050974506607973,0.5235987755982988,0.5234399137237098,0.6,0.5990746945157914,1.5707963267948966,1.5709125509054642
grid_2797,0.30261614200640635,0.2390572625033314,0.9326869961593548,0.09248275381784136,0.9983834759283414,0.19999999999999996,0.19859591693584644,1.0471975511965976,1.0427899098568574,0.6,0.6042530751427719,0.5235987755982988,0.5217668900702748,0.6,0.601793812537287,1.0471975511965976,1.058651311405593
grid_2798,0.16973610173947518,0.10391330796249125,1.3283909710449646,0.09798717660161275,0.9983752797181674,0.19999999999999996,0.19646909407397217,1.0471975511965976,1.0422423829052834,0.6,0.6028051409834756,0.5235987755982988,0.5182653689500771,0.6,0.6019933078770565,0.5235987755982988,0.5323485618639774
grid_2799,0.3010521963969147,0.2272082734925088,1.4558999505883155,0.100635066302933,0.9895618994666027,0.19999999999999996,0.19429689677853013,1.0471975511965976,1.0428281129116383,0.6,0.5970757975687713,0.5235987755982988,0.5141554696021116,0.6,0.5979598899398901,0.0,-0.0023909341916494853
grid_2800,0.9017668549967466,0.26361267955049084,1.2172448571282075,0.12301736226744246,0.9954976132550561,0.19999999999999996,0.18470647118343742,1.0471975511965976,1.0425099451084519,0.6,0.5891846988001292,0.0,-0.016854786632234386,0.6,0.593452273681355,0.0,-0.010805444075118409
grid_2801,0.5300843966584634,0.3887339374396095,1.9284703842470432,0.14197516899715357,1.0039557661318819,0.19999999999999996,0.1923133022253678,1.0471975511965976,1.0418297672393333,0.6,0.5971786089176812,0.0,-0.014619248752390845,0.6,0.5980548957659826,0.5235987755982988,0.5251707690729983
grid_2802,0.29563666210284945,0.2929975766421282,1.8432207935841334,0.2003266076130706,0.9905427053260798,0.19999999999999996,0.1959851306976299,1.0471975511965976,1.0389744095364701,0.6,0.6012520396091094,0.0,-0.010885973213596856,0.6,0.6001424228224277,1.0471975511965976,1.0559968233962431
grid_2803,0.15751778984126735,0.16658789692507164,1.4437866986346566,0.17091508091192534,1.002978389549278,0.19999999999999996,0.19893639154157583,1.0471975511965976,1.0401003823568153,0.6,0.6047494028017457,0.0,-0.006556541531232085,0.6,0.5991603856683803,1.5707963267948966,1.570977994113762
grid_2804,0.1459952792975278,0.13600469252943503,1.408094353726764,0.11994865493599483,1.0051594688972858,0.19999999999999996,0.1992199607192333,1.0471975511965976,1.0400567323379342,0.6,0.60622334257316,0.0,-0.007127152188105335,0.19999999999999996,0.20075868615626202,1.5707963267948966,1.5709083823609626
grid_2805,0.2482438169356965,0.2926277234350147,1.718097348096092,0.09233150888266334,0.99814110164011,0.19999999999999996,0.19697223936197172,1.0471975511965976,1.0378235998477878,0.6,0.6022065663299481,0.0,-0.011195003160930916,0.19999999999999996,0.19921426584021518,1.0471975511965976,1.054152028577243
grid_2806,0.456080906721602,0.2485314913998821,1.812176954625341,0.19408580477545265,1.0032010825543418,0.19999999999999996,0.19452067950882324,1.0471975511965976,1.0388508996528127,0.6,0.5976006996333547,0.0,-0.017223936514907834,0.19999999999999996,0.1947453694530923,0.5235987755982988,0.5217970987030878
grid_2807,0.934400512272072,0.48193503110463926,1.3628687261597996,0.12923588789429766,0.9960980490318576,0.19999999999999996,0.18766616566071725,1.0471975511965976,1.038545445725747,0.6,0.5852192872120909,0.0,-0.020769971332481596,0.19999999999999996,0.17838220077108247,0.0,-0.011104052010912469
grid_2808,0.6037700525244555,0.4138411241522458,1.249558365336504,0.08446241475872433,0.9863711904769051,0.19999999999999996,0.19166273247965737,1.0471975511965976,1.0386715629714933,0.6,0.591499423248254,0.0,-0.01927694649412892,-0.2,-0.21724436883122245,0.0,-0.009577538289696541
grid_2809,0.1664136353828293,0.16225862282817377,1.6002043777125317,0.1022580961896931,1.0061843062242555,0.19999999999999996,0.19825108720145312,1.0471975511965976,1.0388215197323358,0.6,0.6013425711598321,0.0,-0.0144929950790873,-0.2,-0.20507831751612304,0.5235987755982988,0.5199045031441552
grid_2810,0.5958985726645671,0.39604273174998705,1.5759960991081585,0.18523089430026615,1.0059275058332589,0.19999999999999996,0.19887648431368543,1.0471975511965976,1.039696364539033,0.6,0.6041731469818021,0.0,-0.010386116423529934,-0.2,-0.2012132694026505,1.0471975511965976,1.0506912138243507
grid_2811,0.3604260328483261,0.2707025458462341,1.1949788114011386,0.1333352647116612,1.0011582545411915,0.19999999999999996,0.20074765674497552,1.0471975511965976,1.039323236092943,0.6,0.6074008303388156,0.0,-0.00630931560639425,-0.2,-0.19777310822797212,1.5707963267948966,1.5709901958262407
grid_2812,0.38822141802221244,0.26676798112325584,1.1549886961814004,0.09793600821466451,0.9959059676593613,0.19999999999999996,0.20115934734586371,1.0471975511965976,1.040401539947255,0.6,0.6088724149554681,0.0,-0.0057633980443680954,-0.6,-0.5955083188048604,1.5707963267948966,1.5709359725089795
grid_2813,0.5338669977940587,0.3125946398861368,1.0245758743486373,0.2134381229706141,0.9982874291800421,0.19999999999999996,0.20098909267597698,1.0471975511965976,1.0383459091193874,0.6,0.6072012852852167,0.0,-0.007020206403625551,-0.6,-0.599814951396187,1.0471975511965976,1.0497308161647823
grid_2814,0.46851032574629076,0.3216858920586586,0.9771647621521581,0.20112837738792333,1.002053179825104,0.19999999999999996,0.20053219576501125,1.0471975511965976,1.0377843197858798,0.6,0.604264355445518,0.0,-0.01039835319671667,-0.6,-0.6029265416068599,0.5235987755982988,0.5202688636087984
grid_2815,0.45169864414940736,0.3576246087617013,0.6120893491909419,0.07879858880767422,0.9975810984691785,0.19999999999999996,0.19567722941660115,1.0471975511965976,1.0377563155266945,0.6,0.5970998502167291,0.0,-0.013899929352593432,-0.6,-0.6027999772348487,0.0,-0.005625242418465959
grid_2816,0.4476222532018582,0.3163474558432917,0.41153089801689263,0.04705392542506926,1.0035197600343615,0.19999999999999996,0.20028704310968504,1.5707963267948966,1.5672028893199323,0.6,0.600174306347177,0.0,-0.007516477577154568,-0.6,-0.6113310706911914,0.0,-0.0038884550501565585
grid_2817,0.4632939353810813,0.4481218385752228,0.625683954646248,0.1637059595534216,1.0001128795005607,0.19999999999999996,0.2018436315540031,1.5707963267948966,1.565814676154921,0.6,0.6053961617926902,0.0,-0.004567443013677064,-0.6,-0.6044300779459313,0.5235987755982988,0.5236628900304909
grid_2818,0.2546725120560316,0.19408171274489633,0.78302132188872,0.1889028946061104,0.9961675538127297,0.19999999999999996,0.20254237159119093,1.5707963267948966,1.5661069928881917,0.6,0.6077606043793304,0.0,-0.0028014802987641474,-0.6,-0.599595253889385,1.0471975511965976,1.0508506200677088
grid_2819,0.44332550878974564,0.33857629754222995,0.7534312208119184,0.15219426513400613,1.0028098253643365,0.19999999999999996,0.2021029640445393,1.5707963267948966,1.5673049540483346,0.6,0.6115942770385807,0.0,-0.001307903749443895,-0.6,-0.5984248890401567,1.5707963267948966,1.5708858192882502
grid_2820,0.2489770279834845,0.2584147252193635,1.0357419918048094,0.15951790496658103,0.9977665344159435,0.19999999999999996,0.20219905761707935,1.5707963267948966,1.5674387052163885,0.6,0.6119246837238235,0.0,-0.0023923989754894848,-0.2,-0.1991243869389816,1.5707963267948966,1.5708135014236984
grid_2821,0.24108117657520944,0.19928460231914583,1.0968671912893868,0.1653364839280068,1.0031360091671337,0.19999999999999996,0.20075151642212852,1.5707963267948966,1.5665053850894592,0.6,0.6075968416932707,0.0,-0.0049953064382277645,-0.2,-0.2005881683459565,1.0471975511965976,1.0528864173427985
grid_2822,0.6310947348319823,0.3243833876539527,1.1796963220082777,0.18628281226103688,1.0052797119744976,0.19999999999999996,0.19963468501647963,1.5707963267948966,1.5649956077986262,0.6,0.6031826457590324,0.0,-0.00906797597578457,-0.2,-0.20478769525971074,0.5235987755982988,0.5232779739628182
grid_2823,0.6091567894054168,0.5092481365430075,0.8828524255310798,0.15139529962128723,0.9941172553128281,0.19999999999999996,0.19739347206045466,1.5707963267948966,1.565228851101117,0.6,0.5998747612894064,0.0,-0.013633051559706288,-0.2,-0.21157188606387667,0.0,-0.007410957009707175
grid_2824,1.237880881360217,0.4759243574900226,1.3773933415678556,0.09774390577289498,1.010875503563199,0.19999999999999996,0.1915780038883561,1.5707963267948966,1.5673022299420767,0.6,0.5956172780532913,0.0,-0.015549583890243746,0.19999999999999996,0.18693081087269103,0.0,-0.009424000949445066
grid_2825,0.8637138012217518,0.4037596011680166,1.5084506506760547,0.19601540382047933,1.0043993873166124,0.19999999999999996,0.1991866548609904,1.5707963267948966,1.5654668219135477,0.6,0.6031420204958291,0.0,-0.012596328020126002,0.19999999999999996,0.19700707666294015,0.5235987755982988,0.5238157769940779
grid_2826,0.20512674216391907,0.16523240678486173,1.3535043901361166,0.16237894155611104,0.9936557908119511,0.19999999999999996,0.2002878497830567,1.5707963267948966,1.5657287905716073,0.6,0.6064084178054188,0.0,-0.006976666988719238,0.19999999999999996,0.19987581290524492,1.0471975511965976,1.0550970223190914
grid_2827,0.1494799880843171,0.14606443150045018,1.1258832798255651,0.15147302113762717,0.9976949243448698,0.19999999999999996,0.20192211685968875,1.5707963267948966,1.5668310151327391,0.6,0.6087747353336326,0.0,-0.0012265929824240018,0.19999999999999996,0.20113897169265016,1.5707963267948966,1.5709155069473688
grid_2828,0.19986597310426024,0.17966600677775565,1.1164434216763655,0.12465642641574073,1.0016580213886306,0.19999999999999996,0.2002852753672233,1.5707963267948966,1.5674592966568044,0.6,0.6071537088865879,0.0,-0.002483223155317127,0.6,0.5991690893121708,1.5707963267948966,1.570907192889063
grid_2829,0.1685227599233942,0.1540443364891351,1.4715373763207047,0.12594950578770617,1.007241106218586,0.19999999999999996,0.198777958763654,1.5707963267948966,1.5680972613056134,0.6,0.6060682269380822,0.0,-0.006608056686061126,0.6,0.6015694400754654,1.0471975511965976,1.0568921207085449
grid_2830,0.6156219275028076,0.3409664345431558,1.5940214022940928,0.1939688945865674,0.9925354162111522,0.19999999999999996,0.19346140470244944,1.5707963267948966,1.5673894125286028,0.6,0.6023031406240307,0.0,-0.010943662301017731,0.6,0.6004052950158822,0.5235987755982988,0.5252099542837847
grid_2831,1.1762967344599116,0.43937012656866703,1.2705781017478561,0.11022081202140331,1.0067509367558434,0.19999999999999996,0.18570074751983867,1.5707963267948966,1.5695653281274273,0.6,0.5971251546372756,0.0,-0.015322072432415013,0.6,0.5972461803668745,0.0,-0.010723337801700872
grid_2832,0.31914615841715704,0.2564045441956757,1.0470786117975692,0.16596144635925617,1.007795334357641,0.19999999999999996,0.19463075879929104,1.5707963267948966,1.5696411443436888,0.6,0.6025134748010412,0.5235987755982988,0.5168045346132057,0.6,0.6011554712608769,0.0,-0.0012549687269096665
grid_2833,0.25811317535437095,0.19617090716971924,0.9471998500098696,0.09156237587355748,0.9946050962550975,0.19999999999999996,0.1988860191253803,1.5707963267948966,1.568969244535399,0.6,0.6063662584827085,0.5235987755982988,0.5223154613602663,0.6,0.6029732794629519,0.5235987755982988,0.5323927562945494
grid_2834,0.1156467342456724,0.10097153080075312,0.7276297224130757,0.24212358659206115,0.9970448415843702,0.19999999999999996,0.1986919444140529,1.5707963267948966,1.5676353351627732,0.6,0.6056004359445675,0.5235987755982988,0.5226164452174222,0.6,0.6021139305600087,1.0471975511965976,1.0583221082868501
grid_2835,0.08281613896029845,0.1109619868273398,0.3357601075119956,0.08722040406672908,0.9966949537057787,0.19999999999999996,0.20039835338375855,1.5707963267948966,1.5696653702546604,0.6,0.6062377355896604,0.5235987755982988,0.5261632109413492,0.6,0.6000885160490803,1.5707963267948966,1.571060764236794
grid_2836,0.2909746281157817,0.35709118290284053,0.21591189813034214,0.12294004209869017,0.9968083511913169,0.19999999999999996,0.2010279135663282,1.5707963267948966,1.5690299279582138,0.6,0.6074630597986328,0.5235987755982988,0.5240932794229609,0.19999999999999996,0.20079502805412108,1.5707963267948966,1.57096505193714
grid_2837,0.21221717360218376,0.13809454293209772,0.4928926580507508,0.1244743819879432,0.9967304355676635,0.19999999999999996,0.1993482943265068,1.5707963267948966,1.568927781710646,0.6,0.6068286756616192,0.5235987755982988,0.5257781461551465,0.19999999999999996,0.19906742093117202,1.0471975511965976,1.0576858486933256
grid_2838,0.119864772697336,0.13113833530945967,0.7042969352440785,0.18729079883016633,0.9991438371270643,0.19999999999999996,0.19941861816264073,1.5707963267948966,1.5687562702688425,0.6,0.6055646761453373,0.5235987755982988,0.5219956294225234,0.19999999999999996,0.1994419420207878,0.5235987755982988,0.5296372798273019
grid_2839,0.6506163128788212,0.30764039244107017,0.8736973848475872,0.12521606543603378,0.9972207063869695,0.19999999999999996,0.19677012550945427,1.5707963267948966,1.5684381348511813,0.6,0.602093722732647,0.5235987755982988,0.5183990344220986,0.19999999999999996,0.19564878670536423,0.0,-0.0010498267248921778
grid_2840,0.23070492413341456,0.21302746522437674,0.6636149118747732,0.16750586996297248,0.9991827569224601,0.19999999999999996,0.19896987925986576,1.5707963267948966,1.568433425355261,0.6,0.6025190263495039,0.5235987755982988,0.5192267739884073,-0.2,-0.20695073680250786,0.0,-9.26144167756604e-05
grid_2841,0.07296178049381749,0.058794906976428134,0.45715195133121683,0.06324788649023758,1.0033032772750012,0.19999999999999996,0.19874241195154596,1.5707963267948966,1.5695615020354072,0.6,0.6045189536842424,0.5235987755982988,0.5213015901112739,-0.2,-0.20216483556891074,0.5235987755982988,0.5272122341996699
grid_2842,0.21567225476133603,0.21532166551900736,0.28196702117522615,0.13607801513513645,0.9861476272489238,0.19999999999999996,0.19964270745676327,1.5707963267948966,1.5691677797975379,0.6,0.6057666045438381,0.5235987755982988,0.5239566591951199,-0.2,-0.1996172943202028,1.0471975511965976,1.0542089168932494
grid_2843,0.0929892994611252,0.09945007634422086,0.32108469314188126,0.063429638810998,1.0016437738857926,0.19999999999999996,0.20136629325861666,1.5707963267948966,1.568778328552149,0.6,0.6086123290519154,0.5235987755982988,0.5266449248798608,-0.2,-0.19857614231485066,1.5707963267948966,1.5709022444230838
grid_2844,0.4571201434063267,0.3057808189908832,0.02417932934867109,0.056313711855373025,1.0006153388326742,0.19999999999999996,0.20165639019221349,1.5707963267948966,1.5693511538458012,0.6,0.608661575792679,0.5235987755982988,0.5254912689910194,-0.6,-0.5971097659213145,1.5707963267948966,1.570755678184458
grid_2845,0.2689885681476526,0.21564921511049553,0.05671711536172593,0.06480848569661685,0.9991454628873031,0.19999999999999996,0.20057061155033207,1.5707963267948966,1.570026451199829,0.6,0.6065192812915763,0.5235987755982988,0.5247591964365705,-0.6,-0.5995867533874604,1.0471975511965976,1.050739113744915
grid_2846,0.40418252524909076,0.35121382026820047,0.01627006421001439,0.03735414641856214,1.0099812779172428,0.19999999999999996,0.1996829978080159,1.5707963267948966,1.5702818054665055,0.6,0.6045777504098009,0.5235987755982988,0.5240744196489615,-0.6,-0.6021685756359352,0.5235987755982988,0.5267813553129397
grid_2847,0.30698149647584944,0.38111143697093935,0.10032787116429576,0.10958522350353353,1.001774471506626,0.19999999999999996,0.1990015152390754,1.5707963267948966,1.568788918565911,0.6,0.6011129996133002,0.5235987755982988,0.5222964569322199,-0.6,-0.6063023345792047,0.0,0.0016826135101597472
grid_2848,0.21605241865078922,0.2471893620569202,0.08917244448117424,0.09376005032372949,0.992023113066454,0.19999999999999996,0.1956303610167609,1.5707963267948966,1.570624767317538,0.6,0.6002014572379553,1.0471975511965976,1.0473833468953426,-0.6,-0.6017624333521017,0.0,0.005000266270100084
grid_2849,0.18855578701361236,0.1668549335754569,0.0500227026736047,0.05052460602519433,0.9939770217978117,0.19999999999999996,0.19734425771272424,1.5707963267948966,1.570417304614021,0.6,0.6030103770641224,1.0471975511965976,1.0468628200423984,-0.6,-0.599493073378353,0.5235987755982988,0.5257464942031511
grid_2850,0.14491910926448154,0.11872805021921115,0.10764161077742315,0.0633938693177872,0.9964217107654653,0.19999999999999996,0.19717532079611377,1.5707963267948966,1.5707370119221986,0.6,0.6034967119937162,1.0471975511965976,1.0465123734488841,-0.6,-0.5989087991133939,1.0471975511965976,1.0473736668227627
grid_2851,0.4355254234870075,0.3919257990427907,0.023324945671759127,0.051389937973901144,1.003082328959169,0.19999999999999996,0.19852682548553613,1.5707963267948966,1.5707035704360077,0.6,0.606157513208859,1.0471975511965976,1.0471515520226653,-0.6,-0.5976705506510012,1.5707963267948966,1.5687326671555777
grid_2852,0.12388897056251738,0.15620761541265668,0.012463022564913514,0.027623144403828567,1.0030636393396848,0.19999999999999996,0.1985638781452712,1.5707963267948966,1.5707418823656125,0.6,0.6057218661306436,1.0471975511965976,1.0466097253873068,-0.2,-0.19803069465448964,1.5707963267948966,1.570616513688746
grid_2853,0.12944445024745121,0.10477882396922092,0.008038130761910216,0.022851233111796803,0.9983098779819933,0.19999999999999996,0.19829425005937384,1.5707963267948966,1.570735169148639,0.6,0.6045927727443781,1.0471975511965976,1.0459123372835961,-0.2,-0.19949308815030342,1.0471975511965976,1.0498590265838343
grid_2854,0.21016954576723013,0.18556178256349046,0.04322027550036227,0.04171672101054283,0.9959917434138497,0.19999999999999996,0.19750249393964658,1.5707963267948966,1.570095356743165,0.6,0.6031902879390252,1.0471975511965976,1.0475988736769066,-0.2,-0.20171617565405686,0.5235987755982988,0.5282014898319805
grid_2855,0.18851949047122502,0.18074497654711655,0.12348168414088241,0.11695837519359222,1.0035576457521147,0.19999999999999996,0.19675216618039482,1.5707963267948966,1.5704998024137238,0.6,0.6005461403346937,1.0471975511965976,1.0469210076285167,-0.2,-0.20376230518211802,0.0,0.004007932905690126
grid_2856,0.2336573267407367,0.23692219268661813,0.3017222384144417,0.10376912664260622,1.0041841781925798,0.19999999999999996,0.19659289502402633,1.5707963267948966,1.5698493814529213,0.6,0.6022828946241425,1.0471975511965976,1.0472185927583304,0.19999999999999996,0.1980399834674733,0.0,0.003263809734331602
grid_2857,0.1888419066442452,0.23478074323489267,0.21064746148115954,0.09217651984328114,0.9962164654875248,0.19999999999999996,0.19676416992016854,1.5707963267948966,1.5698005154217602,0.6,0.6024894152080194,1.0471975511965976,1.048629188612333,0.19999999999999996,0.19864008908635888,0.5235987755982988,0.5306686714459428
grid_2858,0.14308787766383196,0.13998184691733392,0.0344989733050816,0.06346014734693113,0.9996437859135531,0.19999999999999996,0.1980400040983321,1.5707963267948966,1.5705956315451894,0.6,0.6046295266090134,1.0471975511965976,1.0484334407872256,0.19999999999999996,0.20099827994176334,1.0471975511965976,1.0530325007924768
grid_2859,0.15264524094312712,0.1499048796248023,0.013924148840441727,0.02718539169103343,0.9973766721487838,0.19999999999999996,0.19961166059178126,1.5707963267948966,1.5703622920181912,0.6,0.6051811706098968,1.0471975511965976,1.0481411819580284,0.19999999999999996,0.20130657495139914,1.5707963267948966,1.5707611251955607
grid_2860,0.22100880084680202,0.19793466551245767,0.0295801091601919,0.03798025521730065,0.9984633391741413,0.19999999999999996,0.19896900112047256,1.5707963267948966,1.5704707503928006,0.6,0.604174428607192,1.0471975511965976,1.048773098549221,0.6,0.5995670091862317,1.5707963267948966,1.5708600498788456
grid_2861,0.14580481961283975,0.11986003170056259,0.16339762278785927,0.06302933152594338,1.007079385583781,0.19999999999999996,0.19752939277134196,1.5707963267948966,1.5706797179184582,0.6,0.6039138820236474,1.0471975511965976,1.048637245817516,0.6,0.600056193851155,1.0471975511965976,1.0555383654751065
grid_2862,0.13312681187602649,0.12526080503402764,0.19851270303462942,0.14439093538501652,0.9993911270452905,0.19999999999999996,0.19715796861403767,1.5707963267948966,1.570771593358967,0.6,0.6049115114572636,1.0471975511965976,1.0492732211109432,0.6,0.6024580553339094,0.5235987755982988,0.5341663032862343
grid_2863,0.2474957512255136,0.15944663812015722,0.47348959489503323,0.09549182770749759,1.0013813610610094,0.19999999999999996,0.1960374886204992,1.5707963267948966,1.5701056380406646,0.6,0.603977361112042,1.0471975511965976,1.0482101563185298,0.6,0.6025304226607453,0.0,0.004668944393142915
grid_2864,0.2800051796989508,0.33759919199499466,0.17960851388854787,0.1209961316131003,0.9981849712181191,0.19999999999999996,0.19477279222077293,1.5707963267948966,1.5707059266027787,0.6,0.6009116678612108,1.5707963267948966,1.5679056695776783,0.6,0.5988614305538507,0.0,0.003276067910093161
grid_2865,0.1382443013376344,0.12474724229384339,0.08260774603887568,0.04207993840677555,0.9983872392251374,0.19999999999999996,0.1969222249982101,1.5707963267948966,1.5704984348060576,0.6,0.6020136267593488,1.5707963267948966,1.5695514985019976,0.6,0.5975350250928466,0.5235987755982988,0.5319043073921055
grid_2866,0.21676056301747626,0.18265154125625954,0.03751716828218586,0.02715944086320525,0.9939595413934411,0.19999999999999996,0.19810372466642523,1.5707963267948966,1.5707874144312974,0.6,0.6047906386148183,1.5707963267948966,1.5658374613718555,0.6,0.5974616382901488,1.0471975511965976,1.049765221464357
grid_2867,0.22866207527744237,0.29485007606647995,5.625310926370568e-05,0.00024520161854044473,0.9948887612277156,0.19999999999999996,0.19752936547630373,1.5707963267948966,1.5707473960180716,0.6,0.6072705215162539,1.5707963267948966,1.5658191810775932,0.6,0.5995339706867613,1.5707963267948966,1.5705436488689548
grid_2868,0.15505905038801912,0.10789547201822432,0.005378643420256736,0.016510878117325222,0.9948886448675245,0.19999999999999996,0.19809682665136918,1.5707963267948966,1.570735596233427,0.6,0.6065809922604668,1.5707963267948966,1.5648791061597445,0.19999999999999996,0.2029012984516534,1.5707963267948966,1.5665254730348748
grid_2869,0.34655965208352474,0.28343653579183564,0.011736483789209719,0.023568239383823228,1.0084653829170722,0.19999999999999996,0.19574786843724734,1.5707963267948966,1.5708043415590573,0.6,0.6016213705395073,1.5707963267948966,1.5649238641288985,0.19999999999999996,0.1976104553671023,1.0471975511965976,1.0467193526738825
grid_2870,0.07167530908946658,0.08661528005291329,0.05604844717468486,0.05888990088477231,1.000860968972471,0.19999999999999996,0.19495817000898086,1.5707963267948966,1.5708050773264821,0.6,0.600561572086268,1.5707963267948966,1.564506546481545,0.19999999999999996,0.19820092811601686,0.5235987755982988,0.5251894329679123
grid_2871,0.20946006200036998,0.14486373510149697,0.006731484950974605,0.014443413773179545,1.001554842641625,0.19999999999999996,0.19442728213865568,1.5707963267948966,1.5706659284130593,0.6,0.5994092485070759,1.5707963267948966,1.5686104184659904,0.19999999999999996,0.19770136571507368,0.0,0.0036255409803684913
grid_2872,0.11140413677340788,0.11321030739997022,0.04849270811131255,0.06070054238758867,0.9906992879833005,0.19999999999999996,0.19366123482043562,1.5707963267948966,1.5708250207047394,0.6,0.5981584244800837,1.5707963267948966,1.5657268595192706,-0.2,-0.20122767800011943,0.0,0.0022116857213800856
grid_2873,0.07162877807968582,0.05648141168661839,0.018318064558062182,0.027770349719030887,1.0032347642308495,0.19999999999999996,0.19463446313462018,1.5707963267948966,1.5707330282448382,0.6,0.5997928097094576,1.5707963267948966,1.5615828008579467,-0.2,-0.20114562301668482,0.5235987755982988,0.5223752585692738
grid_2874,0.14915172449316866,0.13171546184807,0.03665650225260209,0.05690778494650238,0.9933947797535867,0.19999999999999996,0.19703584972888155,1.5707963267948966,1.5708130781291478,0.6,0.6047713013137868,1.5707963267948966,1.5629543486719601,-0.2,-0.1993929470483824,1.0471975511965976,1.0416555502201517
grid_2875,0.1350866623398233,0.11501891233305217,0.011989244805606264,0.025217923071093842,0.997471034830563,0.19999999999999996,0.1977481805887491,1.5707963267948966,1.5707629283109155,0.6,0.6099881828822626,1.5707963267948966,1.5632043365334836,-0.2,-0.1989807105027115,1.5707963267948966,1.561918355964977
grid_2876,0.42317102835102494,0.37478396449169854,0.05353235140394934,0.05452396917397395,0.9964967089300988,0.19999999999999996,0.19616362664074938,1.5707963267948966,1.5707837411624554,0.6,0.6094100870028436,1.5707963267948966,1.5637484609922163,-0.6,-0.596148683854202,1.5707963267948966,1.5507656409067296
grid_2877,0.7498112059770685,0.7681645381771003,0.041454417708519375,0.0513053780099284,1.0001889159683002,0.19999999999999996,0.19578617944023247,1.5707963267948966,1.5707912405242785,0.6,0.6033063428024974,1.5707963267948966,1.5622428869079172,-0.6,-0.5975572315298336,1.0471975511965976,1.0375841261174887
grid_2878,0.45863753607839286,0.411940059190245,0.14013934031104766,0.08482208111896113,1.002829136792125,0.19999999999999996,0.1942568679901875,1.5707963267948966,1.5707668058392592,0.6,0.5999173553365766,1.5707963267948966,1.5652456978499227,-0.6,-0.5976042379872197,0.5235987755982988,0.5218495285371914
grid_2879,0.12689574241158957,0.13920142887315456,0.07629122028280531,0.07965196017887759,1.0000107939616019,0.19999999999999996,0.19276163708711103,1.5707963267948966,1.570822548441023,0.6,0.5986128636780546,1.5707963267948966,1.5636958745902136,-0.6,-0.5994361405363788,0.0,0.001122032597271172
grid_2880,0.3164283870105066,0.21535514215037077,0.04012228477840883,0.07642806433337003,0.9928711033547681,0.19999999999999996,0.19454467832389533,1.5707963267948966,1.5708736778088426,0.19999999999999996,0.20134115567082844,1.5707963267948966,1.5654919145156105,-0.6,-0.5969391501117638,0.0,-0.0007414246577317485
grid_2881,0.34901561925454755,0.2561362625893315,0.0006835794935891644,0.002979653932431877,1.0009684807706694,0.19999999999999996,0.19645304901526828,1.5707963267948966,1.5708239586571304,0.19999999999999996,0.20423788879765503,1.5707963267948966,1.5662285366255544,-0.6,-0.5975469106247902,0.5235987755982988,0.518804768333557
grid_2882,0.27908523292755694,0.35486748734049184,0.009003149426882223,0.023950804019203263,1.002783614937909,0.19999999999999996,0.1979743754590757,1.5707963267948966,1.5707790360046259,0.19999999999999996,0.20726538195768285,1.5707963267948966,1.5666281775746045,-0.6,-0.5975537585129755,1.0471975511965976,1.0381990661185334
grid_2883,0.4262797897673093,0.37227197244116533,0.007377199383490575,0.012815432352497439,1.0031625470850316,0.19999999999999996,0.20024423862238283,1.5707963267948966,1.5707397637203684,0.19999999999999996,0.2184381952108172,1.5707963267948966,1.5673924018785952,-0.6,-0.5953588869580484,1.5707963267948966,1.5552225004916194
grid_2884,0.15108916514158546,0.12295477273890863,0.0003986404432648764,0.0017376334069998554,1.0079753944310057,0.19999999999999996,0.1992593351486427,1.5707963267948966,1.5708089895425914,0.19999999999999996,0.21394831999002673,1.5707963267948966,1.5674884536599603,-0.2,-0.19743399564918107,1.5707963267948966,1.564444097590357
grid_2885,0.14438819400708533,0.16502907432826125,0.00047209548558379123,0.001431366751331539,1.0027712720930029,0.19999999999999996,0.19759603578848317,1.5707963267948966,1.5708381421497366,0.19999999999999996,0.20751460014463596,1.5707963267948966,1.5676343764921308,-0.2,-0.20034335053126728,1.0471975511965976,1.042636061355232
grid_2886,0.39311685004755137,0.5502506613213637,0.0044793721185820996,0.013806916521990061,0.9981627357455725,0.19999999999999996,0.19640115719802065,1.5707963267948966,1.5707990189096375,0.19999999999999996,0.20272780290160952,1.5707963267948966,1.567843603099207,-0.2,-0.20128523661344122,0.5235987755982988,0.5216368354183141
grid_2887,0.08818289313586056,0.10530837731405945,0.056031718390853434,0.05869046793871997,1.0031141639727799,0.19999999999999996,0.19480265594694934,1.5707963267948966,1.5708085848360263,0.19999999999999996,0.19897660416304053,1.5707963267948966,1.5690371420135438,-0.2,-0.20170890316252965,0.0,-4.4561826032740726e-05
grid_2888,0.3051026871606087,0.28711410851731217,0.03376238740265336,0.05442675891468041,1.0039622011871996,0.19999999999999996,0.19597904829786827,1.5707963267948966,1.5707069327132492,0.19999999999999996,0.20042288322067225,1.5707963267948966,1.570833186327258,0.19999999999999996,0.19644863048258365,0.0,0.000678417643314333
grid_2889,0.11971523614935072,0.1416402469544147,0.11228225037103376,0.07504708496529698,1.011311346581744,0.19999999999999996,0.1963718644275021,1.5707963267948966,1.5707223954880964,0.19999999999999996,0.2032678104967358,1.5707963267948966,1.5696017471161658,0.19999999999999996,0.19737714515868898,0.5235987755982988,0.5246870947369455
grid_2890,0.11411377552390116,0.08645864056121524,0.05923146355600484,0.05013651963556208,0.9984114419759452,0.19999999999999996,0.1984619508370704,1.5707963267948966,1.5707650864197333,0.19999999999999996,0.20840257798077744,1.5707963267948966,1.569017349411494,0.19999999999999996,0.19879029996361908,1.0471975511965976,1.0474512001631693
grid_2891,0.14492659092651142,0.11358278385771763,0.02838196528165448,0.03939531992457268,0.9973756449011129,0.19999999999999996,0.2003731547811176,1.5707963267948966,1.57076418673197,0.19999999999999996,0.21496988003175144,1.5707963267948966,1.5689289880978334,0.19999999999999996,0.2022245669986411,1.5707963267948966,1.570011755528701
grid_2892,0.3581220281352826,0.3391784277449733,0.01398874800390577,0.021990168853529685,1.0017457231362337,0.19999999999999996,0.20154412504010732,1.5707963267948966,1.5707926830304153,0.19999999999999996,0.21407234287861598,1.5707963267948966,1.5698190230899582,0.6,0.6009250135032715,1.5707963267948966,1.5707696573856902
grid_2893,0.4247528520675644,0.31757259447440056,0.13397667606830965,0.06722934508884083,0.9971821426103279,0.19999999999999996,0.19869188129764392,1.5707963267948966,1.5707949466433826,0.19999999999999996,0.2085215140759784,1.5707963267948966,1.5707757958536952,0.6,0.5982009561976964,1.0471975511965976,1.0528006594047552
grid_2894,0.15376901573930607,0.14057478500109263,0.2243062689780762,0.07462632771107738,1.000159456934465,0.19999999999999996,0.1982739839761294,1.5707963267948966,1.5707763875482055,0.19999999999999996,0.20380147184352282,1.5707963267948966,1.5708707208765693,0.6,0.5976082432712024,0.5235987755982988,0.5300779932758228
grid_2895,0.2680584147198747,0.19974895348165597,0.259442006717449,0.14221724191667132,1.0050468686894076,0.19999999999999996,0.195328716644406,1.5707963267948966,1.5707633525729872,0.19999999999999996,0.1996702227163416,1.5707963267948966,1.5708139196164126,0.6,0.5980160740933815,0.0,0.0016747085446606746
grid_2896,0.3163516428846435,0.20278506469505644,0.4929316695233217,0.18979429579249565,1.002860619784594,0.19999999999999996,0.19734095169244092,1.5707963267948966,1.5698112436573561,0.19999999999999996,0.20222540140746403,1.0471975511965976,1.0465721217897253,0.6,0.5979635211933507,0.0,-0.0005756573435480306
grid_2897,0.1554693802539407,0.14219700407810726,0.3766419969611413,0.10812645773112248,0.9926863034415456,0.19999999999999996,0.19799182924000736,1.5707963267948966,1.5708081317992457,0.19999999999999996,0.2060635531585726,1.0471975511965976,1.0466082264311947,0.6,0.5994176628882082,0.5235987755982988,0.5274698167572724
grid_2898,0.11632427693401484,0.11219119341058081,0.407262673270339,0.06121595727315053,0.9926152423394266,0.19999999999999996,0.1993198428598868,1.5707963267948966,1.5702656693114392,0.19999999999999996,0.20753490980230538,1.0471975511965976,1.048942938941697,0.6,0.6000680908980947,1.0471975511965976,1.0548307422707115
grid_2899,0.18990711656965023,0.1786672629826471,0.0778449124613846,0.06148058514494789,0.9977097407763841,0.19999999999999996,0.20082623400693844,1.5707963267948966,1.570597276127227,0.19999999999999996,0.20965404627586803,1.0471975511965976,1.0479074744409234,0.6,0.6009573338666092,1.5707963267948966,1.570820643220709
grid_2900,0.10829974583871249,0.10724497996292114,0.0,0.0,0.9969458695681042,0.19999999999999996,0.1998711463055871,1.5707963267948966,1.5707482286724188,0.19999999999999996,0.2085384242231152,1.0471975511965976,1.0476763732945962,0.19999999999999996,0.20066358000397155,1.5707963267948966,1.5708871091206271
grid_2901,0.08652707692934639,0.06230903105955312,0.09787177417929245,0.07902389325801329,0.9980870591196288,0.19999999999999996,0.1992824590872555,1.5707963267948966,1.5707901794999257,0.19999999999999996,0.20713921466230278,1.0471975511965976,1.0470968682707182,0.19999999999999996,0.19942960685912947,1.0471975511965976,1.0496030300891936
grid_2902,0.10698268141453027,0.10493874912130856,0.16930006983513202,0.1147558536904475,1.004166284753546,0.19999999999999996,0.1985233535392199,1.5707963267948966,1.5708186332553788,0.19999999999999996,0.20406387584828778,1.0471975511965976,1.046968952444928,0.19999999999999996,0.19712841517239799,0.5235987755982988,0.5258760395760502
grid_2903,0.12782823659574288,0.127428365347864,0.23617433826296796,0.16918638136513295,0.9932187535076918,0.19999999999999996,0.19719890328682776,1.5707963267948966,1.5703620558799027,0.19999999999999996,0.2035783817177812,1.0471975511965976,1.043573278404299,0.19999999999999996,0.19640040622523802,0.0,-0.00078412139742845
grid_2904,0.1374976586227364,0.10702434563001788,0.01710795232337996,0.04708578338605541,1.0027442690459103,0.19999999999999996,0.19736968660045928,1.5707963267948966,1.5706988009494287,0.19999999999999996,0.20344072543612857,1.0471975511965976,1.048159246504576,-0.2,-0.2026608075535039,0.0,0.0009978338841118983
grid_2905,0.09196813485950725,0.09872745024900924,0.012348067433097654,0.032249075116168695,1.00034993066202,0.19999999999999996,0.19913560817532794,1.5707963267948966,1.5707771006711155,0.19999999999999996,0.20719481424271535,1.0471975511965976,1.0464701875866167,-0.2,-0.20118002680739888,0.5235987755982988,0.5233265276930483
grid_2906,0.10799771218279493,0.1065689269260777,0.002068710847255885,0.006417086531038318,0.9992252512280313,0.19999999999999996,0.19982209909785897,1.5707963267948966,1.5706975884246877,0.19999999999999996,0.20929537245016672,1.0471975511965976,1.047675000942716,-0.2,-0.19992146234124686,1.0471975511965976,1.0465817261063828
grid_2907,0.11676130363712703,0.09626540276407752,0.010449917509590958,0.029528101353380493,1.0033052468919679,0.19999999999999996,0.20123816044374543,1.5707963267948966,1.5708004495296795,0.19999999999999996,0.210647504919506,1.0471975511965976,1.0477646809618806,-0.2,-0.19561248559788247,1.5707963267948966,1.56883421989098
grid_2908,0.14948757288786796,0.12108305470660412,0.008495363054571273,0.016922996650018944,0.9973575894545892,0.19999999999999996,0.20094953374298363,1.5707963267948966,1.5708007924971863,0.19999999999999996,0.2113724137749191,1.0471975511965976,1.0474145730879627,-0.6,-0.5954617449790591,1.5707963267948966,1.5638506110174566
grid_2909,0.1815579754999157,0.17287719469849788,0.0458099173878999,0.0793588245870867,0.9943994589066765,0.19999999999999996,0.2003840151575469,1.5707963267948966,1.570754220188479,0.19999999999999996,0.20896738213285637,1.0471975511965976,1.0465653809008337,-0.6,-0.5973013172840425,1.0471975511965976,1.0423961722087371
grid_2910,0.13629444793480264,0.13736081417541018,0.156227270656484,0.10181831943726635,0.9937575170805196,0.19999999999999996,0.1991909533604712,1.5707963267948966,1.5707746336317001,0.19999999999999996,0.20686951340178172,1.0471975511965976,1.0479732596494777,-0.6,-0.5995374916364042,0.5235987755982988,0.522093718731087
grid_2911,0.27630299819452736,0.26651686726190654,0.14342753819622525,0.13203392395253058,1.0113497958699866,0.19999999999999996,0.19705403082678163,1.5707963267948966,1.570830014232964,0.19999999999999996,0.2025357100686591,1.0471975511965976,1.0467487638224853,-0.6,-0.5989322883433239,0.0,0.0013543138139624489
grid_2912,0.41267811910561497,0.44214910315123873,0.33398314549099883,0.1892711533070363,0.9998927494287623,0.19999999999999996,0.19899137605798511,1.5707963267948966,1.5703746199793311,0.19999999999999996,0.2033547106244038,0.5235987755982988,0.5264813223945222,-0.6,-0.6022317026358674,0.0,0.0022339688912298428
grid_2913,0.497593510806212,0.31223464632295495,0.1780121965814117,0.15352742918548287,0.9902269955162298,0.19999999999999996,0.20005785402668597,1.5707963267948966,1.5707976612172425,0.19999999999999996,0.20658378548716172,0.5235987755982988,0.5252917994122956,-0.6,-0.5990091094070218,0.5235987755982988,0.5232285948932809
grid_2914,0.11709515166563218,0.09196191548147287,0.0048068848402418,0.01319433468768147,1.006794719779901,0.19999999999999996,0.20150076687585639,1.5707963267948966,1.5707355790892956,0.19999999999999996,0.20839636661210115,0.5235987755982988,0.5237090246713008,-0.6,-0.5978501090017181,1.0471975511965976,1.0450040084228522
grid_2915,0.10261340593244146,0.09744871769921892,0.007728560820680769,0.020714459777350328,1.0025900176657963,0.19999999999999996,0.2030464590598875,1.5707963267948966,1.5707314618450274,0.19999999999999996,0.21220020578722476,0.5235987755982988,0.5241487717844935,-0.6,-0.5952035128769717,1.5707963267948966,1.5679198619600774
grid_2916,0.09514762100966803,0.09649284740012622,0.12733991645613216,0.07638205237639009,0.9991448124621163,0.19999999999999996,0.20221772459928644,1.5707963267948966,1.5708105536680703,0.19999999999999996,0.21337456564485446,0.5235987755982988,0.5237049782561112,-0.2,-0.19474117799344892,1.5707963267948966,1.5708146909044896
grid_2917,0.13550643927780698,0.1600100482761281,0.1061915166926872,0.11467667470291595,0.99982495851346,0.19999999999999996,0.20159157123684768,1.5707963267948966,1.570057240531927,0.19999999999999996,0.20848811920230936,0.5235987755982988,0.5224205976579039,-0.2,-0.1997746646049965,1.0471975511965976,1.047861908898481
grid_2918,0.10861811564935145,0.11017245044912966,0.040887461195952296,0.06564056072400244,0.9978375902459089,0.19999999999999996,0.20098933870020108,1.5707963267948966,1.5707453549362196,0.19999999999999996,0.2075247843263277,0.5235987755982988,0.5227164657568668,-0.2,-0.20069942997546963,0.5235987755982988,0.5235618526962442
grid_2919,0.21059546141555333,0.18277138516038974,0.24153731578229531,0.15540133353947982,1.000453077596609,0.19999999999999996,0.2001935210753798,1.5707963267948966,1.570854243211265,0.19999999999999996,0.2029992841900654,0.5235987755982988,0.5232325214280742,-0.2,-0.2054673350755465,0.0,-2.629276601773256e-05
grid_2920,0.28482598102993156,0.2839351533004494,0.7189402407795323,0.19853308523701452,1.0005401665233196,0.19999999999999996,0.19951830430876427,1.5707963267948966,1.5697142361582,0.19999999999999996,0.20285086993133028,0.5235987755982988,0.5175866782375369,0.19999999999999996,0.19441416417144897,0.0,-0.0033788533653922315
grid_2921,0.33212353098101977,0.32922941179529946,0.5088808184298512,0.17670860258179494,1.0033659015158394,0.19999999999999996,0.200837349568606,1.5707963267948966,1.5702988380081422,0.19999999999999996,0.206350301680863,0.5235987755982988,0.5203688384615619,0.19999999999999996,0.1981483183434012,0.5235987755982988,0.5244862565234651
grid_2922,0.1256548553363673,0.1316444716868393,0.36238640063864686,0.11521778705176736,0.9891250068790963,0.19999999999999996,0.20233745370672462,1.5707963267948966,1.5698917214209986,0.19999999999999996,0.20866435020992125,0.5235987755982988,0.5222741801561446,0.19999999999999996,0.2002852175173322,1.0471975511965976,1.050494283358952
grid_2923,0.39323611606704895,0.48440236319726815,0.35315148006057434,0.14513319039157477,0.9998368046540718,0.19999999999999996,0.20301552975411763,1.5707963267948966,1.5705614510092731,0.19999999999999996,0.20969516639499552,0.5235987755982988,0.5240952152755343,0.19999999999999996,0.202933993927207,1.5707963267948966,1.5708205061583183
grid_2924,0.21921603873529785,0.15934243623992334,0.23189108584902413,0.10882429065503779,0.9967015932081656,0.19999999999999996,0.20285407310562764,1.5707963267948966,1.5706936205171376,0.19999999999999996,0.209700614038403,0.5235987755982988,0.5240579048393812,0.6,0.6012761652343563,1.5707963267948966,1.5707066844326203
grid_2925,0.12422517689355594,0.10180726773705719,0.7470123471223237,0.1720989151703307,0.9988109439586367,0.19999999999999996,0.20065369308895864,1.5707963267948966,1.569964146938271,0.19999999999999996,0.20816601875078078,0.5235987755982988,0.5207118963291117,0.6,0.6009108814178967,1.0471975511965976,1.0528599386938584
grid_2926,0.19113179039287834,0.1451990120398317,1.0997159492657693,0.09324035563323033,1.0051450234795296,0.19999999999999996,0.20072298083502638,1.5707963267948966,1.5690560918621728,0.19999999999999996,0.20587329372959395,0.5235987755982988,0.518819539747196,0.6,0.5990934550496858,0.5235987755982988,0.5251214217449904
grid_2927,0.3848284585822531,0.307633451147675,1.198435195674072,0.1287231302245587,1.0069794539652137,0.19999999999999996,0.19677777754996217,1.5707963267948966,1.5689621103272247,0.19999999999999996,0.2009922525825223,0.5235987755982988,0.515946622746223,0.6,0.5965841009867692,0.0,-0.005462005923789981
grid_2928,0.5014168818416629,0.4130502692777087,1.4908609324601876,0.08244832535445407,0.9970633741960839,0.19999999999999996,0.19478216785731828,1.5707963267948966,1.5673547591789356,0.19999999999999996,0.1979577650489439,0.0,-0.015258125574769466,0.6,0.590493766680007,0.0,-0.010707779713498233
grid_2929,0.25709822361946844,0.2093211161900317,1.71044774971135,0.13215291053877923,0.9961402152437712,0.19999999999999996,0.20119020559018175,1.5707963267948966,1.566513577294538,0.19999999999999996,0.202903583153363,0.0,-0.013734575348480327,0.6,0.5954741842687987,0.5235987755982988,0.5205698028338075
grid_2930,0.16480708845259706,0.16246017143137875,1.5064173760983757,0.1207814396974949,0.9988895291846971,0.19999999999999996,0.20280366146940398,1.5707963267948966,1.5682713247187134,0.19999999999999996,0.20784244223862736,0.0,-0.007960268316342223,0.6,0.6004393037971427,1.0471975511965976,1.050533177200787
grid_2931,0.16085599800290767,0.16657542467906292,0.7398419650848462,0.23092786929678066,0.9971265604682162,0.19999999999999996,0.2034765813536712,1.5707963267948966,1.5694793750620217,0.19999999999999996,0.20964193306141699,0.0,-0.0022422077938433205,0.6,0.6000779195303583,1.5707963267948966,1.5707732982551166
grid_2932,0.13298306039605778,0.16881655053472228,0.6465246867861882,0.19288437694498162,1.0038294205834337,0.19999999999999996,0.2047376575649098,1.5707963267948966,1.5702968086411646,0.19999999999999996,0.21045685750592202,0.0,-0.0019769169399204145,0.19999999999999996,0.20253276264488473,1.5707963267948966,1.5708057481948456
grid_2933,0.3661980271067038,0.23439289267342814,0.9590253105192819,0.19836471139035222,0.9954324290934828,0.19999999999999996,0.2041344999887924,1.5707963267948966,1.5676946374546388,0.19999999999999996,0.2097412223818651,0.0,-0.006060796687169301,0.19999999999999996,0.20061517037186682,1.0471975511965976,1.0493859686736862
grid_2934,0.3719078912702596,0.16290676544789065,1.254086676331751,0.1462178183011744,1.0007064001396873,0.19999999999999996,0.20422608370942807,1.5707963267948966,1.5671685817692254,0.19999999999999996,0.20615510139707727,0.0,-0.009360206798609383,0.19999999999999996,0.19755728027312447,0.5235987755982988,0.5209869253311332
grid_2935,0.5349781874382626,0.403846687509097,1.0179175276530916,0.13874004494079195,1.003907054141256,0.19999999999999996,0.1993786472236838,1.5707963267948966,1.566225577731732,0.19999999999999996,0.19807686619036602,0.0,-0.012383475071097827,0.19999999999999996,0.18564656870533458,0.0,-0.007590546746385485
grid_2936,0.1852459082379235,0.13763807179023438,0.18884570354003222,0.09401666576006179,0.9918993097838408,0.19999999999999996,0.20201266464067746,1.5707963267948966,1.5682541850134992,0.19999999999999996,0.19948348853422093,0.0,-0.005184854400298811,-0.2,-0.21045062778483992,0.0,-0.0030268980252303734
grid_2937,0.23355490647893234,0.20202507058301686,0.35915775197389144,0.07512376044171237,0.9973648426752414,0.19999999999999996,0.20441620738951638,1.5707963267948966,1.5701521918693082,0.19999999999999996,0.20772152094322305,0.0,-0.0034297295910432624,-0.2,-0.20102326638167423,0.5235987755982988,0.5214467402831175
grid_2938,0.10530526657614014,0.08686313831008285,0.4683341007771868,0.1678418011136405,0.9962692934552994,0.19999999999999996,0.20425919020292493,1.5707963267948966,1.5699915472689847,0.19999999999999996,0.21028458254899984,0.0,-0.0028456771411624615,-0.2,-0.19888913920701068,1.0471975511965976,1.0471637365195559
grid_2939,0.09589537334421379,0.08336710336120788,0.5041623925020634,0.10068368634619783,0.9957150516189557,0.19999999999999996,0.20645207141692978,1.5707963267948966,1.569649525185648,0.19999999999999996,0.2175573548742893,0.0,-0.0014938965702704365,-0.2,-0.19687099266900798,1.5707963267948966,1.5708149580960438
grid_2940,0.3226746644406825,0.2965195386445546,0.4101567855044176,0.17184561149301855,1.0015547875724304,0.19999999999999996,0.20549015888574562,1.5707963267948966,1.5688147014918181,0.19999999999999996,0.2132997869685873,0.0,-0.0011060658286190517,-0.6,-0.5963252111317381,1.5707963267948966,1.5704052802517214
grid_2941,0.2008440902847622,0.22298814783715223,0.04703430507003435,0.05287212562318392,0.9927394882655183,0.19999999999999996,0.20710484498383597,1.5707963267948966,1.5701223951689558,0.19999999999999996,0.21155102288064231,0.0,-0.0002896321106256039,-0.6,-0.5971233933423807,1.0471975511965976,1.0460921516449968
grid_2942,0.32689263731889434,0.32001111902138807,0.11845281121497635,0.10461403786374932,1.0039433518979277,0.19999999999999996,0.20246414686586345,1.5707963267948966,1.5708181912687804,0.19999999999999996,0.20868035803365004,0.0,0.0020639615766411268,-0.6,-0.5984296946514478,0.5235987755982988,0.5236590366445508
grid_2943,0.1997667355212586,0.23775906223576337,0.5182702005253232,0.06381513520949317,1.0012038965451258,0.19999999999999996,0.19981611386131792,1.5707963267948966,1.5706445984137387,0.19999999999999996,0.20135813369812539,0.0,0.002793500154252726,-0.6,-0.6052298566968126,0.0,0.0027347909407753335
grid_2944,0.6072083163504092,0.287295284455497,1.2227182994414236,0.092344143655999,0.9855633381818623,0.19999999999999996,0.1957225020097395,1.5707963267948966,1.5709112663788165,-0.2,-0.19567601552262381,0.0,0.010129496329883914,-0.6,-0.5975166567905097,0.0,0.005460063402609627
grid_2945,0.48790168781297316,0.261818319571523,0.9988730370375057,0.1525433195089959,0.9988455221278318,0.19999999999999996,0.20244260817497395,1.5707963267948966,1.570788046721951,-0.2,-0.1911223256725103,0.0,0.007725568502772617,-0.6,-0.5968285722220923,0.5235987755982988,0.5244086971354287
grid_2946,0.528222048962119,0.40483321925900395,0.4786411010322089,0.16895874616041073,1.0013315300854468,0.19999999999999996,0.20268569246428036,1.5707963267948966,1.570811163318651,-0.2,-0.18658344694215945,0.0,0.0035894140527190643,-0.6,-0.5948440219266224,1.0471975511965976,1.0422839597653955
grid_2947,0.1632037997255361,0.10157325730976884,0.027875907006246686,0.06906000241667952,1.0115016699172605,0.19999999999999996,0.20633725680355486,1.5707963267948966,1.570806315946844,-0.2,-0.1837267613396314,0.0,8.735871812781681e-05,-0.6,-0.5932229033246639,1.5707963267948966,1.564369055790535
grid_2948,0.351420032554447,0.2782816454765599,0.06567669677569611,0.061318127287153974,0.9985655653357721,0.19999999999999996,0.20713320086046316,1.5707963267948966,1.570861494862963,-0.2,-0.18487977810641532,0.0,0.0006827584575077594,-0.2,-0.19351761871773565,1.5707963267948966,1.5645936096464448
grid_2949,0.7083632841445618,0.48314090928943143,0.09766523743101715,0.088773031074768,0.9978421017038682,0.19999999999999996,0.20674968784942838,1.5707963267948966,1.5708396810956016,-0.2,-0.18677279857153906,0.0,0.0010288697755855836,-0.2,-0.19615166675295104,1.0471975511965976,1.0423766805776165
grid_2950,0.3346652289581526,0.32221881689157805,0.5372893737139138,0.18278768050725389,0.9900384487874053,0.19999999999999996,0.20411042921916778,1.5707963267948966,1.5708266204160877,-0.2,-0.18966114462178307,0.0,0.004694398120474119,-0.2,-0.19853825284430204,0.5235987755982988,0.5226720423261435
grid_2951,0.5251724902582058,0.33433038358439504,0.5300356497670233,0.13237644095296594,0.9917687890221508,0.19999999999999996,0.20100580193996365,1.5707963267948966,1.570827493494022,-0.2,-0.1964823591092033,0.0,0.00706848441800112,-0.2,-0.20730784191771257,0.0,0.0030643485959247485
grid_2952,0.2091895417781518,0.20444572248728748,0.03407290541982401,0.0549992456226252,1.0107087639679808,0.19999999999999996,0.2031221252847315,1.5707963267948966,1.5708201352033218,-0.2,-0.19924675645465673,0.0,-0.0006742594850743799,0.19999999999999996,0.18735998645854934,0.0,-0.0013598871029625315
grid_2953,0.13111126418854074,0.14336850060122774,0.10283984336850419,0.10224656257836096,0.9922661367583094,0.19999999999999996,0.2062850080209131,1.5707963267948966,1.5708661824620425,-0.2,-0.1887003293106364,0.0,-0.0013380857174967176,0.19999999999999996,0.1985319337882112,0.5235987755982988,0.5204838724946184
grid_2954,0.24669150472620321,0.20331950437962304,0.06907699612039966,0.10498223646542733,1.0020223661458474,0.19999999999999996,0.20642060908563664,1.5707963267948966,1.5707535813849969,-0.2,-0.18704150943035902,0.0,-0.002314707010435235,0.19999999999999996,0.20147913989441602,1.0471975511965976,1.044705972408229
grid_2955,0.19051406370102447,0.1691041697853057,0.07749379541551157,0.07773614590865488,1.0013356933087818,0.19999999999999996,0.2056266300627838,1.5707963267948966,1.5708038731097353,-0.2,-0.18497052938645542,0.0,-0.0012448248657834782,0.19999999999999996,0.20423413351401987,1.5707963267948966,1.5665028923513322
grid_2956,0.14287452232031458,0.12470899906599689,0.24353996597560826,0.20485201542196668,1.0041444736137786,0.19999999999999996,0.20763707178263235,1.5707963267948966,1.570795769144211,-0.2,-0.1860949368511946,0.0,-0.001593037834898503,0.6,0.6028190388158832,1.5707963267948966,1.5690861464733734
grid_2957,0.19591480194094152,0.17301022745312533,0.6007526709828517,0.15949845296572637,1.000595250186372,0.19999999999999996,0.2051046362925879,1.5707963267948966,1.5708512603742868,-0.2,-0.18831315182476516,0.0,-0.005317920754265515,0.6,0.6007967747293925,1.0471975511965976,1.0452992290227554
grid_2958,0.3193942508745195,0.2846106935696428,0.838552185210121,0.19410113823384262,0.9980921343140181,0.19999999999999996,0.20322466552803675,1.5707963267948966,1.5698692600626325,-0.2,-0.19124982439543725,0.0,-0.007680127397077463,0.6,0.596498043941982,0.5235987755982988,0.5190835459591696
grid_2959,0.35532299616794616,0.3179803120372755,1.0074182213506284,0.07147678368592943,0.9949812947990866,0.19999999999999996,0.20135601782908275,1.5707963267948966,1.5697843529311664,-0.2,-0.19822532330260678,0.0,-0.008100918086029196,0.6,0.5908848082638709,0.0,-0.006310439858679295
grid_2960,0.73256557868401,0.6874211306708292,0.8932478061576361,0.22528997345187826,1.0047794010650715,0.19999999999999996,0.1999100843106989,1.5707963267948966,1.5708280677221689,-0.2,-0.19608690841118026,0.5235987755982988,0.5179471443768415,0.6,0.5926813754817255,0.0,-0.006650766253901708
grid_2961,0.20375412924817599,0.21877759110125478,0.732494032873787,0.07833516745424476,0.995077704848889,0.19999999999999996,0.20137952343023624,1.5707963267948966,1.5707997542999639,-0.2,-0.19140722244290398,0.5235987755982988,0.5192972104997509,0.6,0.5970743378679524,0.5235987755982988,0.5215201779471776
grid_2962,0.14255741611889788,0.15354036337663815,0.4704840612142494,0.2064328421498592,0.9909961509407562,0.19999999999999996,0.20222553800174659,1.5707963267948966,1.5707654271228044,-0.2,-0.1894778338065315,0.5235987755982988,0.5198233651265269,0.6,0.6002914573419735,1.0471975511965976,1.0469295475595395
grid_2963,0.25037246029777305,0.1864048195302815,0.05177372637250105,0.08596836779843035,1.003189431567824,0.19999999999999996,0.2029195902874017,1.5707963267948966,1.5708100765615898,-0.2,-0.18799363580329498,0.5235987755982988,0.5207400560519595,0.6,0.6016826398642614,1.5707963267948966,1.570664268854049
grid_2964,0.16288728938849473,0.127098162968513,0.023863906235898003,0.04027801814643852,0.9955742746502899,0.19999999999999996,0.20250907551571107,1.5707963267948966,1.5708656204646223,-0.2,-0.18829973315643223,0.5235987755982988,0.5224809016667802,0.19999999999999996,0.20364326985657488,1.5707963267948966,1.5687193627775873
grid_2965,0.32250642162769766,0.3038235832098644,0.11018904165340955,0.12714309698314494,0.998410159590267,0.19999999999999996,0.20222650881556614,1.5707963267948966,1.57082075234712,-0.2,-0.18375796857100912,0.5235987755982988,0.522613310315454,0.19999999999999996,0.20131639609739072,1.0471975511965976,1.0444932965511944
grid_2966,0.655682896700075,0.5969021914870162,0.05452217471888966,0.06558975786793357,1.0052359346669895,0.19999999999999996,0.20099654624011798,1.5707963267948966,1.570773199656725,-0.2,-0.19211287731781557,0.5235987755982988,0.5219033412864578,0.19999999999999996,0.19863123788642234,0.5235987755982988,0.5201543893478151
grid_2967,0.17927034247508158,0.191488910918923,0.17920162470853926,0.12667849823658756,1.0028717274892274,0.19999999999999996,0.19993549577053837,1.5707963267948966,1.5708101175600477,-0.2,-0.19363720224883263,0.5235987755982988,0.5203007179038819,0.19999999999999996,0.1957759753515047,0.0,-0.0035801306328870908
grid_2968,0.24730911487198215,0.26025894112277753,0.18717747528180378,0.11539350523384165,0.9912244474166847,0.19999999999999996,0.19877650110460365,1.5707963267948966,1.5707719704071943,-0.2,-0.19298076659439456,0.5235987755982988,0.5249637868682546,-0.2,-0.2005640186382429,0.0,-0.0006640304379024187
grid_2969,0.16476831224359775,0.15096156796852347,0.17004125324818434,0.08315769600458461,0.9957693170216941,0.19999999999999996,0.20057782900900278,1.5707963267948966,1.5708616918381786,-0.2,-0.19094048694901744,0.5235987755982988,0.5243655184931404,-0.2,-0.19909178533977556,0.5235987755982988,0.5196512481044486
grid_2970,0.37001536065213675,0.36853423245239675,0.01865072026201537,0.04523737283938103,0.9973668976535975,0.19999999999999996,0.20193500745067894,1.5707963267948966,1.5708268520111375,-0.2,-0.18813102246843805,0.5235987755982988,0.521322616929301,-0.2,-0.19636511286754388,1.0471975511965976,1.0405175154226125
grid_2971,0.3130297291682765,0.2628848702454717,0.09157866546224808,0.09614843886169662,1.0010639983864231,0.19999999999999996,0.20280127865746866,1.5707963267948966,1.5708233396126605,-0.2,-0.1845200603474373,0.5235987755982988,0.5238064116644026,-0.2,-0.19507874812993897,1.5707963267948966,1.5645884431929487
grid_2972,0.2998101237112135,0.18143847100077606,0.0036269591551343038,0.015403800512174793,1.0021085040404987,0.19999999999999996,0.20370781955362993,1.5707963267948966,1.570853019486517,-0.2,-0.18658384921146087,0.5235987755982988,0.5228925534553026,-0.6,-0.5940173059765783,1.5707963267948966,1.561121427891253
grid_2973,0.15114423971464674,0.14860449748615687,0.29126836088476304,0.08766445990388613,0.9905332676269684,0.19999999999999996,0.2021559411584848,1.5707963267948966,1.5708384540245603,-0.2,-0.18845462279931446,0.5235987755982988,0.5242461462679389,-0.6,-0.5925856183446188,1.0471975511965976,1.039827074795208
grid_2974,0.20201773439729798,0.1950742041121408,0.3574132927489019,0.12162230751054848,0.9896963459901208,0.19999999999999996,0.19995529031482295,1.5707963267948966,1.5707835717931227,-0.2,-0.19115469370507832,0.5235987755982988,0.5253983163626232,-0.6,-0.5955033283008024,0.5235987755982988,0.5200440365768992
grid_2975,0.4631601330867065,0.3569070546849414,0.6493611559642188,0.14534654605692104,0.9992698942728149,0.19999999999999996,0.19570309721620305,1.5707963267948966,1.570882974718426,-0.2,-0.1957751068682212,0.5235987755982988,0.5285603215467134,-0.6,-0.5959257287006938,0.0,0.000865072270721079
grid_2976,0.43110888199552766,0.29815214602121604,0.1415990570558406,0.06631865143100593,0.9965938907610419,0.19999999999999996,0.19780340846482591,1.5707963267948966,1.5708218040206452,-0.2,-0.19168639914072916,1.0471975511965976,1.0468599040135667,-0.6,-0.5961952291537065,0.0,-0.0012190122407211845
grid_2977,0.34436932056450786,0.2220760330993975,0.05514077433280915,0.09087174918807032,1.0031995407273744,0.19999999999999996,0.19901428782699782,1.5707963267948966,1.5708225611991944,-0.2,-0.18899370737101773,1.0471975511965976,1.0454978446729841,-0.6,-0.5953892202465099,0.5235987755982988,0.5172733264122149
grid_2978,0.3153632390471943,0.22507814304567783,0.004806488628160325,0.012443998915651998,1.0048842677816172,0.19999999999999996,0.20000001856840033,1.5707963267948966,1.5708486082711088,-0.2,-0.18585752158849722,1.0471975511965976,1.0461015672176028,-0.6,-0.5977133436400681,1.0471975511965976,1.0367836362488472
grid_2979,0.17054902023195812,0.15480156245050547,0.038332163734288285,0.04877455263976322,1.0028011997647035,0.19999999999999996,0.20084274361250198,1.5707963267948966,1.57079777839422,-0.2,-0.1844738895125939,1.0471975511965976,1.0441051833514923,-0.6,-0.5962843384453036,1.5707963267948966,1.5593056560835574
grid_2980,0.19580516772059214,0.21110563756512826,0.1682295536758005,0.10320221787381045,0.9990747971076711,0.19999999999999996,0.20176780288105256,1.5707963267948966,1.5708344118563362,-0.2,-0.18616110112015782,1.0471975511965976,1.0460877314450006,-0.2,-0.19554297915283492,1.5707963267948966,1.5655512619220522
grid_2981,0.22356497994820784,0.21365566402474584,0.0022510195550850235,0.009811966760549505,0.9957032522096805,0.19999999999999996,0.2013406069007413,1.5707963267948966,1.570805403815272,-0.2,-0.1844813304724111,1.0471975511965976,1.0454081371452952,-0.2,-0.19848763384370915,1.0471975511965976,1.0404887429626628
grid_2982,0.19267217420046784,0.2324058794433378,0.01373071805260033,0.027605063021020206,1.0051237724213489,0.19999999999999996,0.1993924981872306,1.5707963267948966,1.5708285542336977,-0.2,-0.19116160432715645,1.0471975511965976,1.0475639461139679,-0.2,-0.19990383362469366,0.5235987755982988,0.5189311595504256
grid_2983,0.31904855241958274,0.32240126565780064,0.010278318102952775,0.019801804109814535,1.004944357775888,0.19999999999999996,0.19749508851663045,1.5707963267948966,1.570712842947679,-0.2,-0.19069709994051465,1.0471975511965976,1.0440821832354263,-0.2,-0.1990756469561079,0.0,-0.0027954502471940756
grid_2984,0.28920427840167645,0.21102788921681412,0.12260803619729865,0.11846796163896542,1.0025645822510503,0.19999999999999996,0.1986512585389386,1.5707963267948966,1.5706168329756167,-0.2,-0.19520948541032546,1.0471975511965976,1.047476129051149,0.19999999999999996,0.1958912146734635,0.0,-0.0029320153564755813
grid_2985,0.21750334804414662,0.24491449677888533,0.2527067039560244,0.08074349326724409,0.9979789037825583,0.19999999999999996,0.20017789718555346,1.5707963267948966,1.570840941338278,-0.2,-0.1902494323887396,1.0471975511965976,1.0445582922531074,0.19999999999999996,0.19754488423000982,0.5235987755982988,0.52024505304896
grid_2986,0.122633975110038,0.1208137345124767,0.2802501903804259,0.07316419494406935,0.9979120598180395,0.19999999999999996,0.2004320056577953,1.5707963267948966,1.5707837261290543,-0.2,-0.18697541926614214,1.0471975511965976,1.0455590461744144,0.19999999999999996,0.20039518985703086,1.0471975511965976,1.045775820160543
grid_2987,0.06447026049356716,0.06284629875319797,0.24294785703066948,0.15713811131487823,0.9981040471899604,0.19999999999999996,0.20116823893794766,1.5707963267948966,1.5707892177837133,-0.2,-0.1876605385528487,1.0471975511965976,1.045965678574766,0.19999999999999996,0.20283281617191662,1.5707963267948966,1.5705480441810602
grid_2988,0.11253174917380131,0.12121879144064805,0.1963874413343942,0.09384078329520334,1.002040316938657,0.19999999999999996,0.20221544197188113,1.5707963267948966,1.5708084950942514,-0.2,-0.18845447847557928,1.0471975511965976,1.0457062918632047,0.6,0.6013043848839752,1.5707963267948966,1.5707658453386042
grid_2989,0.0626869320646272,0.05592806166222339,0.426763924594132,0.13868320561298322,0.992171937078434,0.19999999999999996,0.2006573157099325,1.5707963267948966,1.5707692697300013,-0.2,-0.19003196641404685,1.0471975511965976,1.046662313726598,0.6,0.5985950556335693,1.0471975511965976,1.0502689330856878
grid_2990,0.14116463618305425,0.1226257242625851,0.46151622516740687,0.06447328064188465,0.9969098114449219,0.19999999999999996,0.19999556019594955,1.5707963267948966,1.5707705642524363,-0.2,-0.19204080382067268,1.0471975511965976,1.0474786939554281,0.6,0.5970071046679752,0.5235987755982988,0.5240797738410734
grid_2991,0.171370994572353,0.16134521929187742,0.4468526630215116,0.13921863073808702,0.9987239287383689,0.19999999999999996,0.1976354020875979,1.5707963267948966,1.5708386290098302,-0.2,-0.1974770430630448,1.0471975511965976,1.0451263894758451,0.6,0.5963876172007492,0.0,-0.004306860472300222
grid_2992,0.24294517867975102,0.23895993629165704,0.6120633596114463,0.2027024677187155,1.0034406112664864,0.19999999999999996,0.1962321669115621,1.5707963267948966,1.570830612337594,-0.2,-0.1992497367559345,1.5707963267948966,1.5706909697727234,0.6,0.5968345065299401,0.0,-0.00303516421281369
grid_2993,0.22922551459351417,0.1708854031490671,0.1821846061374644,0.15477784976269907,0.9994215292887801,0.19999999999999996,0.1985712147183989,1.5707963267948966,1.5707784541379013,-0.2,-0.1946492129825943,1.5707963267948966,1.5708418984048196,0.6,0.5973467151218008,0.5235987755982988,0.5274365883805388
grid_2994,0.5502696650944502,0.4608059658722884,0.2938917599176411,0.06566658360966225,0.9897872278350125,0.19999999999999996,0.2000729865556572,1.5707963267948966,1.5704247306132748,-0.2,-0.18660973984406226,1.5707963267948966,1.570832945619422,0.6,0.5983399552412303,1.0471975511965976,1.05588026068148
grid_2995,0.16993923691352825,0.10496895297965166,0.22340266815930537,0.08797407224612458,1.0003846633097397,0.19999999999999996,0.20212396611284156,1.5707963267948966,1.5708306156124783,-0.2,-0.18143221305624913,1.5707963267948966,1.5707817825168577,0.6,0.6006785348922774,1.5707963267948966,1.57085227439741
grid_2996,0.2269312712971689,0.18758547036657444,0.1147252227546683,0.08676002390107619,0.9978930097696022,0.19999999999999996,0.20204912844359502,1.5707963267948966,1.5707675521055346,-0.2,-0.17996017884857096,1.5707963267948966,1.5707731769914055,0.19999999999999996,0.2020931664541772,1.5707963267948966,1.57081717574827
grid_2997,0.032237152361526314,0.029222969054717066,0.2189770338521579,0.08315315866625628,0.9915058960151338,0.19999999999999996,0.19953814323061891,1.5707963267948966,1.5708213361275405,-0.2,-0.18801465591233324,1.5707963267948966,1.570791153903464,0.19999999999999996,0.19817977279053078,1.0471975511965976,1.0496545466458906
grid_2998,0.11922275804797959,0.12964417602733533,0.15835836572974388,0.05022943417830193,1.000087007083183,0.19999999999999996,0.19728121183918823,1.5707963267948966,1.5707904702307056,-0.2,-0.19619098615191977,1.5707963267948966,1.5707905843581393,0.19999999999999996,0.19712530793996308,0.5235987755982988,0.5231697004216507
grid_2999,0.108607857669949,0.0905450529502379,0.08255509065080038,0.09305797300113658,0.9982560676694792,0.19999999999999996,0.19594644104710746,1.5707963267948966,1.5708043045898314,-0.2,-0.19880117745194248,1.5707963267948966,1.5707852060015828,0.19999999999999996,0.19704854396795568,0.0,-0.0027246635886957193
grid_3000,0.2096708094710873,0.20902282789478818,0.012413444926075221,0.031091339406181057,0.996569519851265,0.19999999999999996,0.19589824837584757,1.5707963267948966,1.5708138479881377,-0.2,-0.19819517986674118,1.5707963267948966,1.568979317017857,-0.2,-0.20039637939533872,0.0,-0.0033400072916212054
grid_3001,0.08114761023334434,0.06766137032343181,0.0014450057252702723,0.005056223709839863,1.0095071768538741,0.19999999999999996,0.19827242865278194,1.5707963267948966,1.570736725794517,-0.2,-0.19507439724194775,1.5707963267948966,1.5697341795849704,-0.2,-0.20241028417469042,0.5235987755982988,0.5186042638414063
grid_3002,0.08937641953230147,0.08172533692005723,0.17387200471013642,0.036049916630086186,1.003579095405744,0.19999999999999996,0.19959373095430788,1.5707963267948966,1.5707930799566956,-0.2,-0.19092215132807322,1.5707963267948966,1.5680606054332493,-0.2,-0.20125351047618878,1.0471975511965976,1.0419205598135663
grid_3003,0.09115901689804938,0.1241975826998119,0.15859044906618833,0.0657147612688703,1.0019830130379677,0.19999999999999996,0.20186075895605882,1.5707963267948966,1.57087346915183,-0.2,-0.1771652833927222,1.5707963267948966,1.5700396025928827,-0.2,-0.19777029088445364,1.5707963267948966,1.5684596293347761
grid_3004,0.1095951869001264,0.12881994386851706,0.10318131161338442,0.06653413707392579,0.995557302166233,0.19999999999999996,0.20222786093874667,1.5707963267948966,1.5707723833757479,-0.2,-0.1788519065274059,1.5707963267948966,1.5705412977749624,-0.6,-0.5974196381990646,1.5707963267948966,1.5596338642276786
grid_3005,0.11806824681673564,0.15540161874409172,0.01600587764385704,0.03387592123939778,0.9926053505791741,0.19999999999999996,0.1991361138524841,1.5707963267948966,1.570851899539818,-0.2,-0.19175263835780498,1.5707963267948966,1.5695744304695056,-0.6,-0.5985063705815099,1.0471975511965976,1.0377378776578237
grid_3006,0.1717837417128813,0.136679126420729,0.01149247102222058,0.019308184913341988,0.9954957648395754,0.19999999999999996,0.19806949620484726,1.5707963267948966,1.5708005647986,-0.2,-0.19136503140044692,1.5707963267948966,1.5681065007692983,-0.6,-0.5966216297418248,0.5235987755982988,0.5150482481292666
grid_3007,0.49660741819257687,0.25885086973642,0.01015208241110956,0.021402325574579734,0.9949230474254976,0.19999999999999996,0.19568810749594867,1.5707963267948966,1.5708130599461763,-0.2,-0.1981185761853208,1.5707963267948966,1.5686980590256594,-0.6,-0.5963879066003797,0.0,-0.0038689362302610775
grid_3008,0.8348116185036091,0.26315966248708905,0.028892259263247833,0.04668164033683012,0.9992650993071763,0.19999999999999996,0.1964757040769083,1.5707963267948966,1.5709029891643658,-0.6,-0.5944641976573761,1.5707963267948966,1.5690033340390546,-0.6,-0.5959121988397627,0.0,-0.006528327895100716
grid_3009,0.2468450096795157,0.28524438969654015,0.028470768406890203,0.04999928192358621,1.0117091054703873,0.19999999999999996,0.19883932864852127,1.5707963267948966,1.5707823687893931,-0.6,-0.5933995094728015,1.5707963267948966,1.5696464701776778,-0.6,-0.5978134013655474,0.5235987755982988,0.5148734727422069
grid_3010,0.1459724567358614,0.11534085810663121,0.20193279452638718,0.05253084239937018,1.006599597355533,0.19999999999999996,0.20050341570398267,1.5707963267948966,1.570841483222961,-0.6,-0.5886579569342256,1.5707963267948966,1.5704252105929983,-0.6,-0.5992402517561688,1.0471975511965976,1.0388483382773712
grid_3011,0.12094743139143707,0.11883676454737914,0.22320050445271847,0.09513320779661275,1.0024511064140698,0.19999999999999996,0.2022203531438791,1.5707963267948966,1.5708091051622297,-0.6,-0.5765628492405099,1.5707963267948966,1.57084749039627,-0.6,-0.5965659772219531,1.5707963267948966,1.5668344770015104
grid_3012,0.11341253765766765,0.10306084328719015,0.1929379011172341,0.09134924048108135,0.9975989802883637,0.19999999999999996,0.20261572735241984,1.5707963267948966,1.570893511957431,-0.6,-0.5734201086566113,1.5707963267948966,1.5707794824850572,-0.2,-0.198365208324498,1.5707963267948966,1.570815289501617
grid_3013,0.6365571866244297,0.6198611837223499,0.1952900798607049,0.06694796301124693,0.9964782958041665,0.19999999999999996,0.2013029771350059,1.5707963267948966,1.570834201508811,-0.6,-0.5832094771164762,1.5707963267948966,1.5708348603751796,-0.2,-0.20094189277938224,1.0471975511965976,1.0440524338823485
grid_3014,0.28789565503877207,0.24869094324523583,0.2572796820985521,0.07910703951962929,0.9947601825967727,0.19999999999999996,0.19927220938348,1.5707963267948966,1.5707985877417583,-0.6,-0.5899525359623308,1.5707963267948966,1.5692247086153923,-0.2,-0.20123402616897135,0.5235987755982988,0.5161170599796812
grid_3015,0.4382477543641473,0.27880380043298125,0.08723019517808825,0.07640327510565828,0.9986174916304049,0.19999999999999996,0.19775115549937716,1.5707963267948966,1.5707965545051064,-0.6,-0.5963505584659652,1.5707963267948966,1.5707997718237365,-0.2,-0.20162920085772562,0.0,-0.0058400311580362185
grid_3016,0.11713760812331335,0.13444428216651336,0.28459001147102236,0.18326994553131157,1.0007474585809555,0.19999999999999996,0.1970356472916519,1.5707963267948966,1.5708104299316155,-0.6,-0.5960795594525665,1.5707963267948966,1.5706044163983446,0.19999999999999996,0.19738711031294098,0.0,-0.006051957767258642
grid_3017,0.061685008074717565,0.05298662995176954,0.36696286045729976,0.06987414934885955,1.005956615872832,0.19999999999999996,0.19852637875174928,1.5707963267948966,1.570750148157364,-0.6,-0.5941756357882939,1.5707963267948966,1.570813908873503,0.19999999999999996,0.1971272550325729,0.5235987755982988,0.5202018718886432
grid_3018,0.14455310266847426,0.16959083027462563,0.4068517219278198,0.03742548689371142,0.9974151825321329,0.19999999999999996,0.2011431813230855,1.5707963267948966,1.5708333972524136,-0.6,-0.5881274167872554,1.5707963267948966,1.5707344526424025,0.19999999999999996,0.19813431513710444,1.0471975511965976,1.048811220562226
grid_3019,0.3364532704859945,0.4284490912986918,0.3411586904111691,0.07625305419134495,1.0009483754113633,0.19999999999999996,0.20171758559923791,1.5707963267948966,1.5706485327912167,-0.6,-0.5777902211181649,1.5707963267948966,1.5707769750748497,0.19999999999999996,0.20214128086658167,1.5707963267948966,1.5708481006050867
grid_3020,0.10604146767763305,0.08458177920456313,0.4527945850398015,0.045986139181491276,1.0035785566646462,0.19999999999999996,0.20287822047829973,1.5707963267948966,1.5706447040623814,-0.6,-0.5830713245914971,1.5707963267948966,1.5706086665595906,0.6,0.6004794688574391,1.5707963267948966,1.570892594820024
grid_3021,0.14573212653041206,0.13675974876556524,0.4580534265477974,0.09385085848178785,1.0037625911889942,0.19999999999999996,0.20075923850815247,1.5707963267948966,1.5707732526245852,-0.6,-0.5843562793074577,1.5707963267948966,1.57079793051708,0.6,0.5984537780615975,1.0471975511965976,1.055343673899734
grid_3022,0.04574841368871736,0.04928849377719874,0.544888596490888,0.08820110347759944,1.001650984015006,0.19999999999999996,0.19768350893702458,1.5707963267948966,1.5707066852824267,-0.6,-0.5961134250425442,1.5707963267948966,1.5708395001136095,0.6,0.5985159593922234,0.5235987755982988,0.5216421779579763
grid_3023,0.07982258517993698,0.07308389272387528,0.1389635700513639,0.12542115002708432,0.9976276075649352,0.19999999999999996,0.19676884844050413,1.5707963267948966,1.5707930276651103,-0.6,-0.5981222407030158,1.5707963267948966,1.5708300361592942,0.6,0.5974555551950615,0.0,-0.007297780403339615
grid_3024,0.295673072087388,0.2370871919939482,0.08831047786046166,0.106583281688099,0.9945140520232278,0.19999999999999996,0.19866853474562962,1.5707963267948966,1.5708202276747958,-0.6,-0.5949683280369946,1.0471975511965976,1.0481531289358408,0.6,0.5956849945784395,0.0,-0.00891041705316109
grid_3025,0.4882766802081287,0.3443540685394048,0.268588500501555,0.15923283588262116,1.0043638375991493,0.19999999999999996,0.1997149172494117,1.5707963267948966,1.5705930291499932,-0.6,-0.5934436194326533,1.0471975511965976,1.045224756264859,0.6,0.5968298014072015,0.5235987755982988,0.5173168106890467
grid_3026,0.15969678408654672,0.1608198427554721,0.34108210428789737,0.19763885532364,0.9945233190936295,0.19999999999999996,0.20085678816701158,1.5707963267948966,1.570687748938024,-0.6,-0.5896877487465471,1.0471975511965976,1.0445513527280355,0.6,0.5992826332742371,1.0471975511965976,1.0448653000435826
grid_3027,0.16889265775347959,0.14553916798359384,0.3702207150035331,0.11960794908229806,1.0015270350790897,0.19999999999999996,0.20209698073494664,1.5707963267948966,1.5709041314377314,-0.6,-0.5875344087716714,1.0471975511965976,1.044921767787816,0.6,0.601342375760388,1.5707963267948966,1.570457080557989
grid_3028,0.17954408258563853,0.17483393077675824,0.32467465879833735,0.06877143315864781,1.0000764789588863,0.19999999999999996,0.20235942803231755,1.5707963267948966,1.5708919642353951,-0.6,-0.582149886073549,1.0471975511965976,1.045313145829308,0.19999999999999996,0.20322954661619264,1.5707963267948966,1.5667973195190497
grid_3029,0.6384683812499927,0.2747895762872203,0.24310669332611817,0.1048338017338583,0.9971233256672445,0.19999999999999996,0.20090483586573438,1.5707963267948966,1.5707112847989997,-0.6,-0.5842735908026295,1.0471975511965976,1.0442405601029412,0.19999999999999996,0.20051833755834636,1.0471975511965976,1.0410335642476003
grid_3030,0.37545941045031406,0.32624743043884574,0.15875313610475095,0.09306442832601326,1.0011819196927598,0.19999999999999996,0.20027625264889792,1.5707963267948966,1.5707469753182632,-0.6,-0.5906326661430992,1.0471975511965976,1.044055594833356,0.19999999999999996,0.1987679429251461,0.5235987755982988,0.516055827473167
grid_3031,0.4578965549593378,0.343810870864043,0.03958277964348754,0.06544387550044503,0.9952812995920028,0.19999999999999996,0.19760803995117815,1.5707963267948966,1.5708405791640274,-0.6,-0.5941154480647368,1.0471975511965976,1.0476679920765113,0.19999999999999996,0.19755570348150187,0.0,-0.005545194239071627
grid_3032,0.5321231705881014,0.4464889008571662,0.0689499898161447,0.0701538651818041,0.9972232906877834,0.19999999999999996,0.19797467139563096,1.5707963267948966,1.5708144938570445,-0.6,-0.5872492703432712,1.0471975511965976,1.0465388287078001,-0.2,-0.19823646046526644,0.0,-0.0047842425333701755
grid_3033,0.653058871135793,0.2923296967377125,0.0065555545428228655,0.013108658981095759,0.9940880507429926,0.19999999999999996,0.19979065604368973,1.5707963267948966,1.5708650566763325,-0.6,-0.5876941689351671,1.0471975511965976,1.0451023504243029,-0.2,-0.19754048224570386,0.5235987755982988,0.5145391226122555
grid_3034,0.2669942724620618,0.2502514057257768,0.19209551866266988,0.1129332893188162,1.0034932638646938,0.19999999999999996,0.20103049451430266,1.5707963267948966,1.5707923285264371,-0.6,-0.5894679934180491,1.0471975511965976,1.044765232494954,-0.2,-0.1972554742947077,1.0471975511965976,1.0367218757687633
grid_3035,0.5189564623575645,0.20630097897415084,0.2859382227225846,0.09424287443782946,1.0044429269914865,0.19999999999999996,0.2015073903778335,1.5707963267948966,1.5708558432957833,-0.6,-0.5856982669329724,1.0471975511965976,1.0454995304633998,-0.2,-0.19552470808380207,1.5707963267948966,1.5629785407703016
grid_3036,0.3895708364996092,0.31003114596419873,0.10550348278040347,0.08564635955417042,0.9931326544167904,0.19999999999999996,0.20243105222962665,1.5707963267948966,1.5708247895916267,-0.6,-0.5877862064883201,1.0471975511965976,1.0439550096494923,-0.6,-0.5954149153205002,1.5707963267948966,1.5592961438989388
grid_3037,0.3794671320621504,0.2942218575033552,0.012161340181374257,0.030618638592828786,0.9960619612099986,0.19999999999999996,0.20086899480275378,1.5707963267948966,1.5708944845765282,-0.6,-0.5832197717833223,1.0471975511965976,1.044561009136304,-0.6,-0.5943073352341521,1.0471975511965976,1.0298169310044996
grid_3038,0.5297503606020844,0.2969993527997551,0.020791533302270144,0.042511611403141546,0.995038605854783,0.19999999999999996,0.19867779382367168,1.5707963267948966,1.5707984638058345,-0.6,-0.5862623242173886,1.0471975511965976,1.0468493958847995,-0.6,-0.5920679003866356,0.5235987755982988,0.5106498065461071
grid_3039,0.21499384714538755,0.22388338877226968,0.28034834509474715,0.06597964517415562,1.001268668402922,0.19999999999999996,0.19698962913059148,1.5707963267948966,1.5708252699470178,-0.6,-0.5896502637650176,1.0471975511965976,1.0484827069443927,-0.6,-0.5928096499868376,0.0,-0.0033613707026303175
grid_3040,0.1920791877707359,0.1581240970148552,0.7715251147992639,0.13839846252061933,0.9839999863632528,0.19999999999999996,0.19570061534929994,1.5707963267948966,1.570840720412396,-0.6,-0.5923027933692415,0.5235987755982988,0.5317788491423618,-0.6,-0.5921029693096909,0.0,0.001306113948607468
grid_3041,0.23065388263879996,0.14548122593105617,0.5071392635821516,0.21186941104935383,1.0028600131256376,0.19999999999999996,0.1983279239968736,1.5707963267948966,1.5708637273279553,-0.6,-0.5861718513717573,0.5235987755982988,0.5275258521182247,-0.6,-0.5888091140591172,0.5235987755982988,0.5166190265205675
grid_3042,0.3026911493488168,0.20382570908181777,0.46267013829952186,0.09184996156215958,1.0057647380101795,0.19999999999999996,0.19943600887291613,1.5707963267948966,1.570854522092075,-0.6,-0.587882836994976,0.5235987755982988,0.5250096485217135,-0.6,-0.5904023872522366,1.0471975511965976,1.0320233043791571
grid_3043,0.13654037403274547,0.0871194827797136,0.046026964065785735,0.06560454404086871,1.0063915247938755,0.19999999999999996,0.2028862322659073,1.5707963267948966,1.570851272514628,-0.6,-0.5849928798051334,0.5235987755982988,0.5198916602457304,-0.6,-0.5938533718028864,1.5707963267948966,1.5516654689821818
grid_3044,0.18000461838930942,0.20235025165494588,0.06392086676060629,0.06477132641781953,1.0051449341714573,0.19999999999999996,0.20299320800430554,1.5707963267948966,1.5708491808277882,-0.6,-0.5858070517108738,0.5235987755982988,0.5205534210415914,-0.2,-0.1948603091706138,1.5707963267948966,1.5582816680666527
grid_3045,0.3244761568477496,0.20513216337120635,0.14032912926945773,0.11681158942200363,0.9983179813955665,0.19999999999999996,0.20037671532823165,1.5707963267948966,1.570875768243667,-0.6,-0.5874433275047481,0.5235987755982988,0.5230355623699143,-0.2,-0.19445862059713015,1.0471975511965976,1.0357878927955486
grid_3046,0.5155363357309333,0.3911588037655384,0.4687833145775989,0.12020096701034592,0.9957369235995603,0.19999999999999996,0.199158715708724,1.5707963267948966,1.5707296625995077,-0.6,-0.5886610825838412,0.5235987755982988,0.5249381467157255,-0.2,-0.19622754362188566,0.5235987755982988,0.516814626621767
grid_3047,0.666404710193393,0.4902439500648667,0.3657544801650917,0.13369767686642584,0.9899623371789821,0.19999999999999996,0.19842408249587962,1.5707963267948966,1.570891883282017,-0.6,-0.5903841133753032,0.5235987755982988,0.5277717508173767,-0.2,-0.19757038417728268,0.0,-0.00022552477945669835
grid_3048,0.2977962176433631,0.33592814585716935,0.29002962322357545,0.16919379153410144,1.0066722840522715,0.19999999999999996,0.1995265907013577,1.5707963267948966,1.570750320573305,-0.6,-0.5917285742332323,0.5235987755982988,0.5264456575631158,0.19999999999999996,0.19776236452261475,0.0,-0.0019408864029797357
grid_3049,0.46184924534353355,0.36436680704887103,0.09000778771005194,0.11091318615406388,1.0012780826531282,0.19999999999999996,0.2005979986079165,1.5707963267948966,1.5708440462809765,-0.6,-0.5900435198241132,0.5235987755982988,0.5237519697094912,0.19999999999999996,0.1992458873430536,0.5235987755982988,0.517792997841914
grid_3050,0.4762342636879476,0.32118647563653147,0.010223762705244197,0.021250892914448986,0.9928906987181207,0.19999999999999996,0.20165546779862709,1.5707963267948966,1.5708827235319793,-0.6,-0.5886415161954739,0.5235987755982988,0.5230613024321107,0.19999999999999996,0.2018603166859494,1.0471975511965976,1.0387390258708242
grid_3051,0.5651181038740805,0.3054522894913657,0.011752347934445906,0.03117592270133661,1.0021306413407196,0.19999999999999996,0.20346514968409846,1.5707963267948966,1.5708217864423801,-0.6,-0.5851380230710843,0.5235987755982988,0.5182907202177676,0.19999999999999996,0.20450762773679543,1.5707963267948966,1.5606801188932158
grid_3052,0.6471758157523761,0.3313886330046784,0.13592646532823477,0.08867715958547698,1.004135546602551,0.19999999999999996,0.20309731784439933,1.5707963267948966,1.5708834883983256,-0.6,-0.5862411337102778,0.5235987755982988,0.5194224660278461,0.6,0.6031478612095809,1.5707963267948966,1.5650607400081995
grid_3053,0.19201002672913448,0.14991317984022912,0.1668289769987352,0.10943472684854089,0.9989896308418433,0.19999999999999996,0.2028770005393552,1.5707963267948966,1.5708415656074148,-0.6,-0.5890680609972767,0.5235987755982988,0.5202165628011599,0.6,0.5994202673030191,1.0471975511965976,1.0416464237191523
grid_3054,0.3751384824494667,0.3041764820485545,0.17183485513598212,0.09511839297355655,0.998138722138958,0.19999999999999996,0.2004282368338446,1.5707963267948966,1.5703702180261958,-0.6,-0.5924510345550775,0.5235987755982988,0.5225246942487383,0.6,0.5967852185693685,0.5235987755982988,0.5187149723810993
grid_3055,0.2849369265424487,0.18531327526613972,0.05372568553756217,0.05455801669906345,0.9951521493538754,0.19999999999999996,0.20021295826575614,1.5707963267948966,1.570843784453099,-0.6,-0.5943297908068574,0.5235987755982988,0.524001947810147,0.6,0.5932244705052208,0.0,-0.003917418336397915
grid_3056,0.13031019412089834,0.10315209267713481,0.012832442187073339,0.02908407342218104,1.0017748468055614,0.19999999999999996,0.20035079401322786,1.5707963267948966,1.5708549216738774,-0.6,-0.5922887563549022,0.0,0.0035669057730638443,0.6,0.5920259257892626,0.0,0.0003525084364222053
grid_3057,0.39849748193450524,0.35724678559779494,0.04350774549581158,0.06927943712231409,0.9998379964998592,0.19999999999999996,0.20433650812508208,1.5707963267948966,1.5708911510914936,-0.6,-0.5892826214194553,0.0,-0.000645610059277324,0.6,0.5962843788747509,0.5235987755982988,0.5213509106827345
grid_3058,0.5314663956399993,0.4336271994169336,0.0876783739795027,0.09363190732235309,0.9958410939212013,0.19999999999999996,0.2038512962039416,1.5707963267948966,1.5708671278811108,-0.6,-0.5867227887040558,0.0,-0.0004196597399692692,0.6,0.5998416487465006,1.0471975511965976,1.0423267165363637
grid_3059,0.4824617291950849,0.25547125088588907,0.24734267847754632,0.0816769541727509,1.0014514268698007,0.19999999999999996,0.2036950469686829,1.5707963267948966,1.5708841408530976,-0.6,-0.5859236758697222,0.0,7.708232719316754e-05,0.6,0.6036094871519051,1.5707963267948966,1.5628109651241475
grid_3060,0.30524367279837405,0.21486430034351697,0.4416751378936964,0.16082348987352377,0.9893270226393529,0.19999999999999996,0.2044597355685971,1.5707963267948966,1.5708993641623588,-0.6,-0.584448712489654,0.0,0.0007734965990096043,0.19999999999999996,0.2062800523298618,1.5707963267948966,1.5594210037630942
grid_3061,0.6628753586465626,0.4137798801296163,0.596171898929763,0.22291046080756585,0.9979197722065397,0.19999999999999996,0.20357680893924446,1.5707963267948966,1.5709131713947215,-0.6,-0.5865627331047341,0.0,0.0037301542210004257,0.19999999999999996,0.20293018866015977,1.0471975511965976,1.0410027043694141
grid_3062,0.38202105318881924,0.40769187600345985,0.5535102143272024,0.16229519561543235,1.0006044622749983,0.19999999999999996,0.20131863742442313,1.5707963267948966,1.5708931500627124,-0.6,-0.5898549318765633,0.0,0.0049111640135155454,0.19999999999999996,0.19912013198732037,0.5235987755982988,0.522374282423538
grid_3063,0.3879556832967745,0.31985855615390457,0.6897064119050065,0.06854114335131117,0.9956162930378019,0.19999999999999996,0.19864967253361154,1.5707963267948966,1.570852564907586,-0.6,-0.5915177392983395,0.0,0.00965705502271419,0.19999999999999996,0.19686499292915105,0.0,0.0037242790524025793
grid_3064,0.6610882948858328,0.38042573133541036,1.0446845101992808,0.12637740833466016,0.9965012586270457,0.19999999999999996,0.19547566445944753,1.5707963267948966,1.5708612833886617,-0.6,-0.5922930718820538,0.0,0.013250470931584601,-0.2,-0.19764389192318355,0.0,0.005594464518835274
grid_3065,0.22669483525990133,0.2784996246917556,1.0583199914566042,0.2614812098075863,1.0023481228637772,0.19999999999999996,0.19905321997073067,1.5707963267948966,1.570895250217447,-0.6,-0.5902695162202436,0.0,0.010016736107313129,-0.2,-0.19610127003320788,0.5235987755982988,0.5227037892469966
grid_3066,0.2851076188187268,0.3279691954536024,0.7930885700095727,0.17818621084235725,0.9994755046863789,0.19999999999999996,0.20148423973290708,1.5707963267948966,1.5709015222475182,-0.6,-0.5865791153027136,0.0,0.005505947183084281,-0.2,-0.19438641448505223,1.0471975511965976,1.039797440944283
grid_3067,0.18879024377862771,0.21937964762587292,0.3990862773354142,0.1525834184083193,0.9996832414444523,0.19999999999999996,0.20463996279941732,1.5707963267948966,1.5708764180572903,-0.6,-0.5843084438931889,0.0,0.001130427235129794,-0.2,-0.1942074040693278,1.5707963267948966,1.55799313103309
grid_3068,0.2668892901373769,0.24945726125665155,0.7722525612866302,0.21674468757062595,0.9997558259940046,0.19999999999999996,0.20229208916240804,1.5707963267948966,1.570921750308366,-0.6,-0.5817062795296657,0.0,0.0013542483697097651,-0.6,-0.5940352336875083,1.5707963267948966,1.5536348158271878
grid_3069,0.13462703402217308,0.11572643854027488,0.8489071787019045,0.17675917921623374,0.9950697811525151,0.19999999999999996,0.2002013534012299,1.5707963267948966,1.5708933733209243,-0.6,-0.5862564460562583,0.0,0.00507622161905541,-0.6,-0.5893689332004239,1.0471975511965976,1.036213481614043
grid_3070,0.3579183634601993,0.30056064856475834,1.114909153354301,0.2109753725543302,0.9920726652467406,0.19999999999999996,0.19696616788123844,1.5707963267948966,1.5708913761642762,-0.6,-0.591314619316635,0.0,0.010337225968662267,-0.6,-0.5921091209511253,0.5235987755982988,0.5240253775357351
grid_3071,0.7642977123838788,0.30718856212581996,1.0187855050442969,0.13566536302619764,0.9986755509839188,0.19999999999999996,0.1927332023203423,1.5707963267948966,1.570853150626684,-0.6,-0.5914112593774883,0.0,0.014573193843824939,-0.6,-0.5897038343547907,0.0,0.0067367505611457545
grid_3072,1.1097,nan,1.1281,nan,0.97,0.6,nan,1.57079632679,nan,-0.6,nan,0,nan,-0.6,nan,0,nan
grid_3073,0.2136,nan,1.3558,nan,1.00,0.6,nan,1.57079632679,nan,-0.6,nan,0,nan,-0.6,nan,0.523598775598,nan
grid_3074,0.8681,nan,0.8420,nan,1.00,0.6,nan,1.57079632679,nan,-0.6,nan,0,nan,-0.6,nan,1.0471975512,nan
grid_3075,0.6403,nan,0.1484,nan,1.00,0.6,nan,1.57079632679,nan,-0.6,nan,0,nan,-0.6,nan,1.57079632679,nan
grid_3076,0.3181,nan,0.0613,nan,1.00,0.6,nan,1.57079632679,nan,-0.6,nan,0,nan,-0.2,nan,1.57079632679,nan
grid_3077,1.1668,nan,0.5770,nan,0.99,0.6,nan,1.57079632679,nan,-0.6,nan,0,nan,-0.2,nan,1.0471975512,nan
grid_3078,1.0097,nan,0.8659,nan,1.00,0.6,nan,1.57079632679,nan,-0.6,nan,0,nan,-0.2,nan,0.523598775598,nan
grid_3079,0.9103,nan,1.0977,nan,1.00,0.6,nan,1.57079632679,nan,-0.6,nan,0,nan,-0.2,nan,0,nan
grid_3080,0.8477,nan,0.3539,nan,1.01,0.6,nan,1.57079632679,nan,-0.6,nan,0,nan,0.2,nan,0,nan
grid_3081,0.6790,nan,0.2543,nan,1.01,0.6,nan,1.57079632679,nan,-0.6,nan,0,nan,0.2,nan,0.523598775598,nan
grid_3082,1.0262,nan,0.3283,nan,1.00,0.6,nan,1.57079632679,nan,-0.6,nan,0,nan,0.2,nan,1.0471975512,nan
grid_3083,1.2165,nan,0.0189,nan,1.00,0.6,nan,1.57079632679,nan,-0.6,nan,0,nan,0.2,nan,1.57079632679,nan
grid_3084,1.0977,nan,0.0572,nan,1.00,0.6,nan,1.57079632679,nan,-0.6,nan,0,nan,0.6,nan,1.57079632679,nan
grid_3085,0.8254,nan,0.4357,nan,1.00,0.6,nan,1.57079632679,nan,-0.6,nan,0,nan,0.6,nan,1.0471975512,nan
grid_3086,0.5930,nan,0.5075,nan,1.00,0.6,nan,1.57079632679,nan,-0.6,nan,0,nan,0.6,nan,0.523598775598,nan
grid_3087,1.1140,nan,0.5030,nan,1.00,0.6,nan,1.57079632679,nan,-0.6,nan,0,nan,0.6,nan,0,nan
grid_3088,1.5013,nan,0.7941,nan,1.01,0.6,nan,1.57079632679,nan,-0.6,nan,0.523598775598,nan,0.6,nan,0,nan
grid_3089,0.9891,nan,0.6861,nan,0.99,0.6,nan,1.57079632679,nan,-0.6,nan,0.523598775598,nan,0.6,nan,0.523598775598,nan
grid_3090,0.7604,nan,0.6385,nan,1.00,0.6,nan,1.57079632679,nan,-0.6,nan,0.523598775598,nan,0.6,nan,1.0471975512,nan
grid_3091,1.8062,nan,0.5790,nan,1.00,0.6,nan,1.57079632679,nan,-0.6,nan,0.523598775598,nan,0.6,nan,1.57079632679,nan
grid_3092,1.7701,nan,0.4007,nan,1.00,0.6,nan,1.57079632679,nan,-0.6,nan,0.523598775598,nan,0.2,nan,1.57079632679,nan
grid_3093,1.8735,nan,0.3933,nan,1.00,0.6,nan,1.57079632679,nan,-0.6,nan,0.523598775598,nan,0.2,nan,1.0471975512,nan
grid_3094,0.5694,nan,0.3302,nan,1.00,0.6,nan,1.57079632679,nan,-0.6,nan,0.523598775598,nan,0.2,nan,0.523598775598,nan
grid_3095,0.8707,nan,0.0401,nan,1.00,0.6,nan,1.57079632679,nan,-0.6,nan,0.523598775598,nan,0.2,nan,0,nan
grid_3096,1.1729,nan,0.1520,nan,0.99,0.6,nan,1.57079632679,nan,-0.6,nan,0.523598775598,nan,-0.2,nan,0,nan
grid_3097,1.1505,nan,0.1387,nan,1.01,0.6,nan,1.57079632679,nan,-0.6,nan,0.523598775598,nan,-0.2,nan,0.523598775598,nan
grid_3098,0.9878,nan,0.0487,nan,1.00,0.6,nan,1.57079632679,nan,-0.6,nan,0.523598775598,nan,-0.2,nan,1.0471975512,nan
grid_3099,0.7262,nan,0.1714,nan,1.00,0.6,nan,1.57079632679,nan,-0.6,nan,0.523598775598,nan,-0.2,nan,1.57079632679,nan
grid_3100,1.3522,nan,0.3019,nan,0.99,0.6,nan,1.57079632679,nan,-0.6,nan,0.523598775598,nan,-0.6,nan,1.57079632679,nan
grid_3101,1.0363,nan,0.0382,nan,1.00,0.6,nan,1.57079632679,nan,-0.6,nan,0.523598775598,nan,-0.6,nan,1.0471975512,nan
grid_3102,0.4711,nan,0.5146,nan,0.99,0.6,nan,1.57079632679,nan,-0.6,nan,0.523598775598,nan,-0.6,nan,0.523598775598,nan
grid_3103,1.1784,nan,0.4762,nan,1.00,0.6,nan,1.57079632679,nan,-0.6,nan,0.523598775598,nan,-0.6,nan,0,nan
grid_3104,0.6969,nan,0.0593,nan,1.01,0.6,nan,1.57079632679,nan,-0.6,nan,1.0471975512,nan,-0.6,nan,0,nan
grid_3105,1.0184,nan,0.0447,nan,1.00,0.6,nan,1.57079632679,nan,-0.6,nan,1.0471975512,nan,-0.6,nan,0.523598775598,nan
grid_3106,0.9607,nan,0.2685,nan,1.01,0.6,nan,1.57079632679,nan,-0.6,nan,1.0471975512,nan,-0.6,nan,1.0471975512,nan
grid_3107,0.7540,nan,0.4756,nan,1.00,0.6,nan,1.57079632679,nan,-0.6,nan,1.0471975512,nan,-0.6,nan,1.57079632679,nan
grid_3108,0.8518,nan,0.6449,nan,1.00,0.6,nan,1.57079632679,nan,-0.6,nan,1.0471975512,nan,-0.2,nan,1.57079632679,nan
grid_3109,0.7518,nan,0.3305,nan,0.99,0.6,nan,1.57079632679,nan,-0.6,nan,1.0471975512,nan,-0.2,nan,1.0471975512,nan
grid_3110,0.5202,nan,0.2832,nan,1.00,0.6,nan,1.57079632679,nan,-0.6,nan,1.0471975512,nan,-0.2,nan,0.523598775598,nan
grid_3111,0.4927,nan,0.0533,nan,1.00,0.6,nan,1.57079632679,nan,-0.6,nan,1.0471975512,nan,-0.2,nan,0,nan
grid_3112,0.3198,nan,0.1968,nan,1.01,0.6,nan,1.57079632679,nan,-0.6,nan,1.0471975512,nan,0.2,nan,0,nan
grid_3113,0.5223,nan,0.5293,nan,1.00,0.6,nan,1.57079632679,nan,-0.6,nan,1.0471975512,nan,0.2,nan,0.523598775598,nan
grid_3114,1.1146,nan,0.5819,nan,1.00,0.6,nan,1.57079632679,nan,-0.6,nan,1.0471975512,nan,0.2,nan,1.0471975512,nan
grid_3115,0.8754,nan,0.7427,nan,1.01,0.6,nan,1.57079632679,nan,-0.6,nan,1.0471975512,nan,0.2,nan,1.57079632679,nan
grid_3116,0.6126,nan,0.6902,nan,1.00,0.6,nan,1.57079632679,nan,-0.6,nan,1.0471975512,nan,0.6,nan,1.57079632679,nan
grid_3117,0.9550,nan,0.9266,nan,1.00,0.6,nan,1.57079632679,nan,-0.6,nan,1.0471975512,nan,0.6,nan,1.0471975512,nan
grid_3118,0.3295,nan,0.8704,nan,1.00,0.6,nan,1.57079632679,nan,-0.6,nan,1.0471975512,nan,0.6,nan,0.523598775598,nan
grid_3119,0.3021,nan,0.6045,nan,1.00,0.6,nan,1.57079632679,nan,-0.6,nan,1.0471975512,nan,0.6,nan,0,nan
grid_3120,0.1769,nan,0.3508,nan,1.00,0.6,nan,1.57079632679,nan,-0.6,nan,1.57079632679,nan,0.6,nan,0,nan
grid_3121,0.3076,nan,0.7957,nan,1.00,0.6,nan,1.57079632679,nan,-0.6,nan,1.57079632679,nan,0.6,nan,0.523598775598,nan
grid_3122,0.2237,nan,0.6462,nan,1.00,0.6,nan,1.57079632679,nan,-0.6,nan,1.57079632679,nan,0.6,nan,1.0471975512,nan
grid_3123,0.3224,nan,0.6636,nan,1.00,0.6,nan,1.57079632679,nan,-0.6,nan,1.57079632679,nan,0.6,nan,1.57079632679,nan
grid_3124,0.1063,nan,0.5635,nan,1.00,0.6,nan,1.57079632679,nan,-0.6,nan,1.57079632679,nan,0.2,nan,1.57079632679,nan
grid_3125,0.2083,nan,0.7506,nan,1.00,0.6,nan,1.57079632679,nan,-0.6,nan,1.57079632679,nan,0.2,nan,1.0471975512,nan
grid_3126,0.0850,nan,0.3792,nan,0.99,0.6,nan,1.57079632679,nan,-0.6,nan,1.57079632679,nan,0.2,nan,0.523598775598,nan
grid_3127,0.2828,nan,0.6754,nan,1.00,0.6,nan,1.57079632679,nan,-0.6,nan,1.57079632679,nan,0.2,nan,0,nan
grid_3128,0.5079,nan,0.2870,nan,1.01,0.6,nan,1.57079632679,nan,-0.6,nan,1.57079632679,nan,-0.2,nan,0,nan
grid_3129,0.3253,nan,0.4837,nan,1.00,0.6,nan,1.57079632679,nan,-0.6,nan,1.57079632679,nan,-0.2,nan,0.523598775598,nan
grid_3130,0.3297,nan,0.5928,nan,1.00,0.6,nan,1.57079632679,nan,-0.6,nan,1.57079632679,nan,-0.2,nan,1.0471975512,nan
grid_3131,0.0683,nan,0.5274,nan,1.00,0.6,nan,1.57079632679,nan,-0.6,nan,1.57079632679,nan,-0.2,nan,1.57079632679,nan
grid_3132,0.3170,nan,0.5377,nan,1.01,0.6,nan,1.57079632679,nan,-0.6,nan,1.57079632679,nan,-0.6,nan,1.57079632679,nan
grid_3133,0.1865,nan,0.4805,nan,0.99,0.6,nan,1.57079632679,nan,-0.6,nan,1.57079632679,nan,-0.6,nan,1.0471975512,nan
grid_3134,0.8296,nan,0.2774,nan,1.00,0.6,nan,1.57079632679,nan,-0.6,nan,1.57079632679,nan,-0.6,nan,0.523598775598,nan
grid_3135,0.1850,nan,0.1102,nan,1.00,0.6,nan,1.57079632679,nan,-0.6,nan,1.57079632679,nan,-0.6,nan,0,nan
grid_3136,0.8500,nan,0.1385,nan,1.00,0.6,nan,1.57079632679,nan,-0.2,nan,1.57079632679,nan,-0.6,nan,0,nan
grid_3137,0.6248,nan,0.2008,nan,1.00,0.6,nan,1.57079632679,nan,-0.2,nan,1.57079632679,nan,-0.6,nan,0.523598775598,nan
grid_3138,0.3675,nan,0.2270,nan,1.01,0.6,nan,1.57079632679,nan,-0.2,nan,1.57079632679,nan,-0.6,nan,1.0471975512,nan
grid_3139,0.4915,nan,0.1840,nan,1.00,0.6,nan,1.57079632679,nan,-0.2,nan,1.57079632679,nan,-0.6,nan,1.57079632679,nan
grid_3140,0.2534,nan,0.3716,nan,1.00,0.6,nan,1.57079632679,nan,-0.2,nan,1.57079632679,nan,-0.2,nan,1.57079632679,nan
grid_3141,0.1255,nan,0.3638,nan,1.00,0.6,nan,1.57079632679,nan,-0.2,nan,1.57079632679,nan,-0.2,nan,1.0471975512,nan
grid_3142,0.4171,nan,0.3515,nan,1.00,0.6,nan,1.57079632679,nan,-0.2,nan,1.57079632679,nan,-0.2,nan,0.523598775598,nan
grid_3143,0.3201,nan,0.0912,nan,1.00,0.6,nan,1.57079632679,nan,-0.2,nan,1.57079632679,nan,-0.2,nan,0,nan
grid_3144,0.1374,nan,0.3853,nan,1.01,0.6,nan,1.57079632679,nan,-0.2,nan,1.57079632679,nan,0.2,nan,0,nan
grid_3145,0.2606,nan,0.5668,nan,1.00,0.6,nan,1.57079632679,nan,-0.2,nan,1.57079632679,nan,0.2,nan,0.523598775598,nan
grid_3146,0.2947,nan,0.4749,nan,1.00,0.6,nan,1.57079632679,nan,-0.2,nan,1.57079632679,nan,0.2,nan,1.0471975512,nan
grid_3147,0.1317,nan,0.4594,nan,1.00,0.6,nan,1.57079632679,nan,-0.2,nan,1.57079632679,nan,0.2,nan,1.57079632679,nan
grid_3148,0.3026,nan,0.4898,nan,1.00,0.6,nan,1.57079632679,nan,-0.2,nan,1.57079632679,nan,0.6,nan,1.57079632679,nan
grid_3149,0.1309,nan,0.5813,nan,1.00,0.6,nan,1.57079632679,nan,-0.2,nan,1.57079632679,nan,0.6,nan,1.0471975512,nan
grid_3150,0.1689,nan,0.5054,nan,1.00,0.6,nan,1.57079632679,nan,-0.2,nan,1.57079632679,nan,0.6,nan,0.523598775598,nan
grid_3151,0.2249,nan,0.7072,nan,1.01,0.6,nan,1.57079632679,nan,-0.2,nan,1.57079632679,nan,0.6,nan,0,nan
grid_3152,0.2660,nan,0.5846,nan,1.00,0.6,nan,1.57079632679,nan,-0.2,nan,1.0471975512,nan,0.6,nan,0,nan
grid_3153,0.2009,nan,0.8667,nan,1.00,0.6,nan,1.57079632679,nan,-0.2,nan,1.0471975512,nan,0.6,nan,0.523598775598,nan
grid_3154,0.3013,nan,0.8782,nan,0.99,0.6,nan,1.57079632679,nan,-0.2,nan,1.0471975512,nan,0.6,nan,1.0471975512,nan
grid_3155,0.5075,nan,0.6494,nan,1.00,0.6,nan,1.57079632679,nan,-0.2,nan,1.0471975512,nan,0.6,nan,1.57079632679,nan
grid_3156,0.5625,nan,0.4160,nan,0.99,0.6,nan,1.57079632679,nan,-0.2,nan,1.0471975512,nan,0.2,nan,1.57079632679,nan
grid_3157,0.2214,nan,0.4597,nan,1.00,0.6,nan,1.57079632679,nan,-0.2,nan,1.0471975512,nan,0.2,nan,1.0471975512,nan
grid_3158,0.3557,nan,0.4979,nan,1.00,0.6,nan,1.57079632679,nan,-0.2,nan,1.0471975512,nan,0.2,nan,0.523598775598,nan
grid_3159,0.4369,nan,0.3904,nan,1.00,0.6,nan,1.57079632679,nan,-0.2,nan,1.0471975512,nan,0.2,nan,0,nan
grid_3160,0.3552,nan,0.2747,nan,0.99,0.6,nan,1.57079632679,nan,-0.2,nan,1.0471975512,nan,-0.2,nan,0,nan
grid_3161,0.8680,nan,0.1692,nan,1.01,0.6,nan,1.57079632679,nan,-0.2,nan,1.0471975512,nan,-0.2,nan,0.523598775598,nan
grid_3162,0.4708,nan,0.3261,nan,1.01,0.6,nan,1.57079632679,nan,-0.2,nan,1.0471975512,nan,-0.2,nan,1.0471975512,nan
grid_3163,0.5963,nan,0.3594,nan,1.00,0.6,nan,1.57079632679,nan,-0.2,nan,1.0471975512,nan,-0.2,nan,1.57079632679,nan
grid_3164,1.1131,nan,0.3976,nan,1.01,0.6,nan,1.57079632679,nan,-0.2,nan,1.0471975512,nan,-0.6,nan,1.57079632679,nan
grid_3165,1.1029,nan,0.1720,nan,0.99,0.6,nan,1.57079632679,nan,-0.2,nan,1.0471975512,nan,-0.6,nan,1.0471975512,nan
grid_3166,0.8800,nan,0.0170,nan,1.00,0.6,nan,1.57079632679,nan,-0.2,nan,1.0471975512,nan,-0.6,nan,0.523598775598,nan
grid_3167,0.8157,nan,0.0361,nan,1.00,0.6,nan,1.57079632679,nan,-0.2,nan,1.0471975512,nan,-0.6,nan,0,nan
grid_3168,0.6305,nan,0.4184,nan,1.00,0.6,nan,1.57079632679,nan,-0.2,nan,0.523598775598,nan,-0.6,nan,0,nan
grid_3169,1.4659,nan,0.0495,nan,1.00,0.6,nan,1.57079632679,nan,-0.2,nan,0.523598775598,nan,-0.6,nan,0.523598775598,nan
grid_3170,1.3480,nan,0.0604,nan,1.00,0.6,nan,1.57079632679,nan,-0.2,nan,0.523598775598,nan,-0.6,nan,1.0471975512,nan
grid_3171,0.6882,nan,0.4466,nan,1.01,0.6,nan,1.57079632679,nan,-0.2,nan,0.523598775598,nan,-0.6,nan,1.57079632679,nan
grid_3172,0.7950,nan,0.3922,nan,1.00,0.6,nan,1.57079632679,nan,-0.2,nan,0.523598775598,nan,-0.2,nan,1.57079632679,nan
grid_3173,0.8991,nan,0.3723,nan,0.99,0.6,nan,1.57079632679,nan,-0.2,nan,0.523598775598,nan,-0.2,nan,1.0471975512,nan
grid_3174,1.2009,nan,0.2374,nan,1.00,0.6,nan,1.57079632679,nan,-0.2,nan,0.523598775598,nan,-0.2,nan,0.523598775598,nan
grid_3175,0.5566,nan,0.0369,nan,1.00,0.6,nan,1.57079632679,nan,-0.2,nan,0.523598775598,nan,-0.2,nan,0,nan
grid_3176,0.2779,nan,0.6061,nan,1.01,0.6,nan,1.57079632679,nan,-0.2,nan,0.523598775598,nan,0.2,nan,0,nan
grid_3177,0.7144,nan,0.5965,nan,1.00,0.6,nan,1.57079632679,nan,-0.2,nan,0.523598775598,nan,0.2,nan,0.523598775598,nan
grid_3178,1.0311,nan,0.6387,nan,1.01,0.6,nan,1.57079632679,nan,-0.2,nan,0.523598775598,nan,0.2,nan,1.0471975512,nan
grid_3179,0.7872,nan,0.5964,nan,0.99,0.6,nan,1.57079632679,nan,-0.2,nan,0.523598775598,nan,0.2,nan,1.57079632679,nan
grid_3180,0.4993,nan,0.6702,nan,1.00,0.6,nan,1.57079632679,nan,-0.2,nan,0.523598775598,nan,0.6,nan,1.57079632679,nan
grid_3181,0.4369,nan,0.9276,nan,1.00,0.6,nan,1.57079632679,nan,-0.2,nan,0.523598775598,nan,0.6,nan,1.0471975512,nan
grid_3182,0.4942,nan,1.0967,nan,1.00,0.6,nan,1.57079632679,nan,-0.2,nan,0.523598775598,nan,0.6,nan,0.523598775598,nan
grid_3183,0.2852,nan,1.0518,nan,1.00,0.6,nan,1.57079632679,nan,-0.2,nan,0.523598775598,nan,0.6,nan,0,nan
grid_3184,0.1970,nan,1.4992,nan,0.99,0.6,nan,1.57079632679,nan,-0.2,nan,0,nan,0.6,nan,0,nan
grid_3185,0.2736,nan,1.6644,nan,1.01,0.6,nan,1.57079632679,nan,-0.2,nan,0,nan,0.6,nan,0.523598775598,nan
grid_3186,0.4770,nan,1.3404,nan,1.00,0.6,nan,1.57079632679,nan,-0.2,nan,0,nan,0.6,nan,1.0471975512,nan
grid_3187,0.2179,nan,0.8612,nan,1.00,0.6,nan,1.57079632679,nan,-0.2,nan,0,nan,0.6,nan,1.57079632679,nan
grid_3188,1.3242,nan,0.5051,nan,0.99,0.6,nan,1.57079632679,nan,-0.2,nan,0,nan,0.2,nan,1.57079632679,nan
grid_3189,0.5157,nan,0.9069,nan,1.00,0.6,nan,1.57079632679,nan,-0.2,nan,0,nan,0.2,nan,1.0471975512,nan
grid_3190,0.8088,nan,0.8645,nan,1.00,0.6,nan,1.57079632679,nan,-0.2,nan,0,nan,0.2,nan,0.523598775598,nan
grid_3191,1.1613,nan,0.6422,nan,1.00,0.6,nan,1.57079632679,nan,-0.2,nan,0,nan,0.2,nan,0,nan
grid_3192,0.6929,nan,0.1028,nan,1.00,0.6,nan,1.57079632679,nan,-0.2,nan,0,nan,-0.2,nan,0,nan
grid_3193,1.5201,nan,0.0167,nan,1.00,0.6,nan,1.57079632679,nan,-0.2,nan,0,nan,-0.2,nan,0.523598775598,nan
grid_3194,1.3829,nan,0.1009,nan,1.00,0.6,nan,1.57079632679,nan,-0.2,nan,0,nan,-0.2,nan,1.0471975512,nan
grid_3195,0.8588,nan,0.5384,nan,1.00,0.6,nan,1.57079632679,nan,-0.2,nan,0,nan,-0.2,nan,1.57079632679,nan
grid_3196,1.8502,nan,0.2468,nan,1.00,0.6,nan,1.57079632679,nan,-0.2,nan,0,nan,-0.6,nan,1.57079632679,nan
grid_3197,1.8877,nan,0.1015,nan,0.99,0.6,nan,1.57079632679,nan,-0.2,nan,0,nan,-0.6,nan,1.0471975512,nan
grid_3198,1.1427,nan,0.4615,nan,1.00,0.6,nan,1.57079632679,nan,-0.2,nan,0,nan,-0.6,nan,0.523598775598,nan
grid_3199,0.7153,nan,0.9368,nan,1.01,0.6,nan,1.57079632679,nan,-0.2,nan,0,nan,-0.6,nan,0,nan
grid_3200,0.0770,nan,0.0017,nan,1.02,0.6,nan,1.57079632679,nan,0.2,nan,0,nan,-0.6,nan,0,nan
grid_3201,0.2298,nan,0.2629,nan,1.00,0.6,nan,1.57079632679,nan,0.2,nan,0,nan,-0.6,nan,0.523598775598,nan
grid_3202,0.3488,nan,0.6429,nan,1.00,0.6,nan,1.57079632679,nan,0.2,nan,0,nan,-0.6,nan,1.0471975512,nan
grid_3203,0.2484,nan,1.0642,nan,1.00,0.6,nan,1.57079632679,nan,0.2,nan,0,nan,-0.6,nan,1.57079632679,nan
grid_3204,0.0726,nan,1.1323,nan,1.00,0.6,nan,1.57079632679,nan,0.2,nan,0,nan,-0.2,nan,1.57079632679,nan
grid_3205,0.1303,nan,1.2778,nan,1.01,0.6,nan,1.57079632679,nan,0.2,nan,0,nan,-0.2,nan,1.0471975512,nan
grid_3206,0.1979,nan,1.0361,nan,1.00,0.6,nan,1.57079632679,nan,0.2,nan,0,nan,-0.2,nan,0.523598775598,nan
grid_3207,0.2162,nan,0.5964,nan,1.00,0.6,nan,1.57079632679,nan,0.2,nan,0,nan,-0.2,nan,0,nan
grid_3208,0.2278,nan,1.3915,nan,1.00,0.6,nan,1.57079632679,nan,0.2,nan,0,nan,0.2,nan,0,nan
grid_3209,0.3217,nan,1.5949,nan,1.00,0.6,nan,1.57079632679,nan,0.2,nan,0,nan,0.2,nan,0.523598775598,nan
grid_3210,0.2708,nan,1.6555,nan,1.00,0.6,nan,1.57079632679,nan,0.2,nan,0,nan,0.2,nan,1.0471975512,nan
grid_3211,0.0316,nan,1.4163,nan,1.00,0.6,nan,1.57079632679,nan,0.2,nan,0,nan,0.2,nan,1.57079632679,nan
grid_3212,0.2972,nan,1.5487,nan,1.00,0.6,nan,1.57079632679,nan,0.2,nan,0,nan,0.6,nan,1.57079632679,nan
grid_3213,0.1396,nan,1.8198,nan,1.00,0.6,nan,1.57079632679,nan,0.2,nan,0,nan,0.6,nan,1.0471975512,nan
grid_3214,0.4410,nan,2.1017,nan,1.00,0.6,nan,1.57079632679,nan,0.2,nan,0,nan,0.6,nan,0.523598775598,nan
grid_3215,0.4302,nan,1.5296,nan,1.00,0.6,nan,1.57079632679,nan,0.2,nan,0,nan,0.6,nan,0,nan
grid_3216,0.6535,nan,1.5456,nan,1.01,0.6,nan,1.57079632679,nan,0.2,nan,0.523598775598,nan,0.6,nan,0,nan
grid_3217,0.2525,nan,1.4024,nan,0.99,0.6,nan,1.57079632679,nan,0.2,nan,0.523598775598,nan,0.6,nan,0.523598775598,nan
grid_3218,0.0920,nan,1.2168,nan,1.00,0.6,nan,1.57079632679,nan,0.2,nan,0.523598775598,nan,0.6,nan,1.0471975512,nan
grid_3219,0.1109,nan,0.9090,nan,1.00,0.6,nan,1.57079632679,nan,0.2,nan,0.523598775598,nan,0.6,nan,1.57079632679,nan
grid_3220,0.0900,nan,0.7680,nan,1.00,0.6,nan,1.57079632679,nan,0.2,nan,0.523598775598,nan,0.2,nan,1.57079632679,nan
grid_3221,0.2607,nan,0.8704,nan,1.00,0.6,nan,1.57079632679,nan,0.2,nan,0.523598775598,nan,0.2,nan,1.0471975512,nan
grid_3222,0.2032,nan,1.0752,nan,1.00,0.6,nan,1.57079632679,nan,0.2,nan,0.523598775598,nan,0.2,nan,0.523598775598,nan
grid_3223,0.3402,nan,1.2007,nan,1.00,0.6,nan,1.57079632679,nan,0.2,nan,0.523598775598,nan,0.2,nan,0,nan
grid_3224,0.4049,nan,0.6337,nan,0.99,0.6,nan,1.57079632679,nan,0.2,nan,0.523598775598,nan,-0.2,nan,0,nan
grid_3225,0.2257,nan,0.5561,nan,1.00,0.6,nan,1.57079632679,nan,0.2,nan,0.523598775598,nan,-0.2,nan,0.523598775598,nan
grid_3226,0.4969,nan,0.6345,nan,1.00,0.6,nan,1.57079632679,nan,0.2,nan,0.523598775598,nan,-0.2,nan,1.0471975512,nan
grid_3227,0.1082,nan,0.7441,nan,1.00,0.6,nan,1.57079632679,nan,0.2,nan,0.523598775598,nan,-0.2,nan,1.57079632679,nan
grid_3228,0.2237,nan,0.6617,nan,1.00,0.6,nan,1.57079632679,nan,0.2,nan,0.523598775598,nan,-0.6,nan,1.57079632679,nan
grid_3229,0.3196,nan,0.2693,nan,0.99,0.6,nan,1.57079632679,nan,0.2,nan,0.523598775598,nan,-0.6,nan,1.0471975512,nan
grid_3230,0.6385,nan,0.1307,nan,1.00,0.6,nan,1.57079632679,nan,0.2,nan,0.523598775598,nan,-0.6,nan,0.523598775598,nan
grid_3231,0.4997,nan,0.0382,nan,1.00,0.6,nan,1.57079632679,nan,0.2,nan,0.523598775598,nan,-0.6,nan,0,nan
grid_3232,0.2506,nan,0.1570,nan,1.00,0.6,nan,1.57079632679,nan,0.2,nan,1.0471975512,nan,-0.6,nan,0,nan
grid_3233,0.1250,nan,0.0151,nan,1.00,0.6,nan,1.57079632679,nan,0.2,nan,1.0471975512,nan,-0.6,nan,0.523598775598,nan
grid_3234,0.9236,nan,0.1362,nan,0.99,0.6,nan,1.57079632679,nan,0.2,nan,1.0471975512,nan,-0.6,nan,1.0471975512,nan
grid_3235,0.5242,nan,0.1565,nan,1.01,0.6,nan,1.57079632679,nan,0.2,nan,1.0471975512,nan,-0.6,nan,1.57079632679,nan
grid_3236,0.4693,nan,0.3181,nan,1.00,0.6,nan,1.57079632679,nan,0.2,nan,1.0471975512,nan,-0.2,nan,1.57079632679,nan
grid_3237,0.3010,nan,0.2484,nan,0.99,0.6,nan,1.57079632679,nan,0.2,nan,1.0471975512,nan,-0.2,nan,1.0471975512,nan
grid_3238,0.2460,nan,0.4367,nan,1.00,0.6,nan,1.57079632679,nan,0.2,nan,1.0471975512,nan,-0.2,nan,0.523598775598,nan
grid_3239,0.3128,nan,0.3137,nan,1.00,0.6,nan,1.57079632679,nan,0.2,nan,1.0471975512,nan,-0.2,nan,0,nan
grid_3240,0.2613,nan,0.6694,nan,1.00,0.6,nan,1.57079632679,nan,0.2,nan,1.0471975512,nan,0.2,nan,0,nan
grid_3241,0.2164,nan,0.6366,nan,1.00,0.6,nan,1.57079632679,nan,0.2,nan,1.0471975512,nan,0.2,nan,0.523598775598,nan
grid_3242,0.0750,nan,0.5395,nan,1.00,0.6,nan,1.57079632679,nan,0.2,nan,1.0471975512,nan,0.2,nan,1.0471975512,nan
grid_3243,0.3630,nan,0.3695,nan,1.00,0.6,nan,1.57079632679,nan,0.2,nan,1.0471975512,nan,0.2,nan,1.57079632679,nan
grid_3244,0.2368,nan,0.4268,nan,1.01,0.6,nan,1.57079632679,nan,0.2,nan,1.0471975512,nan,0.6,nan,1.57079632679,nan
grid_3245,0.1361,nan,0.5605,nan,1.00,0.6,nan,1.57079632679,nan,0.2,nan,1.0471975512,nan,0.6,nan,1.0471975512,nan
grid_3246,0.2458,nan,0.9265,nan,1.00,0.6,nan,1.57079632679,nan,0.2,nan,1.0471975512,nan,0.6,nan,0.523598775598,nan
grid_3247,0.1658,nan,0.9744,nan,1.00,0.6,nan,1.57079632679,nan,0.2,nan,1.0471975512,nan,0.6,nan,0,nan
grid_3248,0.1926,nan,0.5805,nan,1.00,0.6,nan,1.57079632679,nan,0.2,nan,1.57079632679,nan,0.6,nan,0,nan
grid_3249,0.0928,nan,0.5292,nan,1.00,0.6,nan,1.57079632679,nan,0.2,nan,1.57079632679,nan,0.6,nan,0.523598775598,nan
grid_3250,0.1692,nan,0.4369,nan,1.00,0.6,nan,1.57079632679,nan,0.2,nan,1.57079632679,nan,0.6,nan,1.0471975512,nan
grid_3251,0.3299,nan,0.3264,nan,0.99,0.6,nan,1.57079632679,nan,0.2,nan,1.57079632679,nan,0.6,nan,1.57079632679,nan
grid_3252,0.1297,nan,0.3373,nan,1.00,0.6,nan,1.57079632679,nan,0.2,nan,1.57079632679,nan,0.2,nan,1.57079632679,nan
grid_3253,0.2223,nan,0.3360,nan,1.00,0.6,nan,1.57079632679,nan,0.2,nan,1.57079632679,nan,0.2,nan,1.0471975512,nan
grid_3254,0.1451,nan,0.3578,nan,1.01,0.6,nan,1.57079632679,nan,0.2,nan,1.57079632679,nan,0.2,nan,0.523598775598,nan
grid_3255,0.5721,nan,0.3695,nan,1.01,0.6,nan,1.57079632679,nan,0.2,nan,1.57079632679,nan,0.2,nan,0,nan
grid_3256,0.1431,nan,0.1845,nan,1.00,0.6,nan,1.57079632679,nan,0.2,nan,1.57079632679,nan,-0.2,nan,0,nan
grid_3257,0.6634,nan,0.1455,nan,1.00,0.6,nan,1.57079632679,nan,0.2,nan,1.57079632679,nan,-0.2,nan,0.523598775598,nan
grid_3258,0.3271,nan,0.2538,nan,1.00,0.6,nan,1.57079632679,nan,0.2,nan,1.57079632679,nan,-0.2,nan,1.0471975512,nan
grid_3259,0.7415,nan,0.2741,nan,0.99,0.6,nan,1.57079632679,nan,0.2,nan,1.57079632679,nan,-0.2,nan,1.57079632679,nan
grid_3260,0.5688,nan,0.1529,nan,0.99,0.6,nan,1.57079632679,nan,0.2,nan,1.57079632679,nan,-0.6,nan,1.57079632679,nan
grid_3261,0.3678,nan,0.0925,nan,1.00,0.6,nan,1.57079632679,nan,0.2,nan,1.57079632679,nan,-0.6,nan,1.0471975512,nan
grid_3262,0.7517,nan,0.1093,nan,0.99,0.6,nan,1.57079632679,nan,0.2,nan,1.57079632679,nan,-0.6,nan,0.523598775598,nan
grid_3263,0.6363,nan,0.1787,nan,1.00,0.6,nan,1.57079632679,nan,0.2,nan,1.57079632679,nan,-0.6,nan,0,nan
grid_3264,0.8144,nan,0.2086,nan,1.00,0.6,nan,1.57079632679,nan,0.6,nan,1.57079632679,nan,-0.6,nan,0,nan
grid_3265,0.9402,nan,0.0724,nan,1.00,0.6,nan,1.57079632679,nan,0.6,nan,1.57079632679,nan,-0.6,nan,0.523598775598,nan
grid_3266,0.4913,nan,0.0113,nan,0.99,0.6,nan,1.57079632679,nan,0.6,nan,1.57079632679,nan,-0.6,nan,1.0471975512,nan
grid_3267,0.5138,nan,0.0190,nan,1.01,0.6,nan,1.57079632679,nan,0.6,nan,1.57079632679,nan,-0.6,nan,1.57079632679,nan
grid_3268,0.3973,nan,0.0254,nan,1.00,0.6,nan,1.57079632679,nan,0.6,nan,1.57079632679,nan,-0.2,nan,1.57079632679,nan
grid_3269,0.2982,nan,0.1197,nan,1.00,0.6,nan,1.57079632679,nan,0.6,nan,1.57079632679,nan,-0.2,nan,1.0471975512,nan
grid_3270,0.3923,nan,0.1249,nan,1.00,0.6,nan,1.57079632679,nan,0.6,nan,1.57079632679,nan,-0.2,nan,0.523598775598,nan
grid_3271,0.2718,nan,0.1753,nan,1.00,0.6,nan,1.57079632679,nan,0.6,nan,1.57079632679,nan,-0.2,nan,0,nan
grid_3272,0.1227,nan,0.4059,nan,1.00,0.6,nan,1.57079632679,nan,0.6,nan,1.57079632679,nan,0.2,nan,0,nan
grid_3273,0.1956,nan,0.2704,nan,1.00,0.6,nan,1.57079632679,nan,0.6,nan,1.57079632679,nan,0.2,nan,0.523598775598,nan
grid_3274,0.3146,nan,0.2301,nan,0.99,0.6,nan,1.57079632679,nan,0.6,nan,1.57079632679,nan,0.2,nan,1.0471975512,nan
grid_3275,0.5040,nan,0.0867,nan,1.00,0.6,nan,1.57079632679,nan,0.6,nan,1.57079632679,nan,0.2,nan,1.57079632679,nan
grid_3276,0.6578,nan,0.1139,nan,1.00,0.6,nan,1.57079632679,nan,0.6,nan,1.57079632679,nan,0.6,nan,1.57079632679,nan
grid_3277,0.2531,nan,0.2276,nan,1.01,0.6,nan,1.57079632679,nan,0.6,nan,1.57079632679,nan,0.6,nan,1.0471975512,nan
grid_3278,0.1003,nan,0.3513,nan,1.00,0.6,nan,1.57079632679,nan,0.6,nan,1.57079632679,nan,0.6,nan,0.523598775598,nan
grid_3279,0.4158,nan,0.4558,nan,1.00,0.6,nan,1.57079632679,nan,0.6,nan,1.57079632679,nan,0.6,nan,0,nan
grid_3280,0.1227,nan,0.8910,nan,1.01,0.6,nan,1.57079632679,nan,0.6,nan,1.0471975512,nan,0.6,nan,0,nan
grid_3281,0.1226,nan,0.7073,nan,0.99,0.6,nan,1.57079632679,nan,0.6,nan,1.0471975512,nan,0.6,nan,0.523598775598,nan
grid_3282,0.2605,nan,0.4362,nan,1.00,0.6,nan,1.57079632679,nan,0.6,nan,1.0471975512,nan,0.6,nan,1.0471975512,nan
grid_3283,0.1083,nan,0.2161,nan,1.00,0.6,nan,1.57079632679,nan,0.6,nan,1.0471975512,nan,0.6,nan,1.57079632679,nan
grid_3284,0.1439,nan,0.1174,nan,1.00,0.6,nan,1.57079632679,nan,0.6,nan,1.0471975512,nan,0.2,nan,1.57079632679,nan
grid_3285,0.1388,nan,0.2727,nan,1.00,0.6,nan,1.57079632679,nan,0.6,nan,1.0471975512,nan,0.2,nan,1.0471975512,nan
grid_3286,0.1446,nan,0.5907,nan,1.00,0.6,nan,1.57079632679,nan,0.6,nan,1.0471975512,nan,0.2,nan,0.523598775598,nan
grid_3287,0.1215,nan,0.6909,nan,1.00,0.6,nan,1.57079632679,nan,0.6,nan,1.0471975512,nan,0.2,nan,0,nan
grid_3288,0.2450,nan,0.5265,nan,1.00,0.6,nan,1.57079632679,nan,0.6,nan,1.0471975512,nan,-0.2,nan,0,nan
grid_3289,0.1111,nan,0.3457,nan,0.99,0.6,nan,1.57079632679,nan,0.6,nan,1.0471975512,nan,-0.2,nan,0.523598775598,nan
grid_3290,0.1979,nan,0.2163,nan,1.01,0.6,nan,1.57079632679,nan,0.6,nan,1.0471975512,nan,-0.2,nan,1.0471975512,nan
grid_3291,0.1883,nan,0.0363,nan,0.99,0.6,nan,1.57079632679,nan,0.6,nan,1.0471975512,nan,-0.2,nan,1.57079632679,nan
grid_3292,0.2332,nan,0.0488,nan,1.00,0.6,nan,1.57079632679,nan,0.6,nan,1.0471975512,nan,-0.6,nan,1.57079632679,nan
grid_3293,0.2426,nan,0.0621,nan,1.00,0.6,nan,1.57079632679,nan,0.6,nan,1.0471975512,nan,-0.6,nan,1.0471975512,nan
grid_3294,0.3626,nan,0.1453,nan,1.00,0.6,nan,1.57079632679,nan,0.6,nan,1.0471975512,nan,-0.6,nan,0.523598775598,nan
grid_3295,0.2916,nan,0.1754,nan,1.00,0.6,nan,1.57079632679,nan,0.6,nan,1.0471975512,nan,-0.6,nan,0,nan
grid_3296,0.3405,nan,0.5030,nan,1.00,0.6,nan,1.57079632679,nan,0.6,nan,0.523598775598,nan,-0.6,nan,0,nan
grid_3297,0.1646,nan,0.4811,nan,1.00,0.6,nan,1.57079632679,nan,0.6,nan,0.523598775598,nan,-0.6,nan,0.523598775598,nan
grid_3298,0.1841,nan,0.6288,nan,1.00,0.6,nan,1.57079632679,nan,0.6,nan,0.523598775598,nan,-0.6,nan,1.0471975512,nan
grid_3299,0.5821,nan,0.5162,nan,1.00,0.6,nan,1.57079632679,nan,0.6,nan,0.523598775598,nan,-0.6,nan,1.57079632679,nan
grid_3300,0.4072,nan,0.6264,nan,1.00,0.6,nan,1.57079632679,nan,0.6,nan,0.523598775598,nan,-0.2,nan,1.57079632679,nan
grid_3301,0.2415,nan,0.8525,nan,1.00,0.6,nan,1.57079632679,nan,0.6,nan,0.523598775598,nan,-0.2,nan,1.0471975512,nan
grid_3302,0.2493,nan,0.9452,nan,1.00,0.6,nan,1.57079632679,nan,0.6,nan,0.523598775598,nan,-0.2,nan,0.523598775598,nan
grid_3303,0.4006,nan,0.8588,nan,1.00,0.6,nan,1.57079632679,nan,0.6,nan,0.523598775598,nan,-0.2,nan,0,nan
grid_3304,0.6940,nan,1.2196,nan,1.00,0.6,nan,1.57079632679,nan,0.6,nan,0.523598775598,nan,0.2,nan,0,nan
grid_3305,0.3276,nan,1.3178,nan,1.00,0.6,nan,1.57079632679,nan,0.6,nan,0.523598775598,nan,0.2,nan,0.523598775598,nan
grid_3306,0.4246,nan,0.9759,nan,1.00,0.6,nan,1.57079632679,nan,0.6,nan,0.523598775598,nan,0.2,nan,1.0471975512,nan
grid_3307,0.5396,nan,0.5288,nan,1.01,0.6,nan,1.57079632679,nan,0.6,nan,0.523598775598,nan,0.2,nan,1.57079632679,nan
grid_3308,0.2998,nan,0.7844,nan,1.00,0.6,nan,1.57079632679,nan,0.6,nan,0.523598775598,nan,0.6,nan,1.57079632679,nan
grid_3309,0.1933,nan,1.0321,nan,1.01,0.6,nan,1.57079632679,nan,0.6,nan,0.523598775598,nan,0.6,nan,1.0471975512,nan
grid_3310,0.1471,nan,1.3797,nan,1.00,0.6,nan,1.57079632679,nan,0.6,nan,0.523598775598,nan,0.6,nan,0.523598775598,nan
grid_3311,0.4330,nan,1.4127,nan,1.01,0.6,nan,1.57079632679,nan,0.6,nan,0.523598775598,nan,0.6,nan,0,nan
grid_3312,0.3600,nan,1.1309,nan,1.00,0.6,nan,1.57079632679,nan,0.6,nan,0,nan,0.6,nan,0,nan
grid_3313,0.8234,nan,1.8100,nan,1.00,0.6,nan,1.57079632679,nan,0.6,nan,0,nan,0.6,nan,0.523598775598,nan
grid_3314,0.2860,nan,1.8854,nan,0.99,0.6,nan,1.57079632679,nan,0.6,nan,0,nan,0.6,nan,1.0471975512,nan
grid_3315,0.3492,nan,1.4911,nan,1.00,0.6,nan,1.57079632679,nan,0.6,nan,0,nan,0.6,nan,1.57079632679,nan
grid_3316,0.2250,nan,1.5297,nan,1.00,0.6,nan,1.57079632679,nan,0.6,nan,0,nan,0.2,nan,1.57079632679,nan
grid_3317,0.2167,nan,1.6662,nan,1.00,0.6,nan,1.57079632679,nan,0.6,nan,0,nan,0.2,nan,1.0471975512,nan
grid_3318,0.6577,nan,1.8274,nan,1.00,0.6,nan,1.57079632679,nan,0.6,nan,0,nan,0.2,nan,0.523598775598,nan
grid_3319,1.0563,nan,1.2556,nan,0.99,0.6,nan,1.57079632679,nan,0.6,nan,0,nan,0.2,nan,0,nan
grid_3320,0.6813,nan,1.1227,nan,1.00,0.6,nan,1.57079632679,nan,0.6,nan,0,nan,-0.2,nan,0,nan
grid_3321,0.5696,nan,1.5004,nan,0.99,0.6,nan,1.57079632679,nan,0.6,nan,0,nan,-0.2,nan,0.523598775598,nan
grid_3322,0.3783,nan,1.3453,nan,1.01,0.6,nan,1.57079632679,nan,0.6,nan,0,nan,-0.2,nan,1.0471975512,nan
grid_3323,0.5278,nan,1.3083,nan,1.00,0.6,nan,1.57079632679,nan,0.6,nan,0,nan,-0.2,nan,1.57079632679,nan
grid_3324,0.2115,nan,1.4045,nan,1.00,0.6,nan,1.57079632679,nan,0.6,nan,0,nan,-0.6,nan,1.57079632679,nan
grid_3325,0.4500,nan,1.1522,nan,1.00,0.6,nan,1.57079632679,nan,0.6,nan,0,nan,-0.6,nan,1.0471975512,nan
grid_3326,0.8151,nan,1.0380,nan,1.00,0.6,nan,1.57079632679,nan,0.6,nan,0,nan,-0.6,nan,0.523598775598,nan
grid_3327,0.5522,nan,0.5743,nan,1.00,0.6,nan,1.57079632679,nan,0.6,nan,0,nan,-0.6,nan,0,nan
grid_3328,0.4950,nan,0.8029,nan,1.00,0.6,nan,1.0471975512,nan,0.6,nan,0,nan,-0.6,nan,0,nan
grid_3329,0.5368,nan,1.2657,nan,1.00,0.6,nan,1.0471975512,nan,0.6,nan,0,nan,-0.6,nan,0.523598775598,nan
grid_3330,0.1079,nan,1.5228,nan,1.00,0.6,nan,1.0471975512,nan,0.6,nan,0,nan,-0.6,nan,1.0471975512,nan
grid_3331,0.2568,nan,1.6114,nan,1.00,0.6,nan,1.0471975512,nan,0.6,nan,0,nan,-0.6,nan,1.57079632679,nan
grid_3332,0.4863,nan,1.5907,nan,1.00,0.6,nan,1.0471975512,nan,0.6,nan,0,nan,-0.2,nan,1.57079632679,nan
grid_3333,0.4385,nan,1.8193,nan,1.01,0.6,nan,1.0471975512,nan,0.6,nan,0,nan,-0.2,nan,1.0471975512,nan
grid_3334,0.2931,nan,1.7976,nan,1.01,0.6,nan,1.0471975512,nan,0.6,nan,0,nan,-0.2,nan,0.523598775598,nan
grid_3335,0.5517,nan,1.1400,nan,1.00,0.6,nan,1.0471975512,nan,0.6,nan,0,nan,-0.2,nan,0,nan
grid_3336,0.6702,nan,1.2531,nan,1.01,0.6,nan,1.0471975512,nan,0.6,nan,0,nan,0.2,nan,0,nan
grid_3337,0.3620,nan,1.9141,nan,0.99,0.6,nan,1.0471975512,nan,0.6,nan,0,nan,0.2,nan,0.523598775598,nan
grid_3338,0.3390,nan,1.9611,nan,1.00,0.6,nan,1.0471975512,nan,0.6,nan,0,nan,0.2,nan,1.0471975512,nan
grid_3339,0.1588,nan,1.8589,nan,1.00,0.6,nan,1.0471975512,nan,0.6,nan,0,nan,0.2,nan,1.57079632679,nan
grid_3340,0.4460,nan,1.7007,nan,1.00,0.6,nan,1.0471975512,nan,0.6,nan,0,nan,0.6,nan,1.57079632679,nan
grid_3341,0.1956,nan,2.0064,nan,1.00,0.6,nan,1.0471975512,nan,0.6,nan,0,nan,0.6,nan,1.0471975512,nan
grid_3342,0.6982,nan,2.1173,nan,1.01,0.6,nan,1.0471975512,nan,0.6,nan,0,nan,0.6,nan,0.523598775598,nan
grid_3343,0.7748,nan,1.1074,nan,1.00,0.6,nan,1.0471975512,nan,0.6,nan,0,nan,0.6,nan,0,nan
grid_3344,0.2338,nan,1.5212,nan,0.99,0.6,nan,1.0471975512,nan,0.6,nan,0.523598775598,nan,0.6,nan,0,nan
grid_3345,0.4217,nan,1.4927,nan,0.99,0.6,nan,1.0471975512,nan,0.6,nan,0.523598775598,nan,0.6,nan,0.523598775598,nan
grid_3346,0.3097,nan,1.2704,nan,1.00,0.6,nan,1.0471975512,nan,0.6,nan,0.523598775598,nan,0.6,nan,1.0471975512,nan
grid_3347,0.1448,nan,0.9437,nan,0.99,0.6,nan,1.0471975512,nan,0.6,nan,0.523598775598,nan,0.6,nan,1.57079632679,nan
grid_3348,0.1209,nan,0.8776,nan,1.00,0.6,nan,1.0471975512,nan,0.6,nan,0.523598775598,nan,0.2,nan,1.57079632679,nan
grid_3349,0.4516,nan,1.0349,nan,1.00,0.6,nan,1.0471975512,nan,0.6,nan,0.523598775598,nan,0.2,nan,1.0471975512,nan
grid_3350,0.2936,nan,1.3154,nan,1.01,0.6,nan,1.0471975512,nan,0.6,nan,0.523598775598,nan,0.2,nan,0.523598775598,nan
grid_3351,0.6051,nan,1.5323,nan,1.00,0.6,nan,1.0471975512,nan,0.6,nan,0.523598775598,nan,0.2,nan,0,nan
grid_3352,0.8946,nan,1.1478,nan,1.00,0.6,nan,1.0471975512,nan,0.6,nan,0.523598775598,nan,-0.2,nan,0,nan
grid_3353,0.2338,nan,1.1121,nan,0.99,0.6,nan,1.0471975512,nan,0.6,nan,0.523598775598,nan,-0.2,nan,0.523598775598,nan
grid_3354,0.2053,nan,0.8412,nan,1.01,0.6,nan,1.0471975512,nan,0.6,nan,0.523598775598,nan,-0.2,nan,1.0471975512,nan
grid_3355,0.1709,nan,0.7208,nan,1.00,0.6,nan,1.0471975512,nan,0.6,nan,0.523598775598,nan,-0.2,nan,1.57079632679,nan
grid_3356,0.2901,nan,0.5919,nan,1.00,0.6,nan,1.0471975512,nan,0.6,nan,0.523598775598,nan,-0.6,nan,1.57079632679,nan
grid_3357,0.2941,nan,0.5314,nan,1.00,0.6,nan,1.0471975512,nan,0.6,nan,0.523598775598,nan,-0.6,nan,1.0471975512,nan
grid_3358,0.2596,nan,0.6333,nan,0.99,0.6,nan,1.0471975512,nan,0.6,nan,0.523598775598,nan,-0.6,nan,0.523598775598,nan
grid_3359,0.3644,nan,0.6581,nan,1.00,0.6,nan,1.0471975512,nan,0.6,nan,0.523598775598,nan,-0.6,nan,0,nan
grid_3360,0.2301,nan,0.3128,nan,0.99,0.6,nan,1.0471975512,nan,0.6,nan,1.0471975512,nan,-0.6,nan,0,nan
grid_3361,0.2660,nan,0.0930,nan,1.00,0.6,nan,1.0471975512,nan,0.6,nan,1.0471975512,nan,-0.6,nan,0.523598775598,nan
grid_3362,0.2348,nan,0.0370,nan,1.00,0.6,nan,1.0471975512,nan,0.6,nan,1.0471975512,nan,-0.6,nan,1.0471975512,nan
grid_3363,0.3223,nan,0.0275,nan,1.00,0.6,nan,1.0471975512,nan,0.6,nan,1.0471975512,nan,-0.6,nan,1.57079632679,nan
grid_3364,0.1080,nan,0.0932,nan,1.01,0.6,nan,1.0471975512,nan,0.6,nan,1.0471975512,nan,-0.2,nan,1.57079632679,nan
grid_3365,0.1689,nan,0.1590,nan,1.00,0.6,nan,1.0471975512,nan,0.6,nan,1.0471975512,nan,-0.2,nan,1.0471975512,nan
grid_3366,0.0988,nan,0.3660,nan,1.00,0.6,nan,1.0471975512,nan,0.6,nan,1.0471975512,nan,-0.2,nan,0.523598775598,nan
grid_3367,0.1598,nan,0.6021,nan,1.01,0.6,nan,1.0471975512,nan,0.6,nan,1.0471975512,nan,-0.2,nan,0,nan
grid_3368,0.2733,nan,0.6575,nan,1.00,0.6,nan,1.0471975512,nan,0.6,nan,1.0471975512,nan,0.2,nan,0,nan
grid_3369,0.1459,nan,0.6259,nan,1.00,0.6,nan,1.0471975512,nan,0.6,nan,1.0471975512,nan,0.2,nan,0.523598775598,nan
grid_3370,0.2656,nan,0.3003,nan,0.99,0.6,nan,1.0471975512,nan,0.6,nan,1.0471975512,nan,0.2,nan,1.0471975512,nan
grid_3371,0.1102,nan,0.1616,nan,1.00,0.6,nan,1.0471975512,nan,0.6,nan,1.0471975512,nan,0.2,nan,1.57079632679,nan
grid_3372,0.1439,nan,0.2023,nan,1.00,0.6,nan,1.0471975512,nan,0.6,nan,1.0471975512,nan,0.6,nan,1.57079632679,nan
grid_3373,0.1260,nan,0.5793,nan,1.00,0.6,nan,1.0471975512,nan,0.6,nan,1.0471975512,nan,0.6,nan,1.0471975512,nan
grid_3374,0.1980,nan,0.8076,nan,1.01,0.6,nan,1.0471975512,nan,0.6,nan,1.0471975512,nan,0.6,nan,0.523598775598,nan
grid_3375,0.1286,nan,1.1140,nan,1.00,0.6,nan,1.0471975512,nan,0.6,nan,1.0471975512,nan,0.6,nan,0,nan
grid_3376,0.0809,nan,0.6209,nan,1.00,0.6,nan,1.0471975512,nan,0.6,nan,1.57079632679,nan,0.6,nan,0,nan
grid_3377,0.1572,nan,0.2895,nan,1.00,0.6,nan,1.0471975512,nan,0.6,nan,1.57079632679,nan,0.6,nan,0.523598775598,nan
grid_3378,0.2723,nan,0.1644,nan,1.00,0.6,nan,1.0471975512,nan,0.6,nan,1.57079632679,nan,0.6,nan,1.0471975512,nan
grid_3379,0.5115,nan,0.0132,nan,0.99,0.6,nan,1.0471975512,nan,0.6,nan,1.57079632679,nan,0.6,nan,1.57079632679,nan
grid_3380,0.3815,nan,0.0295,nan,0.99,0.6,nan,1.0471975512,nan,0.6,nan,1.57079632679,nan,0.2,nan,1.57079632679,nan
grid_3381,0.4148,nan,0.0441,nan,1.00,0.6,nan,1.0471975512,nan,0.6,nan,1.57079632679,nan,0.2,nan,1.0471975512,nan
grid_3382,0.2783,nan,0.0872,nan,1.00,0.6,nan,1.0471975512,nan,0.6,nan,1.57079632679,nan,0.2,nan,0.523598775598,nan
grid_3383,0.1890,nan,0.2626,nan,1.01,0.6,nan,1.0471975512,nan,0.6,nan,1.57079632679,nan,0.2,nan,0,nan
grid_3384,0.3836,nan,0.3886,nan,1.00,0.6,nan,1.0471975512,nan,0.6,nan,1.57079632679,nan,-0.2,nan,0,nan
grid_3385,0.3331,nan,0.0358,nan,0.99,0.6,nan,1.0471975512,nan,0.6,nan,1.57079632679,nan,-0.2,nan,0.523598775598,nan
grid_3386,0.4570,nan,0.0088,nan,1.00,0.6,nan,1.0471975512,nan,0.6,nan,1.57079632679,nan,-0.2,nan,1.0471975512,nan
grid_3387,0.4062,nan,0.0100,nan,1.00,0.6,nan,1.0471975512,nan,0.6,nan,1.57079632679,nan,-0.2,nan,1.57079632679,nan
grid_3388,0.3563,nan,0.0098,nan,1.01,0.6,nan,1.0471975512,nan,0.6,nan,1.57079632679,nan,-0.6,nan,1.57079632679,nan
grid_3389,0.3551,nan,0.0067,nan,0.99,0.6,nan,1.0471975512,nan,0.6,nan,1.57079632679,nan,-0.6,nan,1.0471975512,nan
grid_3390,1.1466,nan,0.0065,nan,1.00,0.6,nan,1.0471975512,nan,0.6,nan,1.57079632679,nan,-0.6,nan,0.523598775598,nan
grid_3391,0.8213,nan,0.1134,nan,1.00,0.6,nan,1.0471975512,nan,0.6,nan,1.57079632679,nan,-0.6,nan,0,nan
grid_3392,0.4873,nan,0.0200,nan,1.00,0.6,nan,1.0471975512,nan,0.2,nan,1.57079632679,nan,-0.6,nan,0,nan
grid_3393,0.7119,nan,0.0006,nan,1.00,0.6,nan,1.0471975512,nan,0.2,nan,1.57079632679,nan,-0.6,nan,0.523598775598,nan
grid_3394,0.6649,nan,0.0036,nan,1.00,0.6,nan,1.0471975512,nan,0.2,nan,1.57079632679,nan,-0.6,nan,1.0471975512,nan
grid_3395,0.4167,nan,0.0279,nan,1.00,0.6,nan,1.0471975512,nan,0.2,nan,1.57079632679,nan,-0.6,nan,1.57079632679,nan
grid_3396,0.5668,nan,0.1021,nan,1.00,0.6,nan,1.0471975512,nan,0.2,nan,1.57079632679,nan,-0.2,nan,1.57079632679,nan
grid_3397,0.2124,nan,0.1313,nan,1.00,0.6,nan,1.0471975512,nan,0.2,nan,1.57079632679,nan,-0.2,nan,1.0471975512,nan
grid_3398,0.5114,nan,0.2088,nan,1.00,0.6,nan,1.0471975512,nan,0.2,nan,1.57079632679,nan,-0.2,nan,0.523598775598,nan
grid_3399,0.6146,nan,0.0550,nan,0.99,0.6,nan,1.0471975512,nan,0.2,nan,1.57079632679,nan,-0.2,nan,0,nan
grid_3400,0.3285,nan,0.5051,nan,1.01,0.6,nan,1.0471975512,nan,0.2,nan,1.57079632679,nan,0.2,nan,0,nan
grid_3401,0.3196,nan,0.3351,nan,0.99,0.6,nan,1.0471975512,nan,0.2,nan,1.57079632679,nan,0.2,nan,0.523598775598,nan
grid_3402,0.4198,nan,0.1722,nan,1.00,0.6,nan,1.0471975512,nan,0.2,nan,1.57079632679,nan,0.2,nan,1.0471975512,nan
grid_3403,0.3392,nan,0.2843,nan,1.00,0.6,nan,1.0471975512,nan,0.2,nan,1.57079632679,nan,0.2,nan,1.57079632679,nan
grid_3404,0.4742,nan,0.2236,nan,0.99,0.6,nan,1.0471975512,nan,0.2,nan,1.57079632679,nan,0.6,nan,1.57079632679,nan
grid_3405,0.3008,nan,0.4461,nan,1.00,0.6,nan,1.0471975512,nan,0.2,nan,1.57079632679,nan,0.6,nan,1.0471975512,nan
grid_3406,0.1004,nan,0.5938,nan,1.01,0.6,nan,1.0471975512,nan,0.2,nan,1.57079632679,nan,0.6,nan,0.523598775598,nan
grid_3407,0.1103,nan,0.5044,nan,1.00,0.6,nan,1.0471975512,nan,0.2,nan,1.57079632679,nan,0.6,nan,0,nan
grid_3408,0.4634,nan,1.0168,nan,1.01,0.6,nan,1.0471975512,nan,0.2,nan,1.0471975512,nan,0.6,nan,0,nan
grid_3409,0.3204,nan,0.9903,nan,1.00,0.6,nan,1.0471975512,nan,0.2,nan,1.0471975512,nan,0.6,nan,0.523598775598,nan
grid_3410,0.2143,nan,0.8078,nan,1.00,0.6,nan,1.0471975512,nan,0.2,nan,1.0471975512,nan,0.6,nan,1.0471975512,nan
grid_3411,0.3414,nan,0.4769,nan,1.00,0.6,nan,1.0471975512,nan,0.2,nan,1.0471975512,nan,0.6,nan,1.57079632679,nan
grid_3412,0.1432,nan,0.2534,nan,1.00,0.6,nan,1.0471975512,nan,0.2,nan,1.0471975512,nan,0.2,nan,1.57079632679,nan
grid_3413,0.1814,nan,0.3968,nan,1.00,0.6,nan,1.0471975512,nan,0.2,nan,1.0471975512,nan,0.2,nan,1.0471975512,nan
grid_3414,0.3064,nan,0.6830,nan,0.99,0.6,nan,1.0471975512,nan,0.2,nan,1.0471975512,nan,0.2,nan,0.523598775598,nan
grid_3415,0.2310,nan,0.7092,nan,1.00,0.6,nan,1.0471975512,nan,0.2,nan,1.0471975512,nan,0.2,nan,0,nan
grid_3416,0.1220,nan,0.3783,nan,1.00,0.6,nan,1.0471975512,nan,0.2,nan,1.0471975512,nan,-0.2,nan,0,nan
grid_3417,0.3119,nan,0.3278,nan,1.00,0.6,nan,1.0471975512,nan,0.2,nan,1.0471975512,nan,-0.2,nan,0.523598775598,nan
grid_3418,0.7356,nan,0.0852,nan,1.00,0.6,nan,1.0471975512,nan,0.2,nan,1.0471975512,nan,-0.2,nan,1.0471975512,nan
grid_3419,0.3642,nan,0.1581,nan,1.00,0.6,nan,1.0471975512,nan,0.2,nan,1.0471975512,nan,-0.2,nan,1.57079632679,nan
grid_3420,0.6794,nan,0.0802,nan,1.00,0.6,nan,1.0471975512,nan,0.2,nan,1.0471975512,nan,-0.6,nan,1.57079632679,nan
grid_3421,0.2429,nan,0.0851,nan,0.99,0.6,nan,1.0471975512,nan,0.2,nan,1.0471975512,nan,-0.6,nan,1.0471975512,nan
grid_3422,0.5631,nan,0.0216,nan,1.00,0.6,nan,1.0471975512,nan,0.2,nan,1.0471975512,nan,-0.6,nan,0.523598775598,nan
grid_3423,0.3585,nan,0.0669,nan,1.00,0.6,nan,1.0471975512,nan,0.2,nan,1.0471975512,nan,-0.6,nan,0,nan
grid_3424,0.2832,nan,0.0626,nan,1.01,0.6,nan,1.0471975512,nan,0.2,nan,0.523598775598,nan,-0.6,nan,0,nan
grid_3425,0.4539,nan,0.0597,nan,1.00,0.6,nan,1.0471975512,nan,0.2,nan,0.523598775598,nan,-0.6,nan,0.523598775598,nan
grid_3426,0.5181,nan,0.1818,nan,1.01,0.6,nan,1.0471975512,nan,0.2,nan,0.523598775598,nan,-0.6,nan,1.0471975512,nan
grid_3427,0.3447,nan,0.4800,nan,1.00,0.6,nan,1.0471975512,nan,0.2,nan,0.523598775598,nan,-0.6,nan,1.57079632679,nan
grid_3428,0.0881,nan,0.7235,nan,1.00,0.6,nan,1.0471975512,nan,0.2,nan,0.523598775598,nan,-0.2,nan,1.57079632679,nan
grid_3429,0.1423,nan,0.5320,nan,1.01,0.6,nan,1.0471975512,nan,0.2,nan,0.523598775598,nan,-0.2,nan,1.0471975512,nan
grid_3430,0.1606,nan,0.7564,nan,1.00,0.6,nan,1.0471975512,nan,0.2,nan,0.523598775598,nan,-0.2,nan,0.523598775598,nan
grid_3431,0.1909,nan,0.4376,nan,1.00,0.6,nan,1.0471975512,nan,0.2,nan,0.523598775598,nan,-0.2,nan,0,nan
grid_3432,0.4349,nan,1.4098,nan,1.00,0.6,nan,1.0471975512,nan,0.2,nan,0.523598775598,nan,0.2,nan,0,nan
grid_3433,0.1333,nan,1.3244,nan,0.99,0.6,nan,1.0471975512,nan,0.2,nan,0.523598775598,nan,0.2,nan,0.523598775598,nan
grid_3434,0.1288,nan,1.0624,nan,1.00,0.6,nan,1.0471975512,nan,0.2,nan,0.523598775598,nan,0.2,nan,1.0471975512,nan
grid_3435,0.6568,nan,0.8835,nan,1.00,0.6,nan,1.0471975512,nan,0.2,nan,0.523598775598,nan,0.2,nan,1.57079632679,nan
grid_3436,0.1039,nan,0.8262,nan,1.00,0.6,nan,1.0471975512,nan,0.2,nan,0.523598775598,nan,0.6,nan,1.57079632679,nan
grid_3437,0.4568,nan,1.3350,nan,1.00,0.6,nan,1.0471975512,nan,0.2,nan,0.523598775598,nan,0.6,nan,1.0471975512,nan
grid_3438,0.3166,nan,1.6361,nan,1.00,0.6,nan,1.0471975512,nan,0.2,nan,0.523598775598,nan,0.6,nan,0.523598775598,nan
grid_3439,0.6980,nan,1.4393,nan,1.00,0.6,nan,1.0471975512,nan,0.2,nan,0.523598775598,nan,0.6,nan,0,nan
grid_3440,0.5370,nan,1.5208,nan,1.00,0.6,nan,1.0471975512,nan,0.2,nan,0,nan,0.6,nan,0,nan
grid_3441,0.3322,nan,2.2736,nan,1.00,0.6,nan,1.0471975512,nan,0.2,nan,0,nan,0.6,nan,0.523598775598,nan
grid_3442,0.2046,nan,2.2425,nan,0.99,0.6,nan,1.0471975512,nan,0.2,nan,0,nan,0.6,nan,1.0471975512,nan
grid_3443,0.1307,nan,1.7523,nan,1.01,0.6,nan,1.0471975512,nan,0.2,nan,0,nan,0.6,nan,1.57079632679,nan
grid_3444,0.2051,nan,1.6472,nan,1.00,0.6,nan,1.0471975512,nan,0.2,nan,0,nan,0.2,nan,1.57079632679,nan
grid_3445,0.2571,nan,1.9556,nan,1.00,0.6,nan,1.0471975512,nan,0.2,nan,0,nan,0.2,nan,1.0471975512,nan
grid_3446,0.3844,nan,2.0234,nan,1.00,0.6,nan,1.0471975512,nan,0.2,nan,0,nan,0.2,nan,0.523598775598,nan
grid_3447,0.3070,nan,1.5375,nan,1.00,0.6,nan,1.0471975512,nan,0.2,nan,0,nan,0.2,nan,0,nan
grid_3448,0.1523,nan,0.8918,nan,1.00,0.6,nan,1.0471975512,nan,0.2,nan,0,nan,-0.2,nan,0,nan
grid_3449,0.4288,nan,1.2494,nan,1.00,0.6,nan,1.0471975512,nan,0.2,nan,0,nan,-0.2,nan,0.523598775598,nan
grid_3450,0.1336,nan,1.2525,nan,1.01,0.6,nan,1.0471975512,nan,0.2,nan,0,nan,-0.2,nan,1.0471975512,nan
grid_3451,0.1084,nan,1.5228,nan,1.01,0.6,nan,1.0471975512,nan,0.2,nan,0,nan,-0.2,nan,1.57079632679,nan
grid_3452,0.0740,nan,1.1539,nan,1.00,0.6,nan,1.0471975512,nan,0.2,nan,0,nan,-0.6,nan,1.57079632679,nan
grid_3453,0.3003,nan,0.8410,nan,1.00,0.6,nan,1.0471975512,nan,0.2,nan,0,nan,-0.6,nan,1.0471975512,nan
grid_3454,0.3159,nan,0.3305,nan,1.00,0.6,nan,1.0471975512,nan,0.2,nan,0,nan,-0.6,nan,0.523598775598,nan
grid_3455,0.3535,nan,0.0467,nan,1.00,0.6,nan,1.0471975512,nan,0.2,nan,0,nan,-0.6,nan,0,nan
grid_3456,1.0055,nan,1.6214,nan,0.99,0.6,nan,1.0471975512,nan,-0.2,nan,0,nan,-0.6,nan,0,nan
grid_3457,0.3809,nan,1.0266,nan,1.01,0.6,nan,1.0471975512,nan,-0.2,nan,0,nan,-0.6,nan,0.523598775598,nan
grid_3458,0.8593,nan,0.5658,nan,1.00,0.6,nan,1.0471975512,nan,-0.2,nan,0,nan,-0.6,nan,1.0471975512,nan
grid_3459,1.0089,nan,0.0548,nan,1.00,0.6,nan,1.0471975512,nan,-0.2,nan,0,nan,-0.6,nan,1.57079632679,nan
grid_3460,0.7747,nan,0.6066,nan,1.00,0.6,nan,1.0471975512,nan,-0.2,nan,0,nan,-0.2,nan,1.57079632679,nan
grid_3461,1.4583,nan,0.1624,nan,1.00,0.6,nan,1.0471975512,nan,-0.2,nan,0,nan,-0.2,nan,1.0471975512,nan
grid_3462,0.8605,nan,0.0266,nan,0.99,0.6,nan,1.0471975512,nan,-0.2,nan,0,nan,-0.2,nan,0.523598775598,nan
grid_3463,1.4723,nan,0.5599,nan,1.00,0.6,nan,1.0471975512,nan,-0.2,nan,0,nan,-0.2,nan,0,nan
grid_3464,0.4126,nan,0.9433,nan,1.00,0.6,nan,1.0471975512,nan,-0.2,nan,0,nan,0.2,nan,0,nan
grid_3465,0.6589,nan,1.0919,nan,1.00,0.6,nan,1.0471975512,nan,-0.2,nan,0,nan,0.2,nan,0.523598775598,nan
grid_3466,0.5108,nan,1.0802,nan,1.00,0.6,nan,1.0471975512,nan,-0.2,nan,0,nan,0.2,nan,1.0471975512,nan
grid_3467,0.4176,nan,0.7187,nan,1.00,0.6,nan,1.0471975512,nan,-0.2,nan,0,nan,0.2,nan,1.57079632679,nan
grid_3468,0.9860,nan,0.8804,nan,1.00,0.6,nan,1.0471975512,nan,-0.2,nan,0,nan,0.6,nan,1.57079632679,nan
grid_3469,0.1516,nan,1.6609,nan,0.99,0.6,nan,1.0471975512,nan,-0.2,nan,0,nan,0.6,nan,1.0471975512,nan
grid_3470,0.4000,nan,1.9012,nan,1.00,0.6,nan,1.0471975512,nan,-0.2,nan,0,nan,0.6,nan,0.523598775598,nan
grid_3471,0.3014,nan,1.8150,nan,1.00,0.6,nan,1.0471975512,nan,-0.2,nan,0,nan,0.6,nan,0,nan
grid_3472,0.9591,nan,1.3423,nan,1.01,0.6,nan,1.0471975512,nan,-0.2,nan,0.523598775598,nan,0.6,nan,0,nan
grid_3473,0.2348,nan,1.3323,nan,1.00,0.6,nan,1.0471975512,nan,-0.2,nan,0.523598775598,nan,0.6,nan,0.523598775598,nan
grid_3474,0.1692,nan,1.1366,nan,1.00,0.6,nan,1.0471975512,nan,-0.2,nan,0.523598775598,nan,0.6,nan,1.0471975512,nan
grid_3475,0.3785,nan,0.8081,nan,1.00,0.6,nan,1.0471975512,nan,-0.2,nan,0.523598775598,nan,0.6,nan,1.57079632679,nan
grid_3476,0.8668,nan,0.5652,nan,1.00,0.6,nan,1.0471975512,nan,-0.2,nan,0.523598775598,nan,0.2,nan,1.57079632679,nan
grid_3477,0.2742,nan,0.4265,nan,0.99,0.6,nan,1.0471975512,nan,-0.2,nan,0.523598775598,nan,0.2,nan,1.0471975512,nan
grid_3478,0.4201,nan,0.7138,nan,1.00,0.6,nan,1.0471975512,nan,-0.2,nan,0.523598775598,nan,0.2,nan,0.523598775598,nan
grid_3479,0.6552,nan,0.7167,nan,1.00,0.6,nan,1.0471975512,nan,-0.2,nan,0.523598775598,nan,0.2,nan,0,nan
grid_3480,0.9900,nan,0.0466,nan,1.00,0.6,nan,1.0471975512,nan,-0.2,nan,0.523598775598,nan,-0.2,nan,0,nan
grid_3481,0.7269,nan,0.0570,nan,1.00,0.6,nan,1.0471975512,nan,-0.2,nan,0.523598775598,nan,-0.2,nan,0.523598775598,nan
grid_3482,0.2887,nan,0.2376,nan,1.00,0.6,nan,1.0471975512,nan,-0.2,nan,0.523598775598,nan,-0.2,nan,1.0471975512,nan
grid_3483,0.7668,nan,0.5161,nan,1.00,0.6,nan,1.0471975512,nan,-0.2,nan,0.523598775598,nan,-0.2,nan,1.57079632679,nan
grid_3484,1.0096,nan,0.2675,nan,1.00,0.6,nan,1.0471975512,nan,-0.2,nan,0.523598775598,nan,-0.6,nan,1.57079632679,nan
grid_3485,0.9944,nan,0.0183,nan,1.00,0.6,nan,1.0471975512,nan,-0.2,nan,0.523598775598,nan,-0.6,nan,1.0471975512,nan
grid_3486,0.4992,nan,0.3678,nan,0.99,0.6,nan,1.0471975512,nan,-0.2,nan,0.523598775598,nan,-0.6,nan,0.523598775598,nan
grid_3487,0.9066,nan,0.4450,nan,1.01,0.6,nan,1.0471975512,nan,-0.2,nan,0.523598775598,nan,-0.6,nan,0,nan
grid_3488,1.1242,nan,0.0998,nan,1.00,0.6,nan,1.0471975512,nan,-0.2,nan,1.0471975512,nan,-0.6,nan,0,nan
grid_3489,0.3292,nan,0.0359,nan,1.01,0.6,nan,1.0471975512,nan,-0.2,nan,1.0471975512,nan,-0.6,nan,0.523598775598,nan
grid_3490,0.3177,nan,0.1103,nan,1.00,0.6,nan,1.0471975512,nan,-0.2,nan,1.0471975512,nan,-0.6,nan,1.0471975512,nan
grid_3491,0.6820,nan,0.3458,nan,1.00,0.6,nan,1.0471975512,nan,-0.2,nan,1.0471975512,nan,-0.6,nan,1.57079632679,nan
grid_3492,0.6183,nan,0.4577,nan,1.00,0.6,nan,1.0471975512,nan,-0.2,nan,1.0471975512,nan,-0.2,nan,1.57079632679,nan
grid_3493,0.9179,nan,0.2723,nan,1.01,0.6,nan,1.0471975512,nan,-0.2,nan,1.0471975512,nan,-0.2,nan,1.0471975512,nan
grid_3494,0.9188,nan,0.2386,nan,1.00,0.6,nan,1.0471975512,nan,-0.2,nan,1.0471975512,nan,-0.2,nan,0.523598775598,nan
grid_3495,1.0811,nan,0.1278,nan,1.00,0.6,nan,1.0471975512,nan,-0.2,nan,1.0471975512,nan,-0.2,nan,0,nan
grid_3496,0.4346,nan,0.6402,nan,1.01,0.6,nan,1.0471975512,nan,-0.2,nan,1.0471975512,nan,0.2,nan,0,nan
grid_3497,0.3323,nan,0.5741,nan,1.00,0.6,nan,1.0471975512,nan,-0.2,nan,1.0471975512,nan,0.2,nan,0.523598775598,nan
grid_3498,0.4535,nan,0.6858,nan,1.00,0.6,nan,1.0471975512,nan,-0.2,nan,1.0471975512,nan,0.2,nan,1.0471975512,nan
grid_3499,0.5893,nan,0.5506,nan,1.00,0.6,nan,1.0471975512,nan,-0.2,nan,1.0471975512,nan,0.2,nan,1.57079632679,nan
grid_3500,0.0967,nan,0.4909,nan,1.00,0.6,nan,1.0471975512,nan,-0.2,nan,1.0471975512,nan,0.6,nan,1.57079632679,nan
grid_3501,0.2433,nan,0.8319,nan,1.00,0.6,nan,1.0471975512,nan,-0.2,nan,1.0471975512,nan,0.6,nan,1.0471975512,nan
grid_3502,0.3157,nan,0.9604,nan,1.01,0.6,nan,1.0471975512,nan,-0.2,nan,1.0471975512,nan,0.6,nan,0.523598775598,nan
grid_3503,0.2048,nan,0.9064,nan,0.99,0.6,nan,1.0471975512,nan,-0.2,nan,1.0471975512,nan,0.6,nan,0,nan
grid_3504,0.2884,nan,0.9372,nan,1.00,0.6,nan,1.0471975512,nan,-0.2,nan,1.57079632679,nan,0.6,nan,0,nan
grid_3505,0.1114,nan,0.7217,nan,1.00,0.6,nan,1.0471975512,nan,-0.2,nan,1.57079632679,nan,0.6,nan,0.523598775598,nan
grid_3506,0.2705,nan,0.6405,nan,1.00,0.6,nan,1.0471975512,nan,-0.2,nan,1.57079632679,nan,0.6,nan,1.0471975512,nan
grid_3507,0.2935,nan,0.5090,nan,1.01,0.6,nan,1.0471975512,nan,-0.2,nan,1.57079632679,nan,0.6,nan,1.57079632679,nan
grid_3508,0.2527,nan,0.4972,nan,1.00,0.6,nan,1.0471975512,nan,-0.2,nan,1.57079632679,nan,0.2,nan,1.57079632679,nan
grid_3509,0.1397,nan,0.3922,nan,1.00,0.6,nan,1.0471975512,nan,-0.2,nan,1.57079632679,nan,0.2,nan,1.0471975512,nan
grid_3510,0.1561,nan,0.5412,nan,0.99,0.6,nan,1.0471975512,nan,-0.2,nan,1.57079632679,nan,0.2,nan,0.523598775598,nan
grid_3511,0.2716,nan,0.3982,nan,1.00,0.6,nan,1.0471975512,nan,-0.2,nan,1.57079632679,nan,0.2,nan,0,nan
grid_3512,0.4383,nan,0.2029,nan,1.00,0.6,nan,1.0471975512,nan,-0.2,nan,1.57079632679,nan,-0.2,nan,0,nan
grid_3513,0.5846,nan,0.3230,nan,1.01,0.6,nan,1.0471975512,nan,-0.2,nan,1.57079632679,nan,-0.2,nan,0.523598775598,nan
grid_3514,0.5218,nan,0.3853,nan,1.00,0.6,nan,1.0471975512,nan,-0.2,nan,1.57079632679,nan,-0.2,nan,1.0471975512,nan
grid_3515,0.2910,nan,0.2450,nan,1.01,0.6,nan,1.0471975512,nan,-0.2,nan,1.57079632679,nan,-0.2,nan,1.57079632679,nan
grid_3516,0.5251,nan,0.3264,nan,0.99,0.6,nan,1.0471975512,nan,-0.2,nan,1.57079632679,nan,-0.6,nan,1.57079632679,nan
grid_3517,0.2296,nan,0.1525,nan,0.99,0.6,nan,1.0471975512,nan,-0.2,nan,1.57079632679,nan,-0.6,nan,1.0471975512,nan
grid_3518,0.3818,nan,0.0544,nan,1.00,0.6,nan,1.0471975512,nan,-0.2,nan,1.57079632679,nan,-0.6,nan,0.523598775598,nan
grid_3519,0.5943,nan,0.0283,nan,1.00,0.6,nan,1.0471975512,nan,-0.2,nan,1.57079632679,nan,-0.6,nan,0,nan
grid_3520,0.3785,nan,0.0392,nan,0.99,0.6,nan,1.0471975512,nan,-0.6,nan,1.57079632679,nan,-0.6,nan,0,nan
grid_3521,0.8923,nan,0.2141,nan,1.01,0.6,nan,1.0471975512,nan,-0.6,nan,1.57079632679,nan,-0.6,nan,0.523598775598,nan
grid_3522,0.4122,nan,0.3746,nan,1.00,0.6,nan,1.0471975512,nan,-0.6,nan,1.57079632679,nan,-0.6,nan,1.0471975512,nan
grid_3523,0.1181,nan,0.4809,nan,1.01,0.6,nan,1.0471975512,nan,-0.6,nan,1.57079632679,nan,-0.6,nan,1.57079632679,nan
grid_3524,0.1691,nan,0.5981,nan,1.00,0.6,nan,1.0471975512,nan,-0.6,nan,1.57079632679,nan,-0.2,nan,1.57079632679,nan
grid_3525,0.2049,nan,0.4552,nan,0.99,0.6,nan,1.0471975512,nan,-0.6,nan,1.57079632679,nan,-0.2,nan,1.0471975512,nan
grid_3526,0.3286,nan,0.4041,nan,1.00,0.6,nan,1.0471975512,nan,-0.6,nan,1.57079632679,nan,-0.2,nan,0.523598775598,nan
grid_3527,0.9160,nan,0.2353,nan,1.00,0.6,nan,1.0471975512,nan,-0.6,nan,1.57079632679,nan,-0.2,nan,0,nan
grid_3528,0.6974,nan,0.4692,nan,1.01,0.6,nan,1.0471975512,nan,-0.6,nan,1.57079632679,nan,0.2,nan,0,nan
grid_3529,0.1498,nan,0.5277,nan,1.00,0.6,nan,1.0471975512,nan,-0.6,nan,1.57079632679,nan,0.2,nan,0.523598775598,nan
grid_3530,0.2208,nan,0.6368,nan,1.00,0.6,nan,1.0471975512,nan,-0.6,nan,1.57079632679,nan,0.2,nan,1.0471975512,nan
grid_3531,0.1695,nan,0.5200,nan,1.00,0.6,nan,1.0471975512,nan,-0.6,nan,1.57079632679,nan,0.2,nan,1.57079632679,nan
grid_3532,0.2469,nan,0.6634,nan,1.00,0.6,nan,1.0471975512,nan,-0.6,nan,1.57079632679,nan,0.6,nan,1.57079632679,nan
grid_3533,0.1690,nan,0.8254,nan,1.00,0.6,nan,1.0471975512,nan,-0.6,nan,1.57079632679,nan,0.6,nan,1.0471975512,nan
grid_3534,0.1811,nan,0.7745,nan,1.00,0.6,nan,1.0471975512,nan,-0.6,nan,1.57079632679,nan,0.6,nan,0.523598775598,nan
grid_3535,0.1280,nan,0.6176,nan,0.99,0.6,nan,1.0471975512,nan,-0.6,nan,1.57079632679,nan,0.6,nan,0,nan
grid_3536,0.5014,nan,0.3935,nan,0.99,0.6,nan,1.0471975512,nan,-0.6,nan,1.0471975512,nan,0.6,nan,0,nan
grid_3537,0.2919,nan,0.6876,nan,1.00,0.6,nan,1.0471975512,nan,-0.6,nan,1.0471975512,nan,0.6,nan,0.523598775598,nan
grid_3538,0.5188,nan,0.7748,nan,1.00,0.6,nan,1.0471975512,nan,-0.6,nan,1.0471975512,nan,0.6,nan,1.0471975512,nan
grid_3539,0.3648,nan,0.6602,nan,1.00,0.6,nan,1.0471975512,nan,-0.6,nan,1.0471975512,nan,0.6,nan,1.57079632679,nan
grid_3540,0.5744,nan,0.5859,nan,1.00,0.6,nan,1.0471975512,nan,-0.6,nan,1.0471975512,nan,0.2,nan,1.57079632679,nan
grid_3541,0.5067,nan,0.4760,nan,1.00,0.6,nan,1.0471975512,nan,-0.6,nan,1.0471975512,nan,0.2,nan,1.0471975512,nan
grid_3542,0.7645,nan,0.2619,nan,1.00,0.6,nan,1.0471975512,nan,-0.6,nan,1.0471975512,nan,0.2,nan,0.523598775598,nan
grid_3543,0.4257,nan,0.2871,nan,0.99,0.6,nan,1.0471975512,nan,-0.6,nan,1.0471975512,nan,0.2,nan,0,nan
grid_3544,0.6528,nan,0.0501,nan,0.99,0.6,nan,1.0471975512,nan,-0.6,nan,1.0471975512,nan,-0.2,nan,0,nan
grid_3545,0.3625,nan,0.1321,nan,1.00,0.6,nan,1.0471975512,nan,-0.6,nan,1.0471975512,nan,-0.2,nan,0.523598775598,nan
grid_3546,0.4260,nan,0.1649,nan,1.00,0.6,nan,1.0471975512,nan,-0.6,nan,1.0471975512,nan,-0.2,nan,1.0471975512,nan
grid_3547,0.8469,nan,0.5625,nan,1.00,0.6,nan,1.0471975512,nan,-0.6,nan,1.0471975512,nan,-0.2,nan,1.57079632679,nan
grid_3548,0.9584,nan,0.4913,nan,1.00,0.6,nan,1.0471975512,nan,-0.6,nan,1.0471975512,nan,-0.6,nan,1.57079632679,nan
grid_3549,0.6694,nan,0.0652,nan,1.00,0.6,nan,1.0471975512,nan,-0.6,nan,1.0471975512,nan,-0.6,nan,1.0471975512,nan
grid_3550,1.0590,nan,0.0092,nan,0.99,0.6,nan,1.0471975512,nan,-0.6,nan,1.0471975512,nan,-0.6,nan,0.523598775598,nan
grid_3551,0.6271,nan,0.1527,nan,0.99,0.6,nan,1.0471975512,nan,-0.6,nan,1.0471975512,nan,-0.6,nan,0,nan
grid_3552,0.4891,nan,0.9497,nan,0.99,0.6,nan,1.0471975512,nan,-0.6,nan,0.523598775598,nan,-0.6,nan,0,nan
grid_3553,0.6819,nan,0.5454,nan,1.01,0.6,nan,1.0471975512,nan,-0.6,nan,0.523598775598,nan,-0.6,nan,0.523598775598,nan
grid_3554,0.2890,nan,0.3141,nan,1.01,0.6,nan,1.0471975512,nan,-0.6,nan,0.523598775598,nan,-0.6,nan,1.0471975512,nan
grid_3555,0.9942,nan,0.0145,nan,1.01,0.6,nan,1.0471975512,nan,-0.6,nan,0.523598775598,nan,-0.6,nan,1.57079632679,nan
grid_3556,0.5850,nan,0.0653,nan,1.00,0.6,nan,1.0471975512,nan,-0.6,nan,0.523598775598,nan,-0.2,nan,1.57079632679,nan
grid_3557,0.5562,nan,0.0055,nan,1.00,0.6,nan,1.0471975512,nan,-0.6,nan,0.523598775598,nan,-0.2,nan,1.0471975512,nan
grid_3558,0.5341,nan,0.3601,nan,1.00,0.6,nan,1.0471975512,nan,-0.6,nan,0.523598775598,nan,-0.2,nan,0.523598775598,nan
grid_3559,0.7169,nan,0.4842,nan,0.99,0.6,nan,1.0471975512,nan,-0.6,nan,0.523598775598,nan,-0.2,nan,0,nan
grid_3560,0.4174,nan,0.2108,nan,1.01,0.6,nan,1.0471975512,nan,-0.6,nan,0.523598775598,nan,0.2,nan,0,nan
grid_3561,0.5870,nan,0.0157,nan,1.00,0.6,nan,1.0471975512,nan,-0.6,nan,0.523598775598,nan,0.2,nan,0.523598775598,nan
grid_3562,0.9017,nan,0.1356,nan,1.00,0.6,nan,1.0471975512,nan,-0.6,nan,0.523598775598,nan,0.2,nan,1.0471975512,nan
grid_3563,1.0074,nan,0.2388,nan,1.01,0.6,nan,1.0471975512,nan,-0.6,nan,0.523598775598,nan,0.2,nan,1.57079632679,nan
grid_3564,1.1066,nan,0.2923,nan,1.00,0.6,nan,1.0471975512,nan,-0.6,nan,0.523598775598,nan,0.6,nan,1.57079632679,nan
grid_3565,1.1517,nan,0.4672,nan,1.00,0.6,nan,1.0471975512,nan,-0.6,nan,0.523598775598,nan,0.6,nan,1.0471975512,nan
grid_3566,0.8256,nan,0.5431,nan,0.99,0.6,nan,1.0471975512,nan,-0.6,nan,0.523598775598,nan,0.6,nan,0.523598775598,nan
grid_3567,0.6830,nan,0.4317,nan,0.99,0.6,nan,1.0471975512,nan,-0.6,nan,0.523598775598,nan,0.6,nan,0,nan
grid_3568,0.3804,nan,0.5010,nan,0.98,0.6,nan,1.0471975512,nan,-0.6,nan,0,nan,0.6,nan,0,nan
grid_3569,0.5361,nan,0.3139,nan,1.01,0.6,nan,1.0471975512,nan,-0.6,nan,0,nan,0.6,nan,0.523598775598,nan
grid_3570,0.2986,nan,0.1354,nan,1.00,0.6,nan,1.0471975512,nan,-0.6,nan,0,nan,0.6,nan,1.0471975512,nan
grid_3571,0.4555,nan,0.1428,nan,1.00,0.6,nan,1.0471975512,nan,-0.6,nan,0,nan,0.6,nan,1.57079632679,nan
grid_3572,0.4354,nan,0.0913,nan,1.00,0.6,nan,1.0471975512,nan,-0.6,nan,0,nan,0.2,nan,1.57079632679,nan
grid_3573,0.3702,nan,0.2700,nan,0.99,0.6,nan,1.0471975512,nan,-0.6,nan,0,nan,0.2,nan,1.0471975512,nan
grid_3574,0.4564,nan,0.7303,nan,1.00,0.6,nan,1.0471975512,nan,-0.6,nan,0,nan,0.2,nan,0.523598775598,nan
grid_3575,0.6177,nan,0.8060,nan,1.00,0.6,nan,1.0471975512,nan,-0.6,nan,0,nan,0.2,nan,0,nan
grid_3576,1.3972,nan,1.4082,nan,0.99,0.6,nan,1.0471975512,nan,-0.6,nan,0,nan,-0.2,nan,0,nan
grid_3577,0.6009,nan,1.3425,nan,1.01,0.6,nan,1.0471975512,nan,-0.6,nan,0,nan,-0.2,nan,0.523598775598,nan
grid_3578,0.4023,nan,0.8282,nan,1.00,0.6,nan,1.0471975512,nan,-0.6,nan,0,nan,-0.2,nan,1.0471975512,nan
grid_3579,0.7022,nan,0.6055,nan,1.00,0.6,nan,1.0471975512,nan,-0.6,nan,0,nan,-0.2,nan,1.57079632679,nan
grid_3580,0.5693,nan,0.5407,nan,1.00,0.6,nan,1.0471975512,nan,-0.6,nan,0,nan,-0.6,nan,1.57079632679,nan
grid_3581,0.4729,nan,1.3794,nan,0.99,0.6,nan,1.0471975512,nan,-0.6,nan,0,nan,-0.6,nan,1.0471975512,nan
grid_3582,0.3689,nan,1.3419,nan,0.99,0.6,nan,1.0471975512,nan,-0.6,nan,0,nan,-0.6,nan,0.523598775598,nan
grid_3583,0.7351,nan,1.4798,nan,1.00,0.6,nan,1.0471975512,nan,-0.6,nan,0,nan,-0.6,nan,0,nan
grid_3584,1.1502,nan,0.0421,nan,0.99,0.6,nan,0.523598775598,nan,-0.6,nan,0,nan,-0.6,nan,0,nan
grid_3585,0.4793,nan,1.4748,nan,1.00,0.6,nan,0.523598775598,nan,-0.6,nan,0,nan,-0.6,nan,0.523598775598,nan
grid_3586,0.3138,nan,1.4815,nan,1.00,0.6,nan,0.523598775598,nan,-0.6,nan,0,nan,-0.6,nan,1.0471975512,nan
grid_3587,0.3462,nan,0.8450,nan,1.00,0.6,nan,0.523598775598,nan,-0.6,nan,0,nan,-0.6,nan,1.57079632679,nan
grid_3588,0.5110,nan,0.5966,nan,1.00,0.6,nan,0.523598775598,nan,-0.6,nan,0,nan,-0.2,nan,1.57079632679,nan
grid_3589,0.3931,nan,1.3687,nan,1.00,0.6,nan,0.523598775598,nan,-0.6,nan,0,nan,-0.2,nan,1.0471975512,nan
grid_3590,0.3610,nan,1.5940,nan,1.00,0.6,nan,0.523598775598,nan,-0.6,nan,0,nan,-0.2,nan,0.523598775598,nan
grid_3591,1.9361,nan,0.2832,nan,1.00,0.6,nan,0.523598775598,nan,-0.6,nan,0,nan,-0.2,nan,0,nan
grid_3592,0.9252,nan,1.4524,nan,1.01,0.6,nan,0.523598775598,nan,-0.6,nan,0,nan,0.2,nan,0,nan
grid_3593,0.3238,nan,1.3069,nan,1.00,0.6,nan,0.523598775598,nan,-0.6,nan,0,nan,0.2,nan,0.523598775598,nan
grid_3594,0.4464,nan,0.8238,nan,1.00,0.6,nan,0.523598775598,nan,-0.6,nan,0,nan,0.2,nan,1.0471975512,nan
grid_3595,0.3733,nan,0.4230,nan,1.01,0.6,nan,0.523598775598,nan,-0.6,nan,0,nan,0.2,nan,1.57079632679,nan
grid_3596,0.6655,nan,0.2951,nan,1.01,0.6,nan,0.523598775598,nan,-0.6,nan,0,nan,0.6,nan,1.57079632679,nan
grid_3597,0.5141,nan,0.0677,nan,1.00,0.6,nan,0.523598775598,nan,-0.6,nan,0,nan,0.6,nan,1.0471975512,nan
grid_3598,0.4375,nan,0.1744,nan,1.00,0.6,nan,0.523598775598,nan,-0.6,nan,0,nan,0.6,nan,0.523598775598,nan
grid_3599,1.2891,nan,0.0037,nan,1.01,0.6,nan,0.523598775598,nan,-0.6,nan,0,nan,0.6,nan,0,nan
grid_3600,0.4967,nan,0.3550,nan,1.00,0.6,nan,0.523598775598,nan,-0.6,nan,0.523598775598,nan,0.6,nan,0,nan
grid_3601,0.4038,nan,0.4643,nan,1.01,0.6,nan,0.523598775598,nan,-0.6,nan,0.523598775598,nan,0.6,nan,0.523598775598,nan
grid_3602,0.8398,nan,0.4040,nan,1.00,0.6,nan,0.523598775598,nan,-0.6,nan,0.523598775598,nan,0.6,nan,1.0471975512,nan
grid_3603,0.4034,nan,0.2063,nan,1.00,0.6,nan,0.523598775598,nan,-0.6,nan,0.523598775598,nan,0.6,nan,1.57079632679,nan
grid_3604,0.4719,nan,0.1604,nan,1.00,0.6,nan,0.523598775598,nan,-0.6,nan,0.523598775598,nan,0.2,nan,1.57079632679,nan
grid_3605,0.5063,nan,0.0530,nan,1.01,0.6,nan,0.523598775598,nan,-0.6,nan,0.523598775598,nan,0.2,nan,1.0471975512,nan
grid_3606,0.5067,nan,0.0108,nan,0.99,0.6,nan,0.523598775598,nan,-0.6,nan,0.523598775598,nan,0.2,nan,0.523598775598,nan
grid_3607,0.6064,nan,0.2972,nan,1.00,0.6,nan,0.523598775598,nan,-0.6,nan,0.523598775598,nan,0.2,nan,0,nan
grid_3608,0.5879,nan,1.0834,nan,0.99,0.6,nan,0.523598775598,nan,-0.6,nan,0.523598775598,nan,-0.2,nan,0,nan
grid_3609,0.4813,nan,0.4718,nan,1.00,0.6,nan,0.523598775598,nan,-0.6,nan,0.523598775598,nan,-0.2,nan,0.523598775598,nan
grid_3610,0.9073,nan,0.0999,nan,1.00,0.6,nan,0.523598775598,nan,-0.6,nan,0.523598775598,nan,-0.2,nan,1.0471975512,nan
grid_3611,0.2247,nan,0.0031,nan,1.00,0.6,nan,0.523598775598,nan,-0.6,nan,0.523598775598,nan,-0.2,nan,1.57079632679,nan
grid_3612,0.4305,nan,0.0075,nan,0.99,0.6,nan,0.523598775598,nan,-0.6,nan,0.523598775598,nan,-0.6,nan,1.57079632679,nan
grid_3613,0.2912,nan,0.3319,nan,1.00,0.6,nan,0.523598775598,nan,-0.6,nan,0.523598775598,nan,-0.6,nan,1.0471975512,nan
grid_3614,0.1984,nan,0.8604,nan,1.00,0.6,nan,0.523598775598,nan,-0.6,nan,0.523598775598,nan,-0.6,nan,0.523598775598,nan
grid_3615,0.3441,nan,1.1732,nan,1.00,0.6,nan,0.523598775598,nan,-0.6,nan,0.523598775598,nan,-0.6,nan,0,nan
grid_3616,0.4356,nan,0.3738,nan,1.01,0.6,nan,0.523598775598,nan,-0.6,nan,1.0471975512,nan,-0.6,nan,0,nan
grid_3617,0.2999,nan,0.0544,nan,1.00,0.6,nan,0.523598775598,nan,-0.6,nan,1.0471975512,nan,-0.6,nan,0.523598775598,nan
grid_3618,0.4873,nan,0.0922,nan,1.01,0.6,nan,0.523598775598,nan,-0.6,nan,1.0471975512,nan,-0.6,nan,1.0471975512,nan
grid_3619,0.3935,nan,0.3118,nan,1.00,0.6,nan,0.523598775598,nan,-0.6,nan,1.0471975512,nan,-0.6,nan,1.57079632679,nan
grid_3620,0.3071,nan,0.4108,nan,1.00,0.6,nan,0.523598775598,nan,-0.6,nan,1.0471975512,nan,-0.2,nan,1.57079632679,nan
grid_3621,0.7074,nan,0.1995,nan,1.00,0.6,nan,0.523598775598,nan,-0.6,nan,1.0471975512,nan,-0.2,nan,1.0471975512,nan
grid_3622,0.7514,nan,0.0423,nan,0.99,0.6,nan,0.523598775598,nan,-0.6,nan,1.0471975512,nan,-0.2,nan,0.523598775598,nan
grid_3623,0.6887,nan,0.0647,nan,1.00,0.6,nan,0.523598775598,nan,-0.6,nan,1.0471975512,nan,-0.2,nan,0,nan
grid_3624,0.5938,nan,0.2359,nan,1.00,0.6,nan,0.523598775598,nan,-0.6,nan,1.0471975512,nan,0.2,nan,0,nan
grid_3625,0.3973,nan,0.3933,nan,1.01,0.6,nan,0.523598775598,nan,-0.6,nan,1.0471975512,nan,0.2,nan,0.523598775598,nan
grid_3626,0.5031,nan,0.4918,nan,1.01,0.6,nan,0.523598775598,nan,-0.6,nan,1.0471975512,nan,0.2,nan,1.0471975512,nan
grid_3627,0.2374,nan,0.5539,nan,1.00,0.6,nan,0.523598775598,nan,-0.6,nan,1.0471975512,nan,0.2,nan,1.57079632679,nan
grid_3628,0.3698,nan,0.6580,nan,1.00,0.6,nan,0.523598775598,nan,-0.6,nan,1.0471975512,nan,0.6,nan,1.57079632679,nan
grid_3629,0.3396,nan,0.7013,nan,1.00,0.6,nan,0.523598775598,nan,-0.6,nan,1.0471975512,nan,0.6,nan,1.0471975512,nan
grid_3630,0.5722,nan,0.8581,nan,0.99,0.6,nan,0.523598775598,nan,-0.6,nan,1.0471975512,nan,0.6,nan,0.523598775598,nan
grid_3631,0.4335,nan,0.6139,nan,0.99,0.6,nan,0.523598775598,nan,-0.6,nan,1.0471975512,nan,0.6,nan,0,nan
grid_3632,0.2618,nan,0.4503,nan,1.01,0.6,nan,0.523598775598,nan,-0.6,nan,1.57079632679,nan,0.6,nan,0,nan
grid_3633,0.2974,nan,0.8142,nan,1.00,0.6,nan,0.523598775598,nan,-0.6,nan,1.57079632679,nan,0.6,nan,0.523598775598,nan
grid_3634,0.1428,nan,0.9022,nan,1.00,0.6,nan,0.523598775598,nan,-0.6,nan,1.57079632679,nan,0.6,nan,1.0471975512,nan
grid_3635,0.1946,nan,0.6693,nan,0.99,0.6,nan,0.523598775598,nan,-0.6,nan,1.57079632679,nan,0.6,nan,1.57079632679,nan
grid_3636,0.3195,nan,0.5992,nan,1.00,0.6,nan,0.523598775598,nan,-0.6,nan,1.57079632679,nan,0.2,nan,1.57079632679,nan
grid_3637,0.1992,nan,0.7380,nan,1.00,0.6,nan,0.523598775598,nan,-0.6,nan,1.57079632679,nan,0.2,nan,1.0471975512,nan
grid_3638,0.3133,nan,0.4915,nan,1.00,0.6,nan,0.523598775598,nan,-0.6,nan,1.57079632679,nan,0.2,nan,0.523598775598,nan
grid_3639,0.5627,nan,0.7530,nan,1.00,0.6,nan,0.523598775598,nan,-0.6,nan,1.57079632679,nan,0.2,nan,0,nan
grid_3640,0.8051,nan,0.3071,nan,0.99,0.6,nan,0.523598775598,nan,-0.6,nan,1.57079632679,nan,-0.2,nan,0,nan
grid_3641,0.4158,nan,0.2857,nan,1.01,0.6,nan,0.523598775598,nan,-0.6,nan,1.57079632679,nan,-0.2,nan,0.523598775598,nan
grid_3642,0.2925,nan,0.4542,nan,1.00,0.6,nan,0.523598775598,nan,-0.6,nan,1.57079632679,nan,-0.2,nan,1.0471975512,nan
grid_3643,0.17998550259891002,0.16147213668316768,0.6268026702304138,0.10197278163014922,1.0046845926546515,0.6,0.5992443566048289,0.5235987755982988,0.5820493382788463,-0.6,-0.5809277699199384,1.5707963267948966,1.5690137722085629,-0.2,-0.19799378686442903,1.5707963267948966,1.5708285606643466
grid_3644,0.10877421031259164,0.10023343790627486,0.5091547137260559,0.15980012187417666,0.9962404768904152,0.6,0.5992792826353055,0.5235987755982988,0.5210557512419554,-0.6,-0.5801282966888781,1.5707963267948966,1.5681979745458205,-0.6,-0.5979404882391117,1.5707963267948966,1.5682715290843525
grid_3645,0.09635899419228591,0.07860688308157028,0.44142234202783015,0.09598657491007974,0.999456105835503,0.6,0.5994560919213905,0.5235987755982988,0.5217037590679281,-0.6,-0.5859571686619187,1.5707963267948966,1.5657352382285987,-0.6,-0.5976106359817344,1.0471975511965976,1.0381592401665856
grid_3646,0.5453748601454946,0.35924489015430167,0.21224586022294217,0.08027357251196397,0.9958806826107491,0.6,0.5981711011576802,0.5235987755982988,0.5213314283961621,-0.6,-0.5886301140159294,1.5707963267948966,1.564549182079074,-0.6,-0.597138367468756,0.5235987755982988,0.5140249693753285
grid_3647,0.8621147293806842,0.5807893769368705,0.016890476589263386,0.028520599898626115,0.9914927233242692,0.6,0.5970464965784874,0.5235987755982988,0.5230028121781096,-0.6,-0.5947090440825171,1.5707963267948966,1.5675107524620033,-0.6,-0.5951514891304361,0.0,-0.0054143301920763776
grid_3648,0.5488274544444617,0.47361813731882774,0.010596922780622317,0.0319340336799461,1.0030080947281355,0.6,0.5955366931880102,0.5235987755982988,0.5220329896565046,-0.2,-0.19566016606291825,1.5707963267948966,1.5653504966097627,-0.6,-0.5965204670138968,0.0,-0.00369242969493655
grid_3649,0.6749744533748951,0.4496830378417913,0.03846151412537173,0.04900507417640933,0.9941952512324047,0.6,0.5968618746704761,0.5235987755982988,0.5219609223611901,-0.2,-0.1930089543350899,1.5707963267948966,1.5626537321822696,-0.6,-0.5963325213813357,0.5235987755982988,0.5165502865746481
grid_3650,0.5417958563045017,0.3383678961979366,0.14637222978308911,0.12351400036120291,1.0041840412971452,0.6,0.5984363492203011,0.5235987755982988,0.523356129011809,-0.2,-0.1886189806355416,1.5707963267948966,1.567291971604253,-0.6,-0.5971344553761773,1.0471975511965976,1.0357417889999718
grid_3651,0.21516967737985987,0.18652337032993013,0.17156134184238997,0.18278626817742918,0.9994521605587983,0.6,0.5990528017848602,0.5235987755982988,0.5203583726931491,-0.2,-0.18084068111873908,1.5707963267948966,1.56218079789849,-0.6,-0.596992840900584,1.5707963267948966,1.5594009522035224
grid_3652,0.2737780511565949,0.18863505928416477,0.4016053351988388,0.1093259640891368,1.0038546249270337,0.6,0.6000547654939385,0.5235987755982988,0.5212384793275069,-0.2,-0.1831200738714731,1.5707963267948966,1.5642207580287097,-0.2,-0.1965792891357676,1.5707963267948966,1.5687163606352863
grid_3653,0.3423180891044336,0.23091807621831406,0.33488220662317675,0.10785428256873983,1.007403804372766,0.6,0.5980254342136488,0.5235987755982988,0.5213294132893198,-0.2,-0.18898219056091037,1.5707963267948966,1.5637857195725813,-0.2,-0.1993952418786744,1.0471975511965976,1.0414433065175048
grid_3654,0.5228425357640145,0.42970239862897436,0.13290230176468792,0.13785738125060557,0.9899707367092718,0.6,0.597361072895632,0.5235987755982988,0.5219244473566382,-0.2,-0.1939358200773249,1.5707963267948966,1.566280239901241,-0.2,-0.19974763221858804,0.5235987755982988,0.5186742881574151
grid_3655,0.7723864429401032,0.5216898170847521,0.2617463795494133,0.21596501795450845,1.0010867162643378,0.6,0.5952884333998325,0.5235987755982988,0.5218838302664262,-0.2,-0.1978171266047415,1.5707963267948966,1.566324537449339,-0.2,-0.20071174207702125,0.0,-0.0032356856569197845
grid_3656,0.24036379168751193,0.22490655949383048,0.2828094986493932,0.20742284247615467,1.0093932069344607,0.6,0.5958951488918158,0.5235987755982988,0.520729700946732,-0.2,-0.19665076094794198,1.5707963267948966,1.5663336600334015,0.19999999999999996,0.19702032711355422,0.0,-0.003783455496741972
grid_3657,0.30129421973621023,0.2732364116654406,0.413967916481885,0.10245326333888212,0.9964671320478027,0.6,0.5972960250592143,0.5235987755982988,0.521383543989506,-0.2,-0.1935813008726912,1.5707963267948966,1.5658624118410334,0.19999999999999996,0.19662970453215767,0.5235987755982988,0.5211220911633037
grid_3658,0.16084198148727719,0.1375796960124543,0.387174023292174,0.1681668579054759,0.9908672873578025,0.6,0.598552165826999,0.5235987755982988,0.5213040416050179,-0.2,-0.1872636942339021,1.5707963267948966,1.5655655985897186,0.19999999999999996,0.19937664881209916,1.0471975511965976,1.0474209547216775
grid_3659,0.15583089008698764,0.12329807398930076,0.3309048784377246,0.12650951089855156,1.0080164879202942,0.6,0.5993069654689949,0.5235987755982988,0.5207223219251009,-0.2,-0.18280033964523312,1.5707963267948966,1.565105825091127,0.19999999999999996,0.20253432137916327,1.5707963267948966,1.5708293305229963
grid_3660,0.09946384849771076,0.0804952177323064,0.3909264434790253,0.16392408861483396,0.996283257172848,0.6,0.5990127260413445,0.5235987755982988,0.5215827052956659,-0.2,-0.18564893350256106,1.5707963267948966,1.5695372681402855,0.6,0.5998355888449884,1.5707963267948966,1.5708344356591528
grid_3661,0.1638981367280955,0.1471797491548146,0.5776571856216264,0.17659924597640786,1.0051926312071948,0.6,0.598956687620884,0.5235987755982988,0.5211865915099567,-0.2,-0.1875240661746158,1.5707963267948966,1.5669948430314582,0.6,0.5989334396219705,1.0471975511965976,1.052998369091477
grid_3662,0.37228225164343187,0.4615368269684651,0.7112319587123892,0.08817000270028022,0.9934306886782899,0.6,0.5965873071011298,0.5235987755982988,0.5206716609475688,-0.2,-0.19503483158560897,1.5707963267948966,1.565823033484878,0.6,0.5979976019649937,0.5235987755982988,0.5242591361220841
grid_3663,0.31488961644920566,0.29502487683785733,0.8733143573177171,0.19017431778247953,1.0059165344689938,0.6,0.5957911845985224,0.5235987755982988,0.5200754279894939,-0.2,-0.19971144744964597,1.5707963267948966,1.5640534821536969,0.6,0.5969147559802312,0.0,-0.006060472299743935
grid_3664,0.7036294889891501,0.534355841923512,0.9134468419038301,0.21178974985420834,0.9953132011524379,0.6,0.59669240304817,0.5235987755982988,0.5191940355224212,-0.2,-0.19976698607868215,1.0471975511965976,1.0362535487410671,0.6,0.5948868059167394,0.0,-0.008641658467523072
grid_3665,0.29408833203647783,0.2351768981801896,0.9607066005548989,0.10028704308989234,0.9999939922213852,0.6,0.5975413131936111,0.5235987755982988,0.5190770283326822,-0.2,-0.19468249643807845,1.0471975511965976,1.0385549381321084,0.6,0.5981613576626694,0.5235987755982988,0.5212517778281107
grid_3666,0.1640862655097552,0.14763954864884685,0.786227478675294,0.11640731153262843,1.0072286529225756,0.6,0.5988780391050819,0.5235987755982988,0.5202996982985573,-0.2,-0.18848988642545805,1.0471975511965976,1.0405113644137423,0.6,0.599318303636835,1.0471975511965976,1.0479344235493482
grid_3667,0.16574273710797743,0.12095871368590536,0.6646964679646972,0.10957460545278912,0.9908344527025555,0.6,0.5999881214299867,0.5235987755982988,0.5205146179502851,-0.2,-0.18456618594436414,1.0471975511965976,1.0394823872547958,0.6,0.6019589902353815,1.5707963267948966,1.5708028331008794
grid_3668,0.2996086912550447,0.29264906682126307,0.47180261785399963,0.13576738893770882,0.9963449297456147,0.6,0.6002306418289267,0.5235987755982988,0.5211888787406993,-0.2,-0.1823738399125885,1.0471975511965976,1.042393119438061,0.19999999999999996,0.20326731628597994,1.5707963267948966,1.5702074851709815
grid_3669,0.329861359926925,0.3007559453369974,0.4773991171979145,0.1511185194874911,1.0035314810607714,0.6,0.5988672863537108,0.5235987755982988,0.520579902550554,-0.2,-0.18673630022028842,1.0471975511965976,1.0407607710111355,0.19999999999999996,0.20103483501987718,1.0471975511965976,1.044352102640592
grid_3670,0.290140853642517,0.2509518926303948,0.54747009808794,0.10783366471450484,0.9996711422161363,0.6,0.597964661736067,0.5235987755982988,0.5196203385631071,-0.2,-0.19210660743838215,1.0471975511965976,1.0382562753441942,0.19999999999999996,0.19845216957361522,0.5235987755982988,0.5193116115816041
grid_3671,0.2616696254431375,0.3635160514535935,0.4996275023948793,0.2012513011856093,0.9970125184076478,0.6,0.5966360264087678,0.5235987755982988,0.519227623779356,-0.2,-0.19676987346654862,1.0471975511965976,1.0397804927671848,0.19999999999999996,0.19622369738656786,0.0,-0.004825058246235692
grid_3672,1.0032513485198271,0.5412060187469729,0.08175049463387543,0.0788690454524036,1.0028842399035267,0.6,0.596987174494318,0.5235987755982988,0.5217985189998746,-0.2,-0.19318349047580075,1.0471975511965976,1.04359812409038,-0.2,-0.20051036946661682,0.0,-0.00270193026198573
grid_3673,0.7288932976371261,0.5119128107284742,0.20687645252796832,0.0896391023291491,1.0026355235568163,0.6,0.5975952177671653,0.5235987755982988,0.521279330069075,-0.2,-0.18845810084433356,1.0471975511965976,1.041252215192741,-0.2,-0.19934791214495196,0.5235987755982988,0.5188773783670513
grid_3674,0.6527708478641239,0.5897323976867732,0.2479157470921592,0.15569672170813093,0.9966643368733814,0.6,0.5993227482172703,0.5235987755982988,0.5213980100932245,-0.2,-0.18745116757282254,1.0471975511965976,1.0396987054787612,-0.2,-0.19733690513227042,1.0471975511965976,1.0406324850385582
grid_3675,0.1631863800810219,0.15193661922489163,0.2624191686864611,0.12902669001869088,1.0003361540934161,0.6,0.600079104106432,0.5235987755982988,0.5223899320648293,-0.2,-0.18471592617045385,1.0471975511965976,1.0432799389074905,-0.2,-0.194375716875272,1.5707963267948966,1.5660761575883289
grid_3676,0.6973560625913793,0.39374952065536195,0.09585382846589054,0.08959097453349985,1.000964507291324,0.6,0.5993417539060797,0.5235987755982988,0.5200898643364402,-0.2,-0.18642223388236268,1.0471975511965976,1.0377974619300971,-0.6,-0.5951479461883968,1.5707963267948966,1.5627008062598824
grid_3677,0.7036794027751113,0.458012875420269,0.058558803414250314,0.07130754936000878,0.9952775360850046,0.6,0.5988795387098778,0.5235987755982988,0.5226090530850636,-0.2,-0.18259008607513127,1.0471975511965976,1.0424781460060606,-0.6,-0.5942956578972041,1.0471975511965976,1.0369190693354184
grid_3678,1.1854087364146297,0.5576900986518298,0.08770274750536236,0.07807429032552086,1.00049990587207,0.6,0.5977045783216308,0.5235987755982988,0.5223914050694596,-0.2,-0.18856905581611816,1.0471975511965976,1.0432319122258011,-0.6,-0.5948141926482942,0.5235987755982988,0.5172701574241545
grid_3679,0.9680698276054074,0.8536639855427666,0.2517126336738318,0.12586159461679658,1.0013178601495554,0.6,0.5956388171068934,0.5235987755982988,0.5232566216984464,-0.2,-0.19347968749351185,1.0471975511965976,1.045693942917909,-0.6,-0.5948066135754404,0.0,-0.0006554938397060894
grid_3680,0.8751061526412057,0.9589109219505908,0.9710933882251528,0.20208179198603018,0.9967489941492168,0.6,0.5939851639725369,0.5235987755982988,0.5243705237176259,-0.2,-0.19697879071628854,0.5235987755982988,0.5322735325819705,-0.6,-0.5957282408117237,0.0,0.00488537573749781
grid_3681,0.4374285042915617,0.4221128424566809,0.5938441253222885,0.18742454697890623,1.0052449483549617,0.6,0.5975117176314004,0.5235987755982988,0.5234520283458792,-0.2,-0.19043136232910562,0.5235987755982988,0.5251668969026158,-0.6,-0.5934747563548264,0.5235987755982988,0.521309349814568
grid_3682,1.055007130599313,0.6595061290364983,0.0833970097029004,0.07803417327444408,0.9980586721079338,0.6,0.5989773200832138,0.5235987755982988,0.5228826382396043,-0.2,-0.18778204344711913,0.5235987755982988,0.5215856316033118,-0.6,-0.5923656024864847,1.0471975511965976,1.039161612574138
grid_3683,0.6674186926818766,0.4511661732521214,0.18813694225632144,0.15099060645110252,1.0033748417007222,0.6,0.6005755162249695,0.5235987755982988,0.5217525504779621,-0.2,-0.18515691490109987,0.5235987755982988,0.5179956148363827,-0.6,-0.5929382726531109,1.5707963267948966,1.5624454949864885
grid_3684,0.1356963706602401,0.09610927355679783,0.2745607374137533,0.1541357150636638,1.0029581566894932,0.6,0.599390354022078,0.5235987755982988,0.5187200822147133,-0.2,-0.18254020269595905,0.5235987755982988,0.5154512672601586,-0.2,-0.19341420854586744,1.5707963267948966,1.5652539806387482
grid_3685,0.7139180659080355,0.5196658522004656,0.14960542248219347,0.15345147928255037,0.9925008510590523,0.6,0.5983985840986916,0.5235987755982988,0.5214876374164659,-0.2,-0.18811354803968428,0.5235987755982988,0.5176387598187695,-0.2,-0.19524894155428463,1.0471975511965976,1.0415654378252022
grid_3686,0.7202531797663202,0.6692444068443185,0.0,0.0,1.0060260641179382,0.6,0.598733846865068,0.5235987755982988,0.5220741449558064,-0.2,-0.1890742597351318,0.5235987755982988,0.5191985414786195,-0.2,-0.19723796208517363,0.5235987755982988,0.5197824601684333
grid_3687,0.5213548705425579,0.5041026097060609,0.07232408011090327,0.08354830589254195,0.9988173064905036,0.6,0.5983300748479161,0.5235987755982988,0.522486339648343,-0.2,-0.19291625265982848,0.5235987755982988,0.5220196533962627,-0.2,-0.1997443188144299,0.0,-0.00032285356896100126
grid_3688,0.507135623495966,0.45749252144798647,0.8194217434517274,0.1764620765622444,1.0026646988975125,0.6,0.6002028507332149,0.5235987755982988,0.5170948009465262,-0.2,-0.19151514295687555,0.5235987755982988,0.511882508179001,0.19999999999999996,0.19754832019993174,0.0,-0.005709656948789998
grid_3689,0.3569135968081594,0.30991222729394136,0.7765794101823931,0.17039140586792068,1.0021306123127212,0.6,0.5999364602488182,0.5235987755982988,0.5186437927342045,-0.2,-0.18902868569803655,0.5235987755982988,0.5139403548571053,0.19999999999999996,0.19983494501310783,0.5235987755982988,0.5190733689558265
grid_3690,0.33456689689364133,0.3160673240767147,0.5052673461552877,0.15116845622534716,0.99757045280815,0.6,0.6003557235216617,0.5235987755982988,0.5193218048235444,-0.2,-0.18726260008583573,0.5235987755982988,0.5137008868748403,0.19999999999999996,0.20193246739151505,1.0471975511965976,1.0425295199606648
grid_3691,0.24807032185854822,0.204284775275731,0.42358509498729846,0.09681722067097828,0.9977894544825341,0.6,0.6009895140070487,0.5235987755982988,0.5206052108946864,-0.2,-0.1854974640142073,0.5235987755982988,0.51718118288266,0.19999999999999996,0.20469448018465553,1.5707963267948966,1.5677289075495517
grid_3692,0.19147739547562675,0.1699287785155756,0.8316972077267286,0.12006754391834117,1.00193333920427,0.6,0.6000721173626111,0.5235987755982988,0.5193573682872321,-0.2,-0.18676612273020243,0.5235987755982988,0.5146860990066431,0.6,0.6029443438554365,1.5707963267948966,1.5692567015563617
grid_3693,0.15334834442005085,0.1320263067414354,1.0835781771809274,0.1397687680485335,1.000090439865443,0.6,0.5996407386484712,0.5235987755982988,0.518214016103709,-0.2,-0.19005355691907955,0.5235987755982988,0.5110055327621783,0.6,0.5996798874262002,1.0471975511965976,1.043678034972542
grid_3694,0.19670522111432198,0.19291809460016549,1.433319493971105,0.08045843747387392,1.0032436578841208,0.6,0.5986792706897299,0.5235987755982988,0.5168665596247619,-0.2,-0.19406567896962024,0.5235987755982988,0.5074841392637248,0.6,0.5973454230638104,0.5235987755982988,0.5171916273805497
grid_3695,0.4602734676273673,0.487834448527302,1.5638197878236098,0.10000930859716692,1.0036331245398527,0.6,0.5960883113945545,0.5235987755982988,0.5153604092446731,-0.2,-0.20073952848629784,0.5235987755982988,0.505780777741295,0.6,0.5928054720810918,0.0,-0.01004646543097909
grid_3696,1.8267060382885103,1.2838590543143416,0.3937474225931875,0.03630008039537294,0.9816955224702746,0.6,0.5902292235264293,0.5235987755982988,0.48722186805746137,-0.2,-0.23037378167555023,0.0,-0.0368720592979459,0.6,0.5728122787159666,0.0,-0.00408932074593249
grid_3697,0.3691100131131721,0.3465041279231754,1.8118539102844529,0.020105135752928112,0.9964182452909632,0.6,0.5973089869443315,0.5235987755982988,0.5105759202467732,-0.2,-0.19914547794982607,0.0,-0.02768013681119541,0.6,0.5933466926948459,0.5235987755982988,0.5132534161351838
grid_3698,0.37214560042274675,0.32987957529318573,1.6901351952301291,0.11756457170381121,0.9940002857302839,0.6,0.600232476549186,0.5235987755982988,0.51418060036647,-0.2,-0.18942785735356882,0.0,-0.019520801374668828,0.6,0.6000180195148168,1.0471975511965976,1.0410284103433725
grid_3699,0.4617519512694745,0.5071131330746964,1.075249085023044,0.11666338709316389,1.0054594121045397,0.6,0.6013315452386498,0.5235987755982988,0.5174662302941968,-0.2,-0.18494432012563156,0.0,-0.01100062699685278,0.6,0.6023120888425995,1.5707963267948966,1.5650070599969297
grid_3700,1.0705862913407558,0.4150016342547583,0.7291577135365068,0.1104120315590639,0.994706106906845,0.6,0.6021680206493967,0.5235987755982988,0.5186631190364155,-0.2,-0.18176902856887178,0.0,-0.008747935652769101,0.19999999999999996,0.2050187168448332,1.5707963267948966,1.5653342963499286
grid_3701,0.29627572201591346,0.3286334155309192,1.2723369566181597,0.12075091687548876,1.0051602533849118,0.6,0.6033071240676673,0.5235987755982988,0.5170727139334614,-0.2,-0.18239568639842663,0.0,-0.013610288621183741,0.19999999999999996,0.20517285585758316,1.0471975511965976,1.0412121580517866
grid_3702,0.35983123142096546,0.39883544987645114,1.6946467952697855,0.08123848178915041,0.9954442367300121,0.6,0.6053528791483984,0.5235987755982988,0.5105884776970813,-0.2,-0.18392961735644864,0.0,-0.02253359956906209,0.19999999999999996,0.20304623691808477,0.5235987755982988,0.5149790214531
grid_3703,1.6334410281616372,1.455002487037519,0.3468950674781056,0.045458546742718924,0.994377648585235,0.6,0.5869021792597344,0.5235987755982988,0.4823960480064571,-0.2,-0.22879129185607194,0.0,-0.03175631635072129,0.19999999999999996,0.17449150026923022,0.0,0.001636981808512239
grid_3704,1.3981089167555325,1.0207553651286039,0.6130596587484164,0.025584684877782243,0.9887004934600684,0.6,0.585852215187141,0.5235987755982988,0.5035256533580492,-0.2,-0.22985553928128155,0.0,0.004752005006658067,-0.2,-0.22634965822451925,0.0,0.018152405480843292
grid_3705,0.7074087266654602,0.5865490076230337,0.09273822204087605,0.0972127744545751,1.0168191196420302,0.6,0.6017114335696983,0.5235987755982988,0.5194658405185324,-0.2,-0.18235748775939076,0.0,-0.0009445560074041737,-0.2,-0.19186192887318754,0.5235987755982988,0.5234997869377791
grid_3706,0.8571570847041456,0.6981148869268584,0.18978854937292008,0.1607027259025845,1.0017440924572387,0.6,0.6026820447035801,0.5235987755982988,0.5207208344230576,-0.2,-0.18110333785277177,0.0,-0.004821021316014473,-0.2,-0.18797190357801252,1.0471975511965976,1.0424585820723804
grid_3707,1.010161899125739,0.8056867757659245,0.4538054529608986,0.20287241538838205,1.0016029228444205,0.6,0.6023743713717655,0.5235987755982988,0.5183946437355127,-0.2,-0.18064746903202078,0.0,-0.007727411125395989,-0.2,-0.19225391695650984,1.5707963267948966,1.565604540487782
grid_3708,1.3134434385453466,0.8342459192693705,0.22399952649525598,0.14923881449252835,1.0009678084249565,0.6,0.6012184236001819,0.5235987755982988,0.5204401045117892,-0.2,-0.1813782680455569,0.0,-0.005897098262476419,-0.6,-0.592730472309487,1.5707963267948966,1.5658849854425876
grid_3709,1.327692087542554,0.4878581196939956,0.49061622502281466,0.1407008154929745,0.9927291879156881,0.6,0.5998415144246154,0.5235987755982988,0.5242575560522091,-0.2,-0.18368723295411993,0.0,0.0027979924351999585,-0.6,-0.5907097368164607,1.0471975511965976,1.0459453908805578
grid_3710,1.6474355182491682,0.6260682987027527,1.1520594857029072,0.08580309680675519,0.9988183632772198,0.6,0.5965762718744259,0.5235987755982988,0.5257885398234237,-0.2,-0.19141249972930385,0.0,0.011537816657778421,-0.6,-0.594465698033205,0.5235987755982988,0.5287801470455165
grid_3711,1.3593015845567444,1.279276092257899,0.45557642311985924,0.04562849077163703,0.9951825789936513,0.6,0.5736484619138658,0.5235987755982988,0.5051547372561931,-0.2,-0.24790803231124858,0.0,0.006205375380731404,-0.6,-0.6219884992928799,0.0,0.017164382339108997
grid_3712,0.6301180996163227,0.7242411163822613,0.7557558781572362,0.054271951645566294,1.0057176449179666,0.6,0.5596372994427323,0.5235987755982988,0.5001199730592809,0.19999999999999996,0.1363863058423087,0.0,-0.004804746146159111,-0.6,-0.6329379792418726,0.0,0.013689616964109419
grid_3713,0.4569653158568133,0.45203863844781705,0.5660290610596035,0.16124491312763722,1.0058323638114781,0.6,0.5994836351800199,0.5235987755982988,0.5110377135415787,0.19999999999999996,0.20520967035808368,0.0,-0.011394996970133242,-0.6,-0.5983567339686529,0.5235987755982988,0.5200688991335287
grid_3714,0.26094623728241134,0.2989950772601494,1.0926105937083688,0.1348301414513614,0.9970952626309936,0.6,0.5991969561929444,0.5235987755982988,0.5112405101799187,0.19999999999999996,0.20914939921092124,0.0,-0.012833294774414306,-0.6,-0.594003868967155,1.0471975511965976,1.0430703030734865
grid_3715,0.3501075877274785,0.33831062086536523,1.5058440263726045,0.1230629136090471,1.002041501544909,0.6,0.5989743582720495,0.5235987755982988,0.5129221591807278,0.19999999999999996,0.2100442953684567,0.0,-0.013642140613590925,-0.6,-0.5934613724926114,1.5707963267948966,1.5691694320138039
grid_3716,0.43927274344486966,0.3288925644085186,1.6145800162732329,0.12004613062016031,1.0001471827672952,0.6,0.5993914178077615,0.5235987755982988,0.5135898683749174,0.19999999999999996,0.20876973393745146,0.0,-0.014275666816906174,-0.2,-0.19607335105263335,1.5707963267948966,1.5704135482233026
grid_3717,0.18036794441587006,0.2185064382791062,1.783776160780101,0.14073977561481066,1.0017752927080545,0.6,0.5989367133150001,0.5235987755982988,0.5099810168765382,0.19999999999999996,0.20608272072060707,0.0,-0.018694132503705774,-0.2,-0.19844806387161462,1.0471975511965976,1.0431376572894262
grid_3718,0.31257002977378207,0.22897409149326728,1.642789799133574,0.08116615017195838,1.001665169015516,0.6,0.5978266452797767,0.5235987755982988,0.5081652528857132,0.19999999999999996,0.19717330305298386,0.0,-0.02340332568058212,-0.2,-0.20691618199325035,0.5235987755982988,0.515540684189359
grid_3719,0.5058407294766268,0.6864708983919036,0.7715786313871127,0.04009454455928869,0.9921672526741526,0.6,0.5750506492493992,0.5235987755982988,0.4957938963030859,0.19999999999999996,0.14624927009632582,0.0,-0.016391929534954386,-0.2,-0.23373873253609645,0.0,0.006813510413735457
grid_3720,0.1923584652309845,0.2233524060227622,0.8691992571439794,0.030370433377135124,1.0018075324845217,0.6,0.5773182120631422,0.5235987755982988,0.4976596733779868,0.19999999999999996,0.15138792493051945,0.0,-0.018869321023158747,0.19999999999999996,0.16224952658019998,0.0,0.0038472871750956372
grid_3721,0.19071069430746007,0.16431926042439035,2.1467705802380896,0.09630581180741188,1.0117558395681396,0.6,0.5933502725013593,0.5235987755982988,0.5095105220467468,0.19999999999999996,0.18960714547685775,0.0,-0.025153145159889867,0.19999999999999996,0.18709998069354583,0.5235987755982988,0.5166876897156341
grid_3722,0.28104537994199114,0.2597498537276811,2.061239270416467,0.15262274944284945,1.0009432137520888,0.6,0.5972200972982442,0.5235987755982988,0.5097542452194475,0.19999999999999996,0.20100423030674097,0.0,-0.021264259777708183,0.19999999999999996,0.1980042136348068,1.0471975511965976,1.0445970017339699
grid_3723,0.2084839993276412,0.15593605427209434,1.801260513283171,0.10904931335355166,1.0016921174025157,0.6,0.5996374882482227,0.5235987755982988,0.5125838085594632,0.19999999999999996,0.20716303545132586,0.0,-0.015540018713773307,0.19999999999999996,0.20201270384012382,1.5707963267948966,1.5708333760993005
grid_3724,0.2391155044465339,0.24797798632181178,1.772523733979932,0.12775427951499593,0.9914340640937956,0.6,0.5975079774081777,0.5235987755982988,0.5122189793747527,0.19999999999999996,0.2038151375485917,0.0,-0.01610264779861037,0.6,0.6013485726373986,1.5707963267948966,1.5708233635484241
grid_3725,0.4777678982099028,0.31876536788033677,2.2171776142822552,0.101790838233023,1.0024482353522548,0.6,0.5945024128458813,0.5235987755982988,0.5098671334742022,0.19999999999999996,0.19630460473414413,0.0,-0.021844308266788737,0.6,0.5965027835788197,1.0471975511965976,1.0484626696001849
grid_3726,0.8986402645582858,0.6229497231847375,2.14380720570467,0.050537518365696664,1.0071880056949298,0.6,0.5905274924744939,0.5235987755982988,0.5112784568196371,0.19999999999999996,0.18629409832630017,0.0,-0.022621609580355084,0.6,0.5885133064838612,0.5235987755982988,0.5192239125981493
grid_3727,0.613790090980046,0.8767347080123372,1.0030060733989838,0.055237174157123634,0.9972431302591129,0.6,0.5803585943653786,0.5235987755982988,0.4988779913181558,0.19999999999999996,0.153333823257519,0.0,-0.01911054857809713,0.6,0.5697329715718196,0.0,0.003234969505431451
grid_3728,0.7328622483701543,0.5883471812276043,2.0150833217180706,0.12650522144773624,1.0044859946652307,0.6,0.5898390340717521,0.5235987755982988,0.5149700182779249,0.19999999999999996,0.18577492268277584,0.5235987755982988,0.5046481782468808,0.6,0.5901880512293589,0.0,-0.008224141112675554
grid_3729,0.17988039398276995,0.14457459084630903,1.7338787975661927,0.10107569420847552,0.9907582145819271,0.6,0.5954004639473425,0.5235987755982988,0.5137462394361334,0.19999999999999996,0.19893927963724334,0.5235987755982988,0.5074396854850178,0.6,0.5955928438377684,0.5235987755982988,0.5222597231096824
grid_3730,0.2427793707903882,0.24825752533951853,1.3742734868286246,0.12389391048444741,1.0016455370032644,0.6,0.5975184955774608,0.5235987755982988,0.5165433837927038,0.19999999999999996,0.20382650955644177,0.5235987755982988,0.5120054045315596,0.6,0.5989576457481203,1.0471975511965976,1.0502627305954277
grid_3731,0.3721415771717823,0.4470515255409994,1.001210387099576,0.12984402154001448,0.994836659841025,0.6,0.5982350537216243,0.5235987755982988,0.516548907204144,0.19999999999999996,0.20648298688139288,0.5235987755982988,0.515530016007042,0.6,0.6000355032631068,1.5707963267948966,1.570843539220359
grid_3732,0.2511684387169933,0.22746720960774128,0.9340591616831195,0.07073430271080841,1.0018587174923346,0.6,0.5996994204024357,0.5235987755982988,0.5176746468991196,0.19999999999999996,0.2095419706362147,0.5235987755982988,0.5161398402928707,0.19999999999999996,0.2037249488728854,1.5707963267948966,1.5706851317371484
grid_3733,0.31530695155356503,0.263728555600893,1.1214816518295507,0.19038878327889036,1.004987145524433,0.6,0.5988233835715233,0.5235987755982988,0.5172294613005146,0.19999999999999996,0.20634660744727817,0.5235987755982988,0.5127445348834092,0.19999999999999996,0.1990397812383886,1.0471975511965976,1.0483806864483265
grid_3734,0.27248450967204046,0.2842707055958976,1.4415927559756514,0.09955871540823258,0.998919886196882,0.6,0.5976372713255786,0.5235987755982988,0.5164397970698626,0.19999999999999996,0.20186687041628115,0.5235987755982988,0.510159907212997,0.19999999999999996,0.1958942624994604,0.5235987755982988,0.5207942817920177
grid_3735,0.4313291539442686,0.3868011076336989,1.6054527543871977,0.09925812665796269,1.0047414066792133,0.6,0.5946602213316252,0.5235987755982988,0.5146561841682713,0.19999999999999996,0.19380685185907964,0.5235987755982988,0.5070348039160377,0.19999999999999996,0.19033166395137524,0.0,-0.0066932113764073264
grid_3736,0.6869736189863753,0.6579623843252521,1.1275132310748093,0.1236180843587864,0.9964961735191272,0.6,0.5961017962940831,0.5235987755982988,0.5171772054474486,0.19999999999999996,0.1980585546290854,0.5235987755982988,0.5092755049517406,-0.2,-0.20511990809741132,0.0,-0.004162976234191262
grid_3737,0.2704058352903593,0.18407438873657134,0.9366405863810326,0.14846208847968323,0.9975442260857592,0.6,0.5977381653549108,0.5235987755982988,0.517610158505942,0.19999999999999996,0.20440266596616663,0.5235987755982988,0.5146151240419394,-0.2,-0.2022244381414131,0.5235987755982988,0.5217862170279703
grid_3738,0.4875478672123397,0.3856624958011337,0.8190519106481551,0.17251047382847895,1.0002549542964034,0.6,0.5999276664725794,0.5235987755982988,0.5182393991663856,0.19999999999999996,0.2095685331662409,0.5235987755982988,0.515970960536694,-0.2,-0.19732218558634962,1.0471975511965976,1.0455905990183636
grid_3739,0.22998089450642628,0.16963327999857733,0.8431904802244661,0.14489147387344653,0.9997370768378216,0.6,0.6002957044983646,0.5235987755982988,0.5196891761000488,0.19999999999999996,0.2112443364528005,0.5235987755982988,0.5177489174186585,-0.2,-0.19518879054757665,1.5707963267948966,1.570513727580681
grid_3740,0.19626746055624722,0.12712661311523316,0.6321141186068445,0.13361858531858883,0.9992613804046927,0.6,0.5989982837914658,0.5235987755982988,0.5175457624119506,0.19999999999999996,0.21018438809201445,0.5235987755982988,0.5168689119316285,-0.6,-0.5949306437341306,1.5707963267948966,1.5680973592432563
grid_3741,0.8050282258753736,0.5018134687487968,0.2924693005182013,0.1709067234305548,0.9991774841974459,0.6,0.5995195997266132,0.5235987755982988,0.5202348208663148,0.19999999999999996,0.20829737528231362,0.5235987755982988,0.5195148935866278,-0.6,-0.596798820694862,1.0471975511965976,1.0448076707323235
grid_3742,0.5828292568155284,0.4232245631164347,0.1307204899280986,0.0864934519784218,0.9994817621061156,0.6,0.5986768382870666,0.5235987755982988,0.5188875834619404,0.19999999999999996,0.20664571962842704,0.5235987755982988,0.5186583580076709,-0.6,-0.598584774740571,0.5235987755982988,0.5223114985857027
grid_3743,0.47956875671441157,0.267370431068034,0.08592012005342402,0.08340630933444054,1.0078548556019253,0.6,0.5959962526033227,0.5235987755982988,0.5194612419208298,0.19999999999999996,0.20050851286172122,0.5235987755982988,0.5207452239983645,-0.6,-0.6022829018587714,0.0,0.000641418153909612
grid_3744,0.836618218802001,0.573915518639393,0.208768447649474,0.21943630827984367,0.9930553678046179,0.6,0.5962151136747735,0.5235987755982988,0.5217917187220813,0.19999999999999996,0.20056334002767962,1.0471975511965976,1.043164374163923,-0.6,-0.6000359197537772,0.0,0.0009491645576353847
grid_3745,0.7494324074598877,0.468211765134417,0.008046990049830045,0.02204859937396652,1.0005261392648155,0.6,0.5975645540838572,0.5235987755982988,0.5212488711764909,0.19999999999999996,0.20701629112683317,1.0471975511965976,1.0429310190771952,-0.6,-0.5981675000127096,0.5235987755982988,0.5213104767771455
grid_3746,1.082750004399037,0.3769937555299952,0.00893877175880273,0.014479761898067964,1.0009433724132126,0.6,0.5988107943279983,0.5235987755982988,0.5223512276155011,0.19999999999999996,0.20979358746964216,1.0471975511965976,1.0437427648412942,-0.6,-0.5964235356601177,1.0471975511965976,1.0412449644436093
grid_3747,0.6146814453015276,0.30107234900102475,0.15729118231732422,0.09810145762312229,1.0041776177701593,0.6,0.5988479906095794,0.5235987755982988,0.5209954070696465,0.19999999999999996,0.21017875353587812,1.0471975511965976,1.0427557656462927,-0.6,-0.5964146290198649,1.5707963267948966,1.5654244626856286
grid_3748,0.8212393859738109,0.3953877236154742,0.09689100286025483,0.06953097549618027,1.0007864497194023,0.6,0.5998124903165181,0.5235987755982988,0.5219700249769632,0.19999999999999996,0.2101521179789101,1.0471975511965976,1.0439089583542662,-0.2,-0.1961351502747153,1.5707963267948966,1.5685179634871735
grid_3749,0.30227503068158973,0.23659373172020975,0.17461693317405275,0.13012672410250656,1.0033932752203396,0.6,0.598739692728147,0.5235987755982988,0.5208065378513007,0.19999999999999996,0.20906028606134264,1.0471975511965976,1.0405166997032067,-0.2,-0.19952531776366467,1.0471975511965976,1.0450523650048824
grid_3750,0.19696958940139733,0.1787006572929501,0.3738178936641327,0.10963234849690599,0.997966397797945,0.6,0.5971623131575967,0.5235987755982988,0.5197751393588073,0.19999999999999996,0.2050865100802337,1.0471975511965976,1.0413061404643527,-0.2,-0.20162461893884398,0.5235987755982988,0.5226710870228661
grid_3751,0.22452459254236817,0.2591036177305969,0.3683212265352142,0.2057257481559969,1.0035215359634844,0.6,0.5968494209808224,0.5235987755982988,0.519435292866075,0.19999999999999996,0.2017916194831315,1.0471975511965976,1.040005950595325,-0.2,-0.20368565309693842,0.0,-0.001302885104603746
grid_3752,0.365427560356322,0.34003866840779245,0.8491989775499654,0.2748209614173498,1.005869165607404,0.6,0.5969029427261381,0.5235987755982988,0.5191149505967543,0.19999999999999996,0.20079741211189273,1.0471975511965976,1.0368771906179184,0.19999999999999996,0.1952708142870554,0.0,-0.003212234996043506
grid_3753,0.1593350692150926,0.1731012134828096,0.8165115314649558,0.061818953778713465,0.9994658654270729,0.6,0.5970919228180014,0.5235987755982988,0.5196636581269125,0.19999999999999996,0.2023191894137737,1.0471975511965976,1.0403822152894762,0.19999999999999996,0.1963529898649714,0.5235987755982988,0.5237847484271656
grid_3754,0.21823554156147532,0.13561266277960046,0.5008606542697224,0.10187941715367481,0.9948450534498393,0.6,0.5984122710606208,0.5235987755982988,0.5202214543851564,0.19999999999999996,0.20779508091670618,1.0471975511965976,1.0420697049590837,0.19999999999999996,0.199882729518146,1.0471975511965976,1.0494899109975027
grid_3755,0.40613809506838583,0.17532756192121682,0.370982712127343,0.10656610989817687,0.9904480121249961,0.6,0.5995062217230283,0.5235987755982988,0.5206397799086977,0.19999999999999996,0.20970938822962815,1.0471975511965976,1.0431608598939501,0.19999999999999996,0.20265780864040206,1.5707963267948966,1.5707148704560643
grid_3756,0.17291260162016367,0.11552159011751603,0.44529810419407,0.051606999737204326,1.0073346709547217,0.6,0.598236211302912,0.5235987755982988,0.520222333660918,0.19999999999999996,0.20768230731807158,1.0471975511965976,1.0429510496159136,0.6,0.6001469034225142,1.5707963267948966,1.5708300313613712
grid_3757,0.4094881952278315,0.2884597883639323,0.7341242999545349,0.10226033620146201,0.9966133289424732,0.6,0.5975195587980462,0.5235987755982988,0.5189421210961278,0.19999999999999996,0.20771179710651122,1.0471975511965976,1.040414276580016,0.6,0.5994075513420825,1.0471975511965976,1.0533444066869846
grid_3758,0.24406767173418942,0.19364611661093648,0.9381000657767021,0.12936983940194877,0.9969965604094378,0.6,0.5969232235802417,0.5235987755982988,0.5197037278736829,0.19999999999999996,0.2023648532903568,1.0471975511965976,1.0401767749070947,0.6,0.5977245366482835,0.5235987755982988,0.526025744556847
grid_3759,0.6760873778233795,0.6877484226789046,1.203954451012794,0.1854716902993625,0.9976995247469344,0.6,0.5959834053651933,0.5235987755982988,0.5176796756361854,0.19999999999999996,0.19920077383024548,1.0471975511965976,1.036190283140888,0.6,0.5953861885123297,0.0,-0.004051901566914928
grid_3760,0.3120998231902925,0.2493419423641547,0.7637039359893871,0.15681776515481416,0.99790943995104,0.6,0.5951338352034403,0.5235987755982988,0.5208516538390207,0.19999999999999996,0.1989391273246639,1.5707963267948966,1.5629766807315377,0.6,0.5965346997489913,0.0,-0.0016680043292520708
grid_3761,0.0985975242888461,0.07608378274636828,0.5783216097250377,0.08241162155762162,1.0057197548234047,0.6,0.5973291245793853,0.5235987755982988,0.5216183951767555,0.19999999999999996,0.2036277266810158,1.5707963267948966,1.5667138515754626,0.6,0.5968661570550582,0.5235987755982988,0.5269456037009759
grid_3762,0.18904684542672656,0.14798615093068215,0.47047953102493023,0.1506720043495192,0.997327988711351,0.6,0.5979473172063798,0.5235987755982988,0.5213162334623984,0.19999999999999996,0.2067387689670701,1.5707963267948966,1.5640487114847756,0.6,0.5980217162943973,1.0471975511965976,1.0518383168153331
grid_3763,0.7069879458475006,0.4212159084207711,0.13819865611873586,0.08820838851111161,0.9934227091958441,0.6,0.5987804073265357,0.5235987755982988,0.5215821830619802,0.19999999999999996,0.2109521282647684,1.5707963267948966,1.565577407787944,0.6,0.6004500028882962,1.5707963267948966,1.570830746684539
grid_3764,0.7116252110026964,0.34499482545325594,0.2317012621107241,0.047000459023943696,0.9933110588667435,0.6,0.5977458628122019,0.5235987755982988,0.5219708989889016,0.19999999999999996,0.21058681162918624,1.5707963267948966,1.565341673370365,0.19999999999999996,0.20269166833914198,1.5707963267948966,1.5691200716939955
grid_3765,0.3041484309993109,0.3160335869636251,0.20691438420212896,0.1321809103380307,1.0007729444435056,0.6,0.5972302300137002,0.5235987755982988,0.5222539759820437,0.19999999999999996,0.2066187787959084,1.5707963267948966,1.566610378873861,0.19999999999999996,0.19985215347707985,1.0471975511965976,1.0458499120775695
grid_3766,0.39394033833589004,0.2493961802487893,0.3343475001357109,0.10099613591633809,1.005022887271718,0.6,0.5965656195876381,0.5235987755982988,0.5227952992774076,0.19999999999999996,0.20250937923608348,1.5707963267948966,1.5680432834173255,0.19999999999999996,0.19743968003656498,0.5235987755982988,0.5235944705902353
grid_3767,0.35658649732964814,0.3329581945447258,0.28463203094337686,0.22286182608858474,1.0023157620367125,0.6,0.5948200639813894,0.5235987755982988,0.5212910406226818,0.19999999999999996,0.19942818624179992,1.5707963267948966,1.567588609965802,0.19999999999999996,0.19542047933598727,0.0,-0.000736579308025398
grid_3768,0.35338887935307467,0.34276435289586427,0.14869984132755437,0.1779631785119145,0.9929277373406696,0.6,0.5954439845108794,0.5235987755982988,0.522346876134046,0.19999999999999996,0.19961169240577004,1.5707963267948966,1.5649785960011675,-0.2,-0.20128814799726946,0.0,-0.0009257358532872573
grid_3769,0.4237523950736016,0.35432853447792323,0.040964050673363284,0.0451394553622309,1.0000663212572787,0.6,0.5967664217910276,0.5235987755982988,0.5222427836195438,0.19999999999999996,0.20241352800672185,1.5707963267948966,1.5652497834179027,-0.2,-0.2012040172672016,0.5235987755982988,0.5208050704420772
grid_3770,0.4879987303437498,0.2739891818184889,0.09585552506877024,0.09383027419520118,1.0012552473032688,0.6,0.5978507794712753,0.5235987755982988,0.5218515360292404,0.19999999999999996,0.20877001008768037,1.5707963267948966,1.5640917743489675,-0.2,-0.19937191528040543,1.0471975511965976,1.0417099474108742
grid_3771,0.5638009753632287,0.1853331585334021,0.1126423221419532,0.08359492141964293,1.0022162962366465,0.6,0.5991910887332565,0.5235987755982988,0.521274831178844,0.19999999999999996,0.21315967289777937,1.5707963267948966,1.5625653585450365,-0.2,-0.1964730524353513,1.5707963267948966,1.5639925730134001
grid_3772,0.5065742587810658,0.38877226636826423,0.020349672531241526,0.029436630975797424,0.9946802996274922,0.6,0.5988812171779676,0.5235987755982988,0.5219710077007429,0.19999999999999996,0.21533187023594724,1.5707963267948966,1.5643147210695538,-0.6,-0.595109171878093,1.5707963267948966,1.5556100649091533
grid_3773,0.47101220063966676,0.39293720180132286,0.02028239674737344,0.03757479689120149,0.9948835214748362,0.6,0.5970175575464518,0.5235987755982988,0.5231843002870349,0.19999999999999996,0.20670140365318357,1.5707963267948966,1.5659083172524513,-0.6,-0.59523535610683,1.0471975511965976,1.037492743506963
grid_3774,0.5015492326362689,0.4620644117743314,0.005906739441268091,0.019549359026703496,1.0000392256429484,0.6,0.5965604504554625,0.5235987755982988,0.5228913733554741,0.19999999999999996,0.2040649535334529,1.5707963267948966,1.5628210697074136,-0.6,-0.5962799582134544,0.5235987755982988,0.5185374634674487
grid_3775,0.5411135664491094,0.5634236285634945,0.22589390520284197,0.1618621861409976,1.0054025912252178,0.6,0.59308308078373,0.5235987755982988,0.5216773596959738,0.19999999999999996,0.20083422302425458,1.5707963267948966,1.5667321081886678,-0.6,-0.5975021816423229,0.0,-0.0004919109658256815
grid_3776,0.6613614509706983,0.353430249510258,0.16250899415626385,0.1816130658079993,0.999130735764855,0.6,0.5934096830764055,0.5235987755982988,0.5223220236568391,0.6,0.5975750054042583,1.5707963267948966,1.56395081078482,-0.6,-0.5997336124509394,0.0,0.002126816791915509
grid_3777,0.6650705544701967,0.561659743227429,0.036387703731350626,0.064165285285751,1.003265499904803,0.6,0.5950683881813941,0.5235987755982988,0.5225208134502308,0.6,0.6004109806252833,1.5707963267948966,1.5646126033316152,-0.6,-0.5985141241274068,0.5235987755982988,0.5225697295557419
grid_3778,0.3865954648211873,0.30499323488261837,0.09281750752638827,0.08895300822101743,0.9951560150216899,0.6,0.5958591242893556,0.5235987755982988,0.5235515010332579,0.6,0.6022651851143523,1.5707963267948966,1.564472505114101,-0.6,-0.5958611958846181,1.0471975511965976,1.0371415435744806
grid_3779,0.4120045895684955,0.2570593830372378,0.16764705794654838,0.08022062471203721,1.0033908991938199,0.6,0.5967062007167874,0.5235987755982988,0.5229640689999497,0.6,0.6081353752281302,1.5707963267948966,1.5664226722411838,-0.6,-0.5944734192084402,1.5707963267948966,1.5543684194905527
grid_3780,0.3336438596712382,0.1969206122601511,0.013655320026495147,0.022544946406629254,1.005015950693772,0.6,0.5976629633746819,0.5235987755982988,0.5211257760078185,0.6,0.6097861085220115,1.5707963267948966,1.562709794660794,-0.2,-0.19739728224531383,1.5707963267948966,1.561821865289513
grid_3781,0.43232558880688315,0.2820939963488583,0.007673791709026973,0.020604366127834055,0.9992752696072273,0.6,0.5963430398109582,0.5235987755982988,0.5220390933768622,0.6,0.60372502182451,1.5707963267948966,1.5632624325603013,-0.2,-0.19996960395185237,1.0471975511965976,1.0427832252404512
grid_3782,0.5950442322510254,0.4280986820091812,0.031049136802197886,0.03721448293714555,1.0059051360842868,0.6,0.5960914185743098,0.5235987755982988,0.5219969783942018,0.6,0.6019258875367308,1.5707963267948966,1.5650094813637017,-0.2,-0.20150001923720406,0.5235987755982988,0.52323958701305
grid_3783,0.4688542819520376,0.3041161388294482,0.29179613732154525,0.18230243859785755,1.0015257519580603,0.6,0.5930675403497929,0.5235987755982988,0.521855417190566,0.6,0.5976288447462235,1.5707963267948966,1.565927174341616,-0.2,-0.20198144399323148,0.0,0.002269228602877149
grid_3784,0.22415586632803447,0.21153409879007015,0.3255470028661386,0.13518106730113927,1.0009756252411326,0.6,0.5943277747346096,0.5235987755982988,0.5205104786973251,0.6,0.5980498055564665,1.5707963267948966,1.5670543168741577,0.19999999999999996,0.19570928088691897,0.0,0.00265738965862905
grid_3785,0.647343817404449,0.4403599377355314,0.1690775332584003,0.09646066785691357,0.9995529621818392,0.6,0.5965703381864369,0.5235987755982988,0.5226915535529288,0.6,0.600691550191641,1.5707963267948966,1.5655073565109205,0.19999999999999996,0.19562324226141214,0.5235987755982988,0.5251898925763783
grid_3786,0.9385460235213486,0.40508673611944507,0.008672388780380987,0.03135231493289676,0.9997201040977977,0.6,0.5966891587001015,0.5235987755982988,0.5229305774477444,0.6,0.6027613930935498,1.5707963267948966,1.5656734771016092,0.19999999999999996,0.19846188993542135,1.0471975511965976,1.0458580180443366
grid_3787,0.48057793682929206,0.3788329198567922,0.0482214222661179,0.056590006445876855,0.9993923456521271,0.6,0.5971651658715516,0.5235987755982988,0.5222636098084239,0.6,0.6062962745097522,1.5707963267948966,1.5636131506578304,0.19999999999999996,0.20145365193597176,1.5707963267948966,1.5662824080563489
grid_3788,0.6852247288254463,0.21520040501926876,0.029644970270211547,0.05066248454550593,1.0025316492446605,0.6,0.5979565227007653,0.5235987755982988,0.5216125936410556,0.6,0.6055511629187968,1.5707963267948966,1.562312897359737,0.6,0.5996060506323531,1.5707963267948966,1.570571434125915
grid_3789,0.6084315611785082,0.22952950525779398,0.1118381093804165,0.10768343728239473,0.9990122479062791,0.6,0.5977407533165939,0.5235987755982988,0.5217611908041242,0.6,0.6031238351908756,1.5707963267948966,1.564230231125987,0.6,0.5957449986307539,1.0471975511965976,1.0501479009103454
grid_3790,0.07204102569981348,0.06657576199105145,0.38189025804217935,0.15535160746038076,1.0063196007852562,0.6,0.5961547675189776,0.5235987755982988,0.5210979892443097,0.6,0.6011540242154245,1.5707963267948966,1.564390635570314,0.6,0.5966739675734498,0.5235987755982988,0.528934629657833
grid_3791,0.5118455404746601,0.374106590321062,0.552783186290404,0.07088406436390718,1.0048180407996095,0.6,0.5947041645351332,0.5235987755982988,0.5214573487619729,0.6,0.5986003141230753,1.5707963267948966,1.5671220666056964,0.6,0.5982338533368958,0.0,0.0027695389005897297
grid_3792,0.3861359743427806,0.4750029146790267,0.9332992199890136,0.11849645886775324,1.0065583196571004,0.6,0.5947733928527255,0.5235987755982988,0.5183898919225252,0.6,0.5961483712457847,1.0471975511965976,1.0405232972455316,0.6,0.5975398320138483,0.0,0.0016589440605159211
grid_3793,0.1732937943521161,0.13554098500376002,0.9693608906570297,0.07750654224951216,1.0021065140552834,0.6,0.5955205135373705,0.5235987755982988,0.519655925561203,0.6,0.6005068421398851,1.0471975511965976,1.0432945183865971,0.6,0.5992772067748708,0.5235987755982988,0.5322045007324316
grid_3794,0.21877416880856862,0.22597538325043634,0.4469647478562678,0.20953529341366073,0.998598604324201,0.6,0.5964988510466531,0.5235987755982988,0.5191736027086424,0.6,0.6007317390017048,1.0471975511965976,1.0415667221828242,0.6,0.5989861598201305,1.0471975511965976,1.05531636691103
grid_3795,0.16546580450709963,0.13603626774645758,0.12696621690875426,0.10881119703194524,0.9970762155028581,0.6,0.5970116360253606,0.5235987755982988,0.5203260750180645,0.6,0.6021162213119817,1.0471975511965976,1.0439212246714389,0.6,0.599679204073678,1.5707963267948966,1.5708222243094028
grid_3796,0.14244868708901365,0.12842925265525676,0.11164215786813687,0.11523628361448711,0.9962453569764402,0.6,0.5965747941837813,0.5235987755982988,0.5200714998734686,0.6,0.6026701534018901,1.0471975511965976,1.0429544306911742,0.19999999999999996,0.2024483338165597,1.5707963267948966,1.570801558787541
grid_3797,0.19669097025679524,0.16087203044842513,0.5096609466448975,0.22709689770474936,1.005636626717668,0.6,0.5965175148878465,0.5235987755982988,0.5193402920425765,0.6,0.6023907637522861,1.0471975511965976,1.042617263235889,0.19999999999999996,0.19929703295782364,1.0471975511965976,1.0529447460137726
grid_3798,0.17398523861935938,0.16659496281511377,0.6846543887635118,0.10030318851699468,1.00502851328861,0.6,0.5968882265382103,0.5235987755982988,0.5195679872029846,0.6,0.6011093770620723,1.0471975511965976,1.0419576453334436,0.19999999999999996,0.19704835628995898,0.5235987755982988,0.52760329598794
grid_3799,0.7119017362885275,0.6443330212874145,0.7889934903491377,0.1595888569524445,0.9999693843725238,0.6,0.594775180409556,0.5235987755982988,0.5188831131464706,0.6,0.597582174092187,1.0471975511965976,1.0427883325294145,0.19999999999999996,0.1951854251885683,0.0,0.0015934328601048264
grid_3800,0.3674835320357309,0.4514697269989899,0.5459215925306174,0.13067798202661737,0.9932432472021737,0.6,0.5953252715272344,0.5235987755982988,0.5192527946975307,0.6,0.5968347324997616,1.0471975511965976,1.042025274510701,-0.2,-0.20602894184885212,0.0,0.0019663355811587735
grid_3801,0.15406232353534552,0.1418108277459594,0.48343659915096404,0.06922865628343773,0.9978636535989146,0.6,0.5964038644722018,0.5235987755982988,0.5205022553524863,0.6,0.6001223353957013,1.0471975511965976,1.043081133035587,-0.2,-0.20351651407436577,0.5235987755982988,0.5264299947130642
grid_3802,0.25360906545892004,0.20045094925082696,0.11304115633114087,0.10757948523671505,0.9982013447824297,0.6,0.5965203336973959,0.5235987755982988,0.5215588064091863,0.6,0.6025024284754226,1.0471975511965976,1.0453924061970588,-0.2,-0.19966720953211325,1.0471975511965976,1.0490249181368636
grid_3803,0.18592948979673024,0.15001568700262874,0.008736113865610476,0.023447057777940157,0.9988758842478299,0.6,0.5973332884540703,0.5235987755982988,0.521157002754153,0.6,0.6043039362586136,1.0471975511965976,1.0440551552954966,-0.2,-0.19664705222106615,1.5707963267948966,1.5705156045010948
grid_3804,0.3493420198903507,0.28126770938702783,0.007030302190227123,0.016848967199890326,1.0018535279798244,0.6,0.5981482751443723,0.5235987755982988,0.5201954040259782,0.6,0.606024168816405,1.0471975511965976,1.0437503888604294,-0.6,-0.5970974352773144,1.5707963267948966,1.567874588419821
grid_3805,0.6239976716698841,0.40012498389376316,0.0072701297191292615,0.016091273573005088,0.9938549057214272,0.6,0.5963675803815116,0.5235987755982988,0.5203467996020841,0.6,0.6023852223873041,1.0471975511965976,1.0428716995704574,-0.6,-0.5978493263081166,1.0471975511965976,1.0459846880846033
grid_3806,0.3030898471435656,0.29966645642890966,0.06960937947501701,0.0666976292929972,1.0054137697951302,0.6,0.5951706674579231,0.5235987755982988,0.5192535400126985,0.6,0.6003470158151218,1.0471975511965976,1.0432786149157813,-0.6,-0.6022783408823003,0.5235987755982988,0.5253035888599644
grid_3807,0.1509986791066565,0.21746879602927854,0.21004357954875302,0.19967141122845922,1.005738385860406,0.6,0.5954655732447067,0.5235987755982988,0.5196116430502498,0.6,0.5971582215837783,1.0471975511965976,1.0413214645319009,-0.6,-0.6053669193532283,0.0,0.0021924432722730813
grid_3808,0.9880066843068326,0.48956130014556637,0.7608623458950904,0.1487398772653032,1.0108235688233722,0.6,0.5944182470382549,0.5235987755982988,0.5142696554609909,0.6,0.593161898600731,0.5235987755982988,0.5139638599247744,-0.6,-0.6114950967977073,0.0,-0.0013113592358280357
grid_3809,0.23660991247239577,0.24171416688709238,0.8812409016656957,0.1005146574398913,1.002411493376252,0.6,0.5962172108550554,0.5235987755982988,0.5160298878694656,0.6,0.5987201094290056,0.5235987755982988,0.5167901815241738,-0.6,-0.6053193172734579,0.5235987755982988,0.5233910113529125
grid_3810,0.48573864423150936,0.3389425593596534,0.7012884462959044,0.15085565799365164,1.001333196662502,0.6,0.5974132725342418,0.5235987755982988,0.5175879160444126,0.6,0.6030819746471296,0.5235987755982988,0.5193017424524315,-0.6,-0.5994144867413747,1.0471975511965976,1.0482929479754786
grid_3811,0.42388197814033884,0.31949247868743874,0.5958948030993475,0.18120328193012858,1.0007647147766832,0.6,0.5975203863350931,0.5235987755982988,0.5176371973184422,0.6,0.604382070352532,0.5235987755982988,0.5202491866494503,-0.6,-0.5953648879028881,1.5707963267948966,1.5708033048542553
grid_3812,0.2502080029656657,0.20747564062825555,0.8940476656780236,0.12385917258530442,0.995341602328281,0.6,0.5981345207443693,0.5235987755982988,0.5177085983111889,0.6,0.6048801316755759,0.5235987755982988,0.5198284821090242,-0.2,-0.19726050511044768,1.5707963267948966,1.5707904790818583
grid_3813,0.20960605018984682,0.24665403797110758,1.041378175723306,0.18694247091679297,1.0080481700066648,0.6,0.5971053697610316,0.5235987755982988,0.5169341392752171,0.6,0.6012219293265062,0.5235987755982988,0.5173601022633942,-0.2,-0.20087737610236456,1.0471975511965976,1.0510225351434794
grid_3814,0.3112937524213165,0.2460668156745632,1.244616736598409,0.14792003016635852,1.0047050051893553,0.6,0.5946628701964398,0.5235987755982988,0.5138172182406953,0.6,0.5960901218918613,0.5235987755982988,0.5139787961942552,-0.2,-0.20852203257282476,0.5235987755982988,0.525195437146988
grid_3815,0.739423054128847,0.5714410035778409,1.2629188280957184,0.2263606496791188,1.0027321714033122,0.6,0.5925313823071523,0.5235987755982988,0.5158607076550821,0.6,0.5902448052113449,0.5235987755982988,0.5136911778101769,-0.2,-0.21596925719203153,0.0,-0.002408200480501499
grid_3816,0.7331263827561048,0.31998868224870725,1.5369335306476424,0.11141626345435089,1.0035502475506948,0.6,0.5917606302153144,0.5235987755982988,0.5153067619438101,0.6,0.588018317284078,0.5235987755982988,0.512106059478139,0.19999999999999996,0.18824451101910444,0.0,-0.0037561954866758285
grid_3817,0.4749545398136569,0.35048298594205607,1.3698223317372595,0.09816690059457925,0.9986962268737081,0.6,0.5951875436997547,0.5235987755982988,0.516585932849952,0.6,0.5959999765717141,0.5235987755982988,0.5138399788724657,0.19999999999999996,0.19447942888557535,0.5235987755982988,0.5260379485092281
grid_3818,0.22642903317150584,0.22695008040435313,1.315692246724672,0.13997227295248665,1.0039739015490623,0.6,0.595134805885082,0.5235987755982988,0.5149685059334352,0.6,0.5995736699458494,0.5235987755982988,0.5164299515953967,0.19999999999999996,0.19852784415885605,1.0471975511965976,1.0558961765829702
grid_3819,0.33931594488673317,0.29155031049077834,0.9246504574903766,0.12481101020456446,0.9922452747022892,0.6,0.597478416061012,0.5235987755982988,0.5180375364736296,0.6,0.6027325332692284,0.5235987755982988,0.520701465385164,0.19999999999999996,0.20067793862492067,1.5707963267948966,1.5708521550640695
grid_3820,0.24216688104011438,0.1871444304017091,1.0514082566620078,0.07953029169798465,0.9994504261205739,0.6,0.5969713285821081,0.5235987755982988,0.5160329052083776,0.6,0.6005159459578406,0.5235987755982988,0.5178155974472674,0.6,0.5983009985906023,1.5707963267948966,1.5708518871087858
grid_3821,0.35385383004051196,0.36246701379493157,1.2475564782008837,0.14790237273795603,0.9950838416429051,0.6,0.5957571058747169,0.5235987755982988,0.516014286118831,0.6,0.5996968129599853,0.5235987755982988,0.517519606477574,0.6,0.5996273591959245,1.0471975511965976,1.0575042421593928
grid_3822,0.14921887822849794,0.10727984092908593,1.6849361721473546,0.09537565394477075,0.9992246860990461,0.6,0.5934857254278274,0.5235987755982988,0.5170328831026012,0.6,0.5957573536828464,0.5235987755982988,0.5162301080143772,0.6,0.5985429249963161,0.5235987755982988,0.5310198098284591
grid_3823,0.344019660459148,0.32988235302654667,1.7654531142708176,0.09060025162173098,1.0008331984059506,0.6,0.5903332946451778,0.5235987755982988,0.5182063798822547,0.6,0.587343343234286,0.5235987755982988,0.5136938414792809,0.6,0.5935591141092411,0.0,-0.0024090082745837904
grid_3824,0.38761873578020867,0.33536401388802817,0.728605279518189,0.12299361122589737,0.9950453220192171,0.6,0.5839895854552921,0.5235987755982988,0.5212244482348041,0.6,0.5781700244633425,0.0,-0.009961871317970328,0.6,0.5889342523372996,0.0,-0.007010218574526661
grid_3825,0.2602891792775051,0.23900949591865195,1.809796729320458,0.16543190388460724,1.0003768805248405,0.6,0.5890231858107233,0.5235987755982988,0.5152046229465359,0.6,0.5837385518815186,0.0,-0.01478402513571453,0.6,0.592354926057066,0.5235987755982988,0.5258645313414672
grid_3826,0.564969131065143,0.45580938832502366,1.7806965219274429,0.22329074886924782,1.002777328670982,0.6,0.5900500011088532,0.5235987755982988,0.5147807389369881,0.6,0.5907172624569492,0.0,-0.011990151995606269,0.6,0.5965441428787708,1.0471975511965976,1.0575394841253303
grid_3827,0.4138427289115635,0.3359366936072926,1.7848359571501553,0.1207146181676527,1.0022140481417974,0.6,0.593698708564184,0.5235987755982988,0.5112889082059411,0.6,0.5944943872656161,0.0,-0.011761901936159447,0.6,0.5985658120032342,1.5707963267948966,1.5708816277264832
grid_3828,0.594640159541684,0.5215112654847751,1.8580732640511033,0.10335599943465278,0.9961765173437124,0.6,0.5943037769658073,0.5235987755982988,0.5125411527859489,0.6,0.5968116106476788,0.0,-0.011322094208757072,0.19999999999999996,0.20048110582520184,1.5707963267948966,1.5709640635294768
grid_3829,0.1906575232975754,0.20551736520699698,1.9933457544187874,0.15786133431649507,0.9957666689168194,0.6,0.5914118754089595,0.5235987755982988,0.5103875445350354,0.6,0.5904361658208863,0.0,-0.015009240975722093,0.19999999999999996,0.19615707005366811,1.0471975511965976,1.0529581758823534
grid_3830,0.45671734192979746,0.39230842541190825,1.89266746680545,0.1428477935411052,0.9933153743142912,0.6,0.5893853332400623,0.5235987755982988,0.5135217092865476,0.6,0.5830975393248696,0.0,-0.016785691478706788,0.19999999999999996,0.18306835971301183,0.5235987755982988,0.5221599572930513
grid_3831,5.271823816354402,2.011261904915901,0.12161115476204312,0.0802184341577428,1.00257917772308,0.6,0.5749803308999883,0.5235987755982988,0.526786758073694,0.6,0.5713676384053521,0.0,-0.0313672972197887,0.19999999999999996,0.1858510276752119,0.0,-0.029840140426149908
grid_3832,7.054842697483009,0.9434014399577414,0.14969842272387426,0.03694230814764449,0.9958356561394573,0.6,0.5496533938616865,0.5235987755982988,0.5082577836548579,0.6,0.568451036468617,0.0,-0.08198306356846174,-0.2,-0.21640003871297964,0.0,-0.06383502359626014
grid_3833,0.29984110783311396,0.27999623599610396,1.7358323799799578,0.11051246224825716,1.0056834074374246,0.6,0.5901705074560626,0.5235987755982988,0.5112518245557327,0.6,0.5842179587996563,0.0,-0.016614102377833007,-0.2,-0.2125100007055929,0.5235987755982988,0.5189588220754313
grid_3834,0.21156937840520632,0.20347220871608745,1.9099110236922567,0.0784233671836784,0.9933451017389995,0.6,0.5932960562581089,0.5235987755982988,0.5115346936088363,0.6,0.5928496008344988,0.0,-0.013901615482835084,-0.2,-0.20380928644991236,1.0471975511965976,1.049147154313376
grid_3835,0.25624824202118734,0.22495071671479533,1.7556129247024579,0.11794645302299606,0.9981779060608158,0.6,0.5951110165812308,0.5235987755982988,0.5112122618792698,0.6,0.5983628123653348,0.0,-0.011608781363788623,-0.2,-0.1982871720928454,1.5707963267948966,1.570936366045645
grid_3836,0.32784000325176493,0.28520555312525664,1.622039417435322,0.13104123662189934,0.9961314478066285,0.6,0.5946865152614222,0.5235987755982988,0.5111775608690747,0.6,0.6002307109237668,0.0,-0.010566084059841607,-0.6,-0.59740734658733,1.5707963267948966,1.570785745307795
grid_3837,0.33040161453523553,0.2879171673864392,1.6315689753020917,0.1420832798330917,1.0005882399817474,0.6,0.5942440659617709,0.5235987755982988,0.5110141521270224,0.6,0.5945608153242565,0.0,-0.012036844172131467,-0.6,-0.6019294788241467,1.0471975511965976,1.0443428034832962
grid_3838,0.22242663769028734,0.2096311196607305,1.36829380487274,0.15112863456814185,1.0035524772065627,0.6,0.5925955552386801,0.5235987755982988,0.5106908996904949,0.6,0.5889881357968259,0.0,-0.015006589610903731,-0.6,-0.6101593271997503,0.5235987755982988,0.5173418260424798
grid_3839,1.1416168968632125,0.8449810634768988,0.4054945073045742,0.02703829477993956,0.3990727952697222,0.6,0.4785261180145257,0.5235987755982988,0.46408767096657577,0.6,0.4958686591605357,0.0,-0.15011327861648205,-0.6,-0.6663959508143344,0.0,-0.08354450392707324
grid_3840,2.883083970996989,1.2479817420337702,0.27718377700266095,0.017464394667785182,1.034412017808916,0.6,0.5409808348944516,0.0,0.001287671380641342,0.6,0.5045249025471357,0.0,0.022491417604268094,-0.6,-0.6409389759450539,0.0,0.020950783412351903
grid_3841,0.5550109788453786,0.6251475671676171,0.10747049464670884,0.06318411502918407,0.9947157632837316,0.6,0.5599750702751534,0.0,-0.017298923929806698,0.6,0.53170719342888,0.0,0.0037402123085268357,-0.6,-0.6366308540251095,0.5235987755982988,0.5302565124059884
grid_3842,0.41518023815981475,0.35833055494932664,1.504630416746515,0.0980109612089956,1.0002967258400506,0.6,0.5884458632278173,0.0,-0.012661825283900363,0.6,0.5878074719117237,0.0,-0.010641590096745368,-0.6,-0.6060123975030747,1.0471975511965976,1.043824327832124
grid_3843,0.42775590453364576,0.19751833475016436,1.4170154734350668,0.13233463357843359,1.0053921628669709,0.6,0.5900156616742285,0.0,-0.013482333373300293,0.6,0.5928853403794632,0.0,-0.009310487240232312,-0.6,-0.5965518576114386,1.5707963267948966,1.5708272533510836
grid_3844,0.1721815072264685,0.15016650132757475,1.4427206826242247,0.0785630655908916,1.0029922801205027,0.6,0.5887172152567341,0.0,-0.01217215602947963,0.6,0.5888174050252903,0.0,-0.009965383233453196,-0.2,-0.20072093206228292,1.5707963267948966,1.5707723143734649
grid_3845,0.5366396588150535,0.3523921981181268,1.477825434938771,0.10251637383387686,0.9922800861444093,0.6,0.5881432237353481,0.0,-0.013723756315601854,0.6,0.5868430773467637,0.0,-0.012951900009333883,-0.2,-0.2074654920166754,1.0471975511965976,1.0493817759027992
grid_3846,2.3205569618171404,0.6048703681119306,0.6416697044492985,0.026279923920431065,1.0018978405425298,0.6,0.577204508129654,0.0,-0.001711881921803382,0.6,0.5734640919380567,0.0,-0.031340915116939705,-0.2,-0.21486517422349216,0.5235987755982988,0.5005253309822404
grid_3847,1.8503560508906065,1.6933474747021384,0.551666421050868,0.023145805392405218,0.9959843680802806,0.6,0.5567914218415577,0.0,0.0022764008547548897,0.6,0.5309915758624042,0.0,-0.02241979909067915,-0.2,-0.24615070362099,0.0,-0.02290263131965009
grid_3848,1.7892620520736042,0.8359279806932944,0.8261675546306435,0.041168726421737606,1.0065208859004535,0.6,0.5565457936957392,0.0,0.00867394470723859,0.6,0.5313373565843218,0.0,-0.014462632973792466,0.19999999999999996,0.15816296762645887,0.0,-0.018668600505981736
grid_3849,0.2826089694368015,0.2851059161638281,0.6855667711312701,0.3414745319863564,0.9874597119750972,0.6,0.5833808322014891,0.0,-0.008065602868605026,0.6,0.5740947140602719,0.0,-0.009156106107425899,0.19999999999999996,0.1818736273741015,0.5235987755982988,0.5266489838012589
grid_3850,0.17180351111318712,0.16634747261020358,1.3696438689679222,0.1716233840719502,1.0127080233856227,0.6,0.5836903848437887,0.0,-0.011401960499656028,0.6,0.580503102371213,0.0,-0.011438552821844361,0.19999999999999996,0.1911634194144627,1.0471975511965976,1.055484590705472
grid_3851,0.36900359668228466,0.24991233330336507,1.3987170356540333,0.08664642706009736,0.9961333397962651,0.6,0.587247626868268,0.0,-0.013063910988927674,0.6,0.5891090686899432,0.0,-0.00992948686639572,0.19999999999999996,0.19982277324446152,1.5707963267948966,1.5709746758700014
grid_3852,0.26552818955737706,0.27854421525810885,1.399695283298124,0.09124661469200333,1.0049964194240875,0.6,0.5889327122424497,0.0,-0.012429292518090662,0.6,0.5903192744013239,0.0,-0.009235130014952908,0.6,0.5982928130130496,1.5707963267948966,1.5710576621618788
grid_3853,0.24929637309221694,0.20434367776925308,1.2492926812795628,0.10521071016384312,0.9903164316852022,0.6,0.5846008945549634,0.0,-0.0099306215303967,0.6,0.582128291773568,0.0,-0.010140884250843918,0.6,0.5942815869209044,1.0471975511965976,1.0594217174932288
grid_3854,0.852411150510987,0.623163037935707,0.7606847772871087,0.11911386734885843,0.998606972878051,0.6,0.5860439717678148,0.0,-0.007319918469425701,0.6,0.5806030606533046,0.0,-0.00821512744549846,0.6,0.5898466778674134,0.5235987755982988,0.5313507309253271
grid_3855,1.0562497555644514,0.935814771893513,1.0470386186426477,0.0285045215020233,1.0048341959591804,0.6,0.5733438719630026,0.0,-0.017542336016846072,0.6,0.5584985452855458,0.0,0.001478701122590742,0.6,0.5798347694934094,0.0,0.013185046384174726
grid_3856,0.722349678563804,0.3375201574018362,1.2530193211357452,0.07800236963933897,0.994648169938395,0.6,0.5856210649039788,0.0,-0.007354466939460735,0.6,0.5818369148212899,0.5235987755982988,0.5169890837635203,0.6,0.591120579441105,0.0,-0.0013933916962800552
grid_3857,0.6063894635536801,0.3243571044943398,1.3977095342948058,0.1687197186089531,1.0027698994852812,0.6,0.5901406195549876,0.0,-0.007860425032151674,0.6,0.5927518323238887,0.5235987755982988,0.5173595434348952,0.6,0.5959374023482527,0.5235987755982988,0.533807408137803
grid_3858,0.22750813221358723,0.17777672173107106,1.2402072585224269,0.17956526711231507,0.9983372583792001,0.6,0.5919971703686393,0.0,-0.009050565081975215,0.6,0.5964116143331184,0.5235987755982988,0.5165074830597991,0.6,0.597732040548812,1.0471975511965976,1.0582313501028926
grid_3859,0.470317550172014,0.42438086683228166,0.8660680157821906,0.1693686681018275,0.9986322847233898,0.6,0.5932363930619875,0.0,-0.008597634596600123,0.6,0.5994876657381649,0.5235987755982988,0.5204059275629209,0.6,0.5984516578135493,1.5707963267948966,1.5709012243319274
grid_3860,0.5284656759781383,0.4431147740447309,0.9322805109095238,0.2277817222305258,1.0014144860218264,0.6,0.5932040049119429,0.0,-0.009229699250233203,0.6,0.5992102306248226,0.5235987755982988,0.5168104961981133,0.19999999999999996,0.19971970120584714,1.5707963267948966,1.570900075349197
grid_3861,0.5347778383305899,0.3688632359602708,1.2522678001917569,0.22247806992582314,1.0073590643297368,0.6,0.5928160093027479,0.0,-0.010095046289521292,0.6,0.5977849785700897,0.5235987755982988,0.5164693316139211,0.19999999999999996,0.19638917059259953,1.0471975511965976,1.0560824001377274
grid_3862,0.709288860034835,0.48566998001786826,1.422315767203431,0.21290885624677944,0.998061997831811,0.6,0.5879534012016476,0.0,-0.011279908436247155,0.6,0.5855442712201357,0.5235987755982988,0.5122200614712318,0.19999999999999996,0.18652327569153027,0.5235987755982988,0.5269452906385022
grid_3863,0.5750004331758748,0.5671909059692349,1.309473802184081,0.08065064491922519,1.0011525040656921,0.6,0.5862452713084894,0.0,-0.008502429545646173,0.6,0.5814043517066771,0.5235987755982988,0.5141028057327874,0.19999999999999996,0.18581103088101436,0.0,-0.0027358284778982167
grid_3864,0.7291481315009235,0.5706973597656687,1.2662714475258199,0.06756884505633151,0.9997840263916299,0.6,0.5871216599380453,0.0,-0.010181943064012877,0.6,0.5815506012073737,0.5235987755982988,0.5129809022764871,-0.2,-0.21994651869606585,0.0,-0.002420585742656911
grid_3865,0.6513435693175621,0.525110847242747,1.3614111854808706,0.16815397712586796,0.9925460309159625,0.6,0.5906176653931254,0.0,-0.01102683033247498,0.6,0.5909237673018106,0.5235987755982988,0.5137716629796012,-0.2,-0.21574879442023764,0.5235987755982988,0.5245547343381425
grid_3866,0.7550028264742414,0.4770903605510929,1.1101449030237247,0.23169111237120515,1.0077602840713555,0.6,0.5918477232548929,0.0,-0.009737199322906953,0.6,0.5982665467802857,0.5235987755982988,0.516307819633802,-0.2,-0.20204505399162898,1.0471975511965976,1.0507194530391786
grid_3867,0.4163755342202021,0.35186231071531476,0.9255788093262831,0.28996224435303913,1.0022236671065847,0.6,0.5940002669409932,0.0,-0.009717597737786576,0.6,0.601056210112545,0.5235987755982988,0.5166163867517568,-0.2,-0.19849192618073364,1.5707963267948966,1.570856730680001
grid_3868,0.25866141663810194,0.2788516711337569,0.8502472434834178,0.2146553370683089,0.9890634170642347,0.6,0.5939276424093025,0.0,-0.010795827813684156,0.6,0.6012572722365475,0.5235987755982988,0.516251842093693,-0.6,-0.5976603258351592,1.5707963267948966,1.5705834407079289
grid_3869,0.6121465195875881,0.507866941795458,0.8735443017186293,0.18702675262552987,1.0011391743163978,0.6,0.5934639321358572,0.0,-0.00936537856319486,0.6,0.5987820184831412,0.5235987755982988,0.5179415579830478,-0.6,-0.603246626234788,1.0471975511965976,1.0484361081489553
grid_3870,0.5131438286653773,0.4320284020464557,0.9712553673766061,0.2012662991250187,0.9998811562138498,0.6,0.5912115595201728,0.0,-0.010843520209926183,0.6,0.5939635822204323,0.5235987755982988,0.515346067213744,-0.6,-0.6079964208418946,0.5235987755982988,0.5227336828063303
grid_3871,0.3522290726986621,0.33220184414993464,0.9845159705189752,0.16918176073060928,1.0015199931874281,0.6,0.5863142276696705,0.0,-0.009264008001705903,0.6,0.5818898281360445,0.5235987755982988,0.5161690468649924,-0.6,-0.6147532825224165,0.0,-0.0008828023868190371
grid_3872,0.5362298757572723,0.4663409295956118,0.47228317748092713,0.24674044418938665,0.9881775712842611,0.6,0.5916809660738629,0.0,-0.004791557145150449,0.6,0.5946161520861839,1.0471975511965976,1.0438525255176012,-0.6,-0.6076257381771368,0.0,0.0036628133938219065
grid_3873,0.2171108473822086,0.23752830405028166,0.332106160399855,0.2752877307853796,0.9923697884332165,0.6,0.5954269967598353,0.0,-0.00552790521513824,0.6,0.6000144386402821,1.0471975511965976,1.0432834362028878,-0.6,-0.6024598569260311,0.5235987755982988,0.525310405381096
grid_3874,0.3024634819924351,0.279677881390439,0.18645110627921607,0.2113247809367275,1.0009563327347384,0.6,0.5951351796883539,0.0,-0.004536854541284718,0.6,0.6021825597395676,1.0471975511965976,1.0440064301811107,-0.6,-0.5997697767606471,1.0471975511965976,1.0466202347287057
grid_3875,0.42433918570493223,0.34712598251164056,0.05835008506438819,0.07462734696468895,1.0012193119013661,0.6,0.595734784875928,0.0,-0.005801225958177447,0.6,0.6052384657355381,1.0471975511965976,1.0428834243157965,-0.6,-0.596164134856517,1.5707963267948966,1.5668968754635184
grid_3876,0.15697089377664564,0.13868656700061224,0.1154105539321018,0.1250881411905722,0.9941406270738519,0.6,0.5953787565503408,0.0,-0.0041434390387591336,0.6,0.6035916540659265,1.0471975511965976,1.0446381070212674,-0.2,-0.1969521070393645,1.5707963267948966,1.569952620860521
grid_3877,0.16286335184335393,0.14371498619430964,0.45407556605966415,0.1716830046327984,0.9961600995137028,0.6,0.5952301556725148,0.0,-0.0043519209360329825,0.6,0.604170368570184,1.0471975511965976,1.0442870297068634,-0.2,-0.20034057240725556,1.0471975511965976,1.049791330867838
grid_3878,0.3220782281799087,0.27895864039941765,0.3206282367285456,0.2669036319244532,1.0038150717397292,0.6,0.5942820417774355,0.0,-0.004050897128524689,0.6,0.598314915205723,1.0471975511965976,1.0459113504032507,-0.2,-0.20381865482094952,0.5235987755982988,0.5248451539065115
grid_3879,0.2839119037240806,0.3091353611287294,0.7202965179512312,0.16563878871835802,0.9983540342130205,0.6,0.5902171064983612,0.0,-0.006833851417374248,0.6,0.5934835590237073,1.0471975511965976,1.0401359612379277,-0.2,-0.20864688907114814,0.0,0.00010671159624564552
grid_3880,0.3987931119345625,0.4234431388156387,1.0520719439166102,0.12668696737988008,0.9966927044223594,0.6,0.5922497285721908,0.0,-0.007024520207645324,0.6,0.5945033276509566,1.0471975511965976,1.0414517895706998,0.19999999999999996,0.1910794382444987,0.0,0.0012947493432893253
grid_3881,0.3563164871091494,0.4591834153640983,0.8062346127805142,0.3303371607707124,1.0009806418167309,0.6,0.592959244419303,0.0,-0.005945759230895575,0.6,0.5989118912586271,1.0471975511965976,1.0428046962551436,0.19999999999999996,0.19374723423157203,0.5235987755982988,0.5282737930206434
grid_3882,0.2583819565770423,0.3311483024765805,0.2572563141627238,0.25978690132150284,0.9969603219185099,0.6,0.5956832546929212,0.0,-0.005052740471374051,0.6,0.6024635294899259,1.0471975511965976,1.0455153404435462,0.19999999999999996,0.19869022649746082,1.0471975511965976,1.0519714327649021
grid_3883,0.14521386497766503,0.1837794963548951,0.2494588273483743,0.16247823629922972,0.9929858868485392,0.6,0.5951779214427377,0.0,-0.005123805468364218,0.6,0.6021082542438307,1.0471975511965976,1.0429106424183976,0.19999999999999996,0.20110526621876978,1.5707963267948966,1.5708272592104011
grid_3884,0.2909458693513671,0.3131128040345923,0.2868246879543753,0.1652256764827289,1.000911698900528,0.6,0.5956264606143495,0.0,-0.005107536174880245,0.6,0.603102765803647,1.0471975511965976,1.0440933117895703,0.6,0.5995867307725877,1.5707963267948966,1.5708531644863406
grid_3885,0.19540521906760158,0.2654382039387228,0.5939547407230696,0.24724797188720865,1.006072168307066,0.6,0.5949236456927363,0.0,-0.004538213209922759,0.6,0.6023525067357927,1.0471975511965976,1.0460975798710592,0.6,0.5988360055679642,1.0471975511965976,1.0543056534195472
grid_3886,0.2796121046705107,0.2350727303267842,0.8627620063395488,0.297716719220382,1.005842140444948,0.6,0.5939785756402332,0.0,-0.006397174251312698,0.6,0.5994411330658185,1.0471975511965976,1.0424526444952313,0.6,0.5973548941031712,0.5235987755982988,0.5328314604729103
grid_3887,0.28307155944267726,0.21264254644723277,1.0129116393639819,0.3441125276929765,1.001325511690213,0.6,0.5912281680879437,0.0,-0.007363646416080449,0.6,0.5933577340043934,1.0471975511965976,1.0422633504211882,0.6,0.5945674186567276,0.0,0.0021615470247269286
grid_3888,0.2442388361541914,0.24428104778389914,0.34476236273006944,0.3682862071226627,0.997211763956831,0.6,0.5935842304981067,0.0,-0.004132279992107968,0.6,0.597942361874872,1.5707963267948966,1.565963157588377,0.6,0.5952396669621383,0.0,0.002186333066021895
grid_3889,0.19743892802098756,0.14614400838111705,0.18018626761388407,0.2575586990118502,0.9993009596010218,0.6,0.5952442900191999,0.0,-0.0031540042233926258,0.6,0.6029674888897505,1.5707963267948966,1.566959509775839,0.6,0.5961703858901499,0.5235987755982988,0.5275040679085485
grid_3890,0.29245530486784144,0.26027764350150845,0.0937754970432416,0.10878566298381849,0.9987638743879448,0.6,0.5957217990240276,0.0,-0.004514928051833067,0.6,0.6038192675520007,1.5707963267948966,1.5626983544667512,0.6,0.5963718418672403,1.0471975511965976,1.0501229241428138
grid_3891,0.4413387081993229,0.33379194600075845,0.03809995390762066,0.060733398551324466,0.9989714022361301,0.6,0.5965240261372884,0.0,-0.0025206568403302043,0.6,0.6062795110272745,1.5707963267948966,1.5653702177847562,0.6,0.5999978967123214,1.5707963267948966,1.5699774769962964
grid_3892,0.4053777681926368,0.294512667443306,0.17237255827995646,0.1194173828082289,0.9976329660353415,0.6,0.5966894842739645,0.0,-0.002305802157787973,0.6,0.6057479332611315,1.5707963267948966,1.5669459317265133,0.19999999999999996,0.20100831222612392,1.5707963267948966,1.5663553051497017
grid_3893,0.36256965015838943,0.2902242526238415,0.08039313826876333,0.13489472531711627,1.0042781791466067,0.6,0.596190376465473,0.0,-0.0016954321996873745,0.6,0.603122160922787,1.5707963267948966,1.5673213846468892,0.19999999999999996,0.19865589027466957,1.0471975511965976,1.0460806715779514
grid_3894,0.47840624612056437,0.22177524342134153,0.2902796951024708,0.19297512707182515,0.9973518560629454,0.6,0.5954950410470685,0.0,-0.003323128288602817,0.6,0.6002317035388964,1.5707963267948966,1.5667606349119847,0.19999999999999996,0.19470520007865222,0.5235987755982988,0.5249299770823654
grid_3895,0.4028310391646075,0.4685191009212167,0.5738441550558434,0.3589627264303699,1.0026412390466732,0.6,0.5933401062098946,0.0,-0.00423066107238057,0.6,0.5982370176501632,1.5707963267948966,1.5638446542720885,0.19999999999999996,0.19324821088078714,0.0,0.0017548129162845427
grid_3896,0.38638293626423176,0.4118379118626215,0.2371531110711378,0.21086890509797343,1.0014459577341133,0.6,0.5941369212286789,0.0,-0.0034161516259008096,0.6,0.5980387373628346,1.5707963267948966,1.5671845238550564,-0.2,-0.20427082211625702,0.0,0.0023161698696139155
grid_3897,0.5878700754596414,0.3320995106792176,0.22190494964828292,0.18471487015841814,0.9977419278522882,0.6,0.5948276959224819,0.0,-0.002737722972747214,0.6,0.600909713823853,1.5707963267948966,1.5654816623647614,-0.2,-0.20097628620309482,0.5235987755982988,0.5225246058617916
grid_3898,0.41218264730518595,0.2072710999997297,0.07205804121421633,0.14546376180864085,0.9906603290579856,0.6,0.595546459395556,0.0,-0.0014224859720455285,0.6,0.6031294204634152,1.5707963267948966,1.5688237558372338,-0.2,-0.19814586647010302,1.0471975511965976,1.0423124871221026
grid_3899,0.47464802497718334,0.167245741775999,0.07762767465908435,0.12154144503099852,1.0058237898932971,0.6,0.5969640931248614,0.0,-0.0020191417820312196,0.6,0.608584107925429,1.5707963267948966,1.5657323162943841,-0.2,-0.19598937876032085,1.5707963267948966,1.5618514420305845
grid_3900,0.3260712791317733,0.26173418287453676,0.19820935929416333,0.17936070668085205,0.9946173388347118,0.6,0.5963098669055755,0.0,-0.0019427942677019416,0.6,0.6092709994327326,1.5707963267948966,1.565893628217263,-0.6,-0.5953851659375831,1.5707963267948966,1.5553274135651485
grid_3901,0.4606790215623941,0.2741937625137012,0.263456616609942,0.17168146542292395,1.0008681237330928,0.6,0.5948667001109627,0.0,-0.0015605533515321568,0.6,0.6039155420101991,1.5707963267948966,1.5675156282569827,-0.6,-0.5964864649690629,1.0471975511965976,1.0388538919203478
grid_3902,0.161302825997335,0.10828399723422416,0.3305927268750551,0.3126840821666406,1.001697694221793,0.6,0.5955458745064934,0.0,-0.002018807367098141,0.6,0.601830035046004,1.5707963267948966,1.5658012211722747,-0.6,-0.6014459748410239,0.5235987755982988,0.5232962158239092
grid_3903,0.5424124380448082,0.46096302616703994,0.16980950211143192,0.19208191790375923,1.0014648853785582,0.6,0.5934046307342262,0.0,-0.0018212684912883859,0.6,0.5962175072695768,1.5707963267948966,1.5687469486796104,-0.6,-0.6002294075892634,0.0,0.003227372334105638
grid_3904,0.3652923337973886,0.3074230178614885,0.3947042464702266,0.2212087515157956,1.005822575731734,0.6,0.5947775570727707,0.0,-0.0018247110360771757,0.19999999999999996,0.2015509551224115,1.5707963267948966,1.5642662269416752,-0.6,-0.5958532642370571,0.0,-0.0011234904612331675
grid_3905,0.34529129047306584,0.24046581814218468,0.23785189364283593,0.16039688335752253,0.9923731008485397,0.6,0.5963093852044246,0.0,-0.002407973393886209,0.19999999999999996,0.20514006664664208,1.5707963267948966,1.5656069070331142,-0.6,-0.5992693393009283,0.5235987755982988,0.5191678353296387
grid_3906,0.43422201905963986,0.302095798971487,0.07780369089144683,0.07335122000441732,1.007066514806074,0.6,0.596662095858675,0.0,-0.0014834554126004207,0.19999999999999996,0.20846111513096055,1.5707963267948966,1.5679593215894592,-0.6,-0.5961056434015397,1.0471975511965976,1.0370738873571588
grid_3907,0.22179636731984348,0.2176620339420613,0.03390980411920232,0.08628508896863113,1.0023950942308784,0.6,0.597638616117643,0.0,-0.0014740880522223776,0.19999999999999996,0.21368882449133064,1.5707963267948966,1.5678707689731048,-0.6,-0.5958046948983551,1.5707963267948966,1.5545244438235706
grid_3908,0.3266018898719853,0.31179654809210006,0.052276431155920566,0.07816481381826212,0.9977063939930522,0.6,0.5983094667066746,0.0,-0.0024411195876163916,0.19999999999999996,0.21288284663057588,1.5707963267948966,1.5676422579838505,-0.2,-0.19614560307348228,1.5707963267948966,1.5638451898303964
grid_3909,0.7912122160751938,0.20635421415504565,0.09140756288354483,0.11180323646564574,1.0006357964129018,0.6,0.597047810426246,0.0,-0.0020580091292865532,0.19999999999999996,0.2086582360342879,1.5707963267948966,1.5650358934543087,-0.2,-0.19957080930363968,1.0471975511965976,1.0423401992294634
grid_3910,0.6988106925799193,0.31464522405436407,0.18557866544071905,0.1510424916300221,1.0008220692956904,0.6,0.5962188656055378,0.0,-0.0026165220277167833,0.19999999999999996,0.2054056487744722,1.5707963267948966,1.5638885990873366,-0.2,-0.20141341678762004,0.5235987755982988,0.5206426334922956
grid_3911,0.8972240149994383,0.7269588192591528,0.06527422252967832,0.10187975973901732,0.9966125072996356,0.6,0.5967108780922272,0.0,-0.0028267445486562792,0.19999999999999996,0.200866420068877,1.5707963267948966,1.565342138576959,-0.2,-0.20549472663463764,0.0,-0.0005234127899358398
grid_3912,0.25692454823714406,0.2198571288779799,0.3321644047755967,0.19046053092805476,1.0069564392680492,0.6,0.5912510731557479,0.0,-0.0038361612392359135,0.19999999999999996,0.19871474108770837,1.5707963267948966,1.5626803399138174,0.19999999999999996,0.196802403771569,0.0,-0.002397680517408851
grid_3913,0.17501997345755207,0.23709334839193594,0.49589541784122426,0.22134772410710718,0.9986187469357681,0.6,0.5962074721589996,0.0,-0.004223012972960127,0.19999999999999996,0.20438972101216457,1.5707963267948966,1.5620252263713272,0.19999999999999996,0.1971797241251858,0.5235987755982988,0.5222461680951138
grid_3914,0.6266645263230268,0.21936478904541562,0.249109357934513,0.1307398279518124,0.9938980586466493,0.6,0.5968068150863033,0.0,-0.0038868619174126096,0.19999999999999996,0.2083331517059266,1.5707963267948966,1.563056173792301,0.19999999999999996,0.19856060499328088,1.0471975511965976,1.0466749151608479
grid_3915,0.5222408437406496,0.2960658408916743,0.044199311736870174,0.06529816352215304,0.9985682540645424,0.6,0.5981488334492449,0.0,-0.0023072969065012217,0.19999999999999996,0.21339419483447397,1.5707963267948966,1.567039696374243,0.19999999999999996,0.20273812729752994,1.5707963267948966,1.5685909206110358
grid_3916,0.47373853481690187,0.35461436843358124,0.034941340272182556,0.06674252603667463,1.00072427443473,0.6,0.598078468217885,0.0,-0.0030250344102427107,0.19999999999999996,0.21285102122779787,1.5707963267948966,1.5654964444066595,0.6,0.6012480888551925,1.5707963267948966,1.5707815127103437
grid_3917,0.18070005959442176,0.17247175910123755,0.15665950355358438,0.20473850816825617,1.0002794250213376,0.6,0.597233149920954,0.0,-0.003703947096622251,0.19999999999999996,0.2080811117364023,1.5707963267948966,1.5640866851942956,0.6,0.5978379235570035,1.0471975511965976,1.0521184190744677
grid_3918,0.19636395946611324,0.2437926698948586,0.8162039261561155,0.23945689780822266,1.0044193829820443,0.6,0.595847617528797,0.0,-0.004004741228408548,0.19999999999999996,0.20352336057791565,1.5707963267948966,1.5639470746622743,0.6,0.5965257743886943,0.5235987755982988,0.5260095919744661
grid_3919,0.3123703782090278,0.27649868589042653,0.3311154783048887,0.3201691174232026,1.002322414743282,0.6,0.5928436709530605,0.0,-0.004678111666576612,0.19999999999999996,0.19969176163302116,1.5707963267948966,1.5630553440539243,0.6,0.5948071619701816,0.0,-0.0018057821642454286
grid_3920,0.2802406426937061,0.22608242771607318,1.242748568323626,0.11530019006369263,1.005818192703773,0.6,0.5930252696561853,0.0,-0.007564751709680628,0.19999999999999996,0.19620268507520766,1.0471975511965976,1.03782415747457,0.6,0.5941767250176069,0.0,-0.004788715702488844
grid_3921,0.16616963132326257,0.14613552984463796,1.2318797250282085,0.1728426156613608,1.0025577962725472,0.6,0.5945263546232873,0.0,-0.007078398375525374,0.19999999999999996,0.20108469918532634,1.0471975511965976,1.0379802492796433,0.6,0.5964172060871586,0.5235987755982988,0.5250210557482218
grid_3922,0.2144810882033228,0.25904528755176626,0.9146787593715043,0.2244173456714087,0.9879123903625555,0.6,0.5962401967977877,0.0,-0.006471925321808847,0.19999999999999996,0.20489164425884887,1.0471975511965976,1.0390366496357428,0.6,0.5982640637443604,1.0471975511965976,1.0527055604166442
grid_3923,0.271820269273126,0.27240622049058116,0.43085128053027894,0.2522254684933204,1.0014331629036868,0.6,0.596468224742436,0.0,-0.005995632663875483,0.19999999999999996,0.20786164432475918,1.0471975511965976,1.0384415175001198,0.6,0.5998881857892773,1.5707963267948966,1.5708387333794303
grid_3924,0.5981100474203638,0.386596698609125,0.12426010481398073,0.09752714254647606,1.0056598741321048,0.6,0.5975933666563771,0.0,-0.0046164134255226585,0.19999999999999996,0.2093095018254827,1.0471975511965976,1.042425617742456,0.19999999999999996,0.20285349188225066,1.5707963267948966,1.5706807739591726
grid_3925,0.24262184364301237,0.23257656624136075,0.5382805953128441,0.20264383990755805,0.9927920470904776,0.6,0.596588269780626,0.0,-0.005154203848287686,0.19999999999999996,0.20586950211874822,1.0471975511965976,1.0407379323003578,0.19999999999999996,0.19845217154108763,1.0471975511965976,1.0483721885778605
grid_3926,0.5348697045742132,0.5134159065444298,0.6318156651882652,0.23363613574981193,1.0079124167073577,0.6,0.5953118341199506,0.0,-0.005107734736211178,0.19999999999999996,0.20221636221795514,1.0471975511965976,1.0408063009114237,0.19999999999999996,0.19643576763907777,0.5235987755982988,0.5229399178860215
grid_3927,0.618760319129859,0.5136901334423241,0.9990932332711375,0.14990980824350747,1.0005516152129441,0.6,0.5968357094242709,0.0,-0.006122805382279495,0.19999999999999996,0.1978421011984972,1.0471975511965976,1.0383067688605578,0.19999999999999996,0.18495950621091772,0.0,-0.002664170342335126
grid_3928,0.46433681949658523,0.4356913616837956,0.5588934269523085,0.05949072788780638,0.9910352197422624,0.6,0.5924088911904013,0.0,-0.005841219910644568,0.19999999999999996,0.19942847475584546,1.0471975511965976,1.038674104340263,-0.2,-0.20310007959484633,0.0,-0.0025130857636925796
grid_3929,0.636613545618282,0.50488972838607,0.19769978399351013,0.23032801940901104,1.0062793412980668,0.6,0.5968019133458267,0.0,-0.004488655495003435,0.19999999999999996,0.20438126062324002,1.0471975511965976,1.0434769737690068,-0.2,-0.2027649924561432,0.5235987755982988,0.5215567023840872
grid_3930,0.40694968494770406,0.30697470656385456,0.3489828866771593,0.24749679468148045,0.9985712499805871,0.6,0.5968468398787365,0.0,-0.004232207810217048,0.19999999999999996,0.20694343821935046,1.0471975511965976,1.0423786847205303,-0.2,-0.1992584636920096,1.0471975511965976,1.0450198631392995
grid_3931,0.3293171020809278,0.2638022402125578,0.2739789615238723,0.17515396914851372,1.0001308250683563,0.6,0.598149273047091,0.0,-0.003936985963624018,0.19999999999999996,0.20971473511565453,1.0471975511965976,1.043245532271019,-0.2,-0.19594570152951896,1.5707963267948966,1.568940441262205
grid_3932,0.21871689089648286,0.16378775536998502,0.23866654437564522,0.16640651245105428,0.9940478492850632,0.6,0.5967934586682979,0.0,-0.004389579273182065,0.19999999999999996,0.21033994495423158,1.0471975511965976,1.040094753111605,-0.6,-0.5949102817849141,1.5707963267948966,1.5640950978875257
grid_3933,0.2582179087240285,0.2272593013787803,0.17707238726030447,0.2040422511483079,1.0019117110087024,0.6,0.5968041754240447,0.0,-0.0032617968000625552,0.19999999999999996,0.20644244943594536,1.0471975511965976,1.043216086994165,-0.6,-0.5969438519192343,1.0471975511965976,1.0413863185553547
grid_3934,0.30775401234987215,0.34406416656165956,0.2033932420788404,0.14870093598533796,0.9894967464090325,0.6,0.5959326043680138,0.0,-0.0024962966816977072,0.19999999999999996,0.20499700441975577,1.0471975511965976,1.044803755208549,-0.6,-0.5977873241279905,0.5235987755982988,0.5221480461121617
grid_3935,0.30383693768121883,0.266775503596368,0.5133943120703512,0.21269692706864934,1.0087961642379977,0.6,0.5955090494604223,0.0,-0.004333599112002595,0.19999999999999996,0.2010360212845912,1.0471975511965976,1.0427775624000013,-0.6,-0.5978067213433995,0.0,0.00036175607373145624
grid_3936,2.710742691282146,1.086352958987367,0.07616877676224935,0.11430756514602931,1.0000484731484713,0.6,0.5922454204880063,0.0,-0.006929425570094239,0.19999999999999996,0.1954524209224875,0.5235987755982988,0.5185964746110416,-0.6,-0.6025512216519582,0.0,0.0005009991392777025
grid_3937,0.5664528678124844,0.4469398234313078,0.4214080329912086,0.14175151095985725,0.9913855285026788,0.6,0.5948045357849088,0.0,-0.005700138794989762,0.19999999999999996,0.2031683932927244,0.5235987755982988,0.5187434768180372,-0.6,-0.5979634310695419,0.5235987755982988,0.5218368679369654
grid_3938,0.27898384758628714,0.25391952300212445,0.59071601722782,0.23829290399944097,1.0058829940979135,0.6,0.5949683100220753,0.0,-0.006001364923714725,0.19999999999999996,0.2048678807919,0.5235987755982988,0.5182871541279139,-0.6,-0.5962971518010285,1.0471975511965976,1.0443808933423204
grid_3939,0.8962127769919513,0.5576727985307072,0.7662359272784659,0.2966987110584739,0.9936864128936277,0.6,0.5948442216235268,0.0,-0.007272586934397474,0.19999999999999996,0.20822040390517405,0.5235987755982988,0.5146297717018484,-0.6,-0.5934819694880726,1.5707963267948966,1.567004646675132
grid_3940,0.25523126043671357,0.3260050422017747,0.8364944028024255,0.10320563705760852,0.9960866292747997,0.6,0.5953693898301546,0.0,-0.006797804740823921,0.19999999999999996,0.20666785354965445,0.5235987755982988,0.5147084924027512,-0.2,-0.19544991300034376,1.5707963267948966,1.5698256840297606
grid_3941,0.404651574919516,0.21324250062445588,0.8690851975164087,0.16150807078415141,1.0015808432843882,0.6,0.5956085550636603,0.0,-0.006863127665374336,0.19999999999999996,0.20453751893754113,0.5235987755982988,0.5156599894745506,-0.2,-0.19899726988661381,1.0471975511965976,1.0454397319158337
grid_3942,0.34150619648311237,0.27926023109254233,1.0670724141777144,0.12934768290271997,0.9990849054562787,0.6,0.59317532150106,0.0,-0.008160069374738121,0.19999999999999996,0.20042557083528667,0.5235987755982988,0.5139035667489811,-0.2,-0.20158253666915726,0.5235987755982988,0.5198393745591376
grid_3943,0.3287973766211982,0.30229444577689785,1.2558545242303725,0.030967673117503054,1.0002960128574485,0.6,0.5910338214321307,0.0,-0.009990890784442819,0.19999999999999996,0.19209863650986758,0.5235987755982988,0.5103781942357184,-0.2,-0.20924553082169872,0.0,-0.0046823246113270045
grid_3944,0.5500365512157522,0.46850540314123723,1.5989198130926425,0.0810242624394293,1.0118544271158203,0.6,0.5907494856882565,0.0,-0.010463198032853782,0.19999999999999996,0.18628382032848023,0.5235987755982988,0.509564712581537,0.19999999999999996,0.18361223468720755,0.0,-0.006979555717792074
grid_3945,0.5804081537308006,0.3641976471026559,1.4614825461232421,0.12573835013551862,0.9974081150808699,0.6,0.5912976638763974,0.0,-0.010758811669803414,0.19999999999999996,0.19649700420571925,0.5235987755982988,0.5082420616038554,0.19999999999999996,0.19469094897085526,0.5235987755982988,0.519926624996371
grid_3946,0.13256838113628133,0.17983735652293123,1.294493543601523,0.14051256145836682,0.997466006859874,0.6,0.5947826480281826,0.0,-0.010353236791903697,0.19999999999999996,0.20224416071420936,0.5235987755982988,0.5084206683631534,0.19999999999999996,0.19908837982545524,1.0471975511965976,1.0470498371050914
grid_3947,0.41828059854157945,0.3337100084703809,0.9246069573641071,0.215159896079909,1.0081087264391626,0.6,0.5969941295262506,0.0,-0.008783338986223299,0.19999999999999996,0.20706643975147365,0.5235987755982988,0.5136742142315587,0.19999999999999996,0.20282729280942746,1.5707963267948966,1.5707498313284622
grid_3948,0.3857448363164336,0.39674301361849185,1.1136994414657557,0.1125464665726281,0.9960951165952568,0.6,0.5962705800637718,0.0,-0.008937096222653373,0.19999999999999996,0.20561691403247817,0.5235987755982988,0.5123162230533174,0.6,0.6007999389153387,1.5707963267948966,1.5708640091515305
grid_3949,0.5921614830378054,0.5227087089995429,1.624251170110378,0.1162506752371298,1.001569330358591,0.6,0.5942200804932858,0.0,-0.010419725055221818,0.19999999999999996,0.20121853067495277,0.5235987755982988,0.5093190544476442,0.6,0.5983238556914019,1.0471975511965976,1.050997612601651
grid_3950,0.355479980566679,0.19656486696013545,1.6380781323523994,0.11548322408602886,1.0043243373249273,0.6,0.590621089142414,0.0,-0.010178415341819402,0.19999999999999996,0.1913747193175972,0.5235987755982988,0.5083135366635263,0.6,0.5924045432279712,0.5235987755982988,0.5227183910907263
grid_3951,0.42508892087266303,0.3517888302103446,1.619755378214904,0.06455778028218119,1.0055114740066595,0.6,0.5871922593684165,0.0,-0.00828095415758856,0.19999999999999996,0.18118102090013632,0.5235987755982988,0.5088691713874303,0.6,0.5858511304821379,0.0,-0.007328293889145243
grid_3952,3.3940835543827403,2.6596606646200245,0.7598269796501569,0.015523283275464728,1.0009778525786668,0.6,0.5719170825198434,0.0,-0.017151763783003204,0.19999999999999996,0.14435815201630575,0.0,-0.0009361849786060361,0.6,0.5649938311567286,0.0,0.011754598026336716
grid_3953,1.065579135161301,0.6911318629397725,0.017380667775274937,0.0200795117233384,0.9990831991657698,0.6,0.575035350610893,0.0,-0.028508166953072234,0.19999999999999996,0.15720808520720375,0.0,-0.018477110419840237,0.6,0.5745097198542197,0.5235987755982988,0.5377589273960854
grid_3954,0.20408593836859085,0.27782316687254976,1.2390636907106356,0.1808041772964098,1.0042764039074328,0.6,0.5862324059280635,0.0,-0.01313559482565907,0.19999999999999996,0.18534483935707513,0.0,-0.020536830749009027,0.6,0.5934867076634083,1.0471975511965976,1.050392798360968
grid_3955,0.1995569973856921,0.16473932791821985,1.3663634730601606,0.14716394517524978,0.9950838463287146,0.6,0.592106410916438,0.0,-0.014670362226245182,0.19999999999999996,0.19906053929041168,0.0,-0.01701375296747276,0.6,0.6014059769147986,1.5707963267948966,1.5704871640746836
grid_3956,0.1663707819398244,0.16450077035235075,1.5377149497118554,0.05135210145507405,1.004716514655998,0.6,0.591686584415906,0.0,-0.012399609760377572,0.19999999999999996,0.19781308139320242,0.0,-0.016023617364904652,0.19999999999999996,0.20117630588661228,1.5707963267948966,1.570838074688984
grid_3957,0.23206950942537743,0.23993337454091884,1.4602260271528662,0.10467447939626293,0.9879411545845309,0.6,0.5868817990797632,0.0,-0.014078668438138209,0.19999999999999996,0.18711512050888235,0.0,-0.021209151873070375,0.19999999999999996,0.19478763928430265,1.0471975511965976,1.0449964802969456
grid_3958,0.8096070447548737,0.6579830595468549,0.08086662879845832,0.04318879634143123,0.998745530977416,0.6,0.5704017692552252,0.0,-0.030283784504386624,0.19999999999999996,0.1422184881683206,0.0,-0.01805783180990783,0.19999999999999996,0.1520191682293861,0.5235987755982988,0.5322183783871877
grid_3959,2.003140732529134,1.0603918174339666,0.51446110378163,0.013455812926573435,1.0055741411459085,0.6,0.5629878161833943,0.0,-0.011846681100195156,0.19999999999999996,0.13182208095235293,0.0,0.007893565458583218,0.19999999999999996,0.1594920467646439,0.0,0.01414917259121129
grid_3960,1.8417740222325016,2.233362199788653,0.08055650660037209,0.14670420184801025,0.8673907828920517,0.6,0.5792986913726645,0.0,-0.01863285356482436,0.19999999999999996,0.19140975985502262,0.0,0.064128710321528,-0.2,-0.2094803075604439,0.0,0.05124977879771908
grid_3961,0.4834824767272349,0.46672345762127265,0.06359603907101243,0.03180588599541407,0.9660243118504441,0.6,0.5611002990753127,0.0,-0.027008702997863843,0.19999999999999996,0.12858559622972532,0.0,-0.007254501400771218,-0.2,-0.24479774579175295,0.5235987755982988,0.5298029623264364
grid_3962,0.23407333640454947,0.20059053840693833,1.6589804595547655,0.09465803203109453,1.0072421088252603,0.6,0.5896612246910671,0.0,-0.015478054883789838,0.19999999999999996,0.19408336799299075,0.0,-0.019812880271253164,-0.2,-0.20126072815009532,1.0471975511965976,1.040777847392092
grid_3963,0.17189186166945564,0.22200385911497858,1.537736330106065,0.08561920442773234,0.9976289831257935,0.6,0.5929224737777572,0.0,-0.012987419087405527,0.19999999999999996,0.2011666487342767,0.0,-0.015628126485212945,-0.2,-0.19529022666684792,1.5707963267948966,1.568727420093218
grid_3964,0.18425513463808835,0.1908336568812486,1.5075192874721197,0.0575436034765143,1.0083123236855616,0.6,0.5928771907288315,0.0,-0.012951659738187793,0.19999999999999996,0.2019128132049719,0.0,-0.014873997820679996,-0.6,-0.5956219063527763,1.5707963267948966,1.5657518380487883
grid_3965,0.34451099626332554,0.307907304232111,1.426191102733228,0.09827734225323628,0.9936636750366926,0.6,0.5917604355945381,0.0,-0.013581281903186415,0.19999999999999996,0.19824080517496956,0.0,-0.014008019866982302,-0.6,-0.597396755984537,1.0471975511965976,1.041317761814713
grid_3966,1.6225697860192096,0.9479380918093607,0.5271506824631602,0.2249714335067877,1.0145057892588996,0.6,0.5686919138791922,0.0,-0.016992204059843807,0.19999999999999996,0.16037543944452626,0.0,-0.013701992530420704,-0.6,-0.6104597559861027,0.5235987755982988,0.5163014585944534
grid_3967,2.15621107695537,1.4206544473435851,0.045723702661928156,0.05526010834140692,1.0301411356243169,0.6,0.5356403834894046,0.0,-0.031410919874442556,0.19999999999999996,0.04390391371610303,0.0,-0.04467560148046701,-0.6,-0.7007636163204545,0.0,-0.020841310083012488
grid_3968,2.3728056911150444,2.3931533705622496,0.33713840721053095,0.19434766706679163,1.0005872092322423,0.6,0.5669057967805582,0.0,-0.040684656778555706,-0.2,-0.30302623622770586,0.0,-0.03818572941712706,-0.6,-0.6688913374807175,0.0,-0.0037875147704831136
grid_3969,0.5044157391115726,0.3632886984504709,0.3977620584984253,0.07426140949595576,0.9908081871141985,0.6,0.5720547352262981,0.0,-0.013952982570000216,-0.2,-0.2497226088398019,0.0,0.00568594687783186,-0.6,-0.625728231779668,0.5235987755982988,0.5271093055286666
grid_3970,0.28416661466606363,0.27115508570367286,0.0048852295064090775,0.011312660831243378,1.005658116632293,0.6,0.5954684080811417,0.0,-0.0025061925272895635,-0.2,-0.1901822687096848,0.0,0.004628579720159287,-0.6,-0.5889412851748839,1.0471975511965976,1.04726677640764
grid_3971,0.9143315307518053,0.760953701922935,0.30111564188200135,0.13491778747828803,1.0067138385003052,0.6,0.5955073189903795,0.0,-0.006946985124860916,-0.2,-0.18436923425162544,0.0,-0.007222483650240363,-0.6,-0.5905874947904746,1.5707963267948966,1.5661796453815642
grid_3972,1.8357099217690316,0.5914000416946077,0.6124015095743037,0.095595363764583,1.0049222020409292,0.6,0.5943031831279084,0.0,-0.007069876140381126,-0.2,-0.1886315907444338,0.0,-0.007814957680375656,-0.2,-0.19288881136012037,1.5707963267948966,1.5662266575730994
grid_3973,0.6928960991136631,0.5130017310616438,0.3880097844243204,0.10987479995655865,0.9901039952008166,0.6,0.6002859820078346,0.0,-0.0054075454969853,-0.2,-0.1821356249463717,0.0,-0.005224896491914599,-0.2,-0.18895118322476634,1.0471975511965976,1.0446477397816247
grid_3974,0.6688749401717373,0.7084667868514946,0.0384238366605644,0.06159321376718172,1.0035865581470413,0.6,0.599803209665918,0.0,0.17713216504535012,-0.2,-0.1902045327583446,0.0,0.016105469304465103,-0.2,-0.19109780491425266,0.5235987755982988,0.525974931334301
grid_3975,2.312601270469366,1.135279968933382,0.2870020371070389,0.17405534470964074,1.0078623878867505,0.6,0.5997142102756934,0.0,0.1245569492394436,-0.2,-0.18906236343957872,0.0,0.0743479064585042,-0.2,-0.19327685310207077,0.0,0.006676633139806043
grid_3976,2.0656428804793907,2.1187231506118365,0.5463555157701562,0.7459446822787112,1.015883918447293,0.6,0.5600491522154902,0.0,0.0041908948305859894,-0.2,-0.2709736192977603,0.0,-0.02663298040768769,0.19999999999999996,0.1550785801850516,0.0,-0.00809859441194316
grid_3977,2.4953700004498574,1.629794561527754,1.1127708047927745,0.643301741262823,1.008136274599688,0.6,0.5885171831267177,0.0,-0.010375007229011857,-0.2,-0.20337066549411542,0.0,-0.03464346688901454,0.19999999999999996,0.20457324328750026,0.5235987755982988,0.5150811754681675
grid_3978,0.4150068613924879,0.4273270297068252,1.0791631139603166,0.135170976720159,0.9976986016432556,0.6,0.5974531692384879,0.0,-0.01165118096494222,-0.2,-0.188053716547949,0.0,-0.017797046966302688,0.19999999999999996,0.20553084267614619,1.0471975511965976,1.0392470984717042
grid_3979,1.9453059280126108,0.2212885764283381,0.8154987422349574,0.07711418837571585,0.9938531909260935,0.6,0.5982196112695286,0.0,-0.009327930891547709,-0.2,-0.18565434498901912,0.0,-0.013083256661184706,0.19999999999999996,0.20610303337383762,1.5707963267948966,1.564563055385852
grid_3980,0.4511697979954872,0.38983136927884343,0.8372479138695264,0.12286586181893157,1.0045009628601185,0.6,0.5950584522718563,0.0,-0.010149880349886509,-0.2,-0.19161395886854837,0.0,-0.015414856165905988,0.6,0.6033623429225417,1.5707963267948966,1.5648474075256207
grid_3981,0.4583126549610645,0.41455721121943506,1.1078995001097867,0.055124628844078226,1.0017485038759701,0.6,0.5927753203931365,0.0,-0.013356739711289478,-0.2,-0.1971619532894957,0.0,-0.024954632412463873,0.6,0.5978932843323701,1.0471975511965976,1.0392895407241856
grid_3982,1.4403840522097968,1.1447403757227823,0.33307616648311866,0.035629394169789955,0.9903667105086413,0.6,0.5794680125987215,0.0,-0.0032466310286780597,-0.2,-0.23075957728470886,0.0,-0.04184843134509997,0.6,0.5835503906209931,0.5235987755982988,0.49734443648376203
grid_3983,3.8931274421498214,2.157024345165487,0.2716334565191833,0.016071606915531195,0.9987130350642888,0.6,0.5698354292400802,0.0,0.012018588664846064,-0.2,-0.25824578402839293,0.0,-0.004762935145733671,0.6,0.5509094277517033,0.0,-0.014917522538006267
grid_3984,1.3944761571804059,0.7025899808258392,1.6324621419283467,0.04114840305306131,0.9942022822609463,0.6,0.5885108581623273,0.0,-0.011777249182927996,-0.2,-0.20992356857517347,0.5235987755982988,0.49984714113532025,0.6,0.5883622738751999,0.0,-0.012228035860550435
grid_3985,0.4946340836676497,0.4534916298559541,1.445008008161015,0.1254009646410224,1.0025853001659253,0.6,0.5941166291964146,0.0,-0.009353316919302301,-0.2,-0.19748672610074092,0.5235987755982988,0.5045668863524515,0.6,0.5968074339435425,0.5235987755982988,0.5158085971554964
grid_3986,0.7714925095675276,0.6011647918763235,1.1267442780833448,0.12370031173877997,0.9977097931073529,0.6,0.596633709493152,0.0,-0.009237577147612974,-0.2,-0.18992838255714517,0.5235987755982988,0.5055952028916053,0.6,0.5992737680159248,1.0471975511965976,1.0438610972377917
grid_3987,0.3507702170400285,0.2691188785308475,0.5982133801969491,0.11160069902496389,0.9990025434945877,0.6,0.5987819493616904,0.0,-0.005580296882137681,-0.2,-0.18884397224457938,0.5235987755982988,0.5155053790573572,0.6,0.60143104476463,1.5707963267948966,1.5696271699574424
grid_3988,0.4952397090383805,0.37487527040918417,0.653358432722,0.15210338300587295,0.9968667800445733,0.6,0.5974198836525657,0.0,-0.005195259112036332,-0.2,-0.18818510705561486,0.5235987755982988,0.5147241321478155,0.19999999999999996,0.2039150502300604,1.5707963267948966,1.566775182619633
grid_3989,0.6087302423321741,0.45970776772516797,0.589761631377355,0.1463370064930367,1.0028577112270352,0.6,0.5971549465110275,0.0,-0.00708811342023008,-0.2,-0.18926321207459917,0.5235987755982988,0.5125204324258581,0.19999999999999996,0.2023635096182268,1.0471975511965976,1.0422819231553788
grid_3990,0.7124598580264985,0.5503847213134264,0.9554876771616844,0.15252695178845294,0.9967213404822427,0.6,0.5950064361044696,0.0,-0.007957476938159402,-0.2,-0.1926811808053417,0.5235987755982988,0.5099743265110979,0.19999999999999996,0.2011905127122917,0.5235987755982988,0.5175764545707819
grid_3991,0.49213990565738175,0.32320102615546537,1.1146914012978302,0.05906770278120188,1.0007011942502033,0.6,0.5944734054685838,0.0,-0.008239643404216679,-0.2,-0.19746716766707717,0.5235987755982988,0.5072434550019089,0.19999999999999996,0.19602461717250907,0.0,-0.00660773029281625
grid_3992,0.3496681645992487,0.3110735953021188,0.009212859124622443,0.031195315382097674,0.9953908173448764,0.6,0.5967226419840825,0.0,-0.0036705730767501166,-0.2,-0.1937206983291766,0.5235987755982988,0.5214945556615538,-0.2,-0.20098685632808344,0.0,0.0002579143891940916
grid_3993,0.622256195259748,0.4213312222737498,0.19189038585020673,0.16247817618062727,0.994661158353356,0.6,0.5970777519827886,0.0,-0.0040566939485158215,-0.2,-0.19039838823638178,0.5235987755982988,0.5184091291179636,-0.2,-0.19799803626351498,0.5235987755982988,0.5209218076765874
grid_3994,0.5001557408553865,0.4993563148247689,0.30139540136992216,0.15012583739258856,1.003012476605309,0.6,0.5972545103597113,0.0,-0.0038938502222132243,-0.2,-0.18827455763954504,0.5235987755982988,0.5168104270338665,-0.2,-0.195352304759977,1.0471975511965976,1.041432436381406
grid_3995,0.5754792889177048,0.5343382045378714,0.30568009467962465,0.21037600363973247,1.0047153273586242,0.6,0.5979750327103348,0.0,-0.005376318310256423,-0.2,-0.18759380304901452,0.5235987755982988,0.5156135110803692,-0.2,-0.19508859250702493,1.5707963267948966,1.5652624914994488
grid_3996,0.5649065591796889,0.215947712025059,0.4174385503397432,0.11845287802649945,0.9950424647326244,0.6,0.5975858395191613,0.0,-0.005932428711104443,-0.2,-0.1786043056240194,0.5235987755982988,0.5138812768362326,-0.6,-0.5938933654978777,1.5707963267948966,1.5617517746614897
grid_3997,0.5411240210855767,0.3865989196500595,0.04465298865692591,0.06862315602200213,0.9951897409499955,0.6,0.5968793365060634,0.0,-0.002815334956047799,-0.2,-0.18868064388651362,0.5235987755982988,0.5184498447681785,-0.6,-0.5929872498385071,1.0471975511965976,1.0389986179970334
grid_3998,0.41774581633976593,0.2855226233193102,0.3685838642879605,0.22213684810983317,0.9945136986966062,0.6,0.5944194692795737,0.0,0.0014850435744895307,-0.2,-0.1971689510807808,0.5235987755982988,0.5291569328137173,-0.6,-0.5927086767263052,0.5235987755982988,0.5236196935445818
grid_3999,0.3310683509803346,0.43138340632641703,0.9103770682221191,0.052611842961751906,0.997921587208012,0.6,0.595763844546874,0.0,-0.00013721864469662393,-0.2,-0.19820834198791903,0.5235987755982988,0.5318370148355012,-0.6,-0.5973563766384116,0.0,0.005169041732557389
grid_4000,0.25364671387491355,0.23926591192087168,0.21892333997488417,0.23098788353936817,1.0030736665892808,0.6,0.5945337987340125,0.0,-0.001164075004465026,-0.2,-0.1968744466753476,1.0471975511965976,1.0455015034813364,-0.6,-0.6012749482872053,0.0,-0.0008678380299054211
grid_4001,0.3981500576262606,0.2871144602602819,0.10685078310766812,0.10559361046141769,0.9972975461710011,0.6,0.5969519017293976,0.0,-0.0032060283990045235,-0.2,-0.18917618063435437,1.0471975511965976,1.0411494977228655,-0.6,-0.5961742964824968,0.5235987755982988,0.5174694764279693
grid_4002,0.7054804865185067,0.3446866844243881,0.017690314827150423,0.02621464320926427,1.004365086256106,0.6,0.5969199384415163,0.0,-0.003214079186405705,-0.2,-0.18953300591876232,1.0471975511965976,1.0405841692266948,-0.6,-0.594938701386754,1.0471975511965976,1.0347909917244227
grid_4003,0.6182710589640689,0.3662045483088474,0.21427720364788275,0.15563251174462472,1.000046527072624,0.6,0.599053216403374,0.0,-0.003929099606795994,-0.2,-0.18731905711278518,1.0471975511965976,1.0407927140670648,-0.6,-0.5954927026364967,1.5707963267948966,1.5602218255673437
grid_4004,0.20037219164605066,0.1461418871488044,0.45459392111765184,0.20742560241996238,1.000436402121035,0.6,0.5981534168870466,0.0,-0.005136461764558398,-0.2,-0.1840151991379111,1.0471975511965976,1.0375516282714186,-0.2,-0.19527844465520516,1.5707963267948966,1.56598384330192
grid_4005,0.6286901101950125,0.5071003667052683,0.2671179183353563,0.14758658842196734,0.9979787194306672,0.6,0.5971445845898957,0.0,-0.003963085196262206,-0.2,-0.1911161043904981,1.0471975511965976,1.0401929204652092,-0.2,-0.19757857206000562,1.0471975511965976,1.040966271409964
grid_4006,0.6575158448437473,0.382875416454818,0.27048288785913127,0.1726734555855762,0.9931861866527626,0.6,0.5967885022065182,0.0,-0.004201047082334597,-0.2,-0.19103645662998225,1.0471975511965976,1.0393453513237993,-0.2,-0.1992022939653033,0.5235987755982988,0.5181917415071693
grid_4007,0.4569064748368025,0.33004865968704156,0.17803219450970337,0.19437612657488554,1.0040077228371989,0.6,0.5940630550994808,0.0,-0.002882275683625757,-0.2,-0.19651488176721443,1.0471975511965976,1.0422674526286935,-0.2,-0.19871766970076,0.0,-0.0020169702950125767
grid_4008,0.41672458872885487,0.3035923609051712,0.6462307403788022,0.06291353116060693,1.0076462343322912,0.6,0.596729299391427,0.0,-0.005331119821454067,-0.2,-0.19568513995292403,1.0471975511965976,1.0378792261173801,0.19999999999999996,0.19571050003929713,0.0,-0.005213909097774305
grid_4009,0.3925925588756252,0.340767247252769,0.8566028622969606,0.30738505754218026,0.9942216551188718,0.6,0.5966848458066707,0.0,-0.006251955835729461,-0.2,-0.19334438257823994,1.0471975511965976,1.0336866892759478,0.19999999999999996,0.19763047296398728,0.5235987755982988,0.5186677524993923
grid_4010,0.48607397275288183,0.3116891000916976,0.5311095329006836,0.22880882441906794,1.000988186113775,0.6,0.5976135429031322,0.0,-0.005901900042267982,-0.2,-0.18995721176329905,1.0471975511965976,1.0374862864144818,0.19999999999999996,0.19983861668029235,1.0471975511965976,1.0439917150165483
grid_4011,0.33187110859004065,0.3054994588443102,0.36861656878989735,0.12017980013014332,1.0017761390928959,0.6,0.5981750474589731,0.0,-0.004009585401573368,-0.2,-0.18712870746465082,1.0471975511965976,1.0431013893451055,0.19999999999999996,0.2020953269832173,1.5707963267948966,1.5704298896739006
grid_4012,0.1982445104768412,0.18920363117150152,0.598698021034328,0.17577921848852066,1.000744492635112,0.6,0.59835413418672,0.0,-0.006065933432123138,-0.2,-0.1848954163104466,1.0471975511965976,1.0379662946333497,0.6,0.601259961939097,1.5707963267948966,1.57077335871457
grid_4013,0.3230381029294337,0.2627398315842184,0.9197803296941842,0.22586875493517813,0.9960004844318412,0.6,0.5965458066595266,0.0,-0.005756253861642691,-0.2,-0.19235803798160145,1.0471975511965976,1.0382557210886745,0.6,0.5993606660943964,1.0471975511965976,1.0477424992190478
grid_4014,0.6659992402585535,0.392453138439483,1.3090917423058106,0.2556439536926047,0.99304595465641,0.6,0.5959008904152379,0.0,-0.0071881858558144884,-0.2,-0.19672067856588527,1.0471975511965976,1.0339780300307995,0.6,0.5972672185502237,0.5235987755982988,0.5204134910501219
grid_4015,0.2953870513819589,0.24000696402949717,1.1704676445653133,0.1228409125048714,0.9988221039766468,0.6,0.5939501261028859,0.0,-0.007704380039551317,-0.2,-0.20368590796030084,1.0471975511965976,1.0314134760476463,0.6,0.592879696578728,0.0,-0.008993962141002676
grid_4016,0.4617459956138039,0.48656272675997886,0.7639025882782794,0.14031292296223075,0.9962943734002007,0.6,0.5933102814421201,0.0,-0.007051523293942097,-0.2,-0.20132853958828711,1.5707963267948966,1.5595262835849066,0.6,0.5986099254684722,0.0,-0.008692534340517533
grid_4017,0.18960585286218695,0.15212328455537916,0.6345234199106399,0.1651564744706146,1.0005753134402837,0.6,0.5960071405842395,0.0,-0.005043511287011526,-0.2,-0.1949581400000291,1.5707963267948966,1.5639092651305884,0.6,0.5977654612665511,0.5235987755982988,0.5235960753982392
grid_4018,0.14702479634002183,0.1614751095381036,0.5797211372223564,0.2141286547762218,0.9986972086069308,0.6,0.5977633416782444,0.0,-0.0036948568367121126,-0.2,-0.18946326398162938,1.5707963267948966,1.567505133235982,0.6,0.5987308964318387,1.0471975511965976,1.0529326288068752
grid_4019,0.19188860797729,0.1967303177389618,0.5702186587201938,0.10602711236803837,0.9959571937097802,0.6,0.598444611902619,0.0,-0.0035537482493470662,-0.2,-0.1834915262716672,1.5707963267948966,1.5669539672713375,0.6,0.6001338143514676,1.5707963267948966,1.5708395942382136
grid_4020,0.24685881102004506,0.15611504486340252,0.43853874626777223,0.10076201835271013,0.9939199147602074,0.6,0.5982758279059235,0.0,-0.003686050948711106,-0.2,-0.18052940547036478,1.5707963267948966,1.5656198950676696,0.19999999999999996,0.20252565923699972,1.5707963267948966,1.5708420058365151
grid_4021,0.2927321260441861,0.334335060378421,0.27887721722248593,0.17416375046854732,1.0038955893136687,0.6,0.597241569485397,0.0,-0.004239190766812229,-0.2,-0.19133230011361135,1.5707963267948966,1.5669595983127715,0.19999999999999996,0.19845980549910802,1.0471975511965976,1.0470044738922937
grid_4022,0.13164237451575095,0.11169612366633219,0.46645328071983905,0.21816849561708512,0.99773890103551,0.6,0.5974844861513553,0.0,-0.00446124313042251,-0.2,-0.19322031188843525,1.5707963267948966,1.5651980580064562,0.19999999999999996,0.19746050930761072,0.5235987755982988,0.5210614440394998
grid_4023,0.38186141485002595,0.42513867673620537,0.5241623234604209,0.12389414213969659,1.0023368511685233,0.6,0.5962198365090972,0.0,-0.004686756015670923,-0.2,-0.19757310201828204,1.5707963267948966,1.5617794427666505,0.19999999999999996,0.1950549731001301,0.0,-0.0050276486139990695
grid_4024,0.4110064115370281,0.377885046192742,0.6330702341269926,0.24780318711415295,0.994054269920599,0.6,0.597699271847401,0.0,-0.003442939215833718,-0.2,-0.19587715563114294,1.5707963267948966,1.5633051605527726,-0.2,-0.20522922495194962,0.0,-0.004722250820182516
grid_4025,0.5546873096679437,0.34122871756585293,0.2787334971821577,0.2570873677375993,1.0009685523478888,0.6,0.5964788089224307,0.0,-0.0032050004821986278,-0.2,-0.19399998106049576,1.5707963267948966,1.5658170211963878,-0.2,-0.20158177773072783,0.5235987755982988,0.5182421622426334
grid_4026,0.419321358785602,0.3028415109651486,0.2002095320494092,0.1490262332412068,0.997443138534606,0.6,0.5968111252617572,0.0,-0.003895177887442536,-0.2,-0.1881830567899634,1.5707963267948966,1.562936446548382,-0.2,-0.1988373107840804,1.0471975511965976,1.0422065758997068
grid_4027,0.2836712743985394,0.21863668724609733,0.37153971218522064,0.12794422858222468,1.0056614517806508,0.6,0.5984876348994028,0.0,-0.004146858455846392,-0.2,-0.18303919999981932,1.5707963267948966,1.5642241495223352,-0.2,-0.1973900832541835,1.5707963267948966,1.5677653134478469
grid_4028,0.2500192857053231,0.1775824587847827,0.08424385341465189,0.08035019407003959,1.0024050605103665,0.6,0.5989931398641151,0.0,-0.0029172910366295213,-0.2,-0.18184227141358011,1.5707963267948966,1.565260150300495,-0.6,-0.5962624802262999,1.5707963267948966,1.5614262293316825
grid_4029,0.3870847238678433,0.30519268904117175,0.16885008330030687,0.12686778047716676,0.9971883989363413,0.6,0.598569951570437,0.0,-0.00329498886841062,-0.2,-0.18790140355404716,1.5707963267948966,1.5641876591994528,-0.6,-0.5978618421782063,1.0471975511965976,1.038058308136157
grid_4030,0.4629324913056198,0.38086476438962596,0.08617434305237194,0.10586464178830601,0.9960105248426464,0.6,0.5966965650671749,0.0,-0.002865981725023836,-0.2,-0.1931308819409443,1.5707963267948966,1.5660344010751244,-0.6,-0.5974656430553189,0.5235987755982988,0.5164276623289323
grid_4031,0.4272379402922157,0.1927027021308789,0.5034353881713722,0.28265817985142777,0.9973397461484665,0.6,0.5939218506781598,0.0,-0.0007579632150251925,-0.2,-0.1961597320104973,1.5707963267948966,1.569507539901581,-0.6,-0.5904634618852089,0.0,-0.0015419599740882362
grid_4032,0.3204415450633928,0.31324256417441576,0.2782996286790865,0.2118395964245534,0.9985086174800438,0.6,0.5961586705720627,0.0,-0.0026196953854364935,-0.6,-0.5927566369411803,1.5707963267948966,1.5654195744812665,-0.6,-0.5968844807499947,0.0,-0.0064617658570513825
grid_4033,0.4743406599794448,0.3201116884093562,0.10532926328386907,0.08324772925802144,1.0062114328201663,0.6,0.5976361780232393,0.0,-0.0021977627818126066,-0.6,-0.5899783087973249,1.5707963267948966,1.5650035656665944,-0.6,-0.597631970625784,0.5235987755982988,0.5142692952891839
grid_4034,0.3354869060341045,0.24466025289355675,0.3010758589531265,0.12430532889858562,1.0055405752650253,0.6,0.5989983539458681,0.0,-0.003946307247669978,-0.6,-0.584937335603092,1.5707963267948966,1.5651323379193638,-0.6,-0.598009729638588,1.0471975511965976,1.0388982651214356
grid_4035,0.30425635769050347,0.2695470600022024,0.5773855137243433,0.12088025001645158,1.0001849871149402,0.6,0.598494158591496,0.0,-0.0023491799015973314,-0.6,-0.5792728725669587,1.5707963267948966,1.5705769607706141,-0.6,-0.5964623812343808,1.5707963267948966,1.5686370452700578
grid_4036,0.20755843964919712,0.16379009406685394,0.5709238056245562,0.09030079788629358,1.0038032451543393,0.6,0.5984566993494989,0.0,-0.0031440732931873328,-0.6,-0.5782400030491841,1.5707963267948966,1.5677009576287686,-0.2,-0.19827970849090715,1.5707963267948966,1.5708702686166491
grid_4037,0.12857653855083784,0.11918646780458492,0.5301407397297402,0.2803909086026485,1.0024083845489185,0.6,0.5975595871063941,0.0,-0.00345521331246168,-0.6,-0.5892640815807901,1.5707963267948966,1.5655514325366342,-0.2,-0.19868081068212717,1.0471975511965976,1.0431822934377717
grid_4038,0.4988294249638794,0.3315686677287749,0.4725425808818732,0.22259466407671422,0.9921618664000876,0.6,0.5972077361512929,0.0,-0.003994522421870705,-0.6,-0.591900885787136,1.5707963267948966,1.5656258083460122,-0.2,-0.2001692887585511,0.5235987755982988,0.5146134473514454
grid_4039,0.5914977646645443,0.35187417024194395,0.4694341075304608,0.3642307220444623,0.9971125636953243,0.6,0.5967785657071332,0.0,-0.0031074923212193184,-0.6,-0.5930823500591034,1.5707963267948966,1.5651168945033493,-0.2,-0.20001785369678338,0.0,-0.007146337071739062
grid_4040,0.5570606961470392,0.6286476921932584,0.49369677312415583,0.20565783884556024,1.0138102531798183,0.6,0.5951493624861905,0.0,-0.004593007780169245,-0.6,-0.5981825114515704,1.5707963267948966,1.5634413366086566,0.19999999999999996,0.19865865428342477,0.0,-0.00926069570180843
grid_4041,0.25228942471628496,0.27603716724756083,0.8351807775480319,0.28050948236684353,0.9968803981009146,0.6,0.5973770462777077,0.0,-0.005706287572132318,-0.6,-0.591961107764476,1.5707963267948966,1.5602669997552416,0.19999999999999996,0.19917334527495179,0.5235987755982988,0.5177246502961612
grid_4042,0.42230061253349477,0.3505557448519535,0.7139148850038921,0.2577559249094506,1.0009206396924781,0.6,0.5971427027971341,0.0,-0.005880914664193604,-0.6,-0.5914006486444157,1.5707963267948966,1.5622900543411147,0.19999999999999996,0.20044713858245977,1.0471975511965976,1.04638381723771
grid_4043,0.21873909226696503,0.27033378187363405,0.7048916968024784,0.1996859033668901,0.9944080287015564,0.6,0.5988585424986779,0.0,-0.0026047861539204575,-0.6,-0.580231021830711,1.5707963267948966,1.5700621576770004,0.19999999999999996,0.2028692760000954,1.5707963267948966,1.5708604895565959
grid_4044,0.20512958286959687,0.1866774953204707,0.6517783493107714,0.13585656039378027,0.9976790095515768,0.6,0.5984539302639273,0.0,-0.0032995297282845115,-0.6,-0.5850897054758786,1.5707963267948966,1.5691602333507975,0.6,0.6009983976929529,1.5707963267948966,1.570889182802845
grid_4045,0.1948613560670995,0.15464053021698798,0.6392754927350024,0.1355676778560668,1.0048581568740018,0.6,0.5975208255802871,0.0,-0.0039048862254826844,-0.6,-0.587267414899884,1.5707963267948966,1.5664683424007606,0.6,0.6000920203896767,1.0471975511965976,1.0506606078736143
grid_4046,0.5013793067855469,0.43505393235241635,0.9390144420267645,0.45035070850796965,0.9965573065220582,0.6,0.5945436146741008,0.0,-0.005392881897146928,-0.6,-0.5973955278378771,1.5707963267948966,1.5629818754936746,0.6,0.5993650335671772,0.5235987755982988,0.5175479569513746
grid_4047,0.3240999881702904,0.3530324473043206,0.7987956776989551,0.14130858152128611,0.9984360687702107,0.6,0.5951885929109215,0.0,-0.0054672087601961294,-0.6,-0.6001301552390848,1.5707963267948966,1.5624492468828182,0.6,0.599587902282237,0.0,-0.011560927192655335
grid_4048,0.5621897591520197,0.3493826835804147,0.7213249903374053,0.06774992515131956,0.9856698473330141,0.6,0.5959604944530144,0.0,-0.0052641707737750565,-0.6,-0.5970208078017514,1.0471975511965976,1.0364789547266735,0.6,0.5967152268119724,0.0,-0.009697089766140365
grid_4049,0.6523463084775522,0.45804826025826584,0.9410911416628454,0.3670132709154553,1.0027932402472184,0.6,0.596818336822996,0.0,-0.005436858148670787,-0.6,-0.5955964375131977,1.0471975511965976,1.037104075167786,0.6,0.5993507898933839,0.5235987755982988,0.5157546125587746
grid_4050,0.5028559195900641,0.2060048174453608,0.769548944130884,0.20571196317542093,1.002463484903147,0.6,0.5970507314164939,0.0,-0.005215942030587506,-0.6,-0.590981269097945,1.0471975511965976,1.0380263842035804,0.6,0.6005961499390153,1.0471975511965976,1.0421916454879252
grid_4051,0.21689207076504338,0.2482684011599416,0.6778648716007829,0.10820913616019072,0.9983157316686541,0.6,0.59918981170126,0.0,-0.004205640899304974,-0.6,-0.5815925671916524,1.0471975511965976,1.039231751336982,0.6,0.6030331887530158,1.5707963267948966,1.570673450054338
grid_4052,0.4433601070052237,0.402979061056014,0.5546136406051285,0.24292872684684105,0.9994134091494284,0.6,0.5991888131883858,0.0,-0.0032095277785284537,-0.6,-0.5848617012693174,1.0471975511965976,1.042725362650697,0.19999999999999996,0.20367622851887468,1.5707963267948966,1.568238261247977
grid_4053,0.38439062272454577,0.2783118722520231,0.40560247531127436,0.12959281112406562,0.9974474791722955,0.6,0.5979822813066642,0.0,-0.004247298403956989,-0.6,-0.5886712359099739,1.0471975511965976,1.0387414068529468,0.19999999999999996,0.20267506383797773,1.0471975511965976,1.0406095774425594
grid_4054,0.2992434909246796,0.28028136511670537,0.3524544401156744,0.2579524439116879,0.9940970707057,0.6,0.5982042585263345,0.0,-0.004140140445447749,-0.6,-0.5896933891610852,1.0471975511965976,1.0390244315094481,0.19999999999999996,0.20008561614992004,0.5235987755982988,0.5148789661445186
grid_4055,1.0861686601113827,0.5401686550887207,0.20868393235731375,0.13744729831045657,0.9952325464175347,0.6,0.5984370276390987,0.0,-0.002956919079037945,-0.6,-0.5918304657177016,1.0471975511965976,1.0399443303969536,0.19999999999999996,0.19825885467946147,0.0,-0.005739010438681191
grid_4056,0.4109306278183581,0.33545758421852684,0.4171660220583764,0.27817756133820515,0.9954230922390053,0.6,0.5955862434137602,0.0,0.00018265685394691644,-0.6,-0.5917779467608888,1.0471975511965976,1.0485387356130662,-0.2,-0.1974278983441673,0.0,-0.0021442544369456584
grid_4057,0.13680380655157093,0.15058359210223035,0.18522266717395344,0.15367275429462937,1.003303117445812,0.6,0.5979246460860903,0.0,-0.0009778406694582742,-0.6,-0.5909453299458987,1.0471975511965976,1.0449936682819336,-0.2,-0.19747358802727177,0.5235987755982988,0.5158155125260633
grid_4058,0.39889132228082924,0.24076184778802337,0.14916258926866796,0.08385096344932137,1.0031660985646447,0.6,0.5979785131407143,0.0,-0.0015393731625756857,-0.6,-0.5892831654437538,1.0471975511965976,1.0454011231842184,-0.2,-0.19515395757713794,1.0471975511965976,1.0381572663715861
grid_4059,0.23910488904786226,0.3279437554379406,0.48031892726854775,0.2390593278931151,0.9994750486525114,0.6,0.5982912766155097,0.0,-0.004327511984432597,-0.6,-0.5856947888809385,1.0471975511965976,1.039906177881475,-0.2,-0.1938469949861359,1.5707963267948966,1.564757468447251
grid_4060,0.3047866038728922,0.23130591843361653,0.45505009830153603,0.11408529665710813,0.9978823414199269,0.6,0.5993657840628837,0.0,-0.002726418115212681,-0.6,-0.5866062803865031,1.0471975511965976,1.0424890371241453,-0.6,-0.5945676349901792,1.5707963267948966,1.5583586188743004
grid_4061,0.7612526428958417,0.4943218916041512,0.07712332505905987,0.06696533552839709,0.9981250739124276,0.6,0.598023314259601,0.0,-0.0014781001093764345,-0.6,-0.5895688672888948,1.0471975511965976,1.0439140217792806,-0.6,-0.5943149312383254,1.0471975511965976,1.0346908772624879
grid_4062,0.38269011270596176,0.34391022317941133,0.13014330329804139,0.15215999641089248,0.9983029458608653,0.6,0.5972440878948957,0.0,0.00017884898273656802,-0.6,-0.5892686706621939,1.0471975511965976,1.04608594976035,-0.6,-0.5898828896766979,0.5235987755982988,0.5135126427594976
grid_4063,0.16739391060618553,0.13065505176687567,0.4696235056553372,0.3140497564931894,0.9909988561247334,0.6,0.5945337069738388,0.0,0.0012404547369184726,-0.6,-0.5961516385541898,1.0471975511965976,1.0492359764118548,-0.6,-0.5949595517938793,0.0,-0.00072806936177372
grid_4064,0.3526522205664127,0.24225375307445576,1.1181565952951975,0.17762315806653597,0.9931813150863993,0.6,0.5903825386083765,0.0,0.004790811645468018,-0.6,-0.6031562571478686,0.5235987755982988,0.5296881167954446,-0.6,-0.5952151144671678,0.0,0.0030763739082244612
grid_4065,0.5435061830892248,0.425072361953114,0.721941988573523,0.36927868926358515,1.0031138214324242,0.6,0.5946355023864909,0.0,0.003229831783661652,-0.6,-0.5947831257679974,0.5235987755982988,0.5302419797952833,-0.6,-0.5926144660399588,0.5235987755982988,0.5198304222575922
grid_4066,0.22685197496305393,0.2067316127017343,0.4062518882324497,0.14191319640666053,1.005280353175413,0.6,0.596346581674454,0.0,0.0013988052387006178,-0.6,-0.5883113191229148,0.5235987755982988,0.5240024344589589,-0.6,-0.5910375386375817,1.0471975511965976,1.0346561809072572
grid_4067,0.550365796842213,0.44519084918344504,0.07533601382798287,0.08533825876196634,0.9951362580380099,0.6,0.5986694660089444,0.0,-0.0021001713105253117,-0.6,-0.5822284194628402,0.5235987755982988,0.5185162467647482,-0.6,-0.5935399705757485,1.5707963267948966,1.556505956323413
grid_4068,0.20009367374614215,0.10497211053075087,0.03705062248349715,0.05301042383667218,0.996014663931993,0.6,0.5990315319041519,0.0,-0.0018492590680807552,-0.6,-0.5822560577320512,0.5235987755982988,0.5172590168737283,-0.2,-0.1923361205123344,1.5707963267948966,1.5609619592540342
grid_4069,0.39406995465081873,0.31733598951086894,0.23620737076170903,0.15569372396885128,0.9965235952484199,0.6,0.5977264645075362,0.0,0.0006844306650553023,-0.6,-0.5875990469567629,0.5235987755982988,0.5252948134865045,-0.2,-0.19286695174538604,1.0471975511965976,1.0386690349413161
grid_4070,0.37171215653498096,0.3236446525915046,0.6732402037996089,0.2868740912664052,0.9885734516062167,0.6,0.5949119926258755,0.0,0.0033781618402608515,-0.6,-0.5922882671824592,0.5235987755982988,0.5290590494499714,-0.2,-0.19589352761117684,0.5235987755982988,0.5215128031410101
grid_4071,0.6468451074571504,0.5513861438213306,1.046844579576745,0.1015600439789591,0.9964396925547199,0.6,0.5874365513659825,0.0,0.0045801848134141565,-0.6,-0.6007690944553987,0.5235987755982988,0.5316522626632763,-0.2,-0.19789492145698162,0.0,0.003911279900208342
grid_4072,0.2355825131875179,0.2060825219091153,0.7336369293653396,0.21410761604255696,1.0068482201315994,0.6,0.5940945344099164,0.0,0.002515221957888336,-0.6,-0.5930551776757831,0.5235987755982988,0.5293616964348846,0.19999999999999996,0.19842357403808908,0.0,0.001225833354288497
grid_4073,0.2663520404820436,0.2835785899976377,0.1353777426216136,0.12076764086122231,1.0062455168909004,0.6,0.5978532306660425,0.0,-0.0005488933133230844,-0.6,-0.5866343705698922,0.5235987755982988,0.521391702202469,0.19999999999999996,0.2025137741037213,0.5235987755982988,0.5195610699942028
grid_4074,0.323131292151087,0.312882146593366,0.06429229591317609,0.08629023335663455,0.9971726048364967,0.6,0.5984008074512364,0.0,-0.0011547710874362238,-0.6,-0.5847657518805551,0.5235987755982988,0.5188192970391636,0.19999999999999996,0.20432110612922738,1.0471975511965976,1.0393608467329747
grid_4075,0.31760383553737737,0.29088222716894013,0.047301058289236184,0.06076113004792131,1.0060938217669542,0.6,0.5994716170310062,0.0,-0.0009855018116242675,-0.6,-0.5880034119907602,0.5235987755982988,0.522673700830004,0.19999999999999996,0.20677704971800015,1.5707963267948966,1.5629228753876863
grid_4076,0.3956627714517309,0.35937015174464887,0.1553576983010602,0.08181138532931653,1.00490443062457,0.6,0.5989678178622668,0.0,-0.001669363861092954,-0.6,-0.5873907136802403,0.5235987755982988,0.5205165323443603,0.6,0.6043336025573947,1.5707963267948966,1.5643594065547708
grid_4077,0.5698403831983925,0.36461156913243814,0.41247674180263594,0.19544901795351075,0.9997889271408644,0.6,0.5987469910926038,0.0,-0.0034139305211091653,-0.6,-0.5844836923932775,0.5235987755982988,0.5157024541893636,0.6,0.6021966351229313,1.0471975511965976,1.0397412225662217
grid_4078,1.047713392032414,0.7487382194698365,0.5577766155390524,0.2704258115390446,1.0018649187098077,0.6,0.5988022121964196,0.0,-0.004546885972909642,-0.6,-0.5881011512376508,0.5235987755982988,0.5130256981353716,0.6,0.6000256379996136,0.5235987755982988,0.515863217914708
grid_4079,0.41672047934987333,0.33390651973110896,0.42339128968475304,0.20427051878103292,0.99737275018004,0.6,0.597160146721059,0.0,-0.002578001265020724,-0.6,-0.5934372009161795,0.5235987755982988,0.5182815472767643,0.6,0.5983793397201618,0.0,-0.005839091905393445
grid_4080,1.792119106845035,1.9087659197056592,0.12384283069856006,0.06774434448824505,0.5242843688272332,0.6,0.6324037198823556,0.0,-0.038905284919805716,-0.6,-0.6001013741171963,0.0,0.0496709968357365,0.6,0.6773241861634185,0.0,0.07360213783792258
grid_4081,0.8796549880998569,0.558930763870951,0.42387946427076517,0.18468403360443175,0.9859421397812798,0.6,0.6084632872824542,0.0,0.14331565842945349,-0.6,-0.5741927191508029,0.0,-0.005538571732972564,0.6,0.6104256881354795,0.5235987755982988,0.517848536804915
grid_4082,0.4987160116451852,0.4639413809025861,0.07205855784881046,0.06492282861868753,0.9990091252012101,0.6,0.5991784848507029,0.0,-0.0001034733960212364,-0.6,-0.5805661678487901,0.0,0.0007681212332606435,0.6,0.6062784905834908,1.0471975511965976,1.039703026105621
grid_4083,0.43993385553114883,0.47200377944129396,0.3278412602452603,0.16715928356759766,1.005294485300058,0.6,0.593811347582875,0.0,0.0038381750138123394,-0.6,-0.5876704090696219,0.0,0.004478844572830987,0.6,0.6054444312924439,1.5707963267948966,1.5627448650440252
grid_4084,0.33439413648522304,0.2886630013837179,0.3695910613426577,0.11944693512401752,0.9966603450539117,0.6,0.6005310594283841,0.0,0.0034093502505436746,-0.6,-0.5828940846378305,0.0,0.005992991406434278,0.19999999999999996,0.20667732095598623,1.5707963267948966,1.5623088508140137
grid_4085,0.6394242152615409,0.461818940200401,0.6160460661498377,0.2179695550473359,0.9963390150210463,0.6,0.5887818554896302,0.0,0.007839056702737324,-0.6,-0.5926422365589774,0.0,0.012917942034198049,0.19999999999999996,0.20512007104557917,1.0471975511965976,1.0447981620053115
grid_4086,3.381359358793928,0.6231468319635013,0.39374118093825694,0.01430188451915033,1.0010566422571814,0.6,0.5941227794324782,0.0,0.02850639360117846,-0.6,-0.5805770523976586,0.0,0.02004437015748195,0.19999999999999996,0.20727858832267643,0.5235987755982988,0.515634104936284
grid_4087,3.418999614592918,1.5978842477530288,0.36780572691809243,0.03984501789725438,0.9958531697265964,0.6,0.5745454539263379,0.0,0.025390921223200635,-0.6,-0.6269659585918488,0.0,0.025773092230021,0.19999999999999996,0.17365723087647744,0.0,0.0018293437759675513
grid_4088,2.8928393013352265,1.5594529756058098,0.48674495706278886,0.03439364677080647,0.9960707095042558,0.6,0.5790413661604683,0.0,0.023618366114464884,-0.6,-0.6244041326924687,0.0,0.024049566119145105,-0.2,-0.21689600619913918,0.0,0.0007500774162823021
grid_4089,0.36205257846307015,0.38298743051687517,0.37116299783785667,0.28900363212053937,1.004996397865446,0.6,0.5851134643498845,0.0,0.007961370580455096,-0.6,-0.6107229406209722,0.0,0.01831112032519755,-0.2,-0.20384971171494826,0.5235987755982988,0.5259929203900944
grid_4090,0.6022566141380157,0.6604413373437291,0.8293325586519682,0.16659553790413528,1.0126039818754915,0.6,0.5994630764837945,0.0,0.005844225693169669,-0.6,-0.5883758203449805,0.0,0.012918055141335039,-0.2,-0.19504669177777245,1.0471975511965976,1.044747971761951
grid_4091,0.49644573185664775,0.5100904788563435,0.5038904472073839,0.20589388785813958,1.0025070504337268,0.6,0.598260296203522,0.0,0.0036182165951093026,-0.6,-0.5846559688528608,0.0,0.007032788966167658,-0.2,-0.19274726050420554,1.5707963267948966,1.561822289083107
grid_4092,0.29238060641851715,0.27471868012645134,0.6891030590175501,0.0978235748307453,0.9992040023363303,0.6,0.592708833600307,0.0,0.004091591375759762,-0.6,-0.5900533768820067,0.0,0.007333076435269703,-0.6,-0.5938519369088713,1.5707963267948966,1.5601085791121703
grid_4093,0.1826992300489439,0.16836836330680047,0.7206610483586412,0.25179183423945656,0.9826354197650818,0.6,0.5928202604712318,0.0,0.00708385560425473,-0.6,-0.5981553897912937,0.0,0.012310940260187309,-0.6,-0.5947180871440656,1.0471975511965976,1.0419285245950745
grid_4094,1.5736125691205358,1.0849585954016443,0.556925469423455,0.35803936541520587,1.000437310045959,0.6,0.578730007952494,0.0,0.006543338901545681,-0.6,-0.6148454658992772,0.0,0.010855548041640795,-0.6,-0.5971467304292499,0.5235987755982988,0.5220767931955841
grid_4095,1.6526473568956035,1.2896769068682266,0.19515709381062016,0.2783149425644803,1.002692197951491,0.6,0.5681732971356892,0.0,-0.03242111165528705,-0.6,-0.6722044416313171,0.0,-0.01798468908675499,-0.6,-0.6388525481807292,0.0,0.00506225816638306
